-4,0,220,215,38,353,145,508,122,237,101,446
-3,0,446,434,189,414,211,503,133,432,226,507
-2,0,280,461,322,496,383,12,63,80,145,354
-1,0,182,498,499,35,183,445,212,335,318,240
-4,1,157,19,320,345,144,431,225,131,165,496
-3,1,58,30,390,496,45,474,267,352,320,27
-2,1,314,220,406,390,58,45,474,30,8,214
-1,1,220,129,52,382,95,314,328,410,15,214
-4,2,75,12,394,22,209,324,69,190,403,257
-3,2,96,283,75,86,258,385,163,446,431,394
-2,2,202,75,394,276,83,431,34,190,61,146
-1,2,426,158,394,75,324,214,220,69,22,61
-4,3,14,78,469,280,24,392,470,405,374,310
-3,3,78,374,14,280,370,392,405,60,143,103
-2,3,78,280,374,326,14,100,60,370,103,34
-1,3,78,280,14,374,392,300,143,491,316,64
-4,4,309,289,13,252,432,110,430,306,169,424
-3,4,420,331,430,309,436,178,252,135,117,289
-2,4,331,420,430,121,498,436,433,138,135,62
-1,4,13,430,289,148,498,331,138,309,62,232
-4,5,280,1,236,242,202,38,92,216,122,256
-3,5,293,216,85,405,378,51,342,321,280,477
-2,5,460,34,421,507,57,476,302,293,336,404
-1,5,507,421,34,460,163,302,57,366,336,129
-4,6,223,33,40,286,144,415,379,283,256,395
-3,6,169,7,286,395,428,325,33,373,280,123
-2,6,146,7,401,374,381,286,373,193,61,499
-1,6,193,134,231,7,333,286,269,54,398,61
-4,7,346,451,84,49,382,432,455,303,312,242
-3,7,299,225,406,346,312,37,419,121,462,87
-2,7,312,397,505,299,107,419,346,62,462,217
-1,7,312,500,346,299,383,417,462,419,303,397
-4,8,370,308,439,456,175,387,163,181,225,88
-3,8,225,370,88,247,204,216,355,429,325,439
-2,8,225,370,443,247,439,88,216,204,309,136
-1,8,370,225,439,88,247,204,443,510,70,89
-4,9,511,407,32,68,504,90,154,180,410,218
-3,9,511,221,56,410,423,274,255,327,466,499
-2,9,56,499,511,327,221,50,337,412,176,321
-1,9,126,511,221,180,68,56,321,190,220,423
-4,10,461,325,107,278,164,495,485,322,203,508
-3,10,461,278,325,509,16,123,203,238,22,234
-2,10,483,474,16,325,108,461,179,197,433,278
-1,10,206,22,325,157,203,461,179,16,278,107
-4,11,311,397,132,492,350,464,361,393,384,252
-3,11,311,492,467,397,392,420,252,86,384,261
-2,11,311,175,295,365,492,383,14,252,361,289
-1,11,311,492,252,467,149,397,384,273,84,102
-4,12,28,139,440,123,509,461,356,352,297,229
-3,12,356,440,46,110,352,215,338,139,189,51
-2,12,356,77,190,338,440,375,468,2,137,167
-1,12,356,123,23,440,433,139,468,2,63,264
-4,13,293,466,68,400,262,294,224,219,428,170
-3,13,290,387,153,322,68,148,302,400,343,203
-2,13,127,32,322,68,350,53,400,153,293,290
-1,13,68,485,387,290,224,400,302,53,286,322
-4,14,398,495,331,9,312,53,40,168,266,138
-3,14,470,377,341,479,331,300,387,311,274,173
-2,14,470,384,507,190,377,42,108,488,331,479
-1,14,377,84,470,331,387,138,212,460,274,479
-4,15,283,174,103,215,342,330,38,477,188,156
-3,15,135,245,227,295,420,193,494,339,15,280
-2,15,135,245,15,420,227,339,65,373,295,380
-1,15,245,135,318,193,227,501,259,494,15,195
-4,16,228,487,243,473,259,361,391,142,272,132
-3,16,380,228,191,391,260,322,263,487,7,388
-2,16,428,380,191,391,260,228,322,270,197,340
-1,16,260,391,380,191,429,270,238,7,307,383
-4,17,486,136,510,105,209,340,84,155,363,200
-3,17,463,177,105,58,391,363,457,340,469,486
-2,17,418,391,38,363,257,200,15,32,144,177
-1,17,105,363,200,4,177,80,391,161,15,473
-4,18,88,128,449,119,29,201,228,10,185,318
-3,18,438,201,442,280,157,221,237,111,378,33
-2,18,312,232,218,18,315,380,438,201,44,68
-1,18,68,201,318,128,119,438,65,193,371,312
-4,19,362,413,406,434,293,342,375,105,4,170
-3,19,362,143,446,353,403,105,478,464,463,342
-2,19,362,463,403,478,141,107,105,42,470,125
-1,19,362,403,375,478,434,2,121,125,470,42
-4,20,210,169,363,155,409,250,378,146,76,358
-3,20,409,210,145,202,311,148,11,354,62,250
-2,20,355,145,328,155,382,311,62,11,70,309
-1,20,155,328,141,62,382,376,309,151,70,311
-4,21,64,457,152,169,280,190,24,324,385,346
-3,21,152,64,451,372,360,448,477,101,457,160
-2,21,477,160,101,316,421,152,125,50,122,360
-1,21,457,190,125,324,477,152,326,101,126,468
-4,22,490,322,319,402,12,284,454,73,279,467
-3,22,380,423,399,329,402,123,187,116,241,15
-2,22,216,265,324,204,329,365,238,187,152,197
-1,22,420,456,298,218,157,197,55,117,470,89
-4,23,356,199,227,297,14,299,177,504,290,32
-3,23,199,356,120,59,68,213,504,331,217,47
-2,23,199,452,356,185,68,504,59,17,407,217
-1,23,199,292,356,290,415,466,504,51,68,17
-4,24,439,370,308,456,175,225,409,181,387,252
-3,24,225,370,88,439,247,308,216,204,429,181
-2,24,225,443,370,439,247,300,136,308,309,285
-1,24,225,370,439,88,247,204,308,70,45,510
-4,25,407,511,192,504,180,411,427,150,182,154
-3,25,511,221,56,327,445,374,411,423,182,499
-2,25,499,56,511,221,337,203,50,327,411,248
-1,25,511,126,274,221,321,68,203,180,109,410
-4,26,461,325,107,278,508,495,341,485,417,203
-3,26,461,325,16,123,234,278,485,22,509,40
-2,26,16,474,108,179,483,325,461,22,226,120
-1,26,206,420,461,325,157,203,372,16,167,285
-4,27,311,430,361,132,397,104,273,130,166,400
-3,27,311,492,457,392,211,467,391,317,272,420
-2,27,311,175,492,295,439,477,317,192,391,222
-1,27,311,492,252,84,397,102,500,391,273,466
-4,28,28,356,139,123,509,297,461,440,300,130
-3,28,46,352,356,110,139,130,440,338,421,23
-2,28,77,123,375,167,139,190,440,112,356,125
-1,28,356,23,123,440,139,63,490,433,153,164
-4,29,293,68,466,224,400,262,387,170,285,219
-3,29,290,387,148,322,400,68,224,153,302,203
-2,29,322,127,32,293,290,68,496,148,315,61
-1,29,485,290,387,68,224,496,148,302,53,400
-4,30,470,377,331,274,14,506,398,312,441,137
-3,30,470,377,341,331,479,387,311,424,280,1
-2,30,470,507,377,190,479,384,424,42,331,434
-1,30,84,377,470,460,331,387,402,138,212,510
-4,31,283,232,174,477,193,183,38,318,71,295
-3,31,135,245,295,494,227,193,15,156,318,232
-2,31,135,227,15,245,339,295,156,373,318,215
-1,31,318,193,136,245,135,354,494,71,195,345
-4,32,228,487,243,263,277,272,391,259,41,142
-3,32,380,391,228,191,322,487,7,429,260,473
-2,32,428,380,391,322,340,228,7,412,467,191
-1,32,391,429,228,7,156,380,487,401,191,243
-4,33,105,136,486,510,84,489,209,251,130,139
-3,33,105,463,391,177,58,161,486,363,15,473
-2,33,391,418,105,363,32,38,293,200,19,209
-1,33,105,80,161,200,363,160,391,4,209,428
-4,34,119,88,449,111,128,29,185,10,459,319
-3,34,438,157,221,33,119,201,442,173,111,509
-2,34,232,312,218,18,315,380,397,201,68,221
-1,34,68,318,119,128,449,201,488,115,65,371
-4,35,362,406,446,4,413,105,457,434,342,403
-3,35,362,464,143,463,105,107,297,403,395,413
-2,35,362,141,372,90,105,221,403,297,463,478
-1,35,362,413,478,375,314,105,293,426,462,463
-4,36,210,311,409,76,155,169,230,160,151,105
-3,36,355,145,311,210,409,76,328,431,373,151
-2,36,355,145,311,155,328,431,384,169,76,107
-1,36,141,311,155,384,376,78,495,360,11,374
-4,37,64,152,457,169,280,428,101,303,477,324
-3,37,152,64,360,477,372,101,451,160,457,421
-2,37,477,101,160,421,316,457,360,152,372,125
-1,37,101,334,457,432,326,246,125,401,324,443
-4,38,490,322,402,319,284,279,12,73,238,454
-3,38,402,380,241,187,265,13,238,106,504,15
-2,38,216,265,204,298,187,238,324,365,279,218
-1,38,157,420,298,250,120,456,470,197,238,218
-4,39,356,199,394,285,506,227,477,120,242,32
-3,39,199,120,394,68,247,59,452,351,356,506
-2,39,199,120,68,115,59,394,356,247,126,407
-1,39,199,120,68,59,292,185,177,442,219,126
-4,40,141,120,398,449,335,282,240,309,301,40
-3,40,499,141,120,254,449,395,403,346,348,316
-2,40,141,499,254,301,210,17,343,286,33,305
-1,40,499,141,52,424,286,10,412,210,315,502
-4,41,132,217,261,275,116,276,58,480,404,205
-3,41,87,261,217,30,489,47,300,378,27,88
-2,41,351,38,27,510,30,56,105,307,69,88
-1,41,84,493,56,217,30,443,301,510,105,69
-4,42,423,319,343,142,354,37,211,243,341,462
-3,42,354,319,279,136,243,218,37,462,265,293
-2,42,106,319,136,279,388,90,341,37,463,243
-1,42,388,226,319,296,124,223,203,161,413,452
-4,43,300,124,206,120,173,456,302,346,24,366
-3,43,148,206,124,120,24,359,328,467,131,300
-2,43,148,206,124,24,328,403,467,120,300,473
-1,43,206,148,124,366,200,24,85,328,300,264
-4,44,402,322,297,327,287,370,447,505,358,103
-3,44,297,39,90,402,58,358,217,100,150,115
-2,44,358,58,37,115,36,454,198,66,83,15
-1,44,169,315,433,115,58,238,207,228,486,80
-4,45,280,64,366,264,237,363,475,283,226,261
-3,45,280,136,64,335,363,229,489,45,261,226
-2,45,99,66,231,335,489,261,103,6,301,441
-1,45,475,168,442,489,443,160,335,236,347,204
-4,46,54,491,23,350,258,107,477,236,288,115
-3,46,167,350,163,257,227,107,242,393,452,236
-2,46,299,258,115,246,416,454,510,491,350,242
-1,46,25,484,418,305,242,350,85,496,58,258
-1,47,445,157,60,343,254,204,227,244,30,296
0,0,227,165,109,194,435,331,83,380,90,249
0,1,382,70,466,206,97,220,383,349,95,36
0,2,426,239,270,324,84,365,394,220,75,125
0,3,14,78,4,280,497,300,405,394,205,392
0,4,430,496,289,426,252,13,506,498,325,309
0,5,1,445,242,236,468,111,436,9,91,129
0,6,54,193,231,415,505,280,398,395,286,269
0,7,76,346,303,242,241,60,140,84,312,452
0,8,370,225,439,252,247,204,88,45,397,181
0,9,220,407,511,504,180,68,32,280,111,304
0,10,485,157,461,325,203,278,299,164,22,240
0,11,311,492,467,384,434,7,500,397,273,317
0,12,356,153,123,288,230,63,139,440,130,346
0,13,387,286,68,290,53,224,322,148,309,400
0,14,470,377,387,441,434,274,331,212,57,137
0,15,245,193,135,227,362,167,123,424,259,15
0,16,391,380,228,7,191,260,487,156,388,259
0,17,105,80,420,491,161,15,469,200,499,363
0,18,318,128,115,68,10,264,465,201,124,285
0,19,362,170,319,463,2,426,125,478,413,42
0,20,141,155,70,62,382,144,210,292,87,384
0,21,334,190,468,246,324,457,273,142,101,401
0,22,157,250,30,75,60,456,197,120,117,210
0,23,292,228,403,465,302,356,504,185,455,213
0,24,370,225,165,439,175,45,252,308,247,206
0,25,504,407,511,220,280,180,32,68,452,494
0,26,157,285,485,461,22,325,420,278,203,16
0,27,492,311,92,252,500,384,467,180,84,439
0,28,153,123,230,356,346,490,53,440,130,28
0,29,387,286,224,290,496,148,68,309,352,50
0,30,377,470,274,57,441,387,434,479,137,212
0,31,245,135,15,227,295,73,420,339,193,232
0,32,391,380,7,322,191,260,88,228,156,429
0,33,80,420,105,491,391,15,363,209,139,489
0,34,318,10,115,128,264,119,68,121,160,488
0,35,362,185,463,13,93,105,413,395,405,453
0,36,141,360,311,374,490,210,51,410,11,419
0,37,101,316,334,246,401,432,404,457,160,443
0,38,157,250,60,30,75,120,24,210,345,322
0,39,120,199,68,394,247,59,185,351,452,442
0,40,141,499,395,254,74,206,266,412,392,315
0,41,300,84,47,87,510,399,30,124,56,217
0,42,226,124,27,243,319,368,462,218,223,179
0,43,148,124,206,24,120,457,328,200,359,403
0,44,100,238,322,115,58,433,297,36,83,417
0,45,475,47,204,160,442,335,489,17,254,261
0,46,484,350,338,418,388,305,107,242,452,282
0,47,138,60,273,244,137,108,343,451,30,4
1,0,154,121,332,299,478,433,45,226,195,90
1,1,223,510,340,219,382,427,344,320,410,405
1,2,426,142,446,240,75,319,163,487,366,51
1,3,78,374,14,103,280,370,203,180,268,503
1,4,331,420,430,498,363,278,135,434,477,178
1,5,85,3,281,465,405,293,221,342,30,445
1,6,7,325,395,373,18,101,280,61,28,452
1,7,299,76,69,346,225,419,236,303,45,312
1,8,225,370,216,45,247,491,510,440,415,355
1,9,56,254,221,410,511,504,499,190,50,32
1,10,195,307,325,486,489,234,239,427,116,488
1,11,311,392,401,420,33,127,351,295,289,443
1,12,230,323,139,356,46,118,338,176,25,10
1,13,350,322,68,53,433,400,347,290,196,56
1,14,470,377,479,331,197,405,387,149,402,424
1,15,245,135,15,295,187,227,420,373,339,380
1,16,380,88,260,391,7,340,78,156,467,322
1,17,420,391,15,200,363,280,105,459,463,473
1,18,237,104,121,243,128,10,65,160,449,318
1,19,362,185,105,314,403,125,394,395,42,141
1,20,141,360,374,311,11,155,382,70,384,490
1,21,101,316,246,432,421,404,468,443,160,334
1,22,157,250,490,120,422,218,280,234,456,197
1,23,185,292,199,120,68,309,504,227,247,259
1,24,225,45,130,247,165,416,248,84,216,344
1,25,56,221,411,27,452,511,248,124,344,51
1,26,260,34,325,360,229,495,203,461,259,307
1,27,311,180,457,439,57,272,475,106,445,289
1,28,356,139,46,323,230,490,28,450,176,329
1,29,350,322,68,387,290,496,418,476,230,284
1,30,470,377,7,479,402,294,197,387,2,148
1,31,245,135,15,295,227,339,187,420,221,454
1,32,391,380,7,88,340,78,156,322,260,473
1,33,391,420,135,363,161,15,105,200,428,20
1,34,121,237,10,104,344,243,446,36,160,193
1,35,362,105,463,185,93,141,395,213,314,500
1,36,141,374,360,311,490,270,11,384,410,328
1,37,101,316,246,160,432,421,404,401,334,125
1,38,157,490,250,120,319,218,322,147,73,234
1,39,120,199,68,394,247,59,185,351,452,227
1,40,141,499,395,254,74,135,266,210,17,343
1,41,300,47,30,87,56,510,69,261,124,462
1,42,319,243,226,462,218,27,179,223,368,1
1,43,124,148,206,24,328,457,467,120,403,473
1,44,322,100,238,115,58,36,297,83,15,360
1,45,475,204,47,335,489,272,261,17,102,441
1,46,350,23,305,452,107,282,242,391,395,433
1,47,108,60,66,137,112,119,451,238,324,115
2,0,320,220,39,464,346,485,44,38,416,458
2,1,144,190,382,496,174,80,219,345,111,64
2,2,335,142,324,75,454,500,426,403,308,61
2,3,78,280,374,14,392,234,365,489,220,255
2,4,331,83,430,152,469,289,471,278,62,367
2,5,83,91,433,23,376,281,117,321,465,242
2,6,289,239,22,31,188,54,286,203,445,441
2,7,105,49,312,346,451,172,299,303,19,100
2,8,45,225,439,370,493,415,409,510,247,84
2,9,70,56,76,221,511,388,95,190,254,187
2,10,397,195,485,157,325,427,203,461,56,106
2,11,311,427,443,216,149,317,492,445,302,417
2,12,356,139,2,342,230,434,280,501,125,495
2,13,286,68,322,400,350,53,309,433,343,146
2,14,470,377,291,405,331,197,402,479,408,176
2,15,15,373,245,135,275,227,339,494,73,187
2,16,340,380,7,238,260,322,277,391,270,383
2,17,420,336,391,363,32,245,264,80,200,4
2,18,12,121,10,346,96,344,104,88,160,193
2,19,362,438,463,90,497,306,478,499,215,319
2,20,311,141,490,155,24,328,51,382,384,169
2,21,443,450,404,350,468,101,387,84,485,231
2,22,82,238,319,101,447,456,481,246,62,117
2,23,438,185,452,290,199,17,0,179,499,150
2,24,225,45,493,439,510,247,269,408,359,479
2,25,56,511,76,70,411,221,254,504,248,422
2,26,157,485,73,203,259,267,367,34,416,57
2,27,311,492,439,261,102,180,445,4,275,314
2,28,356,501,342,230,434,153,125,139,329,490
2,29,387,322,230,290,309,68,286,496,132,350
2,30,377,470,434,237,339,176,479,387,29,510
2,31,15,135,245,373,227,339,354,187,345,420
2,32,391,380,340,7,260,473,238,322,388,191
2,33,391,363,245,336,161,105,264,32,420,200
2,34,12,121,88,10,344,346,65,372,105,355
2,35,362,438,105,478,463,232,375,306,403,237
2,36,311,328,319,51,490,24,141,270,155,169
2,37,443,84,350,485,101,404,450,172,303,326
2,38,82,238,319,101,481,490,360,246,73,218
2,39,438,452,199,120,68,499,5,247,59,185
2,40,141,135,344,346,288,34,254,395,266,270
2,41,390,47,140,88,265,44,301,479,356,143
2,42,37,319,18,359,458,354,296,142,74,376
2,43,173,24,38,148,484,30,47,124,349,451
2,44,358,456,402,228,143,58,225,66,199,239
2,45,428,174,348,45,489,335,301,468,261,283
2,46,163,350,495,363,167,1,107,305,452,5
2,47,108,508,137,479,66,400,119,112,253,324
3,0,461,280,12,223,189,80,383,63,277,340
3,1,90,438,489,269,281,137,314,194,414,396
3,2,276,202,75,34,81,400,149,326,189,118
3,3,78,280,434,255,100,73,232,374,34,21
3,4,83,121,331,420,498,52,436,430,427,356
3,5,421,507,106,377,362,305,221,414,23,408
3,6,401,7,484,286,61,373,395,367,381,291
3,7,312,397,107,474,480,299,505,32,290,419
3,8,225,324,493,510,309,84,92,443,370,273
3,9,56,327,496,421,221,499,108,50,123,271
3,10,483,182,430,397,108,367,372,179,41,300
3,11,175,311,295,80,365,417,272,192,450,93
3,12,280,191,338,137,122,356,112,190,164,333
3,13,127,322,68,459,61,400,53,290,272,462
3,14,470,42,190,394,377,391,488,50,384,479
3,15,135,373,227,15,245,191,339,420,389,65
3,16,391,380,7,340,277,270,383,460,78,156
3,17,418,391,200,280,15,363,330,472,32,135
3,18,380,12,232,218,166,139,338,18,315,356
3,19,362,438,470,90,319,478,394,208,125,105
3,20,311,328,376,382,70,120,62,379,384,197
3,21,450,84,350,412,204,125,443,152,274,348
3,22,82,229,216,238,158,4,447,197,392,413
3,23,438,185,452,120,1,415,17,199,504,492
3,24,225,413,324,300,493,408,299,443,329,441
3,25,499,56,108,411,248,74,321,199,147,445
3,26,367,259,108,325,418,430,267,295,73,201
3,27,439,454,417,445,160,104,311,289,180,128
3,28,191,122,112,356,164,437,280,402,333,77
3,29,322,127,350,495,68,132,418,315,158,244
3,30,470,190,377,42,479,434,402,4,510,424
3,31,135,373,15,227,420,339,191,345,380,229
3,32,391,340,7,380,78,191,156,259,473,460
3,33,391,418,161,336,15,200,363,32,87,1
3,34,380,139,12,344,232,218,121,166,19,18
3,35,362,105,306,463,438,141,90,478,403,232
3,36,311,328,24,319,155,82,431,296,274,51
3,37,84,450,443,350,499,468,303,218,101,204
3,38,82,158,216,4,229,238,218,298,147,413
3,39,438,120,452,199,68,185,144,499,374,59
3,40,346,141,135,254,344,382,499,288,143,239
3,41,47,390,356,351,88,38,143,265,27,30
3,42,37,359,302,175,458,293,319,279,466,296
3,43,484,31,173,24,47,124,148,245,451,338
3,44,358,70,199,228,402,1,207,66,292,239
3,45,348,231,239,428,186,99,45,283,462,394
3,46,194,454,311,299,416,444,350,115,383,6
3,47,90,457,303,478,206,217,163,4,395,151
4,0,393,166,491,116,182,258,457,23,297,335
4,1,281,90,196,388,417,105,336,238,113,280
4,2,486,212,25,350,503,387,172,61,14,394
4,3,301,280,78,374,255,143,294,220,100,81
4,4,203,83,289,29,430,13,469,331,143,498
4,5,421,460,507,106,278,202,183,201,305,104
4,6,491,173,7,307,83,333,31,4,311,74
4,7,129,312,480,173,260,221,96,299,473,105
4,8,493,225,445,203,510,117,441,107,423,227
4,9,56,221,421,327,70,496,76,50,291,95
4,10,397,367,56,347,41,427,138,372,232,325
4,11,311,175,283,394,80,427,493,403,179,365
4,12,396,122,139,125,280,21,338,356,164,467
4,13,322,163,68,196,286,146,258,53,400,459
4,14,470,291,339,287,210,209,402,510,454,176
4,15,373,15,135,245,339,227,69,420,187,247
4,16,340,380,277,322,7,391,30,490,461,22
4,17,264,391,41,336,32,87,418,46,308,330
4,18,139,12,121,338,172,302,226,140,311,344
4,19,306,463,235,438,362,90,349,497,232,369
4,20,311,82,24,197,63,169,449,495,152,328
4,21,350,84,450,443,244,125,326,387,367,489
4,22,82,238,101,298,246,327,22,168,140,62
4,23,438,179,452,185,276,13,290,240,415,51
4,24,493,225,408,441,329,413,247,125,220,274
4,25,56,76,499,60,221,199,411,303,175,254
4,26,367,347,397,235,372,259,395,418,315,57
4,27,311,427,492,221,403,239,394,179,439,57
4,28,396,342,356,280,122,153,62,139,338,125
4,29,322,163,290,196,309,68,459,350,387,433
4,30,470,377,339,287,405,156,510,247,237,266
4,31,15,135,373,380,187,295,227,390,245,339
4,32,340,380,322,473,391,388,7,3,22,191
4,33,264,391,265,41,336,472,363,308,200,161
4,34,139,12,121,355,446,456,172,344,88,311
4,35,362,105,463,15,58,369,141,306,478,424
4,36,311,328,82,431,274,419,379,376,11,382
4,37,84,350,218,443,244,326,499,24,213,231
4,38,82,101,298,238,218,22,246,140,411,360
4,39,120,199,452,438,68,179,185,150,59,499
4,40,141,346,291,254,135,499,101,34,344,210
4,41,356,88,47,390,261,265,30,129,50,349
4,42,37,19,293,458,296,400,466,233,430,319
4,43,24,124,473,451,148,30,234,475,504,197
4,44,358,368,110,483,228,314,402,240,227,5
4,45,32,408,218,63,482,494,451,283,236,10
4,46,490,434,363,356,37,350,1,242,20,78
4,47,467,479,108,299,137,66,305,151,397,213
5,0,364,81,285,153,303,332,256,476,408,50
5,1,112,35,474,497,281,200,355,161,90,455
5,2,446,487,163,366,96,169,273,75,88,29
5,3,78,374,280,392,103,370,503,263,34,312
5,4,420,331,430,498,436,427,11,178,52,278
5,5,85,405,216,293,511,221,305,234,6,384
5,6,325,7,395,143,228,18,169,286,373,2
5,7,69,299,225,510,62,78,431,419,346,121
5,8,225,370,355,199,247,216,510,204,365,459
5,9,56,511,221,291,410,327,489,321,50,164
5,10,325,234,116,238,365,366,397,461,195,367
5,11,311,392,272,86,420,391,229,175,246,192
5,12,356,11,46,450,139,338,10,329,208,440
5,13,68,290,322,53,400,203,508,343,387,302
5,14,470,377,331,479,424,387,138,214,135,397
5,15,135,227,339,2,420,15,280,295,354,454
5,16,380,391,388,116,205,7,383,191,48,228
5,17,161,444,200,221,15,280,391,363,90,428
5,18,239,371,148,64,247,201,465,119,65,488
5,19,105,319,470,375,147,125,364,324,42,261
5,20,292,250,384,70,232,419,377,424,62,116
5,21,152,256,468,497,374,397,273,47,274,190
5,22,436,378,380,383,197,329,218,117,402,89
5,23,199,415,422,504,324,177,302,440,150,431
5,24,225,84,370,247,333,286,359,181,422,180
5,25,511,56,489,203,221,248,411,147,124,496
5,26,325,372,201,312,461,416,75,295,429,167
5,27,457,180,311,391,454,397,361,439,102,430
5,28,356,450,139,46,490,329,373,150,164,25
5,29,68,387,290,22,505,400,148,302,154,288
5,30,470,377,424,64,331,479,243,165,397,339
5,31,135,354,15,227,245,193,454,29,374,295
5,32,380,391,352,7,473,228,388,322,156,191
5,33,105,161,15,391,1,200,58,363,84,473
5,34,239,119,40,148,488,355,333,124,195,263
5,35,105,470,232,221,324,462,478,261,54,2
5,36,292,425,384,495,113,149,500,378,152,250
5,37,468,152,274,326,303,256,374,125,382,497
5,38,383,436,197,218,418,378,329,266,456,508
5,39,199,120,396,324,219,173,177,442,413,7
5,40,499,141,254,385,472,210,403,17,453,346
5,41,30,309,56,105,510,88,261,189,149,471
5,42,430,286,233,413,306,223,400,425,165,219
5,43,206,504,475,200,328,473,296,467,85,451
5,44,483,76,207,415,227,358,228,380,150,314
5,45,63,408,218,451,443,168,236,452,487,416
5,46,356,37,297,510,152,240,232,235,78,324
5,47,260,233,225,470,305,494,416,403,168,296
6,0,230,84,125,159,436,364,449,287,226,474
6,1,161,200,281,90,355,388,113,109,395,196
6,2,229,486,373,419,212,350,128,34,177,2
6,3,78,374,280,301,240,370,305,503,255,220
6,4,276,331,83,430,420,232,436,498,246,427
6,5,349,156,385,375,109,376,463,252,293,342
6,6,470,350,429,7,100,491,25,403,395,54
6,7,96,404,299,312,54,419,480,465,397,346
6,8,225,493,510,370,247,220,429,216,439,329
6,9,50,327,221,56,76,511,333,143,481,499
6,10,397,56,242,42,235,307,232,400,347,367
6,11,311,403,175,427,239,365,179,248,80,295
6,12,62,356,71,338,95,109,342,26,2,478
6,13,163,322,196,459,59,53,286,343,433,309
6,14,470,377,42,218,291,287,405,479,402,190
6,15,373,135,15,245,494,339,295,420,227,247
6,16,340,380,7,391,209,383,322,22,419,348
6,17,281,264,391,336,41,418,32,15,25,108
6,18,456,193,121,12,53,19,73,204,68,380
6,19,362,90,158,463,141,42,438,360,166,306
6,20,311,141,328,82,309,398,314,24,379,248
6,21,44,84,125,350,450,158,231,290,218,326
6,22,298,430,437,82,67,313,4,395,326,197
6,23,452,438,185,290,179,120,415,199,1,293
6,24,225,493,220,510,117,247,260,216,92,329
6,25,50,499,56,221,327,76,333,143,481,511
6,26,242,42,347,324,400,315,367,397,235,56
6,27,311,403,175,221,295,427,102,492,57,149
6,28,342,62,356,71,338,280,478,109,95,414
6,29,322,163,68,59,459,101,53,83,23,290
6,30,470,377,42,287,479,50,7,60,296,405
6,31,373,135,15,339,245,227,187,380,389,494
6,32,340,380,22,391,7,209,322,352,383,388
6,33,391,264,281,363,336,490,161,108,32,473
6,34,456,193,380,121,204,73,344,197,19,480
6,35,158,362,105,213,166,90,478,463,54,261
6,36,311,141,328,89,62,495,431,11,398,309
6,37,44,432,404,326,303,244,139,125,101,401
6,38,430,298,218,67,437,238,197,80,82,4
6,39,120,139,5,284,185,179,115,68,244,292
6,40,239,451,141,424,135,270,412,82,493,420
6,41,84,351,301,493,13,88,390,510,234,56
6,42,430,37,302,388,286,136,319,223,280,296
6,43,139,451,24,361,31,173,473,320,467,125
6,44,315,358,356,483,368,169,150,314,5,266
6,45,348,262,442,428,22,238,42,213,218,115
6,46,510,445,454,81,311,232,422,350,266,304
6,47,90,120,457,163,151,343,370,230,297,125
7,0,499,182,241,212,408,192,294,109,59,372
7,1,382,362,328,245,200,315,196,90,423,270
7,2,65,377,208,61,335,212,125,11,75,426
7,3,78,280,491,427,143,234,220,180,60,232
7,4,148,498,163,430,370,331,232,52,476,94
7,5,442,209,129,281,356,237,91,23,488,504
7,6,54,350,100,429,395,31,240,154,474,403
7,7,383,404,361,303,96,46,312,493,488,346
7,8,493,370,225,510,91,117,181,359,336,247
7,9,76,56,511,87,321,203,60,108,221,43
7,10,325,397,56,422,372,203,167,500,195,57
7,11,311,492,272,163,93,102,391,130,84,427
7,12,356,139,342,264,338,90,433,288,491,125
7,13,387,68,53,322,290,286,400,343,302,505
7,14,470,377,331,479,434,138,387,212,137,265
7,15,245,15,135,193,280,352,494,339,420,373
7,16,380,388,7,391,340,260,322,191,482,205
7,17,200,280,363,161,105,428,15,1,473,365
7,18,371,356,31,148,205,155,449,149,119,201
7,19,470,362,319,125,413,42,105,170,2,403
7,20,309,382,377,311,70,62,350,171,398,261
7,21,44,190,326,273,159,320,231,489,497,382
7,22,420,298,227,197,351,311,421,218,132,213
7,23,199,504,415,247,422,330,365,408,186,419
7,24,225,84,370,247,412,286,359,495,460,180
7,25,420,56,511,203,489,147,248,221,49,349
7,26,372,461,325,312,195,201,135,203,167,100
7,27,311,492,397,180,392,33,102,350,391,261
7,28,356,245,139,490,2,329,373,153,342,164
7,29,387,290,154,68,302,501,315,250,148,132
7,30,470,377,387,434,479,495,424,339,130,29
7,31,15,245,135,73,339,2,420,354,454,374
7,32,380,322,473,391,388,482,7,228,352,340
7,33,105,489,200,363,15,490,463,281,139,428
7,34,193,95,31,71,356,247,372,301,371,355
7,35,362,232,470,105,462,60,413,288,426,403
7,36,311,495,292,144,398,80,113,482,141,309
7,37,44,432,326,256,125,497,209,303,231,142
7,38,298,197,420,218,157,147,120,508,498,329
7,39,120,88,5,14,185,115,197,504,442,413
7,40,239,288,270,472,301,17,315,466,82,432
7,41,84,301,493,13,246,255,234,238,56,498
7,42,388,319,430,233,296,223,83,404,204,441
7,43,85,451,361,200,148,116,48,296,206,196
7,44,315,238,141,356,169,483,58,170,227,486
7,45,442,204,270,168,218,489,388,443,95,6
7,46,418,350,484,308,305,232,404,58,242,24
7,47,343,60,204,445,66,137,254,108,163,273
8,0,227,194,298,109,380,331,83,261,165,114
8,1,382,70,466,11,362,53,245,88,344,367
8,2,426,365,239,125,65,84,377,335,61,459
8,3,14,497,280,4,405,78,143,394,318,427
8,4,430,426,496,27,252,498,118,406,104,469
8,5,442,445,91,242,129,236,326,9,83,448
8,6,54,154,350,100,445,280,31,420,156,403
8,7,76,346,404,140,122,303,241,335,330,45
8,8,493,45,510,487,117,408,397,139,464,415
8,9,76,56,494,256,187,95,221,422,496,70
8,10,400,203,56,419,325,304,416,150,240,334
8,11,311,477,261,163,367,150,402,371,128,90
8,12,21,264,139,53,342,153,125,230,356,0
8,13,205,322,451,146,11,101,110,341,258,188
8,14,434,416,287,510,291,221,470,402,321,176
8,15,373,15,245,135,69,339,227,420,247,275
8,16,340,380,7,22,277,461,98,30,322,490
8,17,281,264,308,108,46,150,363,391,32,192
8,18,193,160,115,68,121,95,205,38,355,474
8,19,84,362,166,158,270,235,497,470,476,319
8,20,311,419,304,141,482,33,126,19,171,350
8,21,44,489,432,125,356,231,404,468,37,190
8,22,24,250,157,60,62,210,120,70,75,130
8,23,290,232,142,476,90,51,415,197,328,455
8,24,406,165,493,80,225,45,160,359,344,445
8,25,76,411,256,114,494,56,21,124,191,147
8,26,267,259,57,367,41,452,418,204,416,203
8,27,311,427,57,439,475,361,317,443,180,371
8,28,153,342,53,139,356,346,230,129,490,323
8,29,230,68,496,495,387,315,132,23,110,290
8,30,470,237,434,510,287,377,176,185,478,221
8,31,15,373,135,69,2,339,227,147,122,73
8,32,340,380,473,22,228,383,461,412,156,434
8,33,281,391,200,15,363,161,489,24,473,1
8,34,193,115,372,355,160,1,406,311,488,344
8,35,362,462,478,180,237,105,261,486,219,30
8,36,311,141,51,495,356,384,374,398,156,500
8,37,44,432,303,401,326,246,404,141,125,497
8,38,157,250,60,24,120,147,210,197,75,411
8,39,120,199,179,68,247,88,5,499,413,291
8,40,141,239,499,395,472,210,286,453,343,254
8,41,124,300,56,390,30,84,105,13,54,140
8,42,226,124,243,319,223,27,441,179,296,400
8,43,148,124,24,206,200,120,25,451,77,473
8,44,238,100,58,314,154,198,207,322,177,115
8,45,204,489,335,254,388,168,475,442,420,17
8,46,418,338,350,305,484,33,242,258,496,223
8,47,138,60,273,343,295,242,227,115,223,238
9,0,478,433,45,121,154,332,195,405,56,229
9,1,223,219,340,75,330,40,22,488,507,280
9,2,240,426,377,142,75,61,459,491,113,51
9,3,203,414,386,140,180,234,14,409,294,361
9,4,363,331,246,244,217,160,400,476,503,498
9,5,442,3,91,456,414,430,305,177,223,122
9,6,54,28,101,273,19,284,34,173,204,445
9,7,437,443,76,45,346,122,211,388,266,19
9,8,415,412,487,15,226,299,222,225,472,235
9,9,56,496,1,3,92,253,123,24,190,13
9,10,116,281,458,486,325,37,13,339,144,372
9,11,311,272,394,489,106,439,128,102,192,475
9,12,139,356,203,176,230,323,264,312,129,358
9,13,428,67,350,439,230,63,366,53,409,68
9,14,310,479,470,53,426,424,387,197,389,135
9,15,135,15,245,227,420,339,167,373,2,24
9,16,380,340,473,383,7,260,156,277,322,71
9,17,90,428,280,435,482,363,489,251,183,15
9,18,449,83,356,488,40,367,205,301,263,454
9,19,261,462,439,350,282,375,211,98,43,41
9,20,486,126,284,425,419,234,279,116,312,103
9,21,468,189,219,489,174,382,217,209,241,363
9,22,490,130,395,448,476,429,370,125,480,218
9,23,186,44,419,366,431,474,300,178,243,30
9,24,494,456,185,24,21,38,411,282,43,417
9,25,102,71,496,16,198,397,324,498,419,123
9,26,81,11,15,95,189,225,141,457,498,101
9,27,254,430,361,455,398,90,306,167,166,27
9,28,247,119,106,419,69,349,262,481,60,227
9,29,327,104,430,395,216,422,41,278,48,359
9,30,474,193,35,58,259,491,131,307,3,121
9,31,379,415,428,296,478,176,104,326,144,327
9,32,463,204,161,495,485,44,300,413,250,81
9,33,240,275,203,261,481,318,56,21,260,412
9,34,311,332,281,477,150,199,123,430,412,348
9,35,179,431,462,406,164,393,87,119,108,416
9,36,311,384,156,425,119,80,107,482,21,292
9,37,44,244,209,497,303,125,326,241,256,89
9,38,197,490,147,476,8,508,130,448,132,234
9,39,120,88,179,14,413,199,185,396,328,115
9,40,141,239,453,472,210,288,343,286,206,432
9,41,30,56,390,124,11,4,54,88,13,309
9,42,319,296,223,458,330,18,381,400,413,289
9,43,24,148,124,451,206,508,473,85,200,328
9,44,238,81,58,76,115,483,268,15,154,66
9,45,204,489,335,17,301,388,356,6,95,437
9,46,350,305,242,282,187,391,317,496,153,47
9,47,108,66,137,60,295,238,145,115,253,436
10,0,220,393,290,99,474,282,18,38,122,41
10,1,144,382,55,345,62,24,236,302,293,219
10,2,287,335,377,507,154,61,75,459,451,38
10,3,280,240,78,14,392,180,220,232,234,503
10,4,430,331,498,289,402,476,427,356,107,485
10,5,279,305,91,499,453,414,216,23,97,115
10,6,31,173,54,83,286,445,239,101,18,268
10,7,417,49,312,346,476,45,1,319,484,299
10,8,510,225,487,415,84,323,211,483,279,147
10,9,187,220,221,56,190,403,143,496,123,422
10,10,443,116,231,444,427,364,381,56,37,41
10,11,311,443,396,307,477,317,439,472,458,102
10,12,396,123,440,139,115,264,15,122,485,2
10,13,322,53,68,343,286,350,488,47,196,496
10,14,470,434,444,137,106,387,424,327,237,479
10,15,135,15,245,339,195,227,420,2,182,373
10,16,380,340,7,259,383,388,277,490,434,59
10,17,391,363,200,281,315,308,490,428,24,4
10,18,193,172,139,68,121,490,395,65,319,95
10,19,166,369,362,58,84,470,235,236,65,232
10,20,51,311,11,431,60,151,63,490,304,382
10,21,172,443,489,125,213,499,231,44,218,84
10,22,140,238,481,246,101,321,490,22,319,73
10,23,179,452,330,438,142,290,408,415,396,61
10,24,225,406,510,300,16,460,84,203,495,413
10,25,411,220,199,74,496,234,248,147,124,271
10,26,259,418,260,429,372,41,416,422,367,325
10,27,439,60,57,475,160,180,302,351,104,311
10,28,396,139,193,490,356,385,15,123,373,329
10,29,230,496,495,132,315,469,322,480,290,403
10,30,470,237,2,7,434,156,176,339,185,378
10,31,135,227,15,373,339,420,2,295,173,251
10,32,340,380,391,228,22,7,78,71,156,352
10,33,391,315,15,200,1,308,363,281,161,489
10,34,193,139,172,68,121,65,1,372,355,344
10,35,58,17,369,235,237,232,166,15,41,362
10,36,311,384,11,328,431,398,62,51,425,156
10,37,84,172,303,213,326,125,443,103,218,497
10,38,238,140,481,101,246,490,73,147,319,197
10,39,120,199,452,208,179,68,394,185,88,396
10,40,141,286,239,453,210,472,291,135,206,311
10,41,356,390,210,30,88,510,56,399,359,301
10,42,458,37,18,19,319,223,280,466,400,293
10,43,24,26,349,124,197,200,262,206,146,120
10,44,81,402,36,58,115,80,66,154,128,198
10,45,325,171,494,283,335,261,507,10,489,95
10,46,434,363,350,242,490,305,282,438,33,163
10,47,479,467,108,66,137,220,112,508,119,238
11,0,81,153,364,285,332,476,303,256,50,408
11,1,497,355,312,35,223,145,455,489,248,227
11,2,463,287,419,284,75,61,14,394,229,400
11,3,78,314,241,280,374,14,312,143,301,2
11,4,11,141,498,232,430,284,331,276,448,365
11,5,421,163,507,336,366,486,279,469,356,302
11,6,190,429,7,31,484,478,284,445,409,286
11,7,96,490,126,189,17,312,147,299,419,254
11,8,225,510,370,415,247,95,323,260,286,174
11,9,221,50,56,143,327,187,321,489,190,291
11,10,367,372,165,229,315,386,463,325,312,116
11,11,311,191,443,391,104,272,349,57,394,417
11,12,356,197,338,139,467,329,25,364,440,71
11,13,322,53,428,68,403,495,293,290,366,439
11,14,470,424,479,53,377,310,214,397,387,181
11,15,135,195,227,261,182,2,339,318,280,259
11,16,380,388,228,263,383,7,116,205,156,473
11,17,280,428,251,4,15,135,200,464,183,119
11,18,239,371,356,247,201,263,262,129,31,64
11,19,426,470,319,261,170,375,125,413,488,43
11,20,384,113,425,250,292,152,120,84,149,350
11,21,469,125,152,497,8,489,385,273,189,82
11,22,383,436,212,338,218,197,484,378,421,254
11,23,16,8,140,415,422,14,64,68,13,53
11,24,225,185,84,371,510,16,495,43,359,180
11,25,74,50,248,271,489,496,124,469,411,7
11,26,457,41,429,422,104,325,463,312,57,135
11,27,60,391,57,106,430,104,180,447,417,361
11,28,197,490,329,450,373,437,139,164,415,333
11,29,403,495,428,68,85,293,402,290,268,315
11,30,144,380,180,457,0,38,35,181,495,252
11,31,354,259,221,2,186,454,182,251,239,173
11,32,228,455,241,111,239,367,381,461,44,463
11,33,1,183,200,161,412,139,330,24,489,473
11,34,239,456,372,311,421,301,355,446,64,488
11,35,278,95,511,500,390,416,164,6,237,462
11,36,503,384,398,274,311,425,62,80,281,350
11,37,244,256,303,326,209,469,468,497,267,351
11,38,383,436,218,197,402,254,126,506,474,80
11,39,120,185,59,168,88,199,442,396,179,14
11,40,141,239,472,453,210,286,206,343,101,301
11,41,129,359,356,471,30,50,305,56,54,309
11,42,413,466,165,388,204,233,285,404,496,302
11,43,234,85,381,197,116,296,451,30,508,158
11,44,368,483,315,150,110,419,207,166,76,228
11,45,408,63,218,168,394,443,356,487,451,238
11,46,37,356,297,362,88,396,206,232,363,286
11,47,225,233,260,242,416,403,305,129,195,35
12,0,230,84,125,159,436,474,226,364,449,510
12,1,161,355,200,109,489,362,417,295,388,291
12,2,287,419,229,486,451,153,2,101,373,350
12,3,78,374,280,34,392,180,301,232,190,255
12,4,276,430,331,427,436,232,246,420,498,278
12,5,163,507,421,279,349,183,109,336,453,384
12,6,429,350,470,7,395,100,25,31,445,240
12,7,96,404,54,312,147,299,465,419,421,346
12,8,225,510,370,260,247,202,229,323,174,400
12,9,50,221,327,143,187,481,321,190,56,499
12,10,56,307,235,386,315,443,367,184,179,231
12,11,311,506,443,349,450,457,239,462,472,290
12,12,62,71,440,338,356,10,478,3,109,474
12,13,235,322,237,59,510,83,53,196,389,356
12,14,470,423,42,479,397,287,224,218,197,492
12,15,373,135,15,339,245,227,295,494,247,187
12,16,340,380,7,391,22,209,260,308,430,383
12,17,391,281,110,473,264,15,280,511,308,266
12,18,456,193,53,121,480,197,73,19,135,372
12,19,235,362,213,42,58,497,319,463,105,394
12,20,311,410,384,238,300,70,240,419,316,479
12,21,231,125,44,218,326,282,406,61,489,8
12,22,430,298,67,197,4,141,218,238,80,385
12,23,403,120,494,185,14,139,177,422,415,236
12,24,225,510,260,247,202,323,117,408,220,359
12,25,50,221,333,193,499,199,143,327,56,452
12,26,315,235,42,367,307,400,386,267,56,242
12,27,311,403,57,462,47,175,149,506,241,332
12,28,62,338,373,71,10,148,356,414,21,319
12,29,322,235,83,59,68,196,433,389,315,53
12,30,470,218,423,479,137,377,7,180,2,42
12,31,135,373,15,227,339,69,494,2,75,24
12,32,340,380,228,461,430,156,7,352,78,229
12,33,391,511,281,308,46,363,32,15,130,19
12,34,456,193,480,372,453,1,380,344,301,454
12,35,127,448,84,324,232,261,405,235,511,219
12,36,227,311,384,356,141,107,495,482,419,62
12,37,401,44,326,125,441,157,246,244,432,375
12,38,430,249,197,420,67,298,80,147,218,411
12,39,244,115,470,120,243,425,338,283,27,454
12,40,451,486,295,143,371,213,469,511,288,356
12,41,84,287,493,301,196,447,381,407,359,471
12,42,388,500,302,404,203,37,204,296,5,425
12,43,77,85,237,238,196,67,200,361,372,493
12,44,315,483,76,150,166,486,207,385,314,111
12,45,168,262,442,238,443,237,22,42,218,270
12,46,445,418,416,25,232,350,404,454,168,311
12,47,445,90,343,254,204,60,49,163,242,296
13,0,83,298,331,194,109,261,380,333,169,249
13,1,97,466,70,132,362,15,77,88,46,32
13,2,239,270,84,61,125,409,324,122,197,207
13,3,14,280,78,148,4,203,300,319,405,392
13,4,496,252,426,430,406,410,469,498,325,27
13,5,9,83,242,91,236,111,354,468,174,279
13,6,429,100,445,350,18,294,468,31,240,409
13,7,215,346,49,241,303,399,10,479,492,372
13,8,493,45,510,225,241,408,397,117,147,415
13,9,76,295,56,494,221,360,68,50,95,422
13,10,397,203,267,443,57,157,367,347,381,164
13,11,311,163,427,371,477,492,244,349,295,90
13,12,342,264,139,21,63,153,298,288,356,125
13,13,322,136,53,196,343,146,433,451,286,23
13,14,470,405,42,71,197,291,434,377,479,224
13,15,15,135,245,373,339,275,389,227,295,420
13,16,340,380,322,467,7,348,88,391,98,388
13,17,391,281,420,80,336,163,138,363,511,192
13,18,193,359,462,160,480,65,433,85,60,115
13,19,127,362,148,158,77,405,13,448,235,90
13,20,141,311,374,356,360,388,490,291,24,496
13,21,401,44,246,404,432,125,443,441,326,231
13,22,249,157,60,30,75,250,24,62,120,210
13,23,139,244,185,90,290,403,470,27,142,236
13,24,200,475,493,225,416,142,165,117,45,344
13,25,295,167,76,56,221,240,202,511,114,314
13,26,367,297,397,235,56,203,416,429,267,48
13,27,311,244,492,221,427,184,99,57,30,439
13,28,342,356,153,139,63,490,329,21,230,373
13,29,136,322,68,309,23,350,387,196,230,163
13,30,470,377,405,436,42,71,339,7,434,387
13,31,15,373,245,135,339,227,73,420,147,191
13,32,340,380,322,391,7,88,3,473,22,430
13,33,391,281,163,420,489,135,363,308,336,428
13,34,359,160,480,462,193,115,121,344,488,36
13,35,362,158,405,438,463,324,448,90,13,105
13,36,141,374,311,356,11,301,375,360,490,152
13,37,44,401,101,432,246,404,316,125,326,334
13,38,157,249,197,60,120,24,75,250,210,62
13,39,244,120,13,68,199,115,59,210,413,470
13,40,451,486,386,499,295,469,382,10,395,493
13,41,84,287,493,300,42,140,185,47,426,301
13,42,226,27,124,319,368,500,233,203,310,223
13,43,148,124,77,206,85,89,493,30,20,24
13,44,238,100,199,207,76,228,483,115,198,314
13,45,204,475,47,442,254,335,489,17,388,168
13,46,350,338,418,305,107,452,282,67,388,484
13,47,60,138,273,360,244,343,137,115,253,295
14,0,121,45,154,299,332,478,433,397,488,402
14,1,340,345,510,160,223,212,135,473,487,207
14,2,113,240,171,304,61,84,489,409,308,356
14,3,203,14,0,148,280,386,374,319,186,140
14,4,363,469,480,367,387,444,246,331,430,322
14,5,242,3,91,162,9,177,175,88,407,83
14,6,468,445,235,18,31,272,194,44,270,314
14,7,215,437,492,49,476,479,299,1,100,45
14,8,45,415,147,77,412,241,475,153,445,293
14,9,56,254,76,494,295,221,176,143,500,123
14,10,41,364,510,116,195,427,316,260,381,135
14,11,311,29,427,302,476,371,349,431,401,439
14,12,342,230,264,139,118,298,323,354,260,0
14,13,350,322,196,343,53,54,433,146,415,294
14,14,405,470,492,197,402,377,479,2,434,135
14,15,15,135,245,373,339,420,227,389,295,300
14,16,380,340,7,322,98,3,88,383,78,434
14,17,391,420,363,15,46,382,200,281,307,264
14,18,65,311,121,193,160,104,372,263,85,301
14,19,362,235,127,324,77,42,84,230,58,239
14,20,141,311,374,120,479,316,292,329,279,245
14,21,401,246,468,404,44,231,125,432,241,443
14,22,249,157,250,197,120,490,62,395,458,234
14,23,199,185,407,247,122,177,68,108,120,23
14,24,225,475,241,445,200,416,15,16,460,344
14,25,56,221,147,477,110,181,349,203,375,467
14,26,422,195,41,395,260,201,316,116,364,372
14,27,472,430,57,480,493,317,259,29,119,396
14,28,139,118,415,46,192,119,72,382,329,319
14,29,230,268,403,322,293,315,290,85,474,469
14,30,180,119,185,193,38,254,339,442,496,425
14,31,2,439,454,126,14,369,184,273,478,363
14,32,432,229,250,448,473,434,50,380,509,95
14,33,139,183,24,251,348,135,428,417,298,130
14,34,311,421,372,412,149,474,432,274,52,491
14,35,208,500,169,80,164,462,227,346,195,261
14,36,156,11,311,251,291,500,328,152,119,350
14,37,125,404,44,246,326,432,209,101,443,141
14,38,197,157,62,490,120,249,250,218,222,395
14,39,120,199,247,68,5,442,413,88,185,115
14,40,499,395,141,254,213,453,412,266,210,115
14,41,124,398,56,300,479,30,271,471,88,373
14,42,319,226,243,27,203,223,413,219,280,208
14,43,148,124,206,24,120,38,200,359,85,262
14,44,238,100,322,177,358,297,115,207,58,198
14,45,204,475,335,489,254,17,246,95,373,102
14,46,350,107,23,452,5,433,305,282,242,317
14,47,108,137,60,66,112,119,324,96,238,323
15,0,320,220,458,39,416,464,334,38,353,304
15,1,345,144,382,242,496,123,174,146,323,209
15,2,335,304,129,311,171,324,287,454,50,500
15,3,280,78,374,482,220,14,319,316,489,186
15,4,289,430,406,148,331,469,62,367,144,356
15,5,83,339,117,177,91,220,279,293,162,376
15,6,239,194,116,309,468,395,409,14,260,379
15,7,49,105,383,312,492,77,323,451,441,181
15,8,45,493,77,115,111,241,409,252,510,415
15,9,76,70,56,295,221,511,423,50,254,187
15,10,492,454,157,397,410,180,427,347,203,283
15,11,311,427,371,492,99,490,244,163,462,30
15,12,342,356,21,288,280,206,2,153,501,230
15,13,322,196,68,34,53,163,400,433,309,112
15,14,470,377,405,291,197,436,434,124,492,214
15,15,15,373,135,245,275,420,73,339,295,187
15,16,340,380,238,7,388,391,322,98,383,345
15,17,163,391,336,281,138,321,264,420,32,245
15,18,12,324,121,88,193,356,372,160,65,485
15,19,324,306,438,470,319,239,90,148,42,463
15,20,309,291,311,382,106,261,431,83,292,116
15,21,450,44,350,443,404,125,485,231,135,497
15,22,82,319,298,234,238,197,458,117,474,378
15,23,438,142,420,455,23,113,14,504,80,302
15,24,493,200,142,475,241,413,397,344,111,248
15,25,76,167,295,381,56,384,411,254,469,248
15,26,454,367,347,492,392,397,73,118,41,452
15,27,244,311,427,99,478,22,57,475,60,145
15,28,342,501,280,373,139,385,356,153,21,294
15,29,452,230,96,322,112,315,68,350,341,163
15,30,436,434,237,9,124,339,7,501,135,266
15,31,373,15,227,454,71,345,135,122,194,191
15,32,340,380,391,30,383,327,56,461,473,388
15,33,163,321,15,336,391,281,41,87,417,489
15,34,12,344,107,421,301,311,356,88,449,262
15,35,324,306,77,497,176,90,463,180,478,346
15,36,311,328,338,82,291,24,11,292,384,62
15,37,84,443,450,350,326,303,125,387,244,141
15,38,82,197,238,319,218,80,101,117,147,359
15,39,438,115,185,422,499,452,510,22,197,210
15,40,270,382,126,442,469,256,48,23,79,251
15,41,471,479,88,44,231,301,507,185,390,495
15,42,296,10,165,496,162,297,280,425,240,441
15,43,173,38,196,48,20,10,240,310,28,30
15,44,207,451,267,76,419,300,166,358,483,197
15,45,428,356,42,174,398,25,348,236,416,507
15,46,495,232,438,271,363,488,281,508,19,362
15,47,242,108,398,442,162,117,129,193,86,403
16,0,461,280,12,80,189,223,383,63,266,340
16,1,489,438,90,281,269,336,137,396,41,379
16,2,213,276,202,277,441,34,119,71,118,81
16,3,78,280,100,73,374,434,255,392,144,34
16,4,331,121,83,82,420,442,430,424,60,135
16,5,460,34,476,421,57,336,302,366,432,106
16,6,401,7,286,61,395,484,373,381,151,106
16,7,397,312,299,107,480,32,290,474,419,505
16,8,225,370,92,216,439,493,324,510,84,247
16,9,126,274,511,123,321,42,469,221,56,144
16,10,483,206,397,182,430,307,102,347,367,94
16,11,311,30,175,295,492,349,417,50,163,365
16,12,2,338,356,191,23,112,280,122,468,77
16,13,322,350,196,68,163,459,415,433,127,290
16,14,84,377,470,42,331,2,479,492,106,402
16,15,373,135,15,339,245,389,380,420,345,247
16,16,340,380,270,59,391,260,277,7,322,197
16,17,391,418,280,41,32,428,308,363,330,393
16,18,380,218,12,139,315,166,44,232,338,356
16,19,497,324,360,235,43,499,306,470,2,239
16,20,82,328,480,152,384,311,319,120,382,309
16,21,84,450,125,443,244,209,437,342,274,269
16,22,82,216,4,80,65,266,450,421,69,130
16,23,452,1,415,185,80,492,438,85,23,41
16,24,225,493,40,329,484,136,324,413,299,125
16,25,56,126,324,469,248,381,203,261,499,274
16,26,367,383,422,429,479,201,452,57,500,312
16,27,265,272,391,439,104,240,259,430,145,188
16,28,359,192,332,319,497,122,112,23,402,119
16,29,428,495,230,452,322,267,68,290,338,403
16,30,180,84,467,7,2,34,184,275,510,113
16,31,509,379,292,190,395,99,393,118,369,259
16,32,56,111,228,259,327,71,36,205,30,473
16,33,417,15,472,330,24,239,1,427,183,393
16,34,380,139,441,12,421,304,40,218,311,445
16,35,324,2,77,497,406,232,164,462,208,402
16,36,338,328,82,311,11,107,24,83,384,120
16,37,84,450,125,382,326,190,443,239,350,204
16,38,82,197,147,216,4,458,395,62,105,337
16,39,185,115,138,403,328,120,197,290,438,374
16,40,291,346,270,23,469,301,48,382,213,79
16,41,88,356,390,495,398,471,54,418,38,479
16,42,296,441,359,496,363,165,233,37,203,439
16,43,484,173,150,31,451,20,48,372,85,401
16,44,207,358,228,199,506,300,64,76,483,305
16,45,348,356,42,398,428,231,99,293,360,480
16,46,299,232,194,258,454,240,267,311,96,139
16,47,90,457,303,242,86,398,284,315,389,291
17,0,393,491,166,116,457,23,182,178,258,335
17,1,90,281,196,388,336,417,105,280,234,422
17,2,486,212,503,350,25,63,201,172,387,425
17,3,301,280,31,255,374,100,81,140,34,453
17,4,83,203,188,29,331,469,246,143,319,235
17,5,421,163,460,34,366,336,57,476,183,302
17,6,491,173,307,311,7,462,83,101,426,145
17,7,129,480,397,312,221,96,299,292,419,105
17,8,493,215,441,40,203,445,291,484,229,153
17,9,76,421,327,56,394,176,123,158,496,469
17,10,397,410,61,232,347,180,65,115,24,56
17,11,283,340,175,73,403,427,311,179,302,30
17,12,445,122,396,280,332,5,342,125,437,184
17,13,163,322,112,196,132,182,68,188,459,34
17,14,124,339,156,470,42,287,436,479,397,209
17,15,373,135,15,420,191,339,345,227,75,245
17,16,340,380,461,7,78,391,277,59,388,30
17,17,41,391,336,321,163,281,308,32,418,87
17,18,139,12,441,121,226,338,205,356,140,124
17,19,324,208,349,232,319,235,239,488,346,497
17,20,83,82,338,120,311,384,449,197,350,211
17,21,84,437,82,8,125,321,106,141,489,244
17,22,266,82,1,168,22,447,167,288,274,459
17,23,420,113,90,8,415,293,142,252,408,13
17,24,344,413,493,125,38,299,18,333,120,180
17,25,56,469,147,110,397,375,496,51,381,464
17,26,367,116,156,41,383,452,76,135,300,418
17,27,306,342,423,93,104,155,283,41,453,27
17,28,102,319,212,122,402,5,342,93,348,328
17,29,452,96,403,182,41,54,492,158,86,230
17,30,292,282,434,180,392,378,216,339,495,17
17,31,345,257,385,424,214,355,393,256,269,59
17,32,473,30,199,71,72,259,136,44,56,137
17,33,183,427,239,412,417,472,89,251,134,330
17,34,90,311,188,262,281,355,40,490,421,372
17,35,324,208,402,164,406,497,195,95,349,494
17,36,338,425,82,156,328,311,107,384,292,250
17,37,125,489,84,106,141,244,382,8,161,241
17,38,22,82,197,168,288,147,447,323,62,126
17,39,185,413,199,1,115,120,415,197,126,150
17,40,291,346,270,79,48,23,301,17,472,286
17,41,495,418,88,356,471,323,120,479,249,507
17,42,363,496,296,51,469,233,165,44,504,146
17,43,196,85,311,424,240,234,312,253,372,292
17,44,483,207,197,227,143,419,451,67,141,201
17,45,408,32,356,42,218,443,451,398,63,461
17,46,490,434,232,362,85,19,20,37,27,438
17,47,467,242,299,398,140,403,86,442,129,237
18,0,364,81,285,153,303,185,256,408,50,476
18,1,35,15,112,455,145,497,461,217,474,275
18,2,446,453,18,327,366,169,88,487,244,178
18,3,374,78,312,114,319,259,278,28,263,457
18,4,11,236,300,228,331,171,108,268,481,61
18,5,199,281,511,85,428,462,384,315,64,359
18,6,395,228,325,414,351,167,363,18,369,122
18,7,17,96,102,488,384,254,69,490,292,278
18,8,225,370,396,359,286,415,456,84,364,247
18,9,321,511,56,87,291,489,203,477,27,108
18,10,325,229,312,116,372,243,73,148,75,41
18,11,311,192,272,317,391,106,191,130,104,332
18,12,356,139,450,329,90,264,25,490,150,338
18,13,68,387,400,53,290,322,501,428,469,256
18,14,470,377,331,424,138,212,387,214,274,479
18,15,135,245,193,280,15,227,347,295,494,269
18,16,380,388,482,260,191,7,322,391,205,59
18,17,105,161,473,280,200,469,363,428,215,90
18,18,119,371,201,465,64,488,148,274,209,124
18,19,470,170,362,319,105,394,413,125,2,131
18,20,309,486,377,261,62,70,342,191,382,116
18,21,273,497,468,462,387,152,157,491,126,159
18,22,197,380,218,266,378,421,492,89,217,497
18,23,199,247,186,504,415,68,492,44,191,387
18,24,370,225,286,84,247,63,180,16,495,417
18,25,489,420,511,165,51,199,147,74,248,56
18,26,107,461,203,325,471,372,312,201,213,167
18,27,311,492,391,33,261,54,397,180,104,350
18,28,356,245,490,153,329,63,139,164,373,346
18,29,387,22,290,154,288,148,68,469,224,302
18,30,470,377,274,64,387,479,331,14,212,441
18,31,245,15,193,135,318,374,200,227,113,494
18,32,380,391,7,228,191,322,388,473,482,429
18,33,105,435,200,161,363,1,15,4,489,139
18,34,119,71,488,347,371,128,40,454,465,201
18,35,362,462,232,170,105,342,267,414,237,169
18,36,149,107,292,152,495,378,398,80,384,250
18,37,152,468,462,125,373,303,144,190,393,491
18,38,197,127,508,456,458,299,329,378,402,492
18,39,199,120,229,356,219,186,102,247,115,5
18,40,141,449,472,250,386,305,27,466,286,61
18,41,217,54,105,426,13,261,56,30,6,346
18,42,501,306,400,181,332,207,126,223,271,179
18,43,120,220,206,200,475,34,328,467,403,493
18,44,207,76,217,350,215,419,213,128,154,5
18,45,168,64,481,60,42,402,367,6,347,268
18,46,357,290,232,374,438,346,362,85,235,271
18,47,233,260,143,242,294,225,140,296,162,398
19,0,87,436,159,84,449,364,287,20,268,143
19,1,161,355,388,72,90,364,281,109,113,204
19,2,229,486,419,251,350,34,93,448,212,146
19,3,78,374,370,280,301,240,305,100,133,176
19,4,331,420,430,194,83,6,195,436,278,62
19,5,349,388,156,307,87,405,212,293,441,91
19,6,436,25,100,429,491,7,403,478,303,395
19,7,96,240,82,299,234,312,480,62,136,419
19,8,225,493,220,198,247,329,315,216,370,415
19,9,327,76,56,221,50,493,481,499,421,333
19,10,397,42,275,307,333,254,138,114,232,56
19,11,403,311,175,179,427,248,80,150,506,292
19,12,62,174,71,338,95,26,374,342,292,280
19,13,322,163,196,459,192,96,108,198,55,182
19,14,42,13,186,287,423,292,141,479,470,397
19,15,373,135,15,390,227,339,380,245,191,420
19,16,340,380,22,7,3,78,152,391,383,407
19,17,281,163,138,391,32,191,336,41,108,393
19,18,204,73,121,456,72,197,193,356,380,19
19,19,481,235,125,42,324,239,137,208,470,90
19,20,293,314,503,311,116,309,82,382,376,261
19,21,44,235,84,125,190,489,315,196,70,159
19,22,95,67,421,298,191,508,313,475,227,331
19,23,415,504,64,13,150,90,309,432,80,5
19,24,493,225,220,198,117,510,247,330,80,329
19,25,56,199,76,327,493,384,248,203,333,147
19,26,275,42,367,228,307,315,75,397,220,372
19,27,403,175,311,57,96,306,22,394,417,317
19,28,342,62,338,71,10,319,328,174,95,402
19,29,96,192,452,322,68,315,400,54,150,170
19,30,42,186,470,180,296,135,287,339,173,216
19,31,373,339,390,135,122,2,227,78,454,354
19,32,340,22,380,391,458,383,7,3,156,59
19,33,281,391,15,183,163,108,1,130,489,427
19,34,204,73,456,197,380,99,193,301,344,480
19,35,481,474,324,406,235,239,60,236,42,214
19,36,149,116,425,107,265,479,292,270,384,291
19,37,44,382,303,142,420,144,489,443,125,275
19,38,298,197,218,326,95,198,492,68,395,313
19,39,115,337,185,22,399,37,437,240,210,120
19,40,270,251,126,299,437,444,301,171,279,149
19,41,471,479,54,185,349,107,302,449,231,507
19,42,430,286,441,296,36,241,412,8,165,388
19,43,85,446,361,386,11,307,482,75,30,267
19,44,315,76,207,483,419,399,373,67,201,300
19,45,42,168,237,356,213,218,440,443,348,420
19,46,510,445,232,362,382,496,266,346,85,53
19,47,90,120,242,297,398,125,461,163,506,230
20,0,499,182,241,408,212,192,111,482,372,294
20,1,382,328,245,315,196,200,291,90,33,423
20,2,65,377,208,335,332,11,61,212,275,426
20,3,427,491,180,2,21,128,257,53,319,72
20,4,270,148,370,381,319,163,246,70,383,355
20,5,442,209,356,281,237,97,371,453,157,276
20,6,54,154,448,100,474,18,489,403,436,493
20,7,46,361,383,102,57,332,488,292,69,473
20,8,91,336,266,493,417,225,460,412,359,396
20,9,203,102,199,321,261,87,411,182,147,27
20,10,213,27,422,229,14,322,295,243,71,372
20,11,84,311,272,104,464,332,270,350,265,430
20,12,356,139,264,491,450,150,90,296,25,490
20,13,387,68,400,322,230,256,428,290,302,437
20,14,470,377,479,138,387,424,331,64,212,233
20,15,135,245,15,193,362,394,167,420,71,200
20,16,380,482,391,340,260,7,322,191,308,277
20,17,215,90,463,363,58,280,473,105,200,15
20,18,201,371,155,148,356,465,64,454,274,421
20,19,282,319,394,147,362,43,230,361,105,125
20,20,311,377,382,261,152,148,316,70,309,384
20,21,468,462,269,274,185,497,283,256,125,489
20,22,197,378,421,108,508,380,217,147,492,89
20,23,247,199,387,186,504,419,122,415,102,407
20,24,225,370,247,216,84,286,180,248,412,355
20,25,56,420,49,221,349,489,32,321,411,511
20,26,282,195,234,27,372,312,295,461,201,203
20,27,311,392,33,350,261,180,238,391,457,57
20,28,139,356,2,245,180,490,264,329,164,450
20,29,250,154,290,387,315,302,501,68,148,200
20,30,470,377,130,387,176,426,441,424,29,339
20,31,245,15,135,73,2,420,339,395,122,69
20,32,380,482,322,228,71,259,473,193,78,290
20,33,215,463,489,153,200,432,24,363,479,105
20,34,432,83,188,227,491,201,407,11,71,155
20,35,406,282,462,403,6,324,232,240,511,494
20,36,394,384,149,86,144,148,378,80,332,425
20,37,144,303,125,503,468,97,355,319,462,489
20,38,53,378,299,508,147,197,363,342,450,492
20,39,199,247,120,59,102,115,186,252,392,203
20,40,141,51,250,395,352,499,472,386,500,392
20,41,217,426,272,54,56,6,337,347,498,105
20,42,425,306,390,207,268,24,501,171,296,386
20,43,220,120,206,200,34,284,328,467,454,361
20,44,76,207,297,350,217,215,213,486,295,362
20,45,168,481,64,220,285,158,60,265,402,508
20,46,357,374,232,290,346,300,24,240,438,85
20,47,445,242,204,343,254,60,398,403,345,129
21,0,227,194,298,380,109,331,83,261,114,249
21,1,382,70,466,27,11,367,330,365,88,150
21,2,426,365,65,239,125,377,61,335,84,470
21,3,143,409,497,427,232,304,405,365,361,332
21,4,426,27,252,118,469,496,502,213,270,387
21,5,445,442,91,162,242,384,265,157,321,72
21,6,54,154,474,448,28,31,477,105,445,100
21,7,76,335,473,330,122,346,197,270,332,140
21,8,493,330,487,45,412,19,170,79,402,448
21,9,76,256,494,185,220,123,505,119,384,496
21,10,2,397,156,410,416,65,275,135,24,364
21,11,0,340,311,427,502,371,261,283,30,181
21,12,342,358,139,445,423,199,324,53,125,333
21,13,452,322,350,192,11,170,54,146,96,386
21,14,416,224,189,158,128,282,434,31,454,321
21,15,24,345,278,393,385,92,69,2,113,423
21,16,340,380,461,30,277,59,435,106,473,434
21,17,281,393,108,135,450,429,212,330,391,308
21,18,193,174,205,160,68,38,363,390,474,454
21,19,235,324,261,239,478,84,211,243,219,460
21,20,479,113,116,166,126,120,149,19,107,425
21,21,44,489,468,241,125,157,219,82,356,431
21,22,508,147,70,429,251,234,455,62,153,421
21,23,455,14,442,328,474,300,265,492,150,462
21,24,80,406,487,412,7,293,0,493,341,299
21,25,496,256,114,290,375,494,119,467,124,110
21,26,388,452,334,41,57,449,288,458,510,338
21,27,225,61,466,57,445,396,160,60,30,212
21,28,342,445,193,319,15,437,199,20,490,382
21,29,230,452,492,402,363,96,496,430,502,403
21,30,426,180,135,511,434,339,70,9,416,75
21,31,2,355,361,282,309,242,269,214,498,345
21,32,340,111,228,259,473,50,200,177,78,248
21,33,130,183,46,169,399,435,458,412,330,464
21,34,193,488,71,281,449,372,421,491,40,367
21,35,474,237,261,406,500,239,211,462,494,321
21,36,425,107,311,424,292,120,495,350,80,500
21,37,44,489,209,382,256,144,473,303,443,244
21,38,197,157,53,147,299,359,303,28,156,374
21,39,120,442,150,199,413,240,185,59,197,88
21,40,239,254,141,378,115,499,10,213,453,472
21,41,356,390,359,426,17,85,249,309,246,54
21,42,296,124,441,233,442,280,80,155,181,439
21,43,85,451,24,303,307,203,30,23,168,67
21,44,238,76,419,207,502,228,170,154,267,344
21,45,204,25,168,430,220,356,452,42,440,233
21,46,374,232,85,338,418,286,27,67,281,508
21,47,138,242,398,60,273,129,227,442,343,294
22,0,478,121,45,433,154,195,332,405,229,56
22,1,223,340,219,75,330,488,22,280,290,40
22,2,240,426,377,491,142,262,175,459,38,493
22,3,203,140,31,361,409,292,321,414,386,453
22,4,363,217,246,416,400,244,444,503,387,170
22,5,442,430,3,414,223,437,30,456,91,120
22,6,370,56,173,273,460,405,300,28,314,82
22,7,437,266,443,388,467,380,30,300,168,211
22,8,412,226,415,472,222,421,501,299,15,293
22,9,3,198,215,92,123,253,305,496,1,94
22,10,458,116,281,344,13,231,124,505,252,486
22,11,218,489,65,109,29,431,93,394,423,447
22,12,139,10,354,108,80,413,405,46,203,248
22,13,92,428,287,63,46,411,409,474,67,297
22,14,130,479,197,389,387,21,149,177,310,53
22,15,135,15,245,420,339,2,227,187,167,247
22,16,380,482,322,340,187,7,78,49,156,434
22,17,463,90,215,58,489,428,363,382,280,391
22,18,199,65,449,332,311,356,454,16,488,64
22,19,462,314,230,394,235,319,267,43,4,125
22,20,394,424,357,152,80,497,126,377,279,103
22,21,468,462,393,259,209,319,241,256,135,157
22,22,480,458,218,395,197,380,227,508,80,147
22,23,247,199,186,114,30,44,414,419,122,245
22,24,225,248,247,417,69,332,180,412,216,495
22,25,56,221,181,74,349,190,248,165,51,147
22,26,316,68,252,201,41,195,364,312,248,422
22,27,423,431,29,396,398,457,472,247,65,60
22,28,466,367,293,69,15,358,497,415,275,10
22,29,268,366,145,293,30,85,439,250,469,67
22,30,17,339,495,266,224,510,312,29,148,282
22,31,34,215,330,2,173,29,424,239,454,478
22,32,259,190,71,473,241,317,256,327,230,490
22,33,482,24,330,183,130,135,483,139,393,298
22,34,333,421,491,71,155,262,4,446,301,40
22,35,208,511,232,406,500,324,462,494,346,6
22,36,149,107,425,320,487,292,270,188,86,288
22,37,303,135,209,125,468,174,161,12,363,462
22,38,147,197,458,266,299,234,53,62,113,218
22,39,489,311,481,307,497,94,280,186,468,282
22,40,320,270,399,455,477,473,427,405,35,221
22,41,102,471,323,398,238,343,274,302,507,138
22,42,272,296,318,413,165,203,397,241,262,504
22,43,195,240,307,222,398,503,8,208,500,447
22,44,207,76,419,228,197,268,267,205,502,506
22,45,356,168,42,420,443,220,247,451,398,388
22,46,232,404,111,374,88,281,438,496,58,476
22,47,60,242,398,249,227,35,129,442,243,452
23,0,393,220,290,474,99,282,18,41,122,36
23,1,144,55,345,382,62,236,24,15,283,219
23,2,287,335,377,38,507,493,311,184,262,154
23,3,240,280,392,78,147,234,180,409,502,472
23,4,402,244,348,381,270,485,356,487,331,262
23,5,279,305,433,120,453,499,384,414,281,438
23,6,173,83,268,31,18,101,307,477,301,34
23,7,417,467,49,98,292,133,196,1,168,300
23,8,79,487,323,211,412,415,20,501,18,483
23,9,187,220,123,190,198,221,403,188,345,100
23,10,116,443,491,418,444,13,90,470,364,386
23,11,396,443,453,307,314,136,481,30,447,417
23,12,396,445,15,115,358,184,122,193,428,405
23,13,479,452,322,492,315,430,285,478,293,350
23,14,17,380,327,59,478,304,62,113,440,297
23,15,261,182,393,2,277,309,195,269,259,251
23,16,380,116,259,50,30,473,362,64,423,460
23,17,233,412,19,353,450,341,464,489,213,487
23,18,193,205,395,454,356,412,371,490,139,31
23,19,261,235,474,208,211,324,178,346,267,219
23,20,149,103,79,455,186,206,119,276,384,303
23,21,94,318,125,132,443,82,177,138,34,489
23,22,144,197,140,146,176,101,484,199,27,443
23,23,16,400,172,481,419,492,22,53,413,474
23,24,203,406,69,185,371,153,412,495,358,18
23,25,375,92,496,198,467,5,151,94,234,123
23,26,260,388,252,356,457,189,418,248,463,104
23,27,453,396,423,160,264,227,19,27,502,212
23,28,396,223,15,114,22,262,193,195,122,319
23,29,452,403,230,495,492,402,496,502,308,422
23,30,237,434,378,426,180,97,446,457,54,373
23,31,2,215,472,282,394,214,371,464,113,385
23,32,340,259,228,473,190,50,116,59,434,7
23,33,183,24,200,489,89,472,330,464,130,427
23,34,193,139,281,367,395,40,421,355,314,155
23,35,474,261,195,237,324,462,478,406,111,267
23,36,311,328,338,425,11,431,495,274,62,292
23,37,374,443,218,489,103,245,473,84,267,303
23,38,238,197,53,359,147,101,474,140,80,22
23,39,120,185,150,88,199,59,442,213,5,492
23,40,141,239,206,10,472,378,210,286,47,115
23,41,356,359,390,88,398,97,471,54,85,129
23,42,296,203,146,183,404,441,496,51,400,331
23,43,85,196,300,372,451,443,262,405,200,493
23,44,419,150,207,110,228,483,368,76,166,502
23,45,218,32,42,408,168,356,451,482,420,289
23,46,434,362,363,232,85,374,438,271,404,286
23,47,467,242,398,176,403,129,153,201,237,255
24,0,81,153,285,364,332,185,476,303,256,50
24,1,497,35,145,455,312,15,489,461,217,275
24,2,463,453,284,244,254,428,248,298,229,287
24,3,457,114,481,278,259,2,312,226,351,241
24,4,11,162,141,171,228,341,31,158,236,474
24,5,467,277,178,503,397,316,45,261,217,412
24,6,351,414,122,363,355,104,8,190,504,284
24,7,254,384,102,454,311,416,477,17,127,204
24,8,352,302,411,271,456,180,310,417,396,379
24,9,203,102,411,495,261,165,445,27,192,7
24,10,229,75,312,372,325,73,318,148,295,243
24,11,272,192,191,106,317,104,391,22,464,265
24,12,139,25,490,450,329,119,81,264,79,364
24,13,428,469,293,366,439,68,403,495,269,501
24,14,380,32,138,216,424,310,259,470,129,373
24,15,357,156,480,393,144,347,270,136,286,100
24,16,228,388,116,386,178,383,436,50,503,259
24,17,469,100,280,135,464,4,161,200,256,380
24,18,209,449,420,454,90,16,239,446,124,262
24,19,261,170,359,470,375,413,420,414,251,488
24,20,384,425,205,424,126,149,120,452,284,144
24,21,462,468,376,431,387,497,82,329,310,125
24,22,436,218,383,147,217,497,197,508,89,395
24,23,356,350,440,131,280,44,229,159,378,414
24,24,494,456,417,332,21,120,84,24,271,16
24,25,102,74,283,54,192,147,159,165,496,318
24,26,11,332,316,325,359,171,461,198,511,498
24,27,254,430,444,455,167,423,151,324,350,265
24,28,61,247,496,119,349,114,266,367,262,146
24,29,469,290,395,374,365,308,268,327,278,200
24,30,220,59,307,380,193,259,358,144,162,495
24,31,195,270,140,278,182,144,24,257,345,259
24,32,228,386,460,380,259,82,474,383,116,499
24,33,45,111,417,444,4,292,63,424,464,369
24,34,83,461,40,491,71,444,355,11,247,465
24,35,229,164,462,43,278,325,6,198,53,319
24,36,149,320,487,156,139,422,473,68,222,415
24,37,303,468,141,209,462,174,135,161,319,382
24,38,436,383,197,456,299,53,342,378,362,494
24,39,356,229,94,350,98,282,283,280,37,307
24,40,249,427,96,251,242,299,256,296,367,270
24,41,471,238,507,323,138,54,274,316,102,52
24,42,272,165,271,413,318,162,203,262,8,332
24,43,500,300,85,14,196,20,163,382,208,476
24,44,76,207,419,197,315,150,267,483,307,506
24,45,168,218,443,63,42,356,238,220,237,452
24,46,88,297,232,85,362,374,463,271,273,292
24,47,143,233,260,242,225,403,129,411,296,358
25,0,87,436,84,159,449,364,472,22,20,287
25,1,161,355,489,72,364,109,41,321,231,133
25,2,229,287,419,1,93,328,251,19,438,400
25,3,374,78,305,301,498,263,34,255,392,490
25,4,400,331,194,420,195,430,270,6,232,278
25,5,279,405,349,441,477,183,91,266,453,384
25,6,436,429,25,478,4,31,286,100,101,395
25,7,96,82,240,54,299,312,234,383,419,465
25,8,225,145,247,174,260,415,293,229,202,464
25,9,327,221,481,56,50,321,143,309,291,187
25,10,307,275,272,386,2,367,42,184,88,0
25,11,311,506,248,499,173,271,462,349,209,403
25,12,62,71,174,34,10,338,485,368,173,474
25,13,322,235,237,510,196,372,68,83,108,28
25,14,423,397,42,175,353,13,470,186,133,265
25,15,373,135,227,390,339,454,420,75,15,318
25,16,340,148,380,22,391,383,388,78,308,7
25,17,391,110,330,46,363,281,163,393,135,32
25,18,72,193,456,197,121,73,372,371,177,421
25,19,235,42,125,324,460,90,239,319,17,394
25,20,503,293,384,443,70,259,116,309,431,382
25,21,125,44,231,489,315,374,473,497,106,326
25,22,298,95,197,67,202,94,141,420,421,219
25,23,185,90,415,51,422,150,504,177,455,442
25,24,225,493,117,323,327,510,229,247,248,408
25,25,199,56,327,308,124,203,489,333,221,248
25,26,275,443,220,42,272,315,307,367,75,386
25,27,311,57,104,175,22,445,180,60,261,417
25,28,338,148,62,342,319,10,356,131,25,71
25,29,322,136,433,68,400,53,315,131,235,372
25,30,470,71,510,9,42,479,176,197,180,29
25,31,373,15,135,245,339,2,75,423,295,269
25,32,340,380,473,352,259,111,7,78,461,322
25,33,447,511,391,281,382,24,330,130,308,32
25,34,193,480,72,359,449,301,65,160,380,421
25,35,362,324,405,158,164,448,105,185,283,232
25,36,141,356,311,291,374,80,107,495,503,419
25,37,401,44,432,441,246,404,374,367,326,274
25,38,249,197,420,218,298,411,67,147,458,227
25,39,244,470,5,27,492,8,210,185,115,290
25,40,486,295,451,143,206,27,442,472,149,339
25,41,84,287,301,493,447,471,359,34,249,426
25,42,388,74,204,295,81,404,296,83,146,0
25,43,77,494,85,240,238,55,203,372,451,405
25,44,315,76,150,207,483,494,393,385,314,228
25,45,168,22,289,481,42,237,298,199,402,251
25,46,445,25,418,299,168,362,232,350,58,404
25,47,445,90,343,254,242,204,49,296,60,387
26,0,83,298,194,331,261,109,380,214,333,169
26,1,97,466,70,77,15,132,46,141,32,178
26,2,270,239,409,61,130,84,122,125,308,207
26,3,148,14,143,392,4,105,405,140,332,454
26,4,496,389,252,410,426,27,68,97,187,325
26,5,250,138,446,9,83,236,91,468,339,174
26,6,18,314,445,508,31,494,301,477,270,160
26,7,399,242,215,346,330,241,197,440,161,463
26,8,430,170,493,464,241,30,109,147,412,483
26,9,295,76,167,318,471,202,56,422,505,329
26,10,220,403,397,203,275,240,416,156,65,313
26,11,311,184,427,371,99,244,30,502,134,477
26,12,342,139,264,21,306,298,459,180,346,423
26,13,433,322,146,192,54,350,386,259,196,262
26,14,510,470,148,71,405,312,128,436,402,339
26,15,15,135,373,245,339,420,113,2,442,227
26,16,380,340,391,7,322,461,36,59,388,38
26,17,281,391,308,363,32,330,447,511,192,135
26,18,193,359,160,121,72,372,433,251,129,124
26,19,448,405,158,13,131,235,362,319,394,324
26,20,356,141,374,443,265,382,311,384,495,70
26,21,401,44,246,441,125,488,432,404,326,241
26,22,249,30,60,157,75,250,24,120,197,210
26,23,142,455,328,470,244,252,185,448,17,37
26,24,493,396,225,475,241,344,142,408,165,372
26,25,295,56,76,35,221,197,496,471,280,349
26,26,73,57,388,297,267,452,201,54,416,184
26,27,311,244,184,492,427,447,180,93,99,22
26,28,153,342,356,63,139,46,176,182,230,329
26,29,387,136,132,230,290,309,23,341,322,433
26,30,470,71,377,405,510,57,179,339,479,387
26,31,15,245,73,135,227,339,2,478,373,269
26,32,340,380,391,7,473,238,322,71,228,149
26,33,391,489,330,24,363,139,420,298,200,15
26,34,359,115,160,318,104,10,488,193,433,367
26,35,362,405,185,93,324,406,494,462,438,13
26,36,141,374,360,356,495,311,11,490,384,382
26,37,401,432,246,316,101,404,44,125,326,334
26,38,157,249,197,24,60,250,75,120,458,62
26,39,120,199,247,59,244,68,7,5,185,392
26,40,395,499,213,305,266,115,79,183,392,301
26,41,300,84,287,30,426,140,105,124,510,271
26,42,226,27,124,319,368,243,500,208,280,179
26,43,148,124,206,77,457,120,200,494,85,443
26,44,238,100,297,198,115,66,76,58,322,36
26,45,204,475,335,489,17,254,261,388,246,442
26,46,350,338,418,452,305,282,107,182,388,391
26,47,138,60,273,360,343,137,47,115,253,240
27,0,121,45,154,299,332,478,397,433,488,420
27,1,340,212,510,345,160,473,223,207,141,135
27,2,113,171,61,240,409,308,356,304,389,489
27,3,203,148,14,140,438,386,238,0,305,319
27,4,480,363,469,387,444,322,367,416,246,217
27,5,3,91,162,242,9,30,83,259,177,501
27,6,370,235,18,445,468,314,31,44,173,425
27,7,215,479,492,150,49,476,266,335,437,203
27,8,412,241,293,170,388,19,147,415,476,341
27,9,295,464,76,500,503,505,39,123,437,305
27,10,364,150,510,135,288,338,458,505,116,463
27,11,65,427,431,489,29,145,212,306,134,428
27,12,342,230,323,319,139,354,203,298,118,405
27,13,350,322,415,173,409,54,262,386,132,502
27,14,405,470,197,42,479,492,478,2,134,510
27,15,15,135,245,420,227,373,339,300,75,2
27,16,380,340,7,78,383,59,322,461,98,391
27,17,391,280,281,308,200,420,135,233,251,15
27,18,160,104,193,356,311,38,359,205,391,301
27,19,235,324,84,185,57,314,93,448,466,141
27,20,141,374,384,350,70,11,382,304,400,376
27,21,246,401,468,404,319,432,101,125,367,44
27,22,250,249,120,157,197,490,342,130,53,218
27,23,185,474,415,437,149,14,407,265,41,328
27,24,225,130,344,241,248,460,45,495,180,16
27,25,56,74,221,411,248,349,496,198,261,147
27,26,260,73,201,395,41,422,372,461,288,364
27,27,457,344,423,431,180,447,493,29,439,22
27,28,415,342,323,490,139,252,176,46,382,142
27,29,230,403,322,30,173,418,422,132,430,492
27,30,176,442,416,496,119,266,29,216,312,134
27,31,15,245,135,2,71,345,227,122,269,182
27,32,380,340,228,473,156,71,383,460,72,7
27,33,391,15,24,382,489,330,135,417,447,420
27,34,193,311,36,65,104,160,243,355,488,421
27,35,362,394,93,185,195,105,462,164,406,405
27,36,141,374,311,80,490,270,11,443,360,495
27,37,101,432,316,246,38,125,401,404,443,326
27,38,197,157,250,120,249,490,62,247,458,351
27,39,120,199,247,59,68,240,452,185,30,102
27,40,395,499,266,305,141,254,33,250,61,316
27,41,300,124,140,136,87,230,217,4,162,301
27,42,319,226,243,430,218,27,462,18,179,223
27,43,148,206,124,24,349,120,457,359,264,32
27,44,238,100,322,297,370,115,198,66,58,83
27,45,204,475,335,489,254,17,437,301,261,6
27,46,350,23,107,452,305,282,242,433,156,391
27,47,108,137,66,60,112,119,324,96,238,451
28,0,220,458,334,320,145,38,473,470,44,392
28,1,345,382,144,242,202,477,283,64,170,123
28,2,335,304,50,287,399,409,363,159,278,171
28,3,280,240,14,78,148,300,220,503,333,24
28,4,289,148,324,429,469,107,62,13,365,356
28,5,162,91,339,433,121,346,183,115,51,279
28,6,116,239,286,194,409,14,293,272,379,54
28,7,383,49,396,312,299,181,161,476,372,492
28,8,208,493,225,293,510,415,153,412,408,220
28,9,56,76,327,505,295,254,221,123,496,143
28,10,410,397,364,116,54,404,135,386,231,56
28,11,321,244,427,175,428,311,16,403,431,283
28,12,342,95,252,21,338,0,304,206,212,358
28,13,322,196,23,459,350,415,163,54,433,262
28,14,42,405,326,397,470,197,402,434,236,377
28,15,135,373,15,420,245,339,75,227,300,208
28,16,340,380,391,7,3,78,461,383,59,352
28,17,281,391,108,192,308,363,382,420,447,32
28,18,121,160,193,356,324,372,480,12,359,311
28,19,158,324,60,448,362,235,497,319,90,314
28,20,141,431,356,419,80,291,495,472,350,382
28,21,125,44,241,382,404,235,70,246,489,432
28,22,420,298,197,421,477,311,120,62,336,342
28,23,185,470,455,14,5,142,13,415,27,492
28,24,493,45,241,413,165,225,510,248,344,142
28,25,76,295,494,56,221,199,411,469,74,248
28,26,54,397,367,258,347,410,135,427,157,461
28,27,244,311,175,295,427,321,403,306,132,16
28,28,342,356,415,252,338,95,373,164,2,481
28,29,322,23,433,196,136,415,459,68,315,96
28,30,405,470,377,434,42,71,326,216,510,469
28,31,15,135,373,245,339,71,187,227,380,2
28,32,340,380,391,3,190,156,352,460,71,383
28,33,391,281,363,24,308,447,496,15,108,420
28,34,193,372,121,65,445,480,160,301,333,454
28,35,362,324,406,158,195,60,105,185,283,363
28,36,141,419,495,292,80,376,149,301,291,120
28,37,44,432,246,404,303,101,401,468,274,125
28,38,298,420,197,120,360,250,167,477,234,492
28,39,59,244,120,185,199,492,392,41,27,140
28,40,221,126,499,320,356,270,125,447,509,315
28,41,84,507,301,449,479,471,359,302,249,493
28,42,296,388,404,425,81,323,241,295,134,108
28,43,85,416,361,200,191,168,311,196,451,405
28,44,315,207,169,76,483,170,373,53,228,46
28,45,168,42,25,233,199,356,289,220,158,115
28,46,510,232,374,496,240,293,476,438,346,55
28,47,120,242,461,162,398,90,227,86,345,21
29,0,499,182,241,212,294,192,457,60,240,475
29,1,328,382,245,15,148,315,452,336,188,198
29,2,208,284,144,189,65,304,61,81,423,278
29,3,491,2,312,319,506,170,180,28,427,134
29,4,163,70,148,451,373,356,304,370,286,462
29,5,442,209,129,97,372,276,371,281,157,411
29,6,235,272,18,54,284,293,395,425,493,75
29,7,383,361,46,468,488,57,407,233,493,492
29,8,225,91,336,359,286,412,293,417,396,266
29,9,56,27,203,464,321,123,108,199,505,93
29,10,75,229,318,372,144,463,312,73,116,260
29,11,130,272,475,351,191,22,464,254,180,132
29,12,203,118,354,342,10,405,364,46,139,270
29,13,409,196,433,322,492,439,469,428,256,386
29,14,479,470,135,424,445,64,492,202,214,245
29,15,2,227,135,420,195,442,354,277,394,345
29,16,380,116,362,228,50,193,455,434,48,349
29,17,90,464,233,489,148,428,46,129,221,445
29,18,356,247,454,155,205,488,83,77,491,31
29,19,261,43,41,511,169,400,211,439,178,251
29,20,384,149,126,279,425,428,399,87,419,505
29,21,468,303,241,217,397,463,462,219,374,497
29,22,420,218,311,197,421,14,227,103,380,459
29,23,300,186,29,328,445,30,280,252,131,349
29,24,494,336,333,293,412,456,417,502,341,180
29,25,102,197,435,496,297,271,375,107,198,1
29,26,101,11,159,128,252,132,171,225,316,498
29,27,254,177,431,88,278,423,430,436,398,133
29,28,466,69,106,209,227,419,55,247,262,61
29,29,268,469,422,430,395,308,327,474,41,145
29,30,193,474,202,58,380,119,172,379,0,144
29,31,379,144,99,124,387,2,357,478,269,450
29,32,495,404,228,448,185,204,327,384,44,386
29,33,414,275,369,364,56,292,24,183,99,427
29,34,298,150,461,345,230,39,83,368,145,303
29,35,462,494,205,178,295,431,85,198,346,439
29,36,149,320,188,505,277,103,156,415,419,273
29,37,303,125,174,468,462,144,503,141,217,382
29,38,197,299,53,352,62,70,234,282,147,247
29,39,22,350,399,27,214,1,319,50,497,437
29,40,221,270,351,320,477,134,256,79,473,509
29,41,471,323,302,507,238,274,246,316,102,372
29,42,296,413,8,318,289,26,418,288,134,165
29,43,85,240,269,500,404,194,37,230,295,300
29,44,76,315,207,141,228,419,373,53,483,268
29,45,168,42,220,430,452,356,25,413,443,199
29,46,232,374,67,85,438,362,170,476,404,88
29,47,445,242,343,461,473,162,296,345,131,129
30,0,227,194,298,261,380,83,331,88,114,109
30,1,382,70,466,206,88,75,245,134,487,150
30,2,365,426,61,239,65,487,84,335,29,197
30,3,232,361,405,394,143,14,409,388,21,427
30,4,426,118,27,252,502,219,434,387,469,496
30,5,445,442,91,49,162,446,242,9,372,129
30,6,54,235,191,18,477,203,280,31,34,276
30,7,76,95,181,335,468,332,122,346,133,247
30,8,241,19,45,408,170,79,464,414,153,415
30,9,494,76,295,187,220,56,190,123,360,471
30,10,76,157,410,427,364,203,267,419,116,429
30,11,244,427,311,321,428,371,261,136,443,262
30,12,342,53,21,264,0,423,153,298,118,230
30,13,350,146,322,11,205,23,415,452,54,393
30,14,402,416,510,405,179,321,197,138,100,326
30,15,15,245,135,420,73,2,345,339,247,373
30,16,380,340,7,98,391,88,78,322,59,3
30,17,420,391,281,382,363,308,108,233,135,491
30,18,115,193,160,359,10,104,68,243,324,38
30,19,362,93,448,60,405,185,284,84,13,239
30,20,141,374,490,356,431,495,296,311,292,11
30,21,246,125,44,468,401,432,101,404,316,46
30,22,157,250,120,197,24,75,210,60,218,234
30,23,470,442,185,252,14,17,27,23,13,474
30,24,165,45,241,406,408,428,493,19,54,225
30,25,494,68,76,295,114,280,74,504,511,182
30,26,157,203,461,48,267,288,297,250,485,372
30,27,311,492,244,261,443,184,163,422,427,317
30,28,342,153,356,53,230,346,63,139,164,264
30,29,387,230,309,68,23,290,136,433,132,488
30,30,470,402,377,179,339,387,29,212,405,510
30,31,15,245,73,135,318,227,494,389,339,232
30,32,340,380,88,322,98,391,7,228,191,473
30,33,391,420,489,251,382,363,281,80,375,200
30,34,193,160,115,359,10,243,104,36,372,68
30,35,362,93,185,405,209,284,448,403,237,406
30,36,141,374,490,311,360,495,319,419,431,51
30,37,316,101,432,246,401,404,44,160,125,421
30,38,157,250,120,24,60,197,75,210,458,62
30,39,120,199,59,247,68,452,394,227,252,499
30,40,499,395,141,266,254,305,316,250,361,135
30,41,300,124,87,140,88,390,47,230,84,136
30,42,243,226,124,319,27,462,179,218,223,296
30,43,148,206,124,120,457,24,264,273,359,328
30,44,100,238,58,115,297,15,322,198,36,66
30,45,204,489,335,475,17,45,6,301,388,261
30,46,350,338,305,107,282,242,391,23,452,187
30,47,138,360,273,60,137,343,108,295,115,30
31,0,121,478,45,433,154,195,405,332,229,402
31,1,223,340,75,22,40,280,330,219,487,323
31,2,240,426,142,491,61,380,377,225,389,197
31,3,203,31,140,409,386,453,361,321,126,332
31,4,363,400,217,503,434,387,246,416,444,394
31,5,3,91,430,437,442,162,20,260,183,414
31,6,56,173,370,273,44,314,300,460,19,101
31,7,437,266,443,388,76,380,1,30,300,211
31,8,412,415,226,472,222,153,15,293,299,501
31,9,3,215,92,198,253,464,123,1,415,120
31,10,116,458,124,505,344,281,190,364,231,13
31,11,344,218,65,29,489,431,311,395,488,423
31,12,139,230,323,354,405,358,176,264,312,406
31,13,350,322,196,433,204,121,469,105,262,409
31,14,197,479,402,135,492,405,510,149,2,134
31,15,245,15,135,420,300,227,339,24,389,75
31,16,380,340,88,322,7,78,98,3,156,260
31,17,391,382,420,135,200,233,363,308,307,280
31,18,104,160,243,237,319,311,65,193,331,205
31,19,93,362,57,185,209,130,141,394,235,84
31,20,141,374,490,311,382,11,319,296,360,292
31,21,316,101,468,246,125,38,274,489,443,231
31,22,250,157,490,120,197,218,147,53,234,342
31,23,68,247,199,361,7,252,50,120,122,239
31,24,225,45,130,344,460,248,445,165,417,180
31,25,56,221,411,74,248,254,349,7,124,190
31,26,260,461,259,201,73,41,372,364,116,325
31,27,344,439,311,180,29,261,493,430,457,423
31,28,182,323,139,46,118,124,164,230,435,264
31,29,230,196,104,350,492,284,41,496,322,418
31,30,197,402,470,2,405,168,387,29,312,216
31,31,245,15,135,227,339,295,454,187,2,420
31,32,340,380,88,7,3,156,383,71,467,193
31,33,391,420,15,382,363,402,330,200,24,135
31,34,243,237,36,160,104,121,1,193,65,155
31,35,362,93,185,209,463,395,57,394,105,130
31,36,141,374,490,311,360,410,11,431,51,62
31,37,101,316,160,246,421,432,125,404,38,401
31,38,157,250,490,120,197,319,62,73,218,27
31,39,120,199,59,247,394,68,452,499,227,185
31,40,499,141,395,254,266,61,305,250,74,408
31,41,300,47,124,87,88,398,390,261,346,217
31,42,243,319,218,226,462,18,179,27,434,223
31,43,148,124,206,457,24,120,264,68,359,328
31,44,238,100,322,297,58,115,198,66,15,370
31,45,204,475,335,489,272,45,53,6,301,261
31,46,350,23,107,305,452,282,242,156,391,433
31,47,108,66,137,60,112,119,324,238,295,96
32,0,393,220,474,282,290,99,18,41,122,36
32,1,144,55,62,240,345,420,64,134,443,111
32,2,287,335,304,507,311,61,253,493,262,81
32,3,240,280,78,392,100,14,503,147,31,126
32,4,278,331,402,244,348,246,289,502,394,262
32,5,279,433,305,120,499,23,361,376,438,473
32,6,173,83,268,307,239,18,31,34,101,477
32,7,417,49,467,312,196,133,292,7,1,476
32,8,323,79,412,147,415,215,483,225,20,293
32,9,187,220,123,190,384,56,221,496,198,158
32,10,443,116,90,364,427,418,386,181,76,410
32,11,396,443,453,29,373,369,30,262,371,136
32,12,396,115,310,122,184,20,244,319,15,328
32,13,322,11,350,54,502,262,480,386,415,341
32,14,397,156,365,224,468,510,158,442,217,494
32,15,420,345,278,2,300,460,195,348,135,15
32,16,340,380,277,461,59,259,7,423,30,137
32,17,391,382,315,363,308,281,96,233,450,475
32,18,193,68,172,105,126,17,121,498,319,88
32,19,241,362,57,65,473,369,235,58,284,314
32,20,319,60,51,431,11,36,490,311,271,382
32,21,38,295,172,443,213,125,468,326,101,145
32,22,238,481,101,197,490,319,246,73,140,62
32,23,346,185,452,492,14,292,442,64,150,49
32,24,406,225,266,408,323,248,460,165,180,344
32,25,220,381,411,221,74,100,151,496,108,199
32,26,73,260,259,309,41,4,76,461,367,444
32,27,4,439,475,478,431,453,447,443,160,100
32,28,396,139,114,55,212,382,122,164,15,342
32,29,230,403,495,452,132,496,30,469,200,196
32,30,237,176,426,510,339,312,342,204,387,480
32,31,15,339,227,135,2,389,330,71,318,300
32,32,340,380,156,259,78,59,71,383,352,473
32,33,391,382,96,363,342,277,417,447,315,424
32,34,193,68,17,172,126,105,498,367,65,155
32,35,362,241,30,461,105,57,237,283,394,65
32,36,431,311,60,80,495,292,275,419,319,108
32,37,38,295,172,213,125,169,443,101,145,24
32,38,238,101,481,490,73,319,246,197,360,140
32,39,120,199,452,59,346,492,68,394,185,51
32,40,348,120,266,250,135,499,92,141,305,429
32,41,88,390,136,140,47,30,217,489,56,507
32,42,37,18,458,319,354,99,223,406,293,404
32,43,38,349,24,120,206,124,31,328,50,405
32,44,456,402,297,76,217,81,115,58,215,323
32,45,64,191,10,335,494,265,507,489,280,366
32,46,163,350,363,250,23,107,5,122,167,452
32,47,108,508,66,137,479,400,112,176,323,407
33,0,434,446,189,211,414,503,133,432,466,507
33,1,390,438,126,30,474,490,94,45,372,450
33,2,283,96,86,385,446,258,394,163,366,273
33,3,78,374,280,434,392,370,14,60,284,232
33,4,178,331,420,430,278,498,436,62,232,121
33,5,57,34,476,460,421,302,51,336,293,376
33,6,286,325,169,106,304,280,428,18,373,143
33,7,474,32,312,299,225,406,121,376,227,419
33,8,225,484,247,232,370,216,261,204,459,323
33,9,126,511,274,109,221,56,410,426,42,142
33,10,286,38,384,184,398,385,509,206,430,367
33,11,311,492,257,384,443,163,16,392,420,477
33,12,2,23,0,204,440,10,139,503,264,356
33,13,196,309,485,433,350,235,123,259,510,322
33,14,84,300,377,387,204,470,479,86,224,176
33,15,15,245,73,135,2,442,339,300,345,366
33,16,380,340,482,7,156,238,388,260,322,135
33,17,363,277,391,382,437,498,315,330,463,496
33,18,105,200,166,146,172,65,498,17,201,442
33,19,65,362,320,172,369,463,9,461,394,319
33,20,463,38,495,319,145,84,382,82,62,60
33,21,38,360,289,213,446,27,125,411,326,145
33,22,241,238,197,124,229,380,202,27,329,220
33,23,185,293,199,51,59,49,415,300,413,488
33,24,484,225,232,261,247,216,204,359,370,408
33,25,221,56,381,411,511,170,452,67,10,180
33,26,286,367,384,430,184,203,38,267,461,199
33,27,311,86,4,354,492,263,475,392,121,391
33,28,204,440,356,503,2,139,329,46,23,245
33,29,452,309,290,68,196,433,387,495,53,508
33,30,470,331,2,398,402,176,237,197,377,387
33,31,15,245,135,339,73,2,269,187,69,347
33,32,340,7,380,467,327,232,156,342,228,473
33,33,382,391,277,363,200,496,489,24,417,183
33,34,65,200,498,166,372,121,172,17,344,36
33,35,362,65,369,215,105,463,30,462,288,314
33,36,38,431,319,311,495,410,463,62,120,82
33,37,125,360,38,289,213,84,27,122,303,326
33,38,197,238,101,241,124,380,246,218,229,62
33,39,452,120,199,185,59,492,5,115,413,328
33,40,346,141,499,250,382,270,61,292,239,266
33,41,88,489,390,301,136,47,356,89,141,56
33,42,37,466,354,496,296,400,175,293,458,154
33,43,38,31,24,30,120,200,148,349,484,451
33,44,358,207,299,76,70,419,150,215,502,36
33,45,348,218,261,147,236,168,335,507,495,356
33,46,167,163,495,257,350,438,281,1,362,404
33,47,508,4,242,75,235,176,398,442,420,97
34,0,461,280,496,12,494,322,107,383,266,63
34,1,406,438,317,213,396,314,308,355,479,198
34,2,90,40,353,420,146,276,202,158,484,34
34,3,434,73,280,326,100,78,374,255,143,60
34,4,121,138,498,420,356,232,355,262,365,331
34,5,421,34,163,57,460,507,302,498,230,362
34,6,146,374,401,246,373,61,7,106,367,28
34,7,32,290,107,299,474,397,292,488,312,270
34,8,225,324,136,376,443,309,412,286,375,454
34,9,293,489,496,53,327,56,123,65,326,251
34,10,483,430,182,116,267,144,286,367,372,38
34,11,175,50,29,447,349,295,264,306,241,136
34,12,77,191,137,414,112,480,328,254,212,413
34,13,293,322,32,85,469,480,422,88,340,462
34,14,394,478,59,496,35,4,202,445,2,310
34,15,261,2,172,168,394,278,345,182,123,100
34,16,380,259,473,30,340,297,50,434,367,423
34,17,391,418,280,445,496,385,472,330,24,308
34,18,380,166,44,218,463,315,232,397,311,415
34,19,164,84,230,497,178,358,494,180,65,64
34,20,36,38,82,296,319,120,376,211,382,379
34,21,411,84,125,213,122,224,145,289,8,357
34,22,4,100,216,337,229,158,197,167,462,26
34,23,452,413,252,441,166,185,419,14,64,49
34,24,136,225,412,310,299,413,248,120,180,286
34,25,56,499,110,1,381,349,412,248,422,489
34,26,383,201,479,458,267,500,452,295,325,422
34,27,247,230,177,400,289,208,199,29,104,47
34,28,77,192,318,333,402,329,31,437,497,111
34,29,403,293,495,200,469,250,428,374,340,422
34,30,478,97,157,392,467,73,0,4,402,446
34,31,309,173,448,269,509,273,257,276,99,454
34,32,228,4,381,50,297,30,224,321,327,71
34,33,434,308,197,183,341,24,56,472,213,21
34,34,380,372,84,311,166,463,421,301,342,244
34,35,215,406,497,494,402,72,511,227,163,301
34,36,38,120,292,296,80,431,495,328,410,207
34,37,125,84,411,213,155,122,289,342,145,387
34,38,4,197,100,216,158,62,229,238,458,105
34,39,185,120,5,199,203,80,413,129,452,415
34,40,346,239,305,61,27,101,181,301,52,270
34,41,88,356,390,38,301,351,398,346,359,249
34,42,175,37,90,192,466,496,302,293,296,404
34,43,484,31,85,315,112,485,300,150,234,191
34,44,299,70,358,37,92,76,199,207,266,61
34,45,348,218,118,99,32,239,356,275,182,213
34,46,343,311,246,299,454,416,43,164,194,263
34,47,210,90,457,485,163,299,412,395,70,393
35,0,491,110,354,493,63,248,297,12,33,480
35,1,355,326,308,105,72,392,313,196,165,417
35,2,25,13,104,58,474,394,186,438,419,158
35,3,78,14,280,301,300,483,374,34,19,65
35,4,289,188,331,379,430,252,420,333,25,178
35,5,163,421,34,57,197,457,366,336,507,183
35,6,217,127,7,216,333,332,423,434,499,361
35,7,349,240,260,105,299,480,83,312,292,96
35,8,225,208,370,376,375,136,216,469,391,143
35,9,56,221,327,511,499,123,254,489,326,176
35,10,258,367,187,286,38,42,386,307,84,347
35,11,311,403,175,285,158,80,295,132,447,349
35,12,109,472,77,499,0,2,468,414,235,212
35,13,196,322,149,85,480,32,259,65,264,53
35,14,469,42,405,481,197,510,492,402,139,100
35,15,135,15,345,2,339,464,380,300,278,470
35,16,340,380,407,7,458,460,461,367,156,277
35,17,391,264,382,41,418,277,363,308,415,496
35,18,380,463,498,12,344,356,397,17,236,53
35,19,497,470,224,477,319,227,387,235,358,232
35,20,211,82,410,36,38,319,296,449,382,443
35,21,125,411,84,145,122,49,42,213,291,261
35,22,482,32,197,238,411,101,29,4,210,62
35,23,185,139,452,14,441,492,188,324,454,352
35,24,225,375,134,441,136,408,223,469,274,310
35,25,56,338,221,381,254,499,450,303,198,411
35,26,367,259,258,201,307,187,250,199,267,203
35,27,29,4,238,417,104,100,22,475,306,411
35,28,109,77,472,201,235,139,0,402,10,437
35,29,495,452,403,150,196,341,322,315,422,480
35,30,469,176,49,402,9,237,180,495,29,360
35,31,345,454,278,339,242,2,78,15,260,368
35,32,340,380,407,466,71,461,156,259,321,417
35,33,264,391,417,382,472,277,153,483,298,200
35,34,463,344,380,311,372,498,440,36,40,124
35,35,215,224,164,497,232,84,105,208,237,394
35,36,211,410,207,431,38,495,328,80,62,503
35,37,125,411,84,49,468,245,274,326,213,145
35,38,4,482,411,238,197,100,32,29,158,82
35,39,120,139,185,80,199,59,129,413,51,243
35,40,346,61,458,382,315,229,27,239,86,270
35,41,88,356,244,351,293,50,390,301,47,346
35,42,37,175,496,302,192,296,10,425,90,274
35,43,484,320,31,234,485,311,85,112,476,132
35,44,92,266,358,70,76,199,483,37,228,207
35,45,118,408,182,218,348,63,32,356,398,43
35,46,466,356,37,246,85,490,384,284,86,266
35,47,260,233,416,470,403,494,461,275,49,242
36,0,33,87,287,159,143,63,277,364,12,203
36,1,355,72,161,326,308,392,133,404,317,147
36,2,438,229,58,448,104,146,474,110,353,188
36,3,78,370,374,280,53,176,21,322,180,68
36,4,62,331,420,291,434,430,97,278,15,4
36,5,498,457,156,197,333,324,293,194,91,212
36,6,216,217,7,436,434,325,48,322,332,230
36,7,240,299,349,292,82,488,480,7,96,105
36,8,225,216,375,136,273,376,391,159,412,415
36,9,56,327,221,176,499,413,505,489,10,326
36,10,367,286,258,38,307,84,42,398,242,386
36,11,311,403,29,175,150,349,295,65,16,447
36,12,109,34,212,10,236,77,244,402,311,439
36,13,196,180,322,235,433,108,340,1,415,131
36,14,42,405,197,479,470,13,113,73,101,394
36,15,15,135,300,339,245,420,345,229,2,187
36,16,380,340,348,407,461,467,482,7,425,322
36,17,391,382,277,52,264,363,330,308,437,496
36,18,53,380,397,75,463,65,236,511,205,66
36,19,235,368,324,227,497,232,319,380,470,197
36,20,38,410,156,477,275,144,443,211,113,379
36,21,139,411,125,145,213,245,49,274,319,261
36,22,4,482,197,100,222,337,313,26,238,95
36,23,139,185,252,454,470,442,433,492,80,324
36,24,225,402,412,310,376,385,375,391,299,415
36,25,56,413,199,493,251,327,221,164,349,381
36,26,367,116,201,388,267,209,452,45,42,259
36,27,29,403,93,431,475,394,439,61,457,317
36,28,77,259,19,402,10,329,322,337,497,321
36,29,403,495,196,41,340,452,422,150,231,315
36,30,29,172,467,495,73,193,113,312,54,0
36,31,2,454,273,309,126,345,460,277,242,164
36,32,340,111,381,229,136,259,50,432,199,325
36,33,417,342,277,391,271,414,330,197,464,382
36,34,380,99,204,236,511,17,344,311,478,354
36,35,164,481,195,261,146,314,324,227,150,230
36,36,431,62,292,207,487,107,120,149,80,425
36,37,411,125,139,49,468,256,274,382,145,375
36,38,4,197,158,100,238,298,222,28,482,218
36,39,144,139,120,80,51,492,243,1,102,129
36,40,382,27,420,305,266,458,126,48,299,435
36,41,351,143,88,395,54,11,246,305,293,302
36,42,175,37,302,192,296,496,99,274,383,406
36,43,484,31,485,81,38,300,85,112,470,259
36,44,266,92,70,358,76,228,207,37,502,61
36,45,348,182,239,275,444,115,168,25,42,337
36,46,445,246,87,284,311,454,416,304,384,61
36,47,90,50,485,64,491,231,457,163,4,303
37,0,172,445,183,482,182,273,450,498,484,59
37,1,52,129,63,462,276,492,27,473,418,297
37,2,21,195,425,214,287,288,462,61,278,461
37,3,107,148,3,143,392,330,498,258,332,140
37,4,70,258,99,388,384,452,202,408,462,441
37,5,279,137,510,481,48,91,113,183,266,123
37,6,48,482,10,160,314,31,400,286,7,409
37,7,299,329,292,13,484,303,57,440,8,49
37,8,225,159,247,510,370,273,216,244,323,502
37,9,221,56,321,190,357,511,458,330,296,123
37,10,443,54,286,38,195,203,231,64,9,181
37,11,311,420,263,82,369,392,486,366,492,472
37,12,2,356,148,10,264,244,0,139,382,201
37,13,196,136,53,322,123,510,488,290,387,370
37,14,470,421,387,377,197,424,171,331,42,479
37,15,245,135,15,494,339,73,193,227,318,2
37,16,380,482,7,340,260,388,205,322,238,391
37,17,363,379,461,391,284,511,105,463,236,468
37,18,193,453,359,480,148,75,65,201,423,372
37,19,362,319,131,448,470,477,394,230,405,494
37,20,356,210,84,382,265,377,262,152,495,500
37,21,411,139,401,49,241,102,125,441,213,157
37,22,298,4,238,99,158,197,100,220,450,458
37,23,470,365,422,199,108,415,80,488,324,150
37,24,225,359,204,370,247,412,391,286,333,422
37,25,56,420,511,489,221,190,49,349,203,32
37,26,461,100,443,203,282,49,234,252,372,135
37,27,311,392,33,153,397,350,261,492,472,263
37,28,356,139,2,440,433,180,490,296,81,46
37,29,387,290,302,318,488,68,250,148,33,315
37,30,470,377,424,29,421,479,312,426,130,176
37,31,245,135,193,15,73,459,269,374,354,184
37,32,228,380,482,7,202,259,239,388,232,290
37,33,105,200,489,215,469,363,379,297,160,24
37,34,227,71,488,334,490,201,454,465,432,40
37,35,390,170,362,319,226,232,470,324,462,454
37,36,384,144,292,107,149,419,113,495,482,487
37,37,144,303,411,375,125,390,49,157,473,491
37,38,197,298,486,147,220,342,53,367,449,351
37,39,199,126,305,173,115,221,27,252,236,80
37,40,27,34,464,229,382,451,52,435,305,292
37,41,331,84,287,54,471,290,395,212,168,249
37,42,37,175,338,302,413,127,282,126,425,383
37,43,300,451,443,85,203,200,19,405,303,143
37,44,76,207,228,70,215,502,183,362,105,154
37,45,348,169,168,367,115,337,239,220,42,444
37,46,284,311,350,303,232,404,25,436,122,363
37,47,90,457,497,163,351,129,30,242,259,389
38,0,491,493,17,116,393,166,182,178,379,224
38,1,417,196,105,176,52,308,435,76,392,282
38,2,58,25,104,425,21,476,172,162,287,224
38,3,78,301,280,19,374,483,232,234,389,506
38,4,155,188,203,331,507,420,289,430,192,62
38,5,197,457,455,279,353,113,486,475,91,407
38,6,263,333,48,217,209,30,482,7,332,286
38,7,349,485,299,230,480,387,308,292,346,312
38,8,225,159,273,111,247,469,143,415,510,391
38,9,328,221,357,56,190,36,321,491,327,243
38,10,367,175,436,386,427,286,45,89,347,441
38,11,311,168,99,349,16,443,261,330,67,29
38,12,472,499,187,235,378,294,508,172,396,206
38,13,196,322,433,450,131,65,98,162,262,143
38,14,364,141,49,197,159,9,135,436,492,261
38,15,135,300,15,345,339,187,454,2,227,366
38,16,340,380,277,7,78,259,187,461,205,383
38,17,391,52,342,382,511,401,277,417,263,96
38,18,107,17,172,498,320,511,79,236,372,205
38,19,230,497,473,350,235,319,314,322,283,477
38,20,424,319,275,82,431,232,207,443,36,261
38,21,145,49,411,213,295,245,139,172,443,406
38,22,238,101,246,327,29,482,197,351,89,481
38,23,80,305,470,442,422,252,185,415,324,492
38,24,225,383,159,111,143,273,412,299,469,371
38,25,221,328,56,243,357,381,327,349,36,489
38,26,388,367,307,422,41,175,75,357,436,427
38,27,93,457,475,29,510,391,274,104,61,106
38,28,499,235,10,382,378,472,125,319,508,293
38,29,495,452,173,403,422,363,230,231,30,315
38,30,49,176,264,490,496,465,199,4,297,442
38,31,345,2,309,126,221,278,454,190,354,242
38,32,340,7,156,228,187,116,50,111,229,139
38,33,417,489,130,139,183,1,377,20,45,263
38,34,107,79,311,372,149,27,488,421,301,40
38,35,474,237,494,406,146,195,324,261,53,95
38,36,262,149,292,120,80,431,424,487,156,144
38,37,49,138,144,106,437,125,411,319,145,151
38,38,482,238,101,29,162,246,411,197,218,131
38,39,413,214,239,1,126,252,392,7,65,173
38,40,270,382,52,466,301,356,229,181,34,134
38,41,54,302,471,401,88,507,323,282,395,195
38,42,296,469,203,369,397,465,496,425,331,412
38,43,38,85,300,451,482,500,440,292,260,385
38,44,76,207,150,215,502,362,482,217,228,483
38,45,42,363,507,64,220,168,24,236,49,388
38,46,250,363,350,490,281,232,122,308,404,508
38,47,108,176,242,442,447,117,479,302,243,403
39,0,434,446,189,211,414,503,133,507,432,466
39,1,438,126,325,390,94,372,308,45,490,267
39,2,146,86,163,283,446,96,128,394,366,258
39,3,78,374,100,280,245,392,370,60,284,220
39,4,178,420,331,278,436,430,498,121,135,62
39,5,460,421,34,476,57,302,507,405,321,23
39,6,4,106,325,373,216,7,101,304,286,180
39,7,376,299,32,232,474,450,227,121,349,290
39,8,225,484,273,247,143,370,85,216,202,415
39,9,56,221,328,303,164,327,243,384,206,489
39,10,61,286,367,184,275,45,220,427,386,307
39,11,311,349,257,271,330,93,168,359,492,163
39,12,10,2,503,204,508,139,0,332,382,208
39,13,196,510,123,65,53,74,322,433,108,377
39,14,470,300,377,135,479,341,214,236,197,492
39,15,245,135,15,2,339,345,73,366,269,71
39,16,482,380,340,260,7,388,322,187,205,263
39,17,379,463,401,215,469,90,391,363,105,284
39,18,200,201,65,166,421,148,19,380,372,442
39,19,362,319,83,43,318,470,41,481,283,111
39,20,250,384,382,152,84,410,311,309,377,486
39,21,125,360,256,274,390,261,326,368,374,159
39,22,241,380,296,197,117,234,378,402,367,346
39,23,199,247,120,59,102,488,172,293,80,245
39,24,225,484,370,247,204,216,468,286,84,310
39,25,420,56,221,511,32,327,489,49,452,303
39,26,184,367,143,307,201,49,100,135,461,372
39,27,311,153,392,180,350,33,242,102,475,104
39,28,10,2,139,356,329,415,245,314,216,125
39,29,318,315,68,290,27,422,250,387,485,384
39,30,277,300,180,470,136,130,29,108,312,479
39,31,15,345,135,245,269,448,278,394,239,242
39,32,290,71,228,136,380,327,277,463,495,241
39,33,417,489,130,275,153,401,479,450,119,383
39,34,498,107,65,79,320,334,372,187,364,454
39,35,474,324,237,267,232,494,215,164,196,150
39,36,338,262,207,275,38,431,120,292,80,149
39,37,245,84,49,289,145,256,274,375,122,209
39,38,238,241,165,101,220,423,27,329,337,218
39,39,452,120,185,413,399,51,441,115,252,269
39,40,346,291,382,48,181,356,429,270,344,341
39,41,88,440,383,301,50,397,418,54,373,282
39,42,296,469,83,504,363,306,510,397,240,8
39,43,38,355,85,480,205,300,503,385,112,440
39,44,76,207,150,105,228,286,502,357,394,436
39,45,118,25,220,168,443,14,255,356,398,451
39,46,163,167,85,495,232,281,362,109,240,493
39,47,508,242,4,398,393,176,412,25,400,388
40,0,461,280,496,12,494,107,266,322,63,217
40,1,406,438,213,308,396,317,392,199,344,479
40,2,90,353,40,146,58,189,176,276,488,344
40,3,73,100,434,255,60,348,290,472,133,232
40,4,138,121,278,15,305,400,147,124,420,434
40,5,421,498,260,377,156,404,305,362,144,423
40,6,146,374,246,401,332,187,4,373,61,7
40,7,290,299,107,240,136,32,488,6,270,295
40,8,376,402,225,280,455,391,412,483,20,484
40,9,293,251,206,285,496,65,100,497,326,327
40,10,45,61,24,386,20,144,275,147,300,421
40,11,403,271,306,199,50,349,447,175,29,6
40,12,77,191,319,402,431,438,34,111,310,204
40,13,196,510,65,340,475,78,173,422,18,88
40,14,2,135,113,394,248,9,492,327,222,226
40,15,345,144,399,393,509,292,278,257,221,464
40,16,259,187,367,366,251,228,448,381,423,434
40,17,489,482,135,472,510,19,417,445,298,153
40,18,380,44,166,356,83,218,288,155,54,23
40,19,474,164,497,98,305,96,232,366,208,274
40,20,338,120,38,211,473,193,118,156,364,448
40,21,411,289,244,318,383,363,177,49,375,187
40,22,100,324,4,1,216,80,26,336,337,508
40,23,420,156,419,492,1,413,252,85,489,280
40,24,484,43,120,391,456,222,412,454,291,180
40,25,102,198,71,261,186,486,80,341,422,286
40,26,101,11,128,15,81,112,252,149,52,99
40,27,254,25,177,461,438,430,444,395,278,481
40,28,349,106,119,146,227,466,210,413,70,114
40,29,268,145,469,387,85,267,327,395,290,211
40,30,307,17,259,144,487,491,474,59,263,121
40,31,379,357,34,262,51,144,296,387,292,320
40,32,495,330,228,404,185,204,384,187,81,52
40,33,56,151,130,414,24,217,275,360,21,435
40,34,493,254,293,112,209,332,84,244,296,40
40,35,164,494,431,324,406,146,205,6,208,416
40,36,149,156,292,144,80,120,482,448,424,425
40,37,256,49,411,382,274,375,291,125,30,368
40,38,100,4,324,262,197,220,80,368,336,456
40,39,120,413,80,437,455,51,5,293,185,172
40,40,291,346,382,270,79,457,478,251,160,134
40,41,356,88,252,244,77,507,53,440,373,52
40,42,296,233,274,496,425,203,178,165,192,300
40,43,300,85,19,315,112,380,480,205,6,424
40,44,76,207,92,299,394,502,106,268,231,228
40,45,118,25,168,356,220,367,443,218,42,233
40,46,311,299,343,232,246,266,362,410,374,85
40,47,210,90,242,299,485,412,291,398,3,345
41,0,491,110,354,493,12,63,248,277,297,246
41,1,326,355,308,72,105,392,458,313,210,297
41,2,58,13,104,25,438,474,186,448,68,224
41,3,301,78,280,19,360,53,34,332,232,223
41,4,379,188,333,289,25,213,4,178,261,441
41,5,457,197,183,453,156,398,73,443,173,123
41,6,217,216,423,7,312,127,361,332,157,228
41,7,349,240,299,105,292,290,488,480,278,365
41,8,484,215,229,202,7,412,376,143,391,141
41,9,323,60,261,123,56,326,136,285,146,251
41,10,61,258,184,367,463,386,246,233,4,479
41,11,447,433,394,93,29,285,306,65,128,145
41,12,332,472,402,310,439,382,109,212,92,252
41,13,340,85,293,196,88,338,424,492,354,469
41,14,17,202,101,310,123,53,135,230,226,38
41,15,167,345,458,181,2,208,278,122,242,200
41,16,228,473,386,460,349,495,296,297,50,204
41,17,482,435,56,489,154,451,497,239,251,233
41,18,83,356,40,136,449,90,371,364,491,262
41,19,229,439,164,108,6,98,43,375,169,237
41,20,156,384,144,250,126,382,482,171,385,438
41,21,274,125,382,397,126,244,256,209,283,497
41,22,482,448,197,89,351,217,421,80,508,218
41,23,199,247,20,102,419,413,414,387,107,270
41,24,456,370,332,494,422,120,336,21,417,24
41,25,420,192,511,49,74,318,422,147,94,349
41,26,467,377,461,86,316,325,46,131,141,332
41,27,196,311,33,350,110,397,472,153,430,366
41,28,356,139,329,358,180,428,450,333,2,125
41,29,302,46,68,387,290,250,105,253,501,400
41,30,470,377,424,349,130,180,339,387,479,402
41,31,245,15,135,73,420,318,38,495,259,193
41,32,482,473,380,260,322,259,228,7,388,156
41,33,105,435,215,200,161,135,284,479,459,363
41,34,488,201,31,71,444,124,192,367,64,4
41,35,362,395,462,170,319,261,390,406,226,367
41,36,210,356,482,378,311,443,425,292,384,127
41,37,125,303,288,493,468,190,328,401,316,326
41,38,482,157,197,367,385,53,492,508,288,254
41,39,199,247,59,120,413,102,5,203,229,369
41,40,141,472,395,120,61,500,33,453,305,27
41,41,217,300,105,6,54,462,366,4,249,389
41,42,388,83,489,306,37,496,181,126,219,179
41,43,124,120,148,220,206,24,200,264,403,227
41,44,76,338,207,350,217,315,483,502,215,362
41,45,168,64,398,489,335,6,108,440,208,95
41,46,357,290,466,246,374,85,232,176,33,346
41,47,233,260,242,143,416,470,296,140,403,442
42,0,151,33,287,159,143,63,363,203,364,407
42,1,72,355,308,404,161,326,133,43,321,354
42,2,188,438,58,146,448,353,104,363,343,110
42,3,374,370,78,263,176,68,322,133,100,43
42,4,6,318,420,430,434,15,436,194,181,97
42,5,457,87,156,197,441,194,324,168,384,474
42,6,321,216,217,219,434,7,332,303,4,187
42,7,240,136,349,299,234,415,339,212,292,34
42,8,225,143,273,376,469,415,375,484,209,247
42,9,243,56,328,327,451,176,221,493,321,291
42,10,275,367,45,386,220,307,42,209,258,324
42,11,271,311,175,403,349,246,486,369,168,93
42,12,429,314,10,472,34,430,414,236,338,499
42,13,196,322,420,65,183,74,377,433,376,131
42,14,236,13,492,364,141,128,42,479,135,226
42,15,135,345,75,454,414,277,69,227,366,339
42,16,340,380,391,461,417,148,136,455,460,48
42,17,52,135,511,40,233,330,110,391,417,280
42,18,234,75,511,72,380,197,204,286,148,99
42,19,211,41,111,90,169,164,235,283,43,195
42,20,68,443,292,250,80,495,152,149,382,169
42,21,49,274,461,141,8,322,444,125,144,106
42,22,508,99,482,421,217,351,80,458,117,213
42,23,470,300,415,252,185,150,50,131,442,51
42,24,225,159,359,333,412,180,415,372,143,379
42,25,56,221,296,357,327,511,489,51,469,196
42,26,443,54,201,312,367,41,9,422,76,195
42,27,311,263,486,457,420,392,391,475,104,472
42,28,148,356,46,139,453,471,382,184,329,81
42,29,131,136,414,65,231,315,322,53,418,250
42,30,470,421,71,57,387,424,146,479,402,339
42,31,245,135,15,318,339,2,269,423,73,227
42,32,391,340,380,228,7,238,191,111,135,388
42,33,511,468,200,391,1,363,15,464,298,19
42,34,453,234,480,193,359,423,488,124,209,251
42,35,362,221,90,105,170,2,448,342,150,42
42,36,210,356,227,384,144,169,431,360,292,151
42,37,401,441,394,246,125,303,334,457,157,308
42,38,420,249,197,456,470,298,62,448,458,147
42,39,294,27,244,126,228,508,328,189,199,140
42,40,486,451,295,305,34,27,382,143,300,299
42,41,287,84,493,507,391,85,301,366,168,54
42,42,388,302,37,496,83,285,404,306,208,74
42,43,77,475,133,196,200,81,300,446,86,150
42,44,315,338,76,266,486,483,204,502,215,183
42,45,182,481,168,42,487,356,442,507,420,67
42,46,290,246,87,374,274,346,317,142,325,242
42,47,50,485,90,242,231,64,473,453,302,389
43,0,172,445,183,482,182,273,431,450,484,59
43,1,52,129,63,367,492,462,435,473,27,170
43,2,21,425,195,429,288,61,278,58,0,423
43,3,107,143,332,398,258,161,3,412,37,330
43,4,70,258,452,99,243,270,441,205,4,408
43,5,510,279,457,137,481,446,91,48,281,123
43,6,10,48,335,399,482,445,494,291,400,282
43,7,303,276,329,8,242,13,230,349,299,26
43,8,225,159,370,359,84,247,333,20,273,286
43,9,221,56,190,357,36,321,328,511,422,243
43,10,195,9,54,443,313,113,184,203,240,427
43,11,311,420,263,477,149,261,472,127,492,175
43,12,10,148,382,139,264,356,244,338,314,485
43,13,322,420,433,488,53,259,123,196,136,290
43,14,470,421,479,57,424,387,138,214,432,71
43,15,245,135,15,227,339,193,2,394,454,318
43,16,380,391,7,340,260,482,191,388,205,228
43,17,363,468,105,391,135,469,511,58,484,445
43,18,234,193,359,453,371,251,480,148,6,465
43,19,362,319,131,470,383,52,64,478,446,105
43,20,210,356,227,265,179,169,382,309,292,155
43,21,394,401,189,334,246,457,308,508,329,474
43,22,470,249,420,267,197,157,218,213,456,458
43,23,448,470,142,252,27,415,157,49,504,8
43,24,225,204,26,370,327,359,397,153,344,439
43,25,511,68,296,180,32,407,221,321,500,489
43,26,426,54,443,9,203,267,48,22,297,312
43,27,263,311,492,391,486,92,462,102,104,184
43,28,471,63,153,356,440,459,148,182,123,139
43,29,414,387,136,290,68,250,362,115,52,53
43,30,470,421,377,424,212,138,387,402,57,146
43,31,135,318,15,494,245,227,459,374,193,339
43,32,7,391,380,191,228,429,388,487,352,450
43,33,363,105,200,340,1,511,161,103,391,468
43,34,453,318,423,359,480,128,251,18,228,367
43,35,362,13,395,105,173,470,170,446,261,221
43,36,210,151,360,356,410,227,374,141,311,431
43,37,401,101,316,334,246,394,125,308,457,432
43,38,157,249,470,197,420,30,250,284,75,458
43,39,294,199,297,244,242,318,120,27,302,228
43,40,486,451,141,61,449,403,499,254,120,398
43,41,300,287,84,493,391,217,240,124,301,185
43,42,226,388,368,27,243,218,319,462,223,83
43,43,148,124,206,120,24,77,300,200,475,133
43,44,338,315,100,238,177,359,58,297,207,322
43,45,475,47,442,204,303,489,335,280,162,20
43,46,25,350,471,418,242,107,283,452,262,393
43,47,445,254,60,343,204,90,163,157,30,79
44,0,351,298,249,333,109,83,315,395,435,148
44,1,97,32,383,146,235,88,466,74,227,349
44,2,357,409,239,372,295,125,84,325,27,61
44,3,148,14,78,4,280,405,392,394,503,300
44,4,430,496,289,28,426,325,169,252,448,406
44,5,9,292,236,242,468,111,226,446,263,482
44,6,260,415,445,194,280,412,286,505,185,13
44,7,158,242,382,215,241,425,9,303,260,10
44,8,370,225,26,204,247,439,132,252,77,244
44,9,511,407,68,280,14,180,500,423,462,111
44,10,203,54,240,48,9,443,297,313,461,299
44,11,311,492,263,467,434,184,163,422,477,127
44,12,288,153,0,356,21,230,459,63,346,471
44,13,387,286,136,259,115,290,52,414,385,128
44,14,470,138,212,377,274,421,402,14,441,57
44,15,245,193,494,135,459,280,15,295,318,39
44,16,391,7,191,260,380,388,238,228,450,482
44,17,105,484,363,340,468,491,499,200,365,194
44,18,318,359,128,251,6,10,453,264,423,129
44,19,362,446,375,13,170,470,463,319,478,172
44,20,210,356,296,151,88,382,169,62,309,179
44,21,401,246,457,316,334,394,101,324,125,432
44,22,157,30,250,249,223,284,210,75,120,345
44,23,199,242,356,17,414,455,299,470,150,90
44,24,77,439,370,204,26,225,175,335,54,35
44,25,511,68,407,192,280,35,37,500,32,489
44,26,54,426,485,203,9,48,297,461,420,467
44,27,492,311,263,184,250,422,261,391,477,397
44,28,153,63,37,356,471,230,9,346,459,392
44,29,387,115,290,286,53,91,414,224,136,250
44,30,470,212,377,421,138,331,274,424,32,402
44,31,318,135,245,494,193,15,295,73,227,260
44,32,7,191,391,380,429,149,228,487,388,260
44,33,363,105,499,491,200,372,340,347,391,469
44,34,318,128,359,10,423,42,453,251,119,184
44,35,362,395,375,13,93,413,463,342,185,446
44,36,210,151,360,141,490,374,356,311,410,431
44,37,101,316,401,334,246,160,125,432,394,457
44,38,157,30,223,250,249,284,210,345,120,75
44,39,199,242,120,68,394,102,452,356,217,247
44,40,141,449,254,499,61,316,120,500,44,87
44,41,217,300,261,124,292,88,398,87,30,399
44,42,226,27,368,243,319,218,462,223,142,248
44,43,148,206,124,120,24,200,328,300,475,366
44,44,100,322,177,207,238,58,297,402,56,359
44,45,47,475,280,204,489,335,226,196,442,215
44,46,388,350,107,23,177,452,242,338,418,262
44,47,272,60,414,137,451,119,218,324,221,30
45,0,220,145,38,508,446,282,237,122,101,353
45,1,214,144,345,152,496,146,393,431,165,320
45,2,324,322,325,220,394,69,84,75,335,403
45,3,78,392,280,14,405,469,300,374,205,399
45,4,430,289,13,252,469,167,68,169,498,306
45,5,280,242,111,1,236,9,202,446,85,220
45,6,415,286,445,280,260,223,234,379,18,101
45,7,49,260,382,451,346,58,358,242,432,84
45,8,370,225,215,252,132,247,88,397,414,470
45,9,511,407,180,221,462,32,289,280,252,304
45,10,485,454,243,495,467,203,54,238,461,325
45,11,311,492,467,296,92,477,238,384,252,350
45,12,0,356,123,288,21,338,63,264,230,139
45,13,387,53,503,322,286,112,290,159,60,259
45,14,470,377,387,274,138,212,397,479,116,402
45,15,245,135,15,193,487,227,295,73,280,494
45,16,380,191,391,260,7,388,482,263,322,352
45,17,340,503,321,363,105,462,391,120,259,398
45,18,441,378,88,237,318,10,128,438,210,399
45,19,362,302,133,446,463,106,503,22,478,221
45,20,210,409,151,309,382,160,70,296,357,99
45,21,64,280,169,257,457,152,0,116,101,235
45,22,319,490,322,284,12,210,256,73,360,303
45,23,199,120,68,356,247,504,59,51,477,150
45,24,225,370,40,344,42,409,439,115,77,252
45,25,167,511,407,192,97,43,136,74,180,325
45,26,454,467,485,368,54,22,243,461,492,203
45,27,296,311,492,397,252,350,92,422,340,467
45,28,356,63,123,42,139,153,433,130,230,446
45,29,112,387,159,302,290,250,400,34,68,53
45,30,470,377,331,424,138,212,408,387,479,402
45,31,135,245,318,494,15,501,280,193,295,227
45,32,380,191,7,388,482,391,487,429,156,383
45,33,105,340,321,363,161,473,58,391,200,1
45,34,441,438,318,128,378,120,88,237,10,65
45,35,362,302,375,463,413,133,261,221,307,446
45,36,210,151,311,409,431,328,11,76,325,160
45,37,64,169,280,152,257,497,125,326,101,457
45,38,490,319,322,12,73,284,256,238,360,402
45,39,199,120,68,59,242,247,102,394,361,477
45,40,141,120,254,499,266,449,316,44,398,472
45,41,217,261,88,223,87,56,30,13,80,366
45,42,423,354,319,243,211,142,37,218,462,223
45,43,206,120,124,24,456,328,351,200,173,467
45,44,402,322,297,217,58,327,281,15,115,98
45,45,280,64,366,489,335,261,226,17,196,53
45,46,350,23,156,477,305,107,242,282,452,391
45,47,176,108,66,270,137,96,112,238,461,323
46,0,440,392,145,189,289,95,173,386,507,99
46,1,496,214,30,320,220,431,390,371,393,144
46,2,394,220,22,69,190,325,170,324,370,75
46,3,78,14,280,300,503,392,405,220,374,205
46,4,289,430,432,117,424,331,316,104,448,252
46,5,280,202,293,220,91,117,484,111,507,305
46,6,395,415,286,280,445,497,210,234,223,31
46,7,312,346,368,451,183,462,431,261,188,8
46,8,370,208,439,204,225,252,63,325,84,163
46,9,511,407,504,426,10,14,180,58,32,289
46,10,157,485,16,488,22,203,263,299,100,243
46,11,311,492,384,434,192,252,467,389,401,92
46,12,356,288,123,130,2,440,21,0,338,491
46,13,286,68,400,387,309,294,53,290,224,245
46,14,470,377,274,138,212,214,424,296,441,331
46,15,245,193,494,39,212,73,295,135,459,487
46,16,191,238,380,263,391,260,7,388,156,401
46,17,80,105,340,363,493,504,161,365,200,257
46,18,128,88,68,438,312,318,378,228,423,496
46,19,362,446,478,422,9,463,470,288,232,453
46,20,210,151,360,311,309,62,70,376,495,410
46,21,5,64,235,497,152,387,457,50,406,360
46,22,241,238,329,322,360,378,66,402,89,244
46,23,199,242,213,134,102,14,330,455,17,23
46,24,439,252,204,225,370,208,409,88,63,510
46,25,511,407,504,494,489,203,302,74,180,423
46,26,157,485,16,263,22,37,203,312,372,64
46,27,492,384,311,422,92,391,252,382,192,417
46,28,130,440,356,123,63,153,0,266,2,433
46,29,286,68,400,387,309,224,290,386,294,53
46,30,470,377,331,274,165,214,296,216,138,430
46,31,193,245,459,73,135,280,295,494,487,15
46,32,7,191,388,391,380,383,473,156,238,322
46,33,105,80,1,473,340,363,200,161,15,391
46,34,119,128,88,318,438,68,312,65,228,496
46,35,362,267,261,413,470,375,342,478,463,150
46,36,210,151,360,309,495,301,311,76,425,355
46,37,64,101,497,457,152,5,125,308,334,477
46,38,241,402,238,360,322,298,66,329,187,84
46,39,199,242,129,102,356,285,369,492,27,244
46,40,141,472,501,61,453,292,86,316,374,229
46,41,217,252,13,234,4,249,85,105,404,301
46,42,388,417,136,354,376,319,83,74,296,282
46,43,124,120,200,191,24,148,355,475,206,300
46,44,358,207,315,266,429,150,502,58,143,183
46,45,280,489,363,229,261,335,388,42,20,190
46,46,167,163,151,510,257,479,258,313,33,242
46,47,508,176,75,217,4,119,235,30,117,232
47,0,182,445,499,498,35,212,239,240,475,241
47,1,220,382,129,15,406,320,410,486,328,53
47,2,426,61,338,220,5,269,393,208,84,209
47,3,78,280,374,14,333,312,491,319,503,220
47,4,430,117,432,148,304,462,289,13,448,498
47,5,23,209,120,308,237,280,220,511,425,85
47,6,223,283,280,335,497,395,210,415,286,54
47,7,312,8,383,183,303,493,243,462,102,500
47,8,370,225,439,204,91,63,325,84,456,286
47,9,511,324,80,504,462,321,87,95,510,154
47,10,488,160,299,429,167,364,157,238,249,372
47,11,311,492,477,192,397,391,350,90,272,384
47,12,356,338,90,139,323,433,68,288,483,359
47,13,68,286,53,400,322,409,290,387,343,386
47,14,470,377,424,331,274,479,2,397,387,408
47,15,245,135,295,318,227,494,193,212,191,39
47,16,263,380,191,260,391,482,487,322,467,428
47,17,105,391,363,161,465,284,200,257,58,365
47,18,128,68,65,371,438,19,465,318,488,237
47,19,362,375,261,470,105,222,141,319,226,478
47,20,210,151,328,70,480,377,261,376,131,495
47,21,152,497,123,397,209,274,135,190,391,189
47,22,420,197,492,132,157,329,378,351,89,402
47,23,199,120,68,242,59,369,51,13,159,415
47,24,225,370,286,325,63,344,456,84,130,16
47,25,511,489,321,203,154,423,74,221,147,124
47,26,372,488,461,325,267,395,203,201,238,304
47,27,311,391,397,462,272,22,445,192,127,104
47,28,63,356,433,490,139,264,245,0,373,440
47,29,302,154,387,290,250,286,409,501,68,504
47,30,470,377,424,331,214,460,434,479,408,335
47,31,135,318,245,295,15,227,420,459,494,354
47,32,391,380,191,7,352,388,487,238,383,156
47,33,391,105,1,200,347,161,465,363,15,194
47,34,488,454,31,65,71,355,247,148,367,40
47,35,362,261,470,105,141,221,375,150,406,267
47,36,210,76,431,309,127,151,495,292,261,384
47,37,101,125,497,246,152,489,326,303,230,123
47,38,420,157,470,218,351,197,250,89,402,120
47,39,120,199,242,369,68,177,59,217,492,102
47,40,141,499,472,254,346,449,453,229,101,316
47,41,217,50,261,4,30,13,105,88,234,149
47,42,280,388,413,176,83,306,109,118,181,112
47,43,200,206,148,475,124,403,296,120,328,393
47,44,315,169,429,207,400,143,215,137,58,227
47,45,168,196,238,489,442,6,388,402,315,347
47,46,232,418,25,58,292,404,33,496,476,305
47,47,445,60,343,254,242,204,295,223,296,249
48,0,227,380,194,83,165,109,249,331,298,114
48,1,382,70,88,410,495,442,206,306,224,466
48,2,426,270,84,372,365,338,60,59,239,370
48,3,14,405,4,205,335,78,203,497,454,300
48,4,496,430,426,252,289,325,13,169,309,68
48,5,445,1,9,242,236,111,49,468,446,91
48,6,54,415,280,445,193,505,231,286,67,497
48,7,242,76,60,303,183,84,8,346,312,452
48,8,370,439,252,63,204,175,283,397,84,11
48,9,511,504,407,68,494,462,220,280,58,292
48,10,157,485,263,424,203,299,461,488,167,240
48,11,492,311,434,384,467,477,350,163,422,90
48,12,230,288,153,21,356,123,63,0,182,53
48,13,286,387,352,309,423,56,259,385,347,445
48,14,274,470,212,179,377,138,402,57,14,154
48,15,245,494,280,193,212,487,38,442,318,459
48,16,191,450,228,7,391,263,156,388,238,205
48,17,80,420,491,340,363,504,105,499,200,464
48,18,318,115,10,128,68,104,264,212,285,243
48,19,362,453,463,185,13,446,2,478,470,395
48,20,141,151,210,374,296,360,356,384,376,350
48,21,246,401,404,432,101,334,457,316,443,5
48,22,157,250,120,30,75,210,24,351,60,197
48,23,242,27,414,197,23,54,159,126,331,325
48,24,439,370,165,428,252,283,409,45,449,206
48,25,511,504,407,494,220,68,192,280,489,411
48,26,157,263,485,372,203,424,48,461,201,312
48,27,384,492,311,422,92,184,84,500,261,472
48,28,153,230,63,53,346,323,123,182,459,440
48,29,286,387,352,224,309,385,250,68,400,132
48,30,470,274,212,179,137,377,331,402,434,57
48,31,459,245,510,73,318,135,494,280,295,193
48,32,191,450,391,7,238,388,380,322,228,260
48,33,80,491,420,105,363,200,499,15,490,255
48,34,318,10,128,115,160,243,36,423,104,488
48,35,362,185,93,395,13,453,478,470,375,342
48,36,210,151,360,141,374,490,309,76,311,301
48,37,101,316,246,401,334,160,404,432,421,125
48,38,157,250,210,120,30,60,75,24,322,345
48,39,199,242,120,452,102,68,134,59,394,129
48,40,141,449,254,453,61,316,472,499,465,44
48,41,300,217,261,13,30,363,11,87,234,292
48,42,226,27,124,243,319,368,462,218,223,179
48,43,148,124,206,120,24,200,131,77,328,353
48,44,100,238,322,177,58,297,15,115,215,207
48,45,47,475,204,160,226,489,335,442,280,254
48,46,338,350,484,107,452,305,418,433,23,242
48,47,138,60,108,360,273,244,137,295,115,30
49,0,154,121,299,332,478,433,45,195,397,488
49,1,223,340,219,510,292,289,485,160,344,361
49,2,240,426,51,338,84,113,481,75,61,142
49,3,203,14,319,78,332,232,454,374,498,180
49,4,363,462,400,117,430,322,434,304,503,444
49,5,3,20,242,120,162,220,91,299,49,117
49,6,445,395,405,228,335,75,452,101,44,276
49,7,76,327,215,84,504,437,211,30,236,7
49,8,225,370,491,153,341,84,8,207,397,106
49,9,511,254,504,510,422,496,95,407,32,505
49,10,325,364,488,41,37,160,116,388,429,495
49,11,311,401,324,477,472,445,272,192,19,391
49,12,230,264,356,323,139,358,483,0,298,183
49,13,68,53,400,286,322,509,284,386,409,350
49,14,470,402,2,424,377,274,214,387,331,180
49,15,245,135,191,459,227,38,280,318,461,420
49,16,191,380,391,428,260,263,450,7,388,238
49,17,420,363,391,32,280,393,4,308,20,105
49,18,237,104,10,243,205,488,128,160,192,452
49,19,362,395,185,93,478,261,107,463,470,141
49,20,141,374,210,151,360,384,296,328,490,70
49,21,316,101,246,160,125,421,404,432,152,480
49,22,157,250,120,422,490,197,447,218,53,62
49,23,199,242,452,68,23,356,150,14,51,59
49,24,225,265,130,285,370,491,84,344,460,416
49,25,511,411,43,74,248,124,261,489,147,56
49,26,260,267,360,372,34,201,312,246,75,325
49,27,57,311,22,454,192,439,60,425,445,191
49,28,182,490,230,323,356,264,63,450,203,385
49,29,68,250,286,290,53,322,132,284,501,315
49,30,470,424,402,377,331,479,460,212,138,180
49,31,135,245,318,494,431,420,191,227,212,15
49,32,191,391,7,380,428,487,352,322,94,228
49,33,391,105,200,363,161,420,15,418,1,347
49,34,237,104,36,312,243,10,71,488,11,1
49,35,362,107,141,395,185,93,261,478,105,463
49,36,210,360,151,141,113,374,373,431,76,301
49,37,101,316,160,125,246,421,432,404,326,485
49,38,157,490,250,120,197,319,422,73,218,383
49,39,199,120,242,452,68,59,394,102,227,217
49,40,141,254,499,449,472,316,61,453,346,398
49,41,261,300,217,88,87,30,124,13,56,4
49,42,243,226,319,218,462,27,223,368,265,179
49,43,148,124,206,120,24,200,328,300,403,464
49,44,322,177,100,58,238,297,15,115,215,98
49,45,47,475,204,489,335,280,254,45,196,261
49,46,23,350,452,107,305,495,433,242,262,282
49,47,108,66,60,137,112,119,154,324,295,451
50,0,461,280,12,189,80,223,383,63,266,145
50,1,144,489,269,438,390,30,55,137,289,490
50,2,202,181,276,149,431,75,477,190,34,394
50,3,78,280,374,100,21,14,294,34,232,234
50,4,331,420,430,498,121,289,432,433,356,117
50,5,156,377,293,477,305,384,362,216,69,117
50,6,401,381,286,395,280,7,445,61,34,428
50,7,312,397,505,299,107,217,488,57,7,211
50,8,225,370,491,84,439,359,207,247,204,438
50,9,511,327,56,496,489,108,254,176,510,292
50,10,16,407,108,58,372,100,325,485,500,429
50,11,311,401,14,222,289,102,175,272,417,472
50,12,356,190,375,338,167,441,138,112,264,348
50,13,68,322,53,400,386,286,489,504,509,54
50,14,470,190,2,424,331,214,377,510,480,479
50,15,135,245,318,227,214,339,191,420,65,423
50,16,391,380,428,191,263,197,7,461,322,205
50,17,418,219,391,200,363,393,32,161,280,15
50,18,68,237,218,312,315,18,121,378,148,155
50,19,362,93,107,463,395,141,478,29,2,90
50,20,141,296,374,328,384,210,285,376,70,490
50,21,101,160,316,499,125,421,152,135,84,190
50,22,265,324,216,329,197,187,504,238,365,152
50,23,199,452,415,120,356,165,407,17,150,59
50,24,225,370,491,408,266,84,285,247,72,269
50,25,511,118,499,445,423,337,489,248,74,254
50,26,108,16,407,201,267,312,372,343,179,41
50,27,311,222,14,439,401,57,192,317,454,104
50,28,190,375,356,112,167,63,440,41,441,125
50,29,68,322,286,53,489,400,127,315,495,250
50,30,470,190,331,377,424,479,7,507,2,495
50,31,135,245,374,318,191,227,15,339,454,431
50,32,391,380,428,191,7,322,228,487,94,383
50,33,391,418,219,363,200,161,1,15,105,473
50,34,68,218,18,315,312,71,221,243,423,36
50,35,362,261,141,478,105,395,463,369,150,375
50,36,495,113,151,328,311,490,210,296,301,309
50,37,101,160,499,172,316,421,372,125,84,152
50,38,216,265,481,238,324,187,197,279,204,402
50,39,199,120,452,68,59,62,369,227,102,330
50,40,141,254,346,472,453,61,316,449,499,135
50,41,38,30,192,27,56,217,390,88,4,11
50,42,279,319,37,18,223,458,341,243,179,227
50,43,24,124,148,200,206,328,120,403,467,464
50,44,58,402,15,454,115,215,83,207,358,39
50,45,231,99,489,335,66,103,124,480,10,388
50,46,299,258,115,454,350,305,444,242,227,491
50,47,457,315,90,291,217,235,30,295,115,318
51,0,393,457,166,63,96,116,335,21,337,463
51,1,417,388,55,378,280,236,250,309,265,370
51,2,324,350,75,144,419,143,216,189,326,378
51,3,280,78,510,14,234,183,34,255,100,388
51,4,289,56,430,203,143,462,29,356,246,498
51,5,421,163,29,23,411,246,193,305,69,366
51,6,491,231,381,173,333,286,445,401,405,83
51,7,312,417,397,96,221,270,25,243,356,346
51,8,225,491,84,153,483,207,359,63,412,194
51,9,220,511,303,108,27,411,93,489,401,510
51,10,407,325,201,37,388,34,364,16,155,255
51,11,311,401,472,400,151,265,261,445,272,324
51,12,396,41,375,122,264,125,467,483,356,28
51,13,469,489,146,110,386,53,54,132,347,165
51,14,402,360,434,378,371,403,470,428,237,209
51,15,122,221,407,442,260,458,246,69,92,144
51,16,30,461,205,228,495,302,262,78,423,193
51,17,363,424,280,115,479,20,212,248,94,341
51,18,68,139,172,226,243,105,123,346,129,18
51,19,369,164,335,414,488,362,319,395,261,41
51,20,328,296,480,156,376,179,482,384,410,350
51,21,172,101,125,499,84,443,190,160,152,170
51,22,481,197,62,22,238,101,73,140,490,246
51,23,452,511,199,165,113,17,159,356,269,415
51,24,266,225,370,285,408,491,300,18,130,310
51,25,511,220,411,46,254,489,74,199,248,497
51,26,407,267,485,201,418,167,372,16,260,235
51,27,97,22,454,311,477,261,302,371,54,439
51,28,396,182,490,63,356,440,41,364,375,28
51,29,387,104,290,53,68,286,110,488,54,315
51,30,470,377,331,181,180,9,137,216,156,492
51,31,212,259,203,199,318,227,245,135,374,24
51,32,191,391,380,7,487,228,322,263,428,260
51,33,161,363,105,200,391,135,139,183,15,19
51,34,68,172,105,139,488,92,36,356,123,31
51,35,362,478,395,15,463,261,369,172,406,403
51,36,51,328,210,311,301,274,151,76,495,490
51,37,84,101,172,499,443,497,170,125,213,152
51,38,481,101,238,490,22,73,140,197,246,62
51,39,199,452,68,120,242,59,208,369,470,466
51,40,141,472,453,346,61,254,398,135,449,309
51,41,217,356,390,30,50,4,11,346,249,13
51,42,18,37,458,19,319,466,293,142,306,223
51,43,24,200,124,349,120,206,302,456,473,289
51,44,402,456,110,81,358,207,58,312,76,150
51,45,10,394,283,223,32,494,408,196,171,280
51,46,363,5,350,490,107,434,92,23,305,370
51,47,137,479,108,66,324,467,119,112,407,295
52,0,145,120,291,222,38,494,187,27,232,495
52,1,355,388,417,372,126,438,314,390,392,307
52,2,273,158,419,390,394,324,22,69,146,220
52,3,78,14,374,180,280,234,24,294,220,223
52,4,289,424,331,356,430,121,498,432,178,365
52,5,507,421,106,16,252,69,221,353,465,51
52,6,231,7,286,333,491,445,90,439,280,477
52,7,312,147,397,462,299,96,227,488,319,243
52,8,225,370,408,445,203,147,475,194,438,72
52,9,511,489,164,411,327,93,108,218,221,401
52,10,437,372,49,500,134,325,388,58,235,300
52,11,239,311,445,477,472,476,57,102,462,302
52,12,3,41,440,356,125,21,169,364,319,61
52,13,322,53,400,309,68,210,489,146,469,321
52,14,470,378,434,238,214,495,360,510,331,377
52,15,221,424,260,442,24,179,347,259,407,460
52,16,380,487,30,461,7,490,460,103,205,473
52,17,391,393,89,418,363,308,243,153,479,239
52,18,172,105,68,206,200,205,346,148,155,16
52,19,164,362,261,487,232,478,236,470,274,477
52,20,410,328,116,376,60,102,384,151,296,500
52,21,125,172,27,497,489,367,443,213,63,61
52,22,124,481,238,62,197,246,73,337,241,191
52,23,452,154,17,199,176,133,259,511,476,165
52,24,225,266,261,445,370,106,483,408,495,139
52,25,511,411,93,193,218,50,7,248,74,254
52,26,201,372,267,41,76,312,461,228,116,226
52,27,454,275,445,160,391,22,472,272,192,265
52,28,490,440,3,364,164,450,25,428,125,375
52,29,495,309,400,68,386,54,315,210,496,133
52,30,237,402,445,238,501,470,331,434,11,360
52,31,259,221,203,509,45,465,72,458,239,225
52,32,7,191,228,391,238,487,259,490,412,232
52,33,200,89,161,15,19,363,391,434,473,135
52,34,206,105,172,68,200,36,436,433,342,11
52,35,362,261,403,463,478,462,180,400,105,434
52,36,151,301,113,210,495,102,309,376,229,80
52,37,27,387,172,125,457,446,497,326,101,213
52,38,124,481,238,241,246,197,36,73,62,337
52,39,242,27,199,68,267,466,369,5,452,229
52,40,141,453,472,61,188,27,229,135,206,101
52,41,489,143,30,301,217,346,232,56,433,132
52,42,37,458,18,354,223,285,319,142,306,293
52,43,24,200,289,206,124,418,237,85,473,488
52,44,402,81,207,358,76,183,106,456,58,502
52,45,283,223,264,171,415,443,400,494,218,370
52,46,163,363,167,481,305,33,285,355,313,258
52,47,4,508,479,75,217,137,119,220,324,30
53,0,290,291,145,53,38,322,107,99,496,495
53,1,355,406,372,126,438,390,314,15,165,341
53,2,419,390,394,324,22,190,220,170,337,287
53,3,78,280,493,14,374,290,423,405,220,180
53,4,289,432,424,422,104,356,462,365,430,213
53,5,364,394,266,202,484,91,117,376,111,51
53,6,286,330,280,374,445,30,392,304,146,395
53,7,462,227,451,188,312,381,346,49,89,296
53,8,225,370,261,439,204,438,84,194,269,72
53,9,511,133,324,87,108,489,150,103,351,218
53,10,49,395,255,372,226,267,160,504,58,203
53,11,311,492,477,317,445,163,261,476,472,272
53,12,134,356,0,21,440,364,503,368,139,373
53,13,286,309,68,400,374,387,53,509,33,331
53,14,470,305,2,377,331,137,214,247,237,510
53,15,318,407,260,29,461,246,38,280,424,155
53,16,191,391,428,7,205,487,263,103,228,336
53,17,363,161,126,1,424,84,355,308,243,428
53,18,105,200,172,378,88,414,206,148,186,124
53,19,362,463,105,319,261,15,2,232,478,470
53,20,151,26,410,296,376,377,500,447,102,350
53,21,27,125,497,248,326,123,422,80,315,50
53,22,238,241,124,481,329,190,197,140,62,246
53,23,242,14,199,17,213,356,54,365,332,369
53,24,261,370,225,142,107,204,439,359,63,344
53,25,511,411,93,136,295,7,489,191,40,423
53,26,267,117,203,49,372,312,167,181,226,76
53,27,492,445,121,311,163,22,261,391,317,192
53,28,134,63,356,130,440,182,490,364,25,3
53,29,286,68,309,387,400,451,471,405,290,374
53,30,470,247,212,377,237,445,137,331,402,214
53,31,318,494,280,259,135,212,193,423,295,361
53,32,191,391,7,322,473,388,263,228,487,238
53,33,105,161,327,200,473,363,84,490,435,472
53,34,378,200,88,172,414,105,36,488,507,119
53,35,15,362,183,478,105,463,261,413,173,375
53,36,151,26,210,344,311,301,410,376,309,76
53,37,118,248,422,497,101,125,150,152,131,5
53,38,124,238,190,241,140,73,481,197,378,246
53,39,242,267,199,82,68,234,120,369,62,452
53,40,141,254,472,449,18,61,44,453,316,501
53,41,30,445,56,217,13,301,424,261,105,433
53,42,90,276,248,223,37,354,376,306,458,112
53,43,146,206,200,328,264,467,120,2,69,87
53,44,81,387,405,429,37,58,207,137,400,5
53,45,227,335,280,489,171,472,190,48,81,431
53,46,471,242,167,398,350,189,277,282,204,391
53,47,479,508,485,30,75,217,62,418,223,245
54,0,269,199,108,496,157,494,423,476,107,411
54,1,470,406,355,101,317,228,120,494,314,213
54,2,151,469,334,403,61,419,123,306,394,464
54,3,78,124,493,14,374,205,405,280,88,143
54,4,289,342,252,356,488,498,283,304,406,423
54,5,454,502,167,369,216,162,221,111,204,91
54,6,392,60,146,374,77,330,30,280,446,445
54,7,350,9,346,451,80,239,312,462,260,303
54,8,225,370,439,158,408,269,204,510,227,297
54,9,511,40,489,108,423,271,68,176,338,496
54,10,117,226,500,461,264,325,167,388,372,419
54,11,311,102,492,406,192,163,477,371,472,445
54,12,356,134,63,264,97,153,288,21,0,265
54,13,286,68,387,322,53,290,470,302,504,307
54,14,377,470,212,137,460,408,138,247,424,274
54,15,245,39,459,424,38,135,481,318,501,193
54,16,391,191,380,260,263,238,429,383,7,156
54,17,363,327,200,365,435,126,15,428,105,84
54,18,378,261,277,100,91,371,19,372,119,124
54,19,362,478,125,375,261,183,2,15,42,293
54,20,151,26,376,500,70,410,328,495,62,309
54,21,248,324,280,118,152,5,497,150,50,35
54,22,190,275,149,49,405,238,442,12,345,104
54,23,242,199,267,14,17,68,369,213,217,504
54,24,265,225,439,142,158,203,370,510,344,227
54,25,136,511,68,93,43,445,203,489,234,199
54,26,117,246,309,372,312,461,203,201,495,167
54,27,454,492,391,445,422,406,351,311,291,192
54,28,134,97,63,153,356,490,164,364,25,265
54,29,286,68,387,290,400,22,132,495,469,405
54,30,377,470,212,402,424,247,181,331,7,495
54,31,135,227,318,191,280,245,420,65,15,501
54,32,391,191,380,428,7,322,383,156,260,263
54,33,327,105,200,15,84,363,161,68,391,1
54,34,378,261,36,91,277,100,35,422,121,11
54,35,362,183,412,105,403,141,478,15,375,21
54,36,151,26,373,210,311,76,328,376,70,495
54,37,248,150,118,152,125,35,435,50,324,123
54,38,190,275,149,104,49,405,345,197,238,57
54,39,199,267,242,120,68,59,394,452,234,217
54,40,141,254,18,499,449,316,44,101,395,472
54,41,30,217,261,87,13,56,47,234,439,4
54,42,276,248,455,223,218,423,112,176,1,357
54,43,206,146,328,2,264,235,58,13,200,467
54,44,387,405,209,429,400,56,137,58,80,107
54,45,227,48,235,335,472,190,280,237,81,489
54,46,242,189,256,398,350,204,197,419,277,399
54,47,272,293,85,78,30,451,62,11,223,414
55,0,270,309,37,398,0,304,291,99,353,95
55,1,247,353,320,398,341,118,431,86,44,101
55,2,150,334,75,185,388,431,459,310,109,203
55,3,78,374,255,447,34,180,234,280,240,232
55,4,289,432,498,168,418,365,252,232,117,356
55,5,216,487,420,221,169,305,511,126,106,408
55,6,77,329,63,179,47,73,94,383,417,33
55,7,87,41,193,117,238,341,256,427,312,44
55,8,181,225,158,439,370,510,316,227,500,408
55,9,511,87,207,489,108,308,452,338,150,271
55,10,117,461,269,167,226,264,372,300,395,325
55,11,508,406,477,311,268,371,163,492,291,307
55,12,251,134,421,356,286,264,303,63,21,0
55,13,286,307,350,470,322,399,264,110,68,476
55,14,470,247,377,460,402,212,165,378,148,138
55,15,38,424,189,318,394,123,227,464,103,355
55,16,391,191,428,380,7,336,238,197,263,78
55,17,327,317,308,363,15,391,214,483,24,428
55,18,378,310,414,246,121,422,444,11,373,19
55,19,183,362,15,21,92,412,463,159,223,478
55,20,26,373,151,328,285,311,477,410,289,236
55,21,152,324,5,237,125,248,32,435,35,155
55,22,349,182,225,434,328,394,242,190,444,300
55,23,199,242,234,68,267,452,62,407,59,504
55,24,265,158,225,203,500,370,316,510,181,142
55,25,511,136,445,68,199,93,43,74,7,51
55,26,117,246,309,167,461,372,367,203,325,228
55,27,454,422,406,291,508,311,445,100,492,351
55,28,134,251,421,63,356,286,182,364,21,264
55,29,286,307,110,399,350,277,127,476,37,495
55,30,470,377,402,247,212,424,190,257,176,339
55,31,135,431,227,191,15,65,318,259,245,501
55,32,391,191,428,380,7,322,197,238,453,94
55,33,327,403,214,105,391,363,418,15,465,282
55,34,378,310,19,11,422,121,36,246,414,168
55,35,362,412,183,141,21,403,213,92,120,11
55,36,151,26,373,328,311,285,76,99,62,111
55,37,152,125,324,435,32,248,5,366,502,9
55,38,190,182,394,349,253,242,225,300,499,328
55,39,199,120,68,242,452,267,234,394,59,361
55,40,18,141,499,254,346,449,395,316,61,500
55,41,439,217,261,87,47,273,88,443,292,381
55,42,455,276,218,62,265,77,93,95,171,464
55,43,206,148,366,359,300,120,342,146,469,302
55,44,311,387,220,370,297,186,104,207,177,119
55,45,280,363,235,162,421,472,331,237,415,57
55,46,350,329,419,241,195,510,200,262,305,80
55,47,292,444,446,234,66,108,323,112,461,366
56,0,32,160,278,71,330,130,79,46,170,221
56,1,247,112,427,471,447,58,71,250,59,398
56,2,483,380,101,109,334,150,185,142,272,75
56,3,78,272,354,374,357,255,447,143,414,234
56,4,245,196,289,498,440,359,331,329,349,252
56,5,456,273,127,421,487,479,106,221,433,420
56,6,452,6,166,189,50,258,395,77,63,284
56,7,170,268,312,397,231,243,441,289,335,269
56,8,225,3,370,439,158,510,181,386,500,269
56,9,511,87,271,143,176,68,324,181,475,469
56,10,117,500,7,251,325,116,461,264,278,364
56,11,406,311,477,508,371,272,36,57,192,492
56,12,380,356,264,463,406,409,248,63,251,474
56,13,286,274,68,350,387,470,53,476,322,307
56,14,470,377,212,402,424,138,460,148,2,479
56,15,135,245,420,318,227,65,15,195,355,40
56,16,391,380,191,263,7,197,78,474,429,59
56,17,363,105,327,200,15,365,308,428,391,209
56,18,378,464,472,434,310,11,308,422,19,108
56,19,362,92,403,183,223,21,118,412,141,399
56,20,26,497,373,151,328,451,311,289,204,376
56,21,152,237,3,476,45,413,119,125,435,155
56,22,243,426,112,150,422,461,441,471,300,177
56,23,199,62,68,452,470,242,59,217,267,330
56,24,225,3,265,158,203,370,500,142,408,460
56,25,511,499,56,445,136,452,199,74,469,248
56,26,117,260,367,246,264,40,116,167,461,278
56,27,454,422,406,100,311,163,332,221,160,272
56,28,406,463,248,409,380,63,356,251,474,182
56,29,350,322,127,290,53,132,37,307,134,82
56,30,470,424,377,402,190,479,212,148,339,7
56,31,135,15,420,339,318,245,389,212,227,29
56,32,391,380,428,197,340,322,453,191,94,7
56,33,418,403,391,465,105,363,327,434,25,15
56,34,464,434,310,19,378,11,121,118,36,422
56,35,141,412,183,403,21,362,92,221,213,15
56,36,311,151,497,26,451,328,373,76,285,82
56,37,152,3,125,155,476,119,248,32,237,104
56,38,422,426,243,112,300,150,461,192,441,471
56,39,199,120,452,68,242,174,234,267,394,59
56,40,18,499,141,254,346,449,395,500,174,87
56,41,439,501,261,88,217,87,273,47,292,356
56,42,218,276,455,93,265,426,77,56,95,464
56,43,206,366,359,148,300,391,120,342,302,469
56,44,79,387,311,297,145,199,177,119,243,232
56,45,280,363,162,421,235,57,148,367,331,452
56,46,350,241,196,195,262,419,185,200,70,412
56,47,88,89,461,391,45,188,323,66,108,444
57,0,451,49,369,293,120,100,134,338,349,147
57,1,58,426,247,243,197,454,156,16,305,465
57,2,431,180,127,273,483,83,158,150,238,196
57,3,78,374,473,255,50,280,26,503,100,34
57,4,331,29,420,289,117,498,436,149,430,432
57,5,421,507,460,163,34,366,336,296,220,221
57,6,437,94,472,258,353,33,7,249,395,269
57,7,312,397,235,44,441,307,217,269,250,299
57,8,225,370,510,500,204,158,247,260,244,297
57,9,511,221,63,50,56,95,489,327,308,271
57,10,117,251,415,197,488,6,7,298,238,12
57,11,311,406,272,14,89,175,57,477,192,317
57,12,474,356,75,127,380,345,360,21,2,304
57,13,68,504,322,307,286,274,245,470,53,400
57,14,470,377,190,460,424,479,434,224,428,153
57,15,189,135,459,191,245,318,420,374,227,424
57,16,380,391,428,191,94,276,78,260,490,197
57,17,403,391,418,252,363,483,42,308,32,327
57,18,11,327,19,310,494,422,378,467,118,121
57,19,213,73,21,412,141,403,183,159,362,120
57,20,328,373,311,26,285,151,111,99,143,76
57,21,152,438,424,476,223,237,45,452,366,32
57,22,15,295,414,404,417,142,300,304,502,2
57,23,199,68,242,120,27,59,227,452,361,217
57,24,225,500,370,158,510,247,100,408,155,496
57,25,511,472,445,221,499,124,51,87,68,248
57,26,117,278,415,267,203,488,253,350,12,300
57,27,406,454,422,14,311,291,508,317,477,221
57,28,474,63,127,356,75,251,380,345,360,25
57,29,127,269,286,307,274,489,322,312,399,367
57,30,470,190,377,479,148,460,402,212,239,424
57,31,431,135,318,15,420,191,245,65,424,247
57,32,391,380,428,241,7,191,322,78,383,352
57,33,403,327,391,105,418,25,308,465,15,282
57,34,310,11,327,19,494,378,422,36,121,266
57,35,403,412,183,120,362,141,21,213,73,342
57,36,151,26,285,311,328,373,125,99,431,24
57,37,438,152,155,435,248,223,453,32,424,366
57,38,15,295,414,394,190,300,304,242,225,148
57,39,199,452,68,242,120,267,499,361,59,217
57,40,18,141,499,254,316,449,87,472,395,143
57,41,439,217,273,261,124,88,87,292,47,12
57,42,276,68,455,265,171,464,447,93,67,280
57,43,206,366,146,300,148,273,359,190,120,196
57,44,311,387,337,148,119,37,76,59,207,90
57,45,210,363,235,280,57,331,421,330,162,275
57,46,245,419,510,350,292,221,293,305,262,6
57,47,136,444,370,461,366,153,108,181,391,485
58,0,301,361,101,293,76,21,265,369,362,186
58,1,58,250,426,247,230,61,76,226,493,410
58,2,490,483,166,180,431,196,127,354,238,109
58,3,78,374,473,255,503,26,50,416,232,447
58,4,175,265,331,449,29,498,420,117,289,149
58,5,296,206,127,342,333,483,411,221,246,305
58,6,382,437,87,175,236,353,94,269,7,347
58,7,397,305,470,44,441,312,307,423,418,269
58,8,225,158,370,500,244,386,496,247,426,406
58,9,511,469,88,271,308,335,489,87,475,472
58,10,117,7,500,300,461,446,120,438,269,334
58,11,406,272,102,314,477,192,57,307,371,286
58,12,243,380,474,400,356,264,278,416,164,251
58,13,274,307,233,504,322,286,68,316,264,53
58,14,470,190,479,460,428,424,489,371,148,298
58,15,420,318,135,191,374,227,339,65,394,459
58,16,380,197,391,428,78,191,352,307,94,425
58,17,391,327,418,403,426,308,42,363,214,101
58,18,183,472,310,11,467,19,378,422,255,121
58,19,183,412,242,213,403,399,21,120,141,90
58,20,285,373,328,26,311,151,111,361,11,143
58,21,152,424,438,425,111,476,452,366,299,429
58,22,297,441,221,243,165,417,242,304,2,416
58,23,199,242,59,361,466,452,68,120,80,165
58,24,225,370,247,386,500,265,184,426,460,495
58,25,461,118,87,7,511,248,147,124,51,43
58,26,117,300,120,167,461,350,367,446,395,423
58,27,454,422,406,317,417,57,225,102,100,371
58,28,243,63,474,182,400,278,380,416,264,38
58,29,269,387,22,290,469,250,53,307,428,274
58,30,148,470,212,402,424,257,64,445,205,181
58,31,29,24,259,454,156,330,260,361,507,69
58,32,391,228,78,7,307,243,380,429,352,202
58,33,105,363,327,465,126,454,308,424,221,434
58,34,310,378,19,183,11,36,494,467,422,472
58,35,403,183,342,120,412,29,372,401,90,64
58,36,76,285,361,151,311,417,328,431,111,11
58,37,425,152,438,248,155,125,435,424,45,32
58,38,441,221,243,297,304,242,394,300,190,165
58,39,199,120,452,68,59,242,499,165,227,217
58,40,141,499,449,254,87,18,316,472,395,277
58,41,217,88,261,292,87,47,381,124,356,439
58,42,276,455,265,447,93,464,53,218,154,158
58,43,206,148,366,300,120,82,132,359,323,273
58,44,311,387,119,200,148,59,207,232,297,58
58,45,363,280,57,235,331,162,421,200,75,388
58,46,350,419,495,329,1,378,510,292,293,241
58,47,108,24,154,444,151,369,66,461,483,234
59,0,461,280,12,223,80,340,149,63,246,42
59,1,489,269,137,504,247,438,415,222,58,194
59,2,149,276,34,431,180,202,150,181,75,477
59,3,78,374,100,473,255,73,348,280,132,34
59,4,420,331,433,289,436,121,430,135,498,62
59,5,421,460,34,507,163,336,366,297,156,488
59,6,401,281,7,94,120,236,51,499,249,169
59,7,397,312,107,217,299,225,396,419,505,474
59,8,225,370,158,500,454,247,443,426,244,429
59,9,511,337,56,489,327,499,496,118,221,271
59,10,120,117,108,448,197,238,7,500,385,6
59,11,406,311,175,317,14,102,272,192,57,417
59,12,356,474,190,112,167,338,364,441,25,233
59,13,68,322,127,53,489,504,307,134,343,400
59,14,470,190,424,377,2,360,479,434,331,16
59,15,135,459,245,15,65,420,191,339,214,227
59,16,380,391,197,428,94,482,461,297,78,467
59,17,418,403,391,200,385,257,284,308,32,434
59,18,218,315,11,494,19,111,118,44,422,310
59,19,90,412,21,141,213,246,29,362,403,183
59,20,417,285,328,477,26,88,45,143,373,70
59,21,425,152,435,366,299,125,452,248,204,53
59,22,216,275,152,400,164,357,105,364,265,324
59,23,199,68,452,59,267,17,217,242,165,15
59,24,225,500,158,370,247,510,316,426,454,309
59,25,118,511,221,499,445,56,337,423,469,327
59,26,108,385,117,120,267,448,278,251,415,361
59,27,14,422,89,175,221,311,454,35,353,406
59,28,356,63,167,112,190,264,182,125,474,0
59,29,127,322,489,53,250,302,269,307,68,290
59,30,470,424,190,377,479,148,402,42,16,507
59,31,135,420,15,339,227,374,245,65,24,300
59,32,380,391,94,197,322,175,352,428,78,7
59,33,105,418,391,327,465,403,385,200,25,363
59,34,19,218,494,315,422,310,118,11,5,36
59,35,412,403,183,90,141,445,372,307,21,213
59,36,417,26,151,285,66,328,76,311,111,24
59,37,248,155,435,125,152,299,413,32,11,223
59,38,216,275,190,152,400,15,357,133,105,3
59,39,199,267,242,425,68,361,466,165,120,59
59,40,18,254,143,141,499,397,137,449,277,342
59,41,38,449,16,87,192,88,261,273,356,353
59,42,276,455,257,357,464,187,67,184,499,495
59,43,146,190,206,490,132,300,359,47,82,366
59,44,37,387,311,207,474,337,148,454,173,76
59,45,235,210,330,99,363,231,275,103,57,280
59,46,510,299,419,350,163,444,115,311,194,348
59,47,370,340,444,315,485,341,508,291,400,457
60,0,499,212,241,240,294,192,59,457,60,109
60,1,328,245,247,57,389,398,386,394,383,475
60,2,208,109,150,180,305,334,245,237,65,403
60,3,78,202,491,447,309,205,473,143,34,335
60,4,163,346,294,325,506,252,498,289,469,418
60,5,421,34,163,507,460,336,366,129,57,101
60,6,404,118,269,168,77,510,439,417,153,59
60,7,129,493,325,11,351,221,312,193,47,87
60,8,158,225,370,439,408,181,41,227,407,219
60,9,511,87,68,240,338,96,489,308,236,60
60,10,117,267,167,48,285,278,120,226,372,7
60,11,422,406,371,477,84,492,508,238,268,311
60,12,264,63,288,134,356,0,182,21,37,421
60,13,286,274,68,470,245,259,307,312,123,387
60,14,138,212,460,137,470,257,148,377,237,434
60,15,394,424,38,103,259,407,405,239,448,362
60,16,391,7,191,56,429,243,141,228,307,78
60,17,126,363,105,499,209,308,135,155,479,428
60,18,285,28,398,11,414,475,454,422,372,118
60,19,403,375,283,137,500,120,293,362,349,208
60,20,477,26,113,144,457,88,151,116,78,500
60,21,125,422,293,324,395,155,248,5,317,511
60,22,190,309,175,165,493,281,197,275,32,87
60,23,138,510,403,470,14,332,228,115,391,126
60,24,158,181,225,227,160,356,370,41,510,439
60,25,511,68,87,199,280,203,489,376,7,324
60,26,117,48,167,267,235,203,278,243,285,372
60,27,492,311,422,163,291,58,317,454,406,49
60,28,37,63,356,153,182,134,288,390,0,264
60,29,387,286,22,274,68,288,97,290,385,312
60,30,470,138,137,212,402,460,377,148,181,424
60,31,318,259,24,113,394,156,29,193,280,444
60,32,7,391,191,429,307,228,243,78,473,383
60,33,105,499,200,372,298,126,19,119,491,209
60,34,28,285,398,11,397,275,411,86,414,36
60,35,362,403,120,23,237,462,170,406,460,478
60,36,113,151,111,410,242,210,87,419,425,80
60,37,125,422,303,468,256,155,497,131,324,101
60,38,197,190,493,309,80,62,87,175,275,191
60,39,242,338,27,267,5,189,283,374,337,349
60,40,451,141,60,486,27,10,4,206,188,154
60,41,301,351,143,402,346,232,331,458,203,383
60,42,10,276,376,185,90,106,500,388,285,280
60,43,146,85,237,381,485,24,368,20,82,338
60,44,37,207,141,387,266,358,315,300,419,174
60,45,235,275,42,451,227,168,462,237,169,280
60,46,419,87,490,300,283,389,305,349,413,261
60,47,485,444,151,341,491,479,50,163,206,395
61,0,35,498,48,183,269,445,1,329,182,494
61,1,464,276,129,166,245,101,52,341,247,462
61,2,288,150,475,334,502,305,14,203,122,195
61,3,107,78,14,491,7,42,255,180,309,414
61,4,99,202,382,92,289,388,304,356,205,469
61,5,163,421,34,57,507,460,366,336,137,476
61,6,404,7,439,231,409,94,152,390,445,204
61,7,397,312,500,383,462,147,277,243,173,106
61,8,225,117,370,327,510,203,84,247,158,219
61,9,511,50,106,254,489,327,126,87,176,330
61,10,167,436,226,372,500,117,179,235,438,76
61,11,192,311,317,106,149,102,272,371,241,476
61,12,148,125,264,134,474,356,373,304,20,483
61,13,23,127,68,374,286,210,322,314,307,33
61,14,507,402,470,432,360,282,378,478,445,137
61,15,221,246,415,124,150,2,259,14,38,458
61,16,391,380,428,7,191,461,435,197,423,262
61,17,375,363,391,293,418,161,483,393,308,126
61,18,480,453,232,160,18,451,380,124,206,121
61,19,185,450,205,478,85,318,93,164,90,329
61,20,141,78,152,116,144,113,376,296,495,484
61,21,125,401,246,355,432,276,488,189,404,190
61,22,420,62,147,458,473,298,80,483,249,218
61,23,240,138,14,197,470,236,403,115,352,213
61,24,225,327,107,106,299,416,438,495,483,374
61,25,511,35,254,74,124,51,176,248,108,100
61,26,426,167,267,76,504,41,118,116,34,337
61,27,311,391,454,241,493,265,371,61,421,439
61,28,182,148,474,373,304,125,264,364,329,131
61,29,127,23,414,286,374,210,61,322,476,216
61,30,470,507,402,377,190,424,148,331,257,137
61,31,135,245,318,15,227,65,373,339,214,420
61,32,391,380,191,340,7,322,474,416,428,241
61,33,375,391,126,420,293,19,200,418,119,274
61,34,453,160,359,480,232,71,36,18,423,488
61,35,362,185,93,141,405,403,209,105,329,261
61,36,360,210,151,141,374,126,113,490,227,292
61,37,401,125,246,101,404,316,432,155,303,480
61,38,197,157,120,250,420,249,62,470,458,147
61,39,242,338,199,356,129,120,27,197,236,391
61,40,451,486,61,239,437,299,372,243,206,229
61,41,84,300,140,301,398,493,287,387,124,113
61,42,388,285,203,295,350,289,8,124,376,396
61,43,196,30,148,85,206,366,20,200,300,77
61,44,315,207,76,61,419,393,314,10,215,502
61,45,168,22,270,42,238,356,101,308,218,442
61,46,25,418,283,67,343,404,346,258,55,286
61,47,445,254,343,204,60,169,140,242,388,359
62,0,298,194,83,380,109,169,114,165,331,262
62,1,466,36,495,383,252,167,97,485,151,184
62,2,324,239,125,61,84,308,171,436,115,255
62,3,14,405,78,335,4,205,473,320,336,453
62,4,426,496,506,68,469,387,213,15,325,118
62,5,9,242,83,354,162,111,91,326,221,468
62,6,193,445,94,404,482,409,280,134,269,439
62,7,479,215,243,303,106,241,7,312,346,242
62,8,408,397,77,359,231,117,225,414,370,204
62,9,511,35,68,254,280,500,87,321,308,106
62,10,267,48,500,461,203,438,419,504,264,240
62,11,311,492,163,422,477,401,184,238,212,371
62,12,230,264,182,288,0,153,356,63,21,37
62,13,286,68,387,262,259,165,505,418,476,11
62,14,470,212,377,274,138,402,179,154,434,148
62,15,245,459,424,38,73,259,212,394,495,318
62,16,391,191,450,7,238,260,429,78,380,59
62,17,420,363,375,499,491,105,402,490,209,341
62,18,359,104,160,124,10,115,31,243,121,385
62,19,362,185,93,284,13,463,360,2,403,48
62,20,141,374,376,410,78,144,151,384,479,99
62,21,125,401,246,155,316,488,274,157,190,404
62,22,250,157,60,120,249,197,267,62,125,24
62,23,199,242,217,303,23,165,474,68,17,361
62,24,45,428,510,416,406,225,370,165,160,248
62,25,511,68,35,74,411,504,321,500,280,423
62,26,260,267,48,420,167,76,73,372,393,157
62,27,422,311,84,454,371,425,492,163,350,444
62,28,63,37,182,153,230,346,323,356,264,87
62,29,286,387,23,53,68,33,302,132,290,250
62,30,470,402,212,179,424,377,138,460,165,479
62,31,73,245,318,135,15,227,459,420,74,495
62,32,391,7,191,450,380,238,487,260,88,429
62,33,420,490,402,491,375,255,391,105,363,499
62,34,160,10,359,104,36,423,115,243,193,318
62,35,362,93,185,13,209,405,141,284,395,403
62,36,151,210,311,141,360,374,410,384,490,328
62,37,125,316,101,246,401,155,432,160,404,421
62,38,197,157,250,60,120,24,249,75,30,62
62,39,199,120,68,242,59,247,361,452,227,351
62,40,141,499,254,61,395,449,316,500,44,266
62,41,300,87,292,124,261,47,88,217,462,398
62,42,226,27,124,218,243,319,462,368,128,18
62,43,148,206,124,120,24,366,273,359,300,25
62,44,238,100,322,177,207,297,311,281,370,510
62,45,204,280,47,475,162,45,148,173,265,196
62,46,350,338,418,452,107,433,471,23,388,67
62,47,138,60,360,273,204,137,248,343,108,96
63,0,121,154,279,299,336,45,420,433,478,195
63,1,340,160,292,485,344,361,117,81,199,207
63,2,324,240,50,171,113,482,61,75,108,481
63,3,203,14,319,473,453,140,320,232,137,255
63,4,363,387,444,322,503,400,315,97,75,244
63,5,162,3,221,242,299,402,220,268,407,406
63,6,405,94,44,445,173,467,463,469,460,218
63,7,479,215,504,149,211,1,476,443,266,30
63,8,22,415,408,234,289,341,412,362,293,453
63,9,13,496,510,254,305,3,455,415,511,324
63,10,116,41,364,438,500,124,261,219,281,471
63,11,436,212,311,324,477,208,488,41,401,400
63,12,264,230,124,323,139,354,356,118,182,358
63,13,53,68,350,322,509,502,400,463,347,469
63,14,470,424,479,2,492,148,402,257,176,397
63,15,245,135,15,227,420,339,214,208,259,221
63,16,380,260,191,78,391,116,277,263,156,434
63,17,20,363,15,391,420,200,4,490,444,445
63,18,237,104,311,243,160,40,504,205,452,65
63,19,185,362,93,141,403,2,478,284,209,395
63,20,141,311,384,11,374,204,151,376,210,328
63,21,125,316,101,246,190,274,462,160,141,489
63,22,157,422,250,197,490,80,120,62,234,115
63,23,199,68,120,361,488,102,165,59,415,55
63,24,225,130,460,344,3,248,299,72,180,502
63,25,511,56,221,411,74,321,124,248,51,271
63,26,260,267,225,116,73,229,500,457,416,295
63,27,311,420,265,454,472,57,180,54,102,439
63,28,264,46,182,176,203,323,474,402,125,124
63,29,250,290,322,302,403,53,154,501,132,307
63,30,424,470,479,304,148,377,298,387,331,460
63,31,135,245,15,420,227,339,24,191,29,259
63,32,380,391,78,307,191,352,322,132,348,166
63,33,465,391,105,382,116,288,201,420,58,363
63,34,237,11,104,243,65,36,71,201,160,311
63,35,403,141,362,93,221,185,150,267,64,120
63,36,311,151,210,111,374,143,141,62,431,113
63,37,316,101,160,125,246,303,152,421,404,155
63,38,157,250,120,490,197,372,62,319,458,299
63,39,120,199,242,68,59,247,452,361,227,102
63,40,141,499,254,449,395,472,27,277,453,316
63,41,88,300,261,87,292,462,47,217,124,381
63,42,218,243,226,319,27,462,265,18,58,128
63,43,206,148,124,366,120,273,24,359,300,261
63,44,238,322,177,100,281,297,311,370,207,232
63,45,204,475,196,280,162,45,173,363,373,148
63,46,350,23,452,433,107,241,262,370,67,44
63,47,108,66,137,60,112,323,248,89,119,451
64,0,290,9,145,38,415,53,189,348,220,95
64,1,144,94,390,30,55,438,78,1,490,156
64,2,202,431,154,435,127,287,88,421,75,479
64,3,78,240,374,14,280,473,50,255,320,503
64,4,331,117,430,420,445,305,498,278,135,232
64,5,159,279,293,221,117,220,280,32,23,384
64,6,94,381,347,286,280,395,428,234,472,437
64,7,312,307,505,299,225,462,57,106,37,7
64,8,225,510,370,491,204,408,269,247,438,8
64,9,221,511,254,187,36,190,203,496,321,93
64,10,407,16,267,116,372,58,381,415,438,167
64,11,401,311,443,57,102,272,457,477,462,387
64,12,360,375,264,356,75,497,440,0,2,125
64,13,286,68,322,262,504,245,53,284,400,146
64,14,470,402,377,424,176,479,331,397,2,434
64,15,245,459,73,374,135,495,510,414,494,49
64,16,380,238,260,191,88,7,391,78,322,135
64,17,219,363,391,402,330,420,490,475,449,135
64,18,68,237,378,221,243,298,121,46,18,423
64,19,93,362,107,463,143,351,209,460,73,283
64,20,311,210,374,218,373,490,384,141,51,431
64,21,160,101,125,316,421,372,499,235,443,489
64,22,452,187,265,329,148,197,15,71,87,66
64,23,68,199,361,217,23,227,120,59,62,242
64,24,225,510,491,266,408,247,413,397,502,260
64,25,511,36,221,187,254,74,423,32,469,411
64,26,267,407,16,485,312,118,167,260,372,76
64,27,422,401,82,311,462,265,351,439,314,475
64,28,360,182,375,63,125,41,356,264,75,497
64,29,230,286,53,68,104,501,15,250,356,283
64,30,470,402,424,148,492,507,479,488,377,460
64,31,135,227,245,494,156,24,71,339,15,232
64,32,380,7,391,228,241,78,352,191,348,88
64,33,219,391,363,420,255,105,435,135,490,489
64,34,68,243,298,18,46,221,423,327,36,121
64,35,93,362,209,511,73,406,329,84,403,251
64,36,218,384,113,11,311,431,292,490,87,210
64,37,125,101,160,499,316,443,421,172,169,303
64,38,265,481,187,238,148,431,324,295,452,15
64,39,199,120,68,59,242,247,217,394,330,452
64,40,141,120,266,61,135,254,386,239,303,472
64,41,27,140,399,87,390,300,363,12,132,223
64,42,279,18,458,37,243,296,332,319,504,336
64,43,24,206,120,200,148,124,300,403,349,493
64,44,402,207,162,311,217,76,297,456,154,66
64,45,231,7,64,325,494,10,196,280,124,489
64,46,350,257,454,227,471,258,363,398,242,179
64,47,457,90,235,217,176,75,129,481,317,139
65,0,393,457,96,166,21,23,474,288,337,463
65,1,417,55,280,236,87,370,378,148,430,56
65,2,324,189,144,246,81,143,216,488,378,111
65,3,510,280,255,453,388,232,209,78,294,193
65,4,487,56,502,244,289,270,137,315,253,185
65,5,279,29,159,23,118,305,162,425,246,384
65,6,381,231,333,286,44,145,5,347,492,173
65,7,417,312,7,133,453,57,25,205,106,356
65,8,225,147,84,491,408,415,265,235,501,412
65,9,190,220,221,254,143,496,93,397,365,511
65,10,201,364,407,267,438,388,13,219,37,420
65,11,401,19,324,311,447,212,423,57,420,477
65,12,396,264,247,41,375,17,182,298,125,423
65,13,165,146,133,295,54,509,347,502,172,284
65,14,365,402,168,257,351,303,176,2,301,148
65,15,38,124,345,208,2,69,14,184,414,278
65,16,380,473,434,461,259,251,241,76,495,411
65,17,20,298,479,2,135,417,424,142,429,330
65,18,68,243,105,129,40,65,123,412,92,172
65,19,95,284,164,462,261,494,178,283,511,121
65,20,384,292,64,431,149,126,113,169,33,479
65,21,443,172,295,125,38,489,169,462,241,190
65,22,481,197,351,22,490,62,147,217,299,97
65,23,488,502,157,305,474,44,473,472,113,151
65,24,266,422,460,299,222,180,502,285,8,190
65,25,80,297,362,422,419,343,5,175,435,186
65,26,144,86,457,267,104,225,189,141,449,101
65,27,423,374,260,19,278,54,391,488,261,212
65,28,367,55,210,247,115,72,182,337,114,171
65,29,403,250,492,473,469,395,268,308,104,200
65,30,336,59,52,193,307,207,121,440,43,347
65,31,312,99,357,92,144,156,469,462,482,104
65,32,228,100,93,474,448,296,404,386,139,460
65,33,2,135,99,217,332,176,292,509,21,256
65,34,105,352,328,247,52,134,92,188,209,81
65,35,64,462,406,139,251,2,121,54,511,170
65,36,113,431,463,384,11,292,218,169,80,62
65,37,169,125,172,443,152,209,213,489,27,446
65,38,481,490,238,73,22,197,101,319,53,147
65,39,199,120,59,452,68,197,413,236,126,405
65,40,120,141,27,229,348,430,266,221,305,453
65,41,399,217,426,223,88,363,422,347,301,54
65,42,37,18,458,319,293,142,423,181,128,354
65,43,24,206,38,349,124,120,31,456,300,200
65,44,402,456,217,297,150,207,76,215,327,323
65,45,64,325,10,494,280,191,265,223,42,196
65,46,350,250,363,23,107,5,490,281,300,452
65,47,108,66,479,176,137,220,117,112,151,317
66,0,434,189,446,211,414,133,503,466,118,507
66,1,126,490,390,30,438,372,27,501,45,474
66,2,283,96,446,385,163,86,258,366,152,70
66,3,78,374,280,503,392,96,220,232,284,60
66,4,178,420,331,278,62,430,135,372,436,424
66,5,34,57,421,476,460,366,336,507,463,293
66,6,325,286,169,304,373,94,428,39,280,143
66,7,225,474,299,312,121,376,419,406,227,37
66,8,225,232,247,204,70,261,88,459,370,216
66,9,383,221,511,67,170,458,303,324,108,507
66,10,286,430,159,509,267,331,450,500,451,116
66,11,311,354,420,392,477,30,163,259,257,119
66,12,159,0,10,264,191,440,254,503,56,215
66,13,33,502,53,250,322,508,469,214,294,68
66,14,2,4,267,492,135,331,202,136,444,440
66,15,2,245,229,15,69,208,135,71,78,269
66,16,380,391,50,474,349,434,460,232,116,193
66,17,363,20,464,102,4,90,2,317,135,428
66,18,166,200,105,442,146,65,201,267,195,148
66,19,261,169,43,150,481,164,270,236,251,198
66,20,145,169,245,463,152,384,87,380,301,482
66,21,360,125,152,446,289,213,27,462,303,489
66,22,380,241,296,116,458,123,449,480,502,337
66,23,199,59,488,470,44,213,405,126,165,502
66,24,225,232,247,261,70,333,299,370,84,286
66,25,383,511,67,221,123,411,80,297,321,489
66,26,286,430,383,267,201,422,76,461,203,116
66,27,354,263,311,86,447,423,265,391,457,472
66,28,159,46,191,201,182,318,367,115,503,437
66,29,403,250,469,422,269,322,54,200,41,340
66,30,267,35,59,4,496,331,97,444,144,465
66,31,182,2,221,347,361,369,69,242,122,29
66,32,241,460,340,416,50,474,380,461,228,304
66,33,277,417,4,63,498,2,292,135,332,464
66,34,200,65,166,172,146,346,71,498,423,105
66,35,369,320,354,126,450,236,30,197,65,478
66,36,431,384,80,11,113,111,38,62,292,82
66,37,125,213,360,152,289,84,27,209,122,170
66,38,458,241,380,238,197,124,402,481,116,268
66,39,199,452,120,68,59,499,197,492,428,405
66,40,141,61,239,346,430,266,288,135,31,499
66,41,88,390,489,507,477,347,426,301,141,356
66,42,37,203,354,496,500,332,76,296,458,280
66,43,38,30,31,443,355,24,237,303,200,451
66,44,150,207,305,300,362,483,215,450,76,419
66,45,507,42,168,248,147,229,220,443,356,348
66,46,167,163,438,257,350,281,496,232,33,495
66,47,4,508,242,176,117,75,398,106,388,442
67,0,461,280,496,12,494,266,217,107,63,306
67,1,406,438,314,317,213,396,117,199,27,344
67,2,90,276,40,81,353,143,420,146,202,189
67,3,73,434,255,100,374,326,180,50,290,118
67,4,138,121,420,331,315,262,160,400,305,278
67,5,163,421,57,498,34,230,157,393,118,425
67,6,146,374,401,61,373,246,7,106,187,332
67,7,397,474,107,32,290,299,312,7,270,505
67,8,324,376,225,443,84,300,412,114,333,299
67,9,496,401,489,271,297,251,208,273,123,314
67,10,430,308,267,483,116,182,500,58,474,364
67,11,175,122,236,447,306,212,497,132,50,93
67,12,77,191,137,414,115,56,112,319,337,328
67,13,340,322,462,172,509,422,183,469,262,32
67,14,478,440,496,446,2,176,257,394,158,35
67,15,2,69,214,414,361,507,14,407,221,345
67,16,380,434,327,461,50,76,460,297,423,229
67,17,20,226,385,330,135,2,489,450,257,63
67,18,380,166,232,44,397,218,311,23,489,262
67,19,164,270,169,197,198,414,359,229,224,494
67,20,156,379,11,384,152,364,68,328,17,149
67,21,125,276,84,213,503,219,489,375,244,468
67,22,4,459,158,197,442,62,147,217,337,97
67,23,488,452,59,300,293,44,492,447,72,441
67,24,225,324,136,375,299,422,274,153,180,222
67,25,56,80,221,123,445,248,469,397,197,51
67,26,267,295,422,500,116,383,201,429,312,337
67,27,457,188,132,208,374,391,447,416,306,61
67,28,77,191,402,367,319,58,112,61,184,271
67,29,403,315,269,422,127,386,473,326,511,41
67,30,392,491,478,144,480,4,7,91,440,346
67,31,464,2,393,415,309,470,122,277,454,214
67,32,381,136,4,448,386,100,350,328,228,460
67,33,292,417,464,46,412,434,481,63,77,253
67,34,380,232,166,397,71,218,311,328,188,372
67,35,126,511,283,420,180,179,379,388,321,146
67,36,11,431,328,384,292,38,379,80,398,113
67,37,152,84,125,8,209,186,422,213,141,303
67,38,4,158,53,197,152,216,258,475,458,298
67,39,120,199,115,492,17,415,59,455,61,396
67,40,451,221,79,430,385,31,435,193,270,453
67,41,88,246,50,507,134,38,316,238,411,458
67,42,37,302,388,76,496,208,332,439,175,233
67,43,31,303,67,30,300,484,240,85,8,367
67,44,266,207,315,70,92,150,37,305,502,183
67,45,348,182,168,42,218,238,425,147,443,99
67,46,246,311,87,454,299,232,284,75,362,96
67,47,90,485,50,242,231,86,315,210,303,398
68,0,172,445,183,482,182,59,498,450,273,431
68,1,129,52,207,27,96,275,117,472,260,98
68,2,214,324,378,424,21,195,425,461,81,482
68,3,107,78,374,332,392,140,21,498,453,263
68,4,99,331,278,305,178,384,148,232,97,462
68,5,137,163,481,23,498,333,40,196,361,384
68,6,7,333,48,209,134,400,460,276,335,373
68,7,312,299,7,329,383,211,236,57,292,488
68,8,225,159,261,70,510,273,502,370,501,15
68,9,221,308,496,477,254,327,176,271,108,511
68,10,286,179,438,116,334,429,94,219,420,267
68,11,354,311,304,208,387,462,82,447,420,272
68,12,148,337,414,264,56,124,464,333,483,41
68,13,23,322,53,469,192,262,476,502,289,33
68,14,507,470,304,424,402,479,2,375,257,58
68,15,135,227,245,339,389,15,65,73,420,454
68,16,380,166,7,348,340,260,78,76,238,434
68,17,375,391,490,330,233,293,135,428,15,363
68,18,18,232,453,380,480,193,206,160,187,423
68,19,450,478,283,355,477,346,87,448,494,169
68,20,227,119,245,479,141,64,384,281,11,84
68,21,125,401,462,246,488,489,276,8,189,432
68,22,420,197,113,62,498,80,213,268,497,458
68,23,68,240,150,392,142,144,165,59,369,213
68,24,225,510,64,333,327,180,248,139,222,502
68,25,221,63,500,411,36,511,50,496,271,56
68,26,426,267,260,179,295,347,34,463,41,116
68,27,82,462,454,311,351,447,22,47,394,54
68,28,182,148,329,373,337,382,437,328,125,264
68,29,23,15,414,322,131,307,509,230,504,250
68,30,470,304,402,148,424,460,257,479,377,2
68,31,135,227,15,339,318,389,373,156,494,245
68,32,391,340,7,380,78,166,238,429,191,276
68,33,375,293,490,391,209,19,1,511,105,363
68,34,193,359,160,480,453,232,349,71,423,262
68,35,405,448,450,362,283,329,131,197,403,462
68,36,151,113,425,374,141,210,419,490,292,484
68,37,125,401,256,246,209,432,480,155,404,143
68,38,197,80,268,420,249,470,448,53,352,120
68,39,294,302,228,215,27,115,61,391,338,510
68,40,451,486,61,188,482,69,453,466,384,282
68,41,85,418,84,301,504,238,458,411,149,146
68,42,285,388,381,496,332,233,412,8,57,501
68,43,85,24,366,203,200,300,267,372,477,446
68,44,315,207,76,415,408,451,362,150,144,61
68,45,168,42,430,356,238,443,398,67,507,367
68,46,346,396,362,374,308,476,58,438,258,24
68,47,445,242,254,398,86,90,140,409,129,331
69,0,298,380,194,83,262,109,169,148,114,331
69,1,466,344,27,77,452,117,151,199,367,141
69,2,324,239,84,61,255,482,308,272,81,143
69,3,14,473,143,453,405,320,21,4,365,336
69,4,213,97,232,68,469,262,387,498,15,140
69,5,242,162,83,91,9,504,354,137,401,66
69,6,193,269,400,153,333,134,94,508,430,10
69,7,215,479,7,106,1,303,243,313,100,356
69,8,408,147,397,502,327,414,359,225,266,510
69,9,254,500,35,496,511,321,349,358,68,48
69,10,267,219,380,359,155,372,286,429,364,116
69,11,311,324,401,462,184,82,367,238,477,387
69,12,264,182,230,0,124,125,423,63,288,37
69,13,11,393,386,146,469,262,509,165,488,54
69,14,402,138,470,212,71,510,421,241,257,321
69,15,38,424,69,24,103,2,14,347,507,330
69,16,7,450,391,191,238,141,259,499,145,382
69,17,375,363,490,298,479,142,100,330,135,417
69,18,359,160,104,259,193,263,465,433,301,454
69,19,405,2,448,360,346,414,105,478,283,494
69,20,151,374,141,78,250,376,356,479,320,41
69,21,125,190,401,480,126,488,141,462,189,468
69,22,197,157,250,120,60,97,80,249,156,62
69,23,213,240,17,142,23,150,165,470,474,232
69,24,160,406,45,77,8,510,416,322,344,180
69,25,500,35,280,68,511,496,411,344,498,106
69,26,73,372,267,260,394,426,36,41,471,388
69,27,184,454,84,422,163,447,54,444,351,275
69,28,182,264,230,37,153,346,373,323,329,63
69,29,230,387,317,250,338,255,290,273,469,181
69,30,470,148,212,138,434,402,424,64,257,305
69,31,24,156,259,173,347,318,232,251,444,448
69,32,7,228,191,56,429,78,307,327,503,243
69,33,490,105,375,489,19,499,209,372,100,251
69,34,359,160,488,10,262,193,11,104,436,433
69,35,362,403,511,405,434,283,406,413,448,150
69,36,151,374,376,210,111,113,80,141,126,62
69,37,125,303,480,401,209,256,382,143,246,432
69,38,197,157,268,60,120,250,53,299,97,127
69,39,242,68,199,129,267,466,17,126,510,115
69,40,188,141,61,500,87,449,305,239,356,288
69,41,140,301,346,398,113,197,85,102,458,347
69,42,285,226,124,27,233,289,319,381,18,332
69,43,124,148,24,206,85,77,366,120,200,309
69,44,207,76,238,61,451,419,362,344,215,121
69,45,204,475,443,47,168,507,42,280,220,25
69,46,338,418,350,281,476,67,374,388,508,438
69,47,138,60,273,242,398,204,331,274,442,453
70,0,121,154,279,420,299,336,45,433,478,195
70,1,340,160,292,344,361,187,485,252,2,223
70,2,240,50,324,482,171,356,108,481,61,487
70,3,203,140,180,14,453,141,319,25,275,137
70,4,322,444,400,387,327,363,315,372,244,270
70,5,162,244,30,416,242,3,246,260,504,402
70,6,44,14,469,94,173,467,406,218,34,82
70,7,437,215,504,293,149,443,266,203,479,133
70,8,22,412,401,3,472,415,152,226,480,234
70,9,500,219,5,94,496,510,498,397,201,64
70,10,186,13,116,364,339,248,281,505,104,261
70,11,324,32,436,448,364,41,19,90,151,362
70,12,264,230,182,247,139,323,358,406,164,124
70,13,509,283,121,469,502,503,250,53,68,204
70,14,470,424,402,479,162,138,380,321,257,298
70,15,227,2,420,347,135,245,453,164,318,374
70,16,380,78,263,260,116,7,191,482,162,276
70,17,490,444,161,464,280,391,428,296,135,363
70,18,104,78,331,205,40,243,488,160,452,31
70,19,261,2,375,462,478,283,355,270,413,414
70,20,41,64,99,384,78,479,425,250,109,420
70,21,125,468,175,52,26,126,45,8,97,189
70,22,490,197,157,485,97,125,62,299,234,469
70,23,68,199,102,16,361,414,344,73,165,140
70,24,422,460,8,225,344,180,263,495,333,16
70,25,271,496,221,498,411,74,248,467,147,51
70,26,457,372,90,104,248,462,144,225,252,13
70,27,32,436,54,272,151,88,430,374,444,391
70,28,182,264,139,364,203,367,318,129,312,428
70,29,250,302,501,290,121,53,322,488,326,307
70,30,470,424,479,298,148,377,460,180,380,495
70,31,135,420,29,212,24,318,339,15,251,454
70,32,380,391,78,263,322,116,261,191,162,307
70,33,105,391,465,58,1,288,382,201,417,462
70,34,11,454,71,247,262,301,474,263,311,40
70,35,403,150,346,283,92,239,342,84,251,221
70,36,151,80,384,328,204,292,11,143,376,111
70,37,303,152,125,209,241,489,462,497,127,366
70,38,157,197,490,53,87,280,421,147,351,508
70,39,120,199,242,68,59,102,267,247,351,30
70,40,499,254,500,141,430,449,472,188,395,87
70,41,217,88,347,87,4,261,80,381,469,124
70,42,218,332,418,285,319,280,406,181,265,226
70,43,206,148,120,359,366,124,273,220,24,403
70,44,207,238,76,311,156,281,297,415,387,232
70,45,204,280,475,507,168,388,196,162,171,217
70,46,350,452,433,107,404,438,281,23,5,415
70,47,60,108,137,66,92,112,96,97,317,461
71,0,220,99,270,38,145,0,347,282,122,353
71,1,144,55,205,170,485,490,191,153,327,64
71,2,335,324,287,315,143,81,189,171,488,450
71,3,493,78,280,473,21,14,255,234,449,34
71,4,289,407,213,502,137,462,356,253,104,365
71,5,364,279,394,159,23,162,221,91,384,120
71,6,239,445,30,276,44,442,78,286,468,413
71,7,49,451,106,476,478,245,89,484,421,284
71,8,323,510,84,147,8,502,408,400,415,10
71,9,511,500,187,489,314,360,295,298,218,498
71,10,181,429,267,116,395,438,372,58,201,419
71,11,121,324,457,479,272,317,477,102,445,396
71,12,134,264,182,0,125,21,183,407,20,316
71,13,286,11,68,502,283,262,121,294,505,54
71,14,402,470,247,99,360,282,2,510,108,148
71,15,318,347,423,2,215,173,424,330,418,29
71,16,238,7,191,391,450,394,78,75,141,156
71,17,490,388,327,479,330,100,363,308,483,126
71,18,105,378,172,423,121,193,346,186,58,1
71,19,463,183,84,158,15,478,92,329,349,283
71,20,151,410,311,210,78,376,296,60,477,344
71,21,125,248,422,155,324,480,52,152,437,190
71,22,197,481,238,190,73,62,241,246,140,475
71,23,150,267,17,23,61,213,365,165,88,242
71,24,406,510,142,344,72,130,323,310,460,445
71,25,136,411,511,74,124,500,234,51,248,93
71,26,246,73,260,309,267,372,117,259,418,4
71,27,191,439,121,351,454,464,54,275,104,457
71,28,134,182,265,329,125,364,373,21,490,183
71,29,286,230,132,350,307,68,471,495,496,245
71,30,470,247,402,212,377,460,237,424,148,495
71,31,135,494,318,459,173,347,423,24,259,330
71,32,7,391,238,191,78,429,380,111,473,307
71,33,327,490,68,105,173,391,489,417,363,84
71,34,378,121,193,105,172,36,88,423,302,261
71,35,183,15,362,403,145,92,158,342,413,84
71,36,151,210,311,328,26,143,11,376,431,99
71,37,125,248,422,152,118,155,131,392,303,324
71,38,481,238,190,73,197,241,140,246,360,101
71,39,267,199,120,68,59,242,247,452,361,224
71,40,499,188,449,141,254,266,91,316,500,87
71,41,88,217,449,261,87,292,445,47,299,489
71,42,276,37,248,354,458,18,457,218,455,265
71,43,146,206,349,24,180,120,366,359,306,273
71,44,81,387,207,402,203,358,162,311,232,119
71,45,283,227,171,280,34,239,200,357,223,218
71,46,471,163,167,350,107,363,372,300,404,5
71,47,479,508,4,217,75,119,137,324,418,461
72,0,199,269,157,496,108,423,476,405,402,239
72,1,470,355,406,215,55,424,453,228,217,41
72,2,334,306,151,199,404,488,469,172,362,150
72,3,493,124,78,447,473,320,50,319,453,405
72,4,289,342,262,469,498,365,502,305,232,387
72,5,454,502,167,162,204,221,91,369,281,384
72,6,30,392,201,446,445,77,84,28,36,280
72,7,350,239,80,451,9,438,325,335,284,132
72,8,510,158,408,502,84,147,10,227,27,131
72,9,511,40,496,489,271,378,100,64,425,390
72,10,117,181,419,267,225,372,488,438,43,364
72,11,406,371,422,17,457,495,197,102,387,324
72,12,134,264,182,265,0,288,97,63,140,21
72,13,286,307,502,350,283,68,470,54,165,262
72,14,402,247,470,148,82,460,2,165,180,360
72,15,189,459,318,69,2,24,423,355,214,229
72,16,391,7,380,191,238,216,499,141,277,78
72,17,327,490,68,173,100,308,317,479,428,126
72,18,378,504,91,261,472,100,277,302,399,121
72,19,183,92,15,21,463,362,84,213,435,342
72,20,151,311,373,26,99,328,210,204,143,477
72,21,248,125,45,152,324,424,452,150,155,237
72,22,149,405,190,104,49,275,175,238,270,397
72,23,267,68,199,224,120,0,165,15,361,467
72,24,510,158,142,265,344,225,203,316,408,460
72,25,136,43,445,234,411,74,124,261,7,93
72,26,246,309,260,117,167,73,36,267,259,495
72,27,454,100,406,351,478,439,191,291,371,422
72,28,134,97,182,140,474,63,265,0,21,264
72,29,307,132,350,286,399,37,68,322,245,53
72,30,470,424,148,377,247,298,304,460,2,402
72,31,135,15,212,420,494,29,318,227,24,257
72,32,391,380,78,191,7,352,238,277,307,216
72,33,327,105,173,465,391,68,403,490,58,417
72,34,378,504,91,261,11,422,472,399,19,36
72,35,183,403,92,141,21,15,213,342,362,145
72,36,151,311,328,210,11,143,99,76,82,431
72,37,152,248,125,45,476,452,324,240,392,155
72,38,190,149,275,405,104,49,238,270,205,57
72,39,120,199,267,68,242,59,247,452,394,361
72,40,499,141,449,254,500,87,395,266,18,101
72,41,88,261,217,87,445,449,47,80,439,124
72,42,276,248,455,265,218,77,447,457,87,466
72,43,146,366,206,349,120,359,13,306,273,148
72,44,387,402,311,297,177,56,405,147,59,200
72,45,227,280,235,200,215,34,57,265,479,169
72,46,350,419,256,23,141,340,348,188,177,314
72,47,272,78,85,11,142,414,451,444,284,218
73,0,71,309,32,130,37,160,286,353,381,278
73,1,247,86,353,157,398,320,434,427,303,165
73,2,380,334,150,483,296,75,286,109,142,431
73,3,354,447,78,357,473,374,272,240,237,216
73,4,245,349,196,331,498,262,418,365,232,140
73,5,456,180,127,420,340,221,169,96,162,69
73,6,452,189,77,329,179,280,359,63,30,109
73,7,327,438,174,268,441,170,325,312,468,491
73,8,510,158,3,408,225,84,147,502,100,407
73,9,511,36,422,475,221,452,40,143,378,95
73,10,117,488,267,395,300,438,167,350,106,461
73,11,406,422,291,371,17,238,477,311,268,57
73,12,406,264,288,182,0,134,380,63,248,409
73,13,286,350,68,259,476,307,264,294,386,502
73,14,402,444,148,470,138,247,434,224,371,460
73,15,189,14,394,415,454,124,251,24,347,257
73,16,391,216,7,380,499,78,156,238,435,506
73,17,327,173,142,490,363,135,330,308,479,42
73,18,378,504,472,464,310,121,196,422,434,11
73,19,183,92,242,21,1,213,463,223,118,342
73,20,497,451,151,311,328,373,26,99,204,11
73,21,125,152,476,452,237,45,98,3,248,424
73,22,422,243,426,150,461,112,177,276,471,394
73,23,199,68,267,120,59,165,361,470,15,62
73,24,225,510,158,3,265,203,142,460,16,180
73,25,136,234,199,411,221,338,511,321,51,124
73,26,309,260,246,117,116,36,395,295,73,267
73,27,454,113,100,406,148,478,351,54,191,466
73,28,406,380,463,474,182,248,409,63,25,356
73,29,350,269,322,307,399,476,277,68,132,250
73,30,424,479,470,148,377,402,298,444,165,460
73,31,135,15,494,339,454,318,227,24,251,214
73,32,391,380,78,216,132,191,352,7,277,307
73,33,327,105,391,465,403,363,48,473,58,161
73,34,310,378,464,19,65,472,11,121,434,504
73,35,183,92,21,403,141,213,463,220,375,105
73,36,151,328,311,497,11,451,76,82,143,431
73,37,152,98,3,248,125,43,476,452,45,104
73,38,422,394,426,243,461,150,112,190,300,276
73,39,199,120,68,267,59,452,242,247,394,217
73,40,499,141,449,254,500,174,395,120,266,346
73,41,261,88,217,501,439,87,50,47,292,443
73,42,276,455,265,218,426,56,77,225,172,95
73,43,146,206,366,120,359,391,300,213,306,342
73,44,387,119,79,145,402,297,311,243,199,281
73,45,280,235,57,148,421,363,265,162,452,75
73,46,350,419,196,241,195,70,412,281,369,434
73,47,88,444,247,284,391,108,407,323,66,89
74,0,1,329,275,31,35,293,391,369,60,180
74,1,464,465,166,475,247,228,16,367,229,506
74,2,150,334,112,502,109,474,301,288,469,203
74,3,78,483,328,280,124,326,14,493,374,503
74,4,289,382,404,212,92,84,430,5,283,331
74,5,478,181,368,42,58,459,454,364,93,195
74,6,404,66,258,91,30,385,77,204,169,270
74,7,263,194,22,277,312,325,178,129,224,441
74,8,158,225,510,408,462,432,81,316,28,370
74,9,511,221,53,156,452,56,95,475,424,499
74,10,117,152,288,170,373,97,296,417,267,320
74,11,35,406,98,97,311,365,286,113,192,102
74,12,506,162,134,211,63,170,356,172,264,304
74,13,307,405,470,243,68,70,162,62,476,322
74,14,470,424,82,298,371,380,247,434,402,460
74,15,135,227,229,423,195,100,496,339,393,347
74,16,380,191,348,197,116,7,261,277,263,285
74,17,299,327,391,403,44,490,465,42,434,252
74,18,28,346,504,196,140,481,275,295,286,121
74,19,118,183,213,141,399,58,223,242,460,163
74,20,151,82,328,232,11,314,200,8,311,357
74,21,422,298,48,248,476,452,429,424,158,152
74,22,190,238,56,481,246,107,73,275,165,473
74,23,267,68,59,120,452,199,62,351,470,88
74,24,158,225,510,28,424,390,462,100,374,150
74,25,452,156,277,330,56,221,153,230,327,46
74,26,288,117,152,442,267,170,59,352,42,372
74,27,35,175,113,406,311,94,295,373,237,2
74,28,162,506,134,211,21,0,359,182,97,219
74,29,162,405,307,322,149,243,62,127,470,433
74,30,470,407,30,444,204,498,391,173,479,82
74,31,227,481,380,135,229,432,423,389,15,454
74,32,380,197,453,78,61,489,340,277,179,348
74,33,327,434,391,315,418,490,299,282,351,221
74,34,28,346,172,277,144,140,121,275,36,105
74,35,450,461,369,362,183,141,58,213,320,363
74,36,151,60,328,82,102,480,311,410,62,376
74,37,422,125,84,443,213,248,131,231,152,172
74,38,238,190,481,56,246,101,275,197,107,165
74,39,267,452,68,199,120,62,351,59,17,470
74,40,188,141,254,266,135,234,61,499,449,303
74,41,88,77,331,299,143,496,356,351,51,364
74,42,37,18,458,90,265,106,470,359,276,376
74,43,38,24,31,146,349,124,148,363,206,332
74,44,358,81,37,456,266,207,402,70,92,59
74,45,283,171,169,484,494,280,348,462,103,223
74,46,363,495,350,1,433,89,250,97,107,490
74,47,479,108,137,66,92,221,400,461,414,391
75,0,461,280,12,223,80,266,246,383,63,340
75,1,438,257,314,489,68,355,269,392,137,41
75,2,474,232,334,149,202,276,189,81,140,224
75,3,434,255,73,319,47,280,294,180,266,132
75,4,121,331,420,304,213,400,244,270,305,160
75,5,435,362,246,163,69,498,279,384,198,265
75,6,30,404,207,270,401,53,127,147,151,484
75,7,397,474,107,194,312,299,480,7,290,173
75,8,158,324,225,510,426,412,390,359,438,333
75,9,53,327,56,176,452,277,369,156,469,271
75,10,182,430,300,117,108,58,308,417,373,372
75,11,175,30,306,373,122,394,354,436,236,201
75,12,191,112,192,137,309,138,359,190,124,338
75,13,307,405,322,469,482,475,250,305,189,53
75,14,190,444,460,479,424,394,176,344,339,75
75,15,14,184,221,496,394,179,423,69,361,229
75,16,380,499,197,412,461,116,297,30,435,137
75,17,327,434,418,391,385,152,363,24,221,135
75,18,28,380,166,218,39,201,64,465,44,155
75,19,450,141,461,183,126,369,501,163,484,61
75,20,328,82,200,357,11,36,376,292,8,207
75,21,298,48,422,158,84,188,125,117,365,218
75,22,4,107,158,238,229,190,275,152,216,411
75,23,267,452,165,150,59,88,54,199,302,17
75,24,158,324,225,390,375,28,285,506,150,309
75,25,153,277,452,369,330,53,221,156,118,218
75,26,430,320,117,337,152,267,182,372,483,194
75,27,373,50,354,35,128,265,175,439,411,477
75,28,191,21,506,134,414,373,77,182,112,441
75,29,322,307,340,405,162,317,418,469,315,68
75,30,267,444,402,82,495,190,148,7,394,60
75,31,415,221,257,432,122,423,24,227,278,173
75,32,340,461,412,446,327,336,490,197,380,277
75,33,434,327,308,385,418,391,293,299,152,351
75,34,28,380,166,180,218,116,344,311,454,195
75,35,183,501,58,84,403,61,450,236,434,232
75,36,480,151,200,256,328,111,384,311,376,503
75,37,298,248,422,152,48,158,125,218,84,458
75,38,4,107,158,190,238,275,216,152,229,419
75,39,120,199,267,59,68,165,62,15,330,41
75,40,188,141,234,254,499,277,143,101,208,303
75,41,88,261,129,38,496,77,356,373,307,47
75,42,37,302,276,106,499,458,340,175,417,90
75,43,363,332,320,146,31,132,337,82,484,24
75,44,70,266,81,454,358,37,199,404,160,235
75,45,171,103,348,280,283,259,213,182,239,57
75,46,454,284,311,87,299,444,419,416,232,350
75,47,90,479,457,485,395,210,151,303,315,410
76,0,275,200,356,156,274,228,4,59,318,294
76,1,257,391,196,376,464,0,105,176,41,282
76,2,334,232,474,73,268,236,203,464,378,337
76,3,483,326,328,280,78,124,255,11,319,50
76,4,289,382,238,404,331,333,379,189,235,469
76,5,181,195,196,35,368,247,455,478,153,459
76,6,30,404,147,53,66,308,482,134,100,153
76,7,182,277,485,173,135,178,378,194,436,469
76,8,158,28,394,285,426,390,452,432,408,510
76,9,330,463,277,53,430,452,364,137,271,176
76,10,417,152,170,187,117,480,288,71,300,207
76,11,98,97,373,237,493,35,175,394,27,54
76,12,134,506,187,124,170,162,125,304,118,264
76,13,405,307,482,322,133,469,470,250,289,162
76,14,460,82,454,398,247,434,444,424,339,500
76,15,229,423,496,225,24,189,69,173,393,318
76,16,116,262,64,499,297,412,277,490,461,455
76,17,327,434,299,212,221,390,391,418,454,67
76,18,28,51,180,233,440,286,428,216,103,276
76,19,118,183,61,58,434,84,134,163,501,15
76,20,200,328,151,8,159,82,314,256,357,187
76,21,298,48,248,152,458,98,422,158,452,282
76,22,190,238,246,165,366,73,275,481,107,56
76,23,267,150,88,165,17,142,455,62,13,177
76,24,28,158,452,390,225,0,263,462,214,408
76,25,153,338,330,277,450,218,461,125,452,87
76,26,117,71,320,337,372,394,57,250,387,228
76,27,237,54,492,373,128,439,422,302,368,454
76,28,21,134,424,373,182,452,0,469,441,63
76,29,307,230,495,322,269,162,245,405,173,383
76,30,398,82,444,402,181,434,60,339,261,369
76,31,432,251,24,221,92,225,454,317,257,123
76,32,232,145,269,193,350,336,426,383,455,64
76,33,327,299,434,417,221,19,20,88,46,474
76,34,28,180,51,440,36,116,275,311,101,22
76,35,183,84,15,482,61,434,315,232,118,251
76,36,151,8,328,314,311,480,200,11,159,250
76,37,152,298,248,98,458,43,448,125,48,121
76,38,190,238,107,275,493,206,56,419,134,411
76,39,120,199,267,68,59,62,351,165,142,102
76,40,141,499,254,449,18,341,27,143,234,188
76,41,88,261,439,47,77,217,381,129,440,356
76,42,276,499,417,340,455,376,487,3,332,466
76,43,332,206,146,366,302,320,120,380,359,132
76,44,454,404,160,311,81,217,235,387,70,119
76,45,280,171,103,162,57,169,283,421,259,363
76,46,471,350,419,300,200,314,378,232,177,53
76,47,479,369,151,36,92,218,137,410,317,471
77,0,199,269,157,476,480,108,494,423,74,405
77,1,470,257,376,355,464,101,228,68,196,303
77,2,334,151,177,469,150,232,306,474,203,502
77,3,124,171,78,330,483,178,149,398,493,32
77,4,289,382,342,283,84,452,81,119,469,92
77,5,454,478,368,196,167,35,353,459,181,42
77,6,66,30,153,258,404,385,53,308,134,482
77,7,182,378,469,277,173,80,193,350,194,436
77,8,158,510,301,225,316,247,341,426,86,359
77,9,53,475,176,330,128,221,137,95,56,337
77,10,152,300,170,117,251,417,373,288,187,120
77,11,175,97,312,35,98,493,365,373,406,411
77,12,162,134,271,359,170,443,452,343,506,351
77,13,322,405,307,482,51,133,289,250,70,172
77,14,424,292,479,60,470,460,208,42,298,190
77,15,135,318,339,227,423,189,351,229,65,389
77,16,380,216,197,116,223,277,352,263,64,94
77,17,327,403,302,434,391,465,257,390,299,44
77,18,28,180,51,233,494,196,323,422,295,378
77,19,118,223,183,482,61,163,483,213,21,141
77,20,82,328,200,8,11,314,311,143,256,151
77,21,152,476,298,448,98,458,119,48,452,429
77,22,107,190,275,419,366,417,49,26,422,102
77,23,199,120,59,62,470,267,68,1,302,165
77,24,225,158,247,100,136,396,438,274,180,460
77,25,369,67,56,234,445,221,475,452,136,248
77,26,117,436,87,483,324,225,288,309,233,130
77,27,113,454,170,466,373,128,365,47,175,173
77,28,359,134,380,322,77,221,115,443,199,271
77,29,269,307,476,322,243,162,127,68,29,142
77,30,470,148,424,371,444,479,60,346,2,76
77,31,454,135,423,227,69,24,2,339,75,330
77,32,391,380,78,352,461,327,132,244,64,241
77,33,327,434,465,403,391,417,261,63,308,332
77,34,28,180,51,116,286,19,310,494,295,440
77,35,482,183,458,163,221,213,120,403,342,223
77,36,314,8,151,311,76,328,480,111,250,66
77,37,152,448,298,98,125,248,43,476,324,458
77,38,107,190,419,275,366,46,49,411,422,294
77,39,199,120,59,68,102,267,351,129,62,165
77,40,499,141,254,18,143,449,234,27,453,101
77,41,261,88,439,47,129,217,381,356,440,87
77,42,417,276,455,499,340,77,436,184,466,265
77,43,206,366,332,120,200,359,82,286,476,132
77,44,454,311,404,160,217,119,235,509,387,70
77,45,280,169,103,363,162,57,235,421,28,97
77,46,350,419,53,177,314,6,340,56,378,195
77,47,272,36,414,461,410,218,92,409,78,425
78,0,309,139,479,339,500,14,340,432,367,460
78,1,247,33,401,334,329,500,493,301,398,274
78,2,245,150,85,75,332,177,251,431,468,442
78,3,397,78,374,189,26,370,220,34,223,50
78,4,331,420,349,117,498,314,278,418,262,135
78,5,270,156,353,38,127,441,169,398,13,284
78,6,7,108,134,308,94,373,109,30,437,423
78,7,34,274,299,194,173,419,225,491,193,38
78,8,225,158,247,370,100,301,510,136,216,426
78,9,56,499,176,369,511,475,424,95,221,327
78,10,117,170,417,436,278,483,59,367,324,58
78,11,175,406,373,295,365,311,2,113,57,286
78,12,356,474,221,271,338,359,249,134,199,2
78,13,307,322,53,162,504,68,470,70,418,264
78,14,470,424,60,479,444,292,42,2,371,208
78,15,135,189,318,227,339,418,191,221,420,214
78,16,380,391,132,197,352,216,277,78,116,307
78,17,403,327,302,434,391,418,475,257,363,465
78,18,51,180,121,494,440,422,220,295,28,409
78,19,482,223,213,183,21,463,141,58,163,118
78,20,314,328,311,11,200,82,8,151,480,18
78,21,152,476,98,119,448,253,452,125,282,155
78,22,422,419,46,107,316,102,193,15,177,335
78,23,199,120,59,68,267,62,165,452,484,15
78,24,225,158,247,100,370,510,136,214,107,427
78,25,56,499,221,511,369,234,445,199,327,452
78,26,436,117,367,395,324,170,267,288,307,278
78,27,113,175,100,311,406,373,170,454,422,128
78,28,359,474,0,134,21,380,338,322,182,63
78,29,269,322,307,495,162,250,433,68,350,418
78,30,470,479,424,148,42,371,444,60,407,402
78,31,135,318,494,423,420,15,227,212,454,330
78,32,391,380,352,78,132,429,244,487,340,7
78,33,327,403,465,391,105,67,25,463,473,302
78,34,310,121,494,19,51,180,422,220,65,280
78,35,183,482,213,21,403,141,362,342,120,221
78,36,314,151,311,328,76,8,66,11,111,250
78,37,152,448,98,248,125,324,43,119,303,476
78,38,46,107,419,422,190,394,193,15,102,316
78,39,199,120,68,59,102,267,351,242,165,394
78,40,499,141,254,143,18,449,61,500,101,277
78,41,47,261,88,217,292,439,363,87,381,129
78,42,417,276,455,77,436,235,499,181,464,389
78,43,206,366,359,120,332,200,132,82,306,342
78,44,311,119,160,454,217,207,243,509,297,404
78,45,363,280,103,421,162,235,57,331,97,265
78,46,350,241,195,419,53,494,24,22,70,151
78,47,89,444,92,88,461,323,380,222,317,117
79,0,434,446,211,414,37,358,360,503,462,75
79,1,247,279,493,58,33,465,91,324,45,334
79,2,86,96,385,258,366,245,446,163,83,75
79,3,78,374,263,316,232,287,503,473,392,100
79,4,420,331,178,498,135,232,436,304,372,365
79,5,216,85,169,405,293,221,342,465,477,99
79,6,169,325,7,373,94,119,248,282,10,280
79,7,193,34,299,225,509,419,69,121,37,87
79,8,225,247,370,510,158,100,422,217,355,365
79,9,511,221,67,321,115,56,327,475,271,176
79,10,117,152,307,238,120,395,331,7,267,500
79,11,311,392,30,420,406,86,175,36,359,229
79,12,10,46,356,51,338,2,152,264,0,239
79,13,322,250,203,68,53,302,397,433,504,172
79,14,479,470,331,300,224,424,128,460,360,498
79,15,135,318,227,460,191,245,300,420,2,339
79,16,391,380,78,412,490,116,277,461,434,297
79,17,463,330,233,102,363,307,135,393,114,20
79,18,442,121,280,286,201,403,422,11,418,19
79,19,291,403,183,163,324,55,213,120,118,351
79,20,311,11,328,384,202,151,62,250,298,111
79,21,152,119,115,253,448,98,479,452,370,492
79,22,380,123,399,15,116,431,394,384,402,449
79,23,199,68,120,59,126,15,267,62,165,113
79,24,225,247,370,100,217,158,333,180,445,107
79,25,321,221,511,344,56,199,234,248,67,51
79,26,383,117,295,267,395,201,372,116,337,36
79,27,100,454,475,394,212,457,391,361,425,445
79,28,46,474,302,124,118,359,115,319,382,309
79,29,269,495,322,226,177,386,192,250,53,64
79,30,479,470,402,0,424,341,331,135,300,64
79,31,2,156,454,221,251,394,29,24,460,69
79,32,391,380,78,116,327,7,460,499,199,224
79,33,327,102,261,67,253,105,417,403,463,280
79,34,280,286,310,19,494,403,121,36,11,442
79,35,183,213,259,403,375,163,221,291,283,4
79,36,151,66,311,328,384,11,431,111,62,250
79,37,152,98,248,125,448,155,299,115,438,279
79,38,380,15,123,116,399,394,431,62,423,402
79,39,199,120,267,68,15,165,59,150,351,102
79,40,143,254,499,141,61,18,165,472,386,453
79,41,261,346,87,439,88,381,217,426,47,373
79,42,276,417,235,232,455,15,478,30,251,376
79,43,206,190,146,384,359,366,300,120,132,82
79,44,90,311,217,207,509,387,24,160,61,154
79,45,363,235,280,57,229,162,331,421,237,103
79,46,350,419,427,22,241,281,24,378,195,221
79,47,89,444,461,117,76,323,230,337,442,380
80,0,92,63,67,7,451,64,49,349,327,254
80,1,279,247,426,58,45,243,344,441,493,84
80,2,256,273,431,127,83,145,86,128,180,96
80,3,78,374,263,180,305,255,21,232,473,414
80,4,420,331,498,262,304,365,356,476,232,22
80,5,85,358,296,169,38,221,384,477,51,99
80,6,437,455,119,7,249,296,373,248,305,384
80,7,34,299,419,225,193,509,250,47,62,192
80,8,225,100,370,247,510,158,301,273,365,34
80,9,63,56,424,115,221,511,499,86,50,327
80,10,117,78,193,239,233,196,376,448,191,225
80,11,406,311,361,175,2,420,304,365,353,82
80,12,345,356,474,249,359,233,479,152,20,136
80,13,322,307,397,203,504,264,68,142,476,418
80,14,444,304,371,470,424,128,224,492,2,108
80,15,318,227,251,214,345,394,242,418,186,472
80,16,380,412,499,166,116,391,461,277,78,297
80,17,233,327,475,363,391,393,152,114,307,403
80,18,286,428,494,67,121,51,117,310,156,410
80,19,183,349,251,477,235,445,414,400,137,351
80,20,328,480,151,410,506,116,113,479,292,314
80,21,98,146,299,152,125,248,438,412,45,155
80,22,10,15,414,502,394,20,2,417,290,37
80,23,267,150,62,88,31,14,470,13,142,17
80,24,225,158,396,100,247,510,406,180,460,107
80,25,445,411,321,495,290,325,248,199,221,80
80,26,383,295,117,350,267,460,416,309,337,36
80,27,100,454,466,447,60,317,394,391,361,457
80,28,193,402,329,428,439,359,364,437,31,179
80,29,269,326,295,124,264,495,307,418,230,386
80,30,189,402,371,446,346,365,327,176,440,18
80,31,415,460,454,257,14,92,2,184,278,173
80,32,327,473,30,241,111,416,420,44,499,229
80,33,327,253,417,299,119,490,427,434,308,46
80,34,310,286,121,36,311,504,266,19,301,322
80,35,183,406,511,283,84,235,404,462,17,500
80,36,151,328,311,113,384,120,80,111,245,342
80,37,248,125,98,152,422,412,299,155,209,274
80,38,15,394,190,414,10,290,20,62,304,502
80,39,267,120,68,199,144,142,17,15,466,478
80,40,188,143,254,141,239,31,11,382,340,24
80,41,100,449,408,149,85,302,129,418,261,346
80,42,276,232,30,455,410,478,480,417,15,83
80,43,146,190,206,384,132,237,443,365,162,82
80,44,387,207,148,311,402,337,76,199,154,119
80,45,235,57,280,210,331,122,443,168,367,147
80,46,419,350,510,124,24,281,496,221,14,305
80,47,444,202,370,461,144,110,442,483,129,176
81,0,463,378,337,406,265,21,462,96,186,341
81,1,247,378,265,294,370,18,95,398,87,448
81,2,63,109,106,334,237,150,30,253,296,157
81,3,212,78,1,305,374,473,385,232,255,143
81,4,393,63,54,22,418,498,304,462,262,443
81,5,163,421,507,57,34,336,366,29,278,424
81,6,145,168,269,5,318,119,94,1,280,84
81,7,221,20,374,16,93,34,72,441,129,193
81,8,158,510,225,100,370,490,316,200,181,10
81,9,511,424,391,452,158,95,46,27,321,176
81,10,117,438,442,196,225,350,393,488,165,423
81,11,425,406,317,30,238,373,188,57,508,326
81,12,154,474,264,395,134,428,98,245,288,304
81,13,142,264,307,322,350,470,162,259,294,418
81,14,304,371,444,402,138,128,117,224,434,424
81,15,189,472,215,24,507,460,435,276,251,424
81,16,166,259,133,446,499,391,367,232,412,7
81,17,327,299,479,454,233,417,490,363,330,24
81,18,92,310,226,504,121,93,295,98,122,428
81,19,183,247,15,84,349,379,350,78,283,336
81,20,151,328,480,177,63,276,479,311,477,179
81,21,248,167,152,125,378,412,31,155,324,438
81,22,321,35,394,165,224,190,45,320,121,304
81,23,267,150,17,9,425,14,470,391,88,442
81,24,158,406,510,316,396,413,460,72,490,184
81,25,411,445,234,248,321,74,136,261,124,507
81,26,36,295,246,117,167,460,309,337,416,76
81,27,454,439,104,265,317,22,191,466,27,47
81,28,373,364,182,134,474,81,154,437,31,329
81,29,269,495,307,509,317,326,210,162,402,68
81,30,148,444,371,402,365,129,460,128,282,237
81,31,415,444,221,454,257,78,317,259,460,489
81,32,7,391,327,111,145,259,473,336,93,499
81,33,327,489,126,490,119,427,89,19,20,183
81,34,28,121,310,226,36,11,92,372,46,396
81,35,183,120,403,320,15,247,362,84,450,462
81,36,151,111,419,113,311,276,495,376,60,367
81,37,125,248,422,324,152,155,131,218,209,167
81,38,190,35,394,321,197,62,45,224,121,320
81,39,267,242,68,452,120,466,199,126,17,185
81,40,188,141,135,61,143,11,277,266,208,18
81,41,449,301,99,47,351,85,149,257,346,32
81,42,276,382,260,130,30,455,357,202,113,376
81,43,146,24,4,490,206,120,435,349,306,85
81,44,148,387,37,207,199,99,358,228,61,402
81,45,235,57,122,89,280,237,115,331,227,494
81,46,510,419,350,114,87,200,412,283,268,67
81,47,444,120,483,461,2,491,395,292,163,340
82,0,35,499,1,31,329,48,240,442,212,494
82,1,245,464,328,475,166,57,394,247,389,383
82,2,334,150,502,109,208,288,461,469,203,464
82,3,483,78,202,491,14,328,326,473,405,280
82,4,163,289,382,92,404,304,418,498,119,379
82,5,129,101,42,348,181,413,478,354,29,110
82,6,404,168,201,66,269,446,439,364,152,280
82,7,493,129,499,358,167,436,325,444,93,263
82,8,158,408,184,190,510,406,47,181,300,438
82,9,511,452,360,220,475,68,489,355,318,298
82,10,167,267,117,480,265,170,387,362,48,187
82,11,422,268,346,371,477,238,367,84,406,189
82,12,134,125,264,182,63,396,288,289,410,21
82,13,286,307,162,418,146,405,502,505,379,386
82,14,402,137,138,434,204,148,460,444,360,468
82,15,415,227,184,14,371,418,464,454,342,124
82,16,166,499,340,277,259,7,189,229,141,380
82,17,299,490,327,363,139,475,479,142,345,447
82,18,28,285,346,172,398,121,139,396,226,275
82,19,461,247,320,450,360,463,283,499,369,183
82,20,60,151,328,116,179,410,203,243,109,431
82,21,125,422,172,155,248,443,437,213,189,367
82,22,190,238,309,481,62,56,197,165,101,478
82,23,27,455,228,189,337,236,150,470,413,396
82,24,406,158,390,408,510,190,134,445,7,308
82,25,507,80,261,343,411,124,452,123,7,74
82,26,167,76,394,372,337,267,432,36,90,187
82,27,373,439,394,447,265,47,475,54,27,145
82,28,182,373,396,364,134,465,150,17,25,129
82,29,403,495,269,402,161,469,326,308,210,424
82,30,257,137,360,237,402,282,148,230,54,446
82,31,221,415,379,99,454,444,2,144,464,377
82,32,463,327,44,185,321,229,304,7,457,511
82,33,89,99,19,489,119,435,256,20,481,1
82,34,28,285,398,396,131,311,209,187,71,172
82,35,462,406,283,169,494,267,6,195,251,178
82,36,151,292,80,149,113,60,425,152,419,62
82,37,422,125,256,443,213,209,8,267,437,382
82,38,197,190,238,309,481,359,246,147,56,62
82,39,115,338,392,267,61,413,5,492,126,283
82,40,61,188,239,34,62,301,229,213,382,96
82,41,77,301,143,185,471,44,393,323,70,88
82,42,376,285,413,76,296,8,203,500,37,84
82,43,38,85,24,451,500,200,31,114,30,488
82,44,207,37,76,150,481,399,362,141,419,215
82,45,42,168,507,420,317,443,356,216,283,238
82,46,250,363,350,346,281,232,246,396,27,438
82,47,398,242,108,442,403,479,117,263,140,255
83,0,290,9,415,53,145,317,348,221,38,75
83,1,438,257,314,68,248,355,41,425,94,307
83,2,334,277,154,189,386,81,246,118,203,143
83,3,434,319,255,21,47,125,294,42,161,209
83,4,445,331,327,185,18,270,487,160,315,244
83,5,279,23,159,221,362,120,499,198,276,329
83,6,30,347,34,396,94,400,335,346,492,477
83,7,312,474,7,32,329,299,57,505,488,236
83,8,225,300,324,510,190,412,333,408,299,64
83,9,36,422,496,452,80,221,277,349,271,360
83,10,267,308,182,167,430,192,58,300,219,381
83,11,447,354,192,238,433,420,387,251,379,457
83,12,191,467,439,367,254,358,360,337,382,31
83,13,307,405,469,264,509,393,322,480,88,162
83,14,304,176,58,402,444,49,2,108,360,393
83,15,414,415,184,221,278,454,345,124,242,470
83,16,259,446,349,141,434,258,304,193,166,420
83,17,483,126,408,388,2,289,239,348,405,232
83,18,28,166,234,380,232,39,18,337,454,477
83,19,169,178,370,164,8,194,144,511,404,6
83,20,68,473,487,179,113,149,193,79,64,109
83,21,125,276,422,355,293,219,184,174,52,342
83,22,448,197,158,62,508,97,218,147,336,337
83,23,383,470,27,475,455,405,366,492,392,270
83,24,8,407,333,413,43,106,456,324,483,372
83,25,313,80,71,286,498,343,422,500,123,197
83,26,167,457,267,449,90,101,463,498,479,337
83,27,444,447,398,212,423,47,60,261,104,366
83,28,182,453,367,373,81,242,439,56,337,398
83,29,231,481,387,307,269,28,383,505,1,115
83,30,71,402,421,257,470,494,474,108,125,487
83,31,454,68,259,239,270,203,394,361,221,276
83,32,228,391,7,446,474,495,473,506,460,461
83,33,253,298,511,19,479,105,79,20,308,182
83,34,234,193,301,86,454,71,474,50,359,263
83,35,448,362,173,329,405,342,413,462,23,511
83,36,356,151,210,425,116,205,292,242,113,376
83,37,125,401,394,441,157,328,428,300,493,480
83,38,197,249,351,147,53,268,62,97,492,298
83,39,115,242,244,425,27,338,391,455,61,126
83,40,486,451,61,206,453,46,169,143,282,413
83,41,287,84,301,385,85,4,34,346,231,215
83,42,388,37,280,285,195,404,302,217,8,332
83,43,77,133,85,186,430,451,470,163,200,203
83,44,315,338,207,37,76,266,218,502,183,61
83,45,303,168,42,443,367,420,507,248,238,147
83,46,246,24,362,258,454,281,292,496,232,55
83,47,242,90,50,231,398,485,331,461,140,442
84,0,183,445,172,182,439,482,450,498,431,148
84,1,276,129,52,464,207,63,473,117,13,367
84,2,334,214,378,195,482,288,423,143,91,203
84,3,161,107,143,255,21,478,412,251,476,332
84,4,304,462,289,202,99,213,184,418,374,365
84,5,510,83,162,329,26,91,137,413,69,401
84,6,30,404,203,237,409,53,18,482,430,293
84,7,303,7,421,276,138,484,8,33,478,476
84,8,510,408,158,359,502,225,300,438,414,310
84,9,511,500,40,489,12,68,295,360,341,271
84,10,117,267,429,167,48,419,134,219,395,205
84,11,238,422,268,477,317,265,149,394,154,326
84,12,125,264,491,288,148,182,63,31,139,471
84,13,469,481,505,386,162,128,262,502,451,170
84,14,402,470,138,212,421,71,82,510,340,99
84,15,239,68,394,459,22,212,498,444,161,124
84,16,189,228,382,391,243,7,349,41,474,74
84,17,184,363,298,479,253,511,209,332,142,120
84,18,359,234,251,250,6,71,187,465,454,372
84,19,511,494,499,488,198,414,178,169,362,360
84,20,356,473,116,292,320,447,144,210,500,265
84,21,125,225,326,394,401,355,488,234,141,462
84,22,249,197,470,420,342,473,433,53,456,268
84,23,244,142,275,126,138,27,61,448,228,15
84,24,5,26,8,450,438,310,248,490,107,63
84,25,511,500,68,283,54,313,296,343,360,496
84,26,54,267,48,203,309,443,297,372,484,420
84,27,263,492,184,311,372,58,212,422,486,394
84,28,471,153,182,490,392,25,63,148,398,329
84,29,115,136,286,387,245,502,132,231,312,403
84,30,402,212,470,138,460,377,57,71,506,335
84,31,259,156,68,24,444,221,173,212,270,193
84,32,7,391,191,450,429,238,228,189,230,243
84,33,253,105,298,120,340,79,511,19,182,209
84,34,251,359,453,318,50,433,250,71,367,449
84,35,362,446,329,403,342,173,499,13,434,462
84,36,356,425,210,151,116,111,265,144,376,296
84,37,401,125,394,155,441,246,334,480,326,328
84,38,197,249,470,157,420,211,36,165,299,62
84,39,244,242,27,115,338,481,334,462,17,391
84,40,61,486,451,453,295,141,87,232,4,510
84,41,287,84,301,493,385,346,373,240,226,307
84,42,388,368,226,27,217,13,208,285,421,489
84,43,77,133,124,85,186,200,430,451,86,366
84,44,338,315,207,238,228,76,433,218,222,199
84,45,303,475,442,204,398,507,22,168,42,443
84,46,25,418,24,283,88,67,286,484,292,281
84,47,445,254,343,79,60,204,507,242,240,388
85,0,298,351,249,333,315,83,109,395,435,194
85,1,97,32,88,383,235,146,442,466,74,349
85,2,357,239,324,372,125,295,84,272,409,27
85,3,14,78,335,4,405,473,205,280,320,88
85,4,68,506,28,496,289,426,252,325,488,213
85,5,292,9,354,236,242,468,482,446,263,71
85,6,185,445,260,280,80,234,13,194,409,159
85,7,158,242,215,425,382,191,9,241,199,303
85,8,408,77,356,26,414,397,510,35,370,252
85,9,511,68,500,295,280,346,37,111,296,462
85,10,48,267,54,129,348,203,9,443,181,167
85,11,263,492,311,163,422,184,238,477,291,350
85,12,264,288,153,125,182,63,459,346,471,230
85,13,387,136,481,286,128,115,52,259,505,97
85,14,212,138,377,470,274,154,402,421,460,233
85,15,193,318,68,424,459,245,73,212,494,289
85,16,7,391,429,191,201,243,450,474,228,238
85,17,105,120,363,386,499,469,372,491,253,484
85,18,359,318,251,264,50,6,184,49,433,42
85,19,362,446,403,2,329,13,377,173,342,375
85,20,356,210,179,376,265,398,320,151,80,500
85,21,401,246,394,125,334,457,235,189,234,316
85,22,30,157,223,250,249,210,197,458,284,345
85,23,242,328,415,290,27,51,244,17,23,28
85,24,77,26,439,458,5,397,449,435,13,456
85,25,68,511,407,346,280,360,296,192,37,500
85,26,54,426,372,73,500,203,461,48,76,86
85,27,263,492,58,462,422,430,30,244,184,250
85,28,153,471,28,182,37,63,264,329,459,346
85,29,387,286,403,312,250,22,97,115,68,136
85,30,212,138,506,470,402,460,335,377,426,243
85,31,193,259,156,24,199,270,78,221,451,361
85,32,391,7,191,429,228,243,474,450,490,149
85,33,105,253,209,200,298,499,372,120,340,79
85,34,318,359,251,128,488,264,184,10,250,449
85,35,362,403,446,357,13,342,413,120,451,329
85,36,210,356,151,425,144,360,376,111,116,296
85,37,125,401,480,246,155,334,326,394,418,127
85,38,197,223,30,157,250,249,191,75,120,351
85,39,115,242,27,466,481,5,510,17,199,14
85,40,61,141,239,449,232,301,453,277,206,101
85,41,301,217,240,346,84,13,287,232,56,398
85,42,27,226,368,319,217,142,212,421,154,208
85,43,124,120,24,85,200,451,346,82,149,488
85,44,207,238,167,56,228,402,76,156,215,58
85,45,475,204,47,303,443,331,280,220,215,507
85,46,388,338,5,177,67,350,23,107,418,370
85,47,272,60,137,414,451,119,273,324,218,147
86,0,320,220,39,464,346,485,44,38,132,222
86,1,144,152,345,165,190,146,214,431,131,170
86,2,322,335,324,87,286,114,89,171,13,500
86,3,14,482,489,148,405,205,280,78,253,494
86,4,169,252,289,371,471,469,480,110,488,152
86,5,71,9,236,446,280,220,83,91,292,111
86,6,194,234,260,286,22,280,379,415,80,445
86,7,105,49,172,382,451,26,174,275,358,242
86,8,458,449,26,414,470,456,134,397,87,12
86,9,500,360,462,413,467,136,318,388,511,43
86,10,54,270,467,187,473,395,58,456,334,419
86,11,263,147,477,384,424,504,374,491,75,317
86,12,153,434,342,264,139,230,175,182,183,164
86,13,469,115,209,315,262,136,502,300,232,132
86,14,138,321,403,237,402,216,210,413,180,510
86,15,270,469,379,357,320,324,407,269,99,144
86,16,228,460,255,50,192,503,178,474,7,386
86,17,253,469,79,504,458,212,340,363,344,135
86,18,219,185,452,131,338,345,88,96,340,264
86,19,362,31,435,84,139,228,349,342,357,414
86,20,473,109,418,209,291,356,116,210,179,3
86,21,453,321,423,462,234,415,65,143,148,443
86,22,467,69,82,408,446,319,360,476,287,238
86,23,332,413,126,242,229,391,337,243,472,165
86,24,458,449,413,329,77,8,188,341,344,493
86,25,421,500,343,411,7,124,452,283,192,117
86,26,73,54,127,389,284,86,341,201,76,504
86,27,275,464,368,4,314,472,445,191,421,316
86,28,501,153,434,58,493,319,201,231,31,342
86,29,403,428,363,502,395,165,250,317,469,383
86,30,426,237,126,210,511,275,495,195,344,379
86,31,452,221,155,292,416,357,144,441,2,121
86,32,238,295,286,217,77,277,75,434,310,239
86,33,253,204,87,205,47,79,332,458,434,396
86,34,88,219,311,96,149,338,319,185,71,342
86,35,462,228,84,449,406,429,178,120,494,362
86,36,425,210,418,151,378,495,116,166,80,292
86,37,453,125,443,326,27,66,256,321,356,303
86,38,197,82,69,360,467,319,408,351,238,54
86,39,115,299,5,27,391,466,129,88,242,483
86,40,61,239,270,39,34,374,472,206,442,235
86,41,301,471,440,249,425,346,426,179,379,231
86,42,425,162,343,155,107,319,376,74,496,217
86,43,418,30,60,381,474,451,488,500,355,173
86,44,207,358,228,76,399,225,119,5,150,502
86,45,174,428,443,168,367,416,507,164,42,303
86,46,281,348,85,268,162,463,438,396,496,346
86,47,176,242,479,398,16,442,186,508,483,97
87,0,494,504,383,108,94,220,491,480,206,232
87,1,214,496,431,90,320,146,144,297,393,361
87,2,324,220,69,22,394,335,190,325,123,170
87,3,78,14,280,405,493,482,392,473,503,300
87,4,289,432,304,462,469,424,13,316,117,8
87,5,220,280,202,117,91,293,352,162,51,120
87,6,395,54,286,445,280,415,234,223,330,194
87,7,49,451,312,183,346,105,382,89,225,161
87,8,439,458,370,449,204,252,510,438,395,367
87,9,511,90,318,360,10,288,496,123,54,108
87,10,270,473,267,341,429,419,470,488,255,395
87,11,384,492,477,317,192,445,84,409,316,75
87,12,2,342,21,125,0,244,264,176,175,23
87,13,286,309,473,44,68,392,317,224,259,300
87,14,377,237,169,402,274,151,138,460,353,470
87,15,487,193,270,73,259,78,245,212,442,330
87,16,391,238,191,260,7,429,75,450,78,156
87,17,253,504,88,100,280,135,388,32,363,161
87,18,46,88,411,19,496,86,404,318,489,35
87,19,362,463,446,478,283,435,357,120,236,349
87,20,356,291,210,179,410,151,230,166,116,296
87,21,125,457,5,326,141,423,235,387,367,488
87,22,197,360,82,458,234,238,477,0,287,69
87,23,299,244,242,334,14,332,215,89,415,338
87,24,439,413,449,458,142,107,248,252,493,445
87,25,27,411,511,108,343,452,124,7,325,248
87,26,73,504,76,246,309,420,267,54,372,144
87,27,275,384,4,492,221,244,464,22,191,317
87,28,182,153,342,501,176,2,58,157,440,450
87,29,286,403,309,245,361,132,495,386,392,315
87,30,237,426,402,128,169,377,510,339,9,138
87,31,259,221,239,2,318,136,330,78,29,270
87,32,391,7,238,78,429,401,243,474,307,75
87,33,253,105,100,298,183,161,88,280,330,15
87,34,88,36,46,411,344,142,496,318,35,128
87,35,362,120,357,403,342,463,173,261,349,435
87,36,151,210,356,410,425,296,291,111,116,495
87,37,125,27,44,457,25,5,314,303,453,155
87,38,360,197,238,82,298,62,493,284,257,322
87,39,299,244,242,115,337,334,77,466,406,31
87,40,141,262,61,453,212,4,239,472,386,309
87,41,47,217,301,346,44,404,440,398,351,471
87,42,215,319,37,361,155,217,450,293,10,343
87,43,173,30,124,423,306,176,24,355,200,484
87,44,207,358,81,61,228,290,169,345,344,199
87,45,171,348,428,231,407,440,25,223,443,220
87,46,8,280,348,324,387,85,281,240,496,86
87,47,306,346,242,398,237,348,209,176,20,418
88,0,353,283,67,63,12,461,58,33,277,419
88,1,338,494,297,191,232,259,374,306,320,90
88,2,182,12,61,396,323,5,75,11,179,244
88,3,78,143,312,28,259,180,255,506,448,72
88,4,304,462,213,104,305,205,236,315,469,286
88,5,510,157,439,491,371,232,85,123,220,315
88,6,223,502,122,18,283,369,228,94,105,97
88,7,498,329,476,475,303,57,106,233,1,8
88,8,456,336,450,91,396,63,370,181,13,225
88,9,87,80,321,376,324,511,271,314,71,203
88,10,358,473,127,325,147,372,471,229,21,498
88,11,317,192,436,265,84,126,259,147,30,324
88,12,264,81,90,192,450,186,139,474,490,124
88,13,469,250,508,269,302,437,473,317,387,505
88,14,377,64,470,138,135,233,243,424,212,181
88,15,193,2,318,245,212,424,68,394,330,459
88,16,429,482,474,391,380,78,349,228,260,50
88,17,469,105,363,90,136,160,387,58,215,497
88,18,201,209,11,488,35,71,268,64,396,339
88,19,403,362,222,353,283,64,288,364,426,251
88,20,179,370,492,250,152,120,166,447,424,349
88,21,274,497,126,387,256,505,190,189,462,278
88,22,197,378,492,380,508,89,97,55,36,217
88,23,199,107,414,83,102,186,217,165,126,313
88,24,370,325,456,63,247,225,333,422,170,267
88,25,49,420,511,68,380,80,506,192,349,259
88,26,27,461,203,322,377,295,299,296,395,325
88,27,33,350,311,392,163,397,430,126,261,84
88,28,356,46,474,490,176,63,180,125,150,139
88,29,154,501,387,250,302,290,262,386,148,508
88,30,470,441,130,243,424,377,64,32,479,339
88,31,15,193,245,135,73,454,2,325,259,362
88,32,391,482,380,228,201,191,440,474,352,307
88,33,105,215,469,58,102,332,160,363,200,253
88,34,11,201,436,488,134,337,272,407,335,35
88,35,403,353,362,426,251,222,342,329,413,120
88,36,116,148,250,378,327,394,144,111,384,149
88,37,366,152,97,274,503,317,159,234,382,256
88,38,508,53,197,402,36,277,330,475,342,380
88,39,199,247,102,407,465,466,150,126,59,138
88,40,51,141,352,449,500,305,11,230,153,250
88,41,335,217,272,149,426,87,328,347,363,123
88,42,268,390,102,386,291,211,171,465,336,83
88,43,284,206,346,120,220,306,132,34,164,149
88,44,207,350,311,402,76,297,217,323,215,429
88,45,168,64,481,280,127,60,258,220,99,367
88,46,357,348,8,290,387,429,240,346,215,85
88,47,346,55,306,395,479,242,90,120,433,496
89,0,383,1,94,491,206,240,442,110,108,504
89,1,297,15,338,461,494,234,107,501,124,374
89,2,12,323,269,11,244,61,5,209,453,298
89,3,332,498,454,140,312,319,226,220,299,414
89,4,244,331,205,160,4,451,286,454,503,315
89,5,510,371,85,404,425,199,237,120,315,64
89,6,228,335,369,223,433,125,267,325,202,122
89,7,329,88,292,510,69,504,78,443,393,233
89,8,456,333,225,412,364,384,368,20,336,293
89,9,464,496,94,49,505,13,56,467,477,273
89,10,431,479,147,86,463,358,252,470,144,331
89,11,130,436,93,191,439,106,324,351,192,510
89,12,371,90,10,46,81,354,318,238,106,427
89,13,269,428,437,469,67,508,441,363,439,308
89,14,310,38,32,413,202,131,35,59,53,426
89,15,357,2,153,320,221,208,489,331,458,239
89,16,463,349,239,304,404,50,290,386,86,119
89,17,217,451,56,458,353,360,215,92,256,405
89,18,83,365,332,281,209,364,215,449,39,274
89,19,282,361,439,98,370,179,416,111,32,108
89,20,474,381,470,359,277,86,201,428,505,394
89,21,383,97,455,221,503,144,211,217,108,175
89,22,480,380,464,218,266,200,97,489,53,217
89,23,186,410,270,282,419,345,114,191,508,102
89,24,492,161,284,83,384,170,412,43,293,234
89,25,49,420,505,397,464,252,56,92,258,190
89,26,27,166,195,431,318,461,451,479,377,412
89,27,392,242,33,153,350,25,496,311,46,65
89,28,10,180,318,367,139,46,466,58,354,236
89,29,403,250,488,315,143,262,386,455,501,11
89,30,277,37,487,0,245,130,168,131,35,310
89,31,424,313,14,489,139,361,251,184,394,221
89,32,239,187,396,449,300,185,251,495,342,250
89,33,215,432,275,479,102,226,492,338,203,379
89,34,83,432,337,71,149,491,64,489,421,345
89,35,494,406,318,208,236,416,492,205,228,178
89,36,378,149,144,320,116,152,79,86,470,384
89,37,503,303,462,174,382,135,393,355,275,141
89,38,197,155,266,508,421,299,53,449,217,116
89,39,214,465,186,481,7,399,115,300,55,159
89,40,270,4,251,328,435,502,300,171,477,228
89,41,301,54,359,349,238,44,346,393,179,396
89,42,316,321,203,450,162,262,8,282,178,377
89,43,85,418,171,160,300,196,376,311,382,28
89,44,207,61,76,81,228,183,502,344,119,5
89,45,171,348,443,428,168,367,431,440,356,220
89,46,8,348,85,471,240,232,496,194,86,454
89,47,90,479,457,303,306,346,242,81,398,504
90,0,393,166,17,491,116,182,353,297,483,178
90,1,338,281,435,107,15,90,289,309,270,234
90,2,11,396,387,503,12,182,497,63,61,264
90,3,332,312,454,388,298,226,143,48,255,223
90,4,377,460,4,319,213,291,236,451,243,205
90,5,510,315,439,199,201,397,329,428,462,277
90,6,223,122,426,276,8,18,284,228,167,86
90,7,129,329,473,407,292,422,243,36,356,483
90,8,456,106,63,91,511,345,368,336,450,422
90,9,80,286,71,464,287,12,334,31,341,467
90,10,473,498,86,147,401,210,358,506,322,243
90,11,374,510,350,126,424,93,430,151,369,326
90,12,90,139,192,146,70,79,119,297,186,371
90,13,469,473,250,269,508,437,317,441,428,501
90,14,413,38,32,135,452,373,64,53,310,202
90,15,153,2,422,489,239,357,361,208,48,166
90,16,349,228,330,404,50,362,463,239,474,386
90,17,217,469,480,458,353,280,489,451,405,497
90,18,365,83,449,215,445,332,35,209,201,64
90,19,439,123,361,251,341,350,416,98,486,420
90,20,359,381,86,505,73,470,460,201,277,17
90,21,97,108,455,447,468,221,219,217,383,387
90,22,421,35,508,217,168,218,68,266,467,0
90,23,282,345,270,379,186,225,33,468,381,119
90,24,456,492,368,332,293,161,384,284,43,130
90,25,102,186,287,397,92,454,198,342,311,105
90,26,101,149,105,13,328,171,354,276,210,15
90,27,254,133,155,395,207,153,431,284,183,242
90,28,103,146,106,55,376,466,257,419,281,420
90,29,0,122,116,186,139,299,58,48,103,511
90,30,315,55,199,131,251,77,172,152,437,293
90,31,8,3,367,296,323,176,387,196,327,292
90,32,351,271,68,463,300,39,161,80,330,433
90,33,480,273,218,145,411,230,322,82,452,275
90,34,332,39,0,289,161,328,189,13,493,145
90,35,123,469,76,327,459,20,160,418,88,46
90,36,487,378,174,408,154,470,79,94,57,48
90,37,174,382,481,256,141,416,303,130,396,447
90,38,22,197,262,433,168,126,236,508,299,307
90,39,299,5,115,404,55,33,411,31,458,185
90,40,351,270,414,328,163,267,487,4,23,34
90,41,243,346,301,359,349,50,393,471,453,495
90,42,215,162,155,100,154,439,375,316,8,83
90,43,85,160,171,11,311,163,418,240,245,382
90,44,81,207,358,174,228,61,344,262,183,502
90,45,171,428,283,218,443,197,240,431,440,367
90,46,490,348,8,363,471,85,281,419,19,86
90,47,479,369,151,346,163,395,306,504,176,137
91,0,269,108,199,94,494,48,157,35,423,480
91,1,470,228,90,443,453,214,15,101,234,297
91,2,151,123,396,103,469,220,306,394,434,61
91,3,78,300,14,124,205,470,394,149,405,190
91,4,289,342,432,68,469,13,283,304,252,430
91,5,484,454,162,302,111,221,91,300,220,510
91,6,445,223,330,286,415,509,234,60,280,392
91,7,260,346,312,89,329,183,8,51,498,129
91,8,408,439,456,414,91,269,479,336,84,265
91,9,314,156,489,108,60,68,452,292,218,467
91,10,267,337,341,480,334,58,395,473,372,504
91,11,504,445,424,147,163,317,477,264,374,371
91,12,264,182,125,0,176,418,63,451,319,441
91,13,245,286,505,300,315,192,271,221,480,473
91,14,138,402,360,377,84,460,237,129,169,64
91,15,361,239,480,78,270,221,470,59,287,469
91,16,7,41,243,349,429,474,5,228,391,339
91,17,253,243,405,171,373,248,479,24,469,507
91,18,142,492,372,223,404,338,396,335,491,35
91,19,357,251,349,4,144,337,388,84,360,414
91,20,118,179,229,419,473,410,299,363,180,171
91,21,125,314,387,80,468,10,0,235,61,95
91,22,49,197,410,287,62,217,266,506,421,275
91,23,332,77,299,337,229,383,186,26,275,215
91,24,456,413,439,269,449,341,494,408,24,495
91,25,102,343,261,7,314,490,507,123,106,415
91,26,15,101,13,463,144,52,81,149,11,171
91,27,254,247,133,37,40,431,225,278,447,430
91,28,106,186,150,210,147,146,379,44,73,69
91,29,268,145,242,308,276,430,75,289,121,395
91,30,259,220,474,307,491,121,487,172,152,379
91,31,292,357,367,330,176,20,416,296,137,215
91,32,327,86,41,455,463,284,431,239,300,494
91,33,233,121,353,432,130,427,337,240,318,414
91,34,52,303,254,365,404,492,436,40,149,383
91,35,87,205,208,406,171,228,439,451,6,271
91,36,144,408,118,425,473,149,79,87,487,378
91,37,314,382,307,256,174,503,141,157,373,244
91,38,49,197,410,299,266,421,217,26,126,458
91,39,299,77,510,115,337,404,407,465,458,55
91,40,270,34,328,414,129,284,466,164,251,502
91,41,404,339,346,115,78,117,349,181,70,471
91,42,155,215,154,363,162,10,146,439,73,285
91,43,171,160,85,240,418,66,259,390,480,288
91,44,207,174,328,108,152,376,5,502,470,76
91,45,443,146,168,120,197,331,367,413,24,311
91,46,8,468,281,348,85,240,419,507,496,33
91,47,306,242,398,100,409,346,81,417,461,275
92,0,440,353,392,42,95,386,289,118,338,309
92,1,297,341,180,15,124,253,193,400,443,484
92,2,12,323,182,5,396,114,179,61,501,269
92,3,78,259,436,28,226,312,180,72,114,319
92,4,236,108,462,304,481,61,120,300,474,286
92,5,439,510,462,157,232,45,315,199,371,120
92,6,122,8,223,94,314,346,19,502,497,86
92,7,329,254,102,488,504,183,483,487,476,361
92,8,456,63,91,450,396,310,286,266,94,8
92,9,467,43,87,203,12,107,80,334,392,96
92,10,473,75,171,462,127,80,372,511,498,506
92,11,317,374,265,84,126,316,166,430,436,424
92,12,264,81,364,192,450,79,176,25,490,186
92,13,317,469,508,458,505,271,437,269,424,428
92,14,181,138,64,135,148,460,377,157,470,212
92,15,287,270,269,239,277,272,474,357,399,286
92,16,228,429,32,243,7,460,503,386,178,349
92,17,469,21,380,344,182,243,171,1,458,19
92,18,268,30,238,83,365,35,420,71,454,491
92,19,426,229,413,442,98,64,439,251,388,375
92,20,470,179,422,12,299,359,468,94,505,118
92,21,174,276,30,503,217,325,455,383,385,327
92,22,286,180,173,247,480,362,197,217,448,494
92,23,107,355,414,186,114,376,83,459,350,354
92,24,456,494,422,8,492,332,63,280,94,24
92,25,102,342,186,283,415,454,98,92,402,311
92,26,13,328,105,149,15,112,252,77,128,52
92,27,254,133,301,40,284,117,155,25,207,218
92,28,103,146,55,419,376,466,35,147,365,29
92,29,186,48,3,116,419,122,39,0,345,511
92,30,55,251,351,315,102,293,152,437,279,198
92,31,367,8,465,323,292,296,196,3,387,357
92,32,68,271,185,402,432,144,351,330,463,304
92,33,275,480,34,452,273,82,411,414,145,378
92,34,145,492,161,328,0,189,401,69,289,207
92,35,76,338,123,469,252,361,327,46,88,20
92,36,174,408,381,57,401,147,460,71,308,487
92,37,108,130,174,249,486,455,447,221,217,382
92,38,66,386,180,98,44,299,333,449,139,68
92,39,33,119,214,458,55,345,381,93,411,268
92,40,349,157,351,272,418,450,81,323,270,258
92,41,186,438,252,301,323,488,3,291,183,243
92,42,316,162,55,292,253,237,146,203,274,155
92,43,160,85,300,37,170,292,387,116,311,310
92,44,207,76,47,328,268,339,502,113,344,162
92,45,443,168,367,25,220,229,336,120,356,214
92,46,8,151,85,27,281,348,419,346,468,240
92,47,242,346,444,398,442,395,345,491,232,449
93,0,1,94,206,383,442,240,491,110,69,504
93,1,15,155,431,220,297,214,232,443,124,181
93,2,396,269,387,11,179,220,189,199,5,290
93,3,332,454,412,161,180,220,312,78,234,377
93,4,441,4,15,304,286,487,219,258,462,213
93,5,120,510,280,334,329,79,499,352,490,97
93,6,493,415,335,346,283,223,445,276,369,20
93,7,183,504,148,383,97,117,332,95,160,329
93,8,456,91,477,473,106,63,269,243,449,370
93,9,511,282,380,334,392,54,38,343,208,349
93,10,127,225,429,147,473,300,462,134,96,126
93,11,247,147,364,324,504,279,316,75,425,472
93,12,371,359,353,244,439,176,295,480,309,319
93,13,315,193,428,300,439,285,361,496,216,268
93,14,413,363,379,358,157,380,38,37,485,259
93,15,357,369,381,416,331,469,305,489,361,379
93,16,463,503,331,269,14,119,239,79,443,349
93,17,182,208,487,502,85,217,199,92,29,275
93,18,337,52,492,452,290,491,365,363,54,23
93,19,361,432,504,416,198,6,251,179,380,321
93,20,359,37,86,460,474,277,473,68,226,505
93,21,97,455,6,478,219,177,217,59,503,184
93,22,452,180,311,0,200,448,299,464,58,398
93,23,246,33,193,282,376,345,398,225,410,277
93,24,456,492,369,201,494,343,124,351,170,2
93,25,28,380,98,294,30,436,102,282,49,94
93,26,354,276,105,149,101,112,13,193,128,458
93,27,503,247,251,328,195,438,284,153,429,254
93,28,106,371,405,466,146,29,259,365,413,35
93,29,137,478,403,216,308,473,238,299,419,511
93,30,351,363,183,474,131,433,152,449,37,379
93,31,381,292,350,357,428,8,394,172,286,48
93,32,239,246,463,271,185,221,494,431,300,402
93,33,273,332,322,355,53,275,369,458,364,81
93,34,66,14,363,52,322,328,38,189,298,303
93,35,205,418,406,494,274,60,439,462,404,313
93,36,425,378,473,116,107,359,144,492,68,149
93,37,320,141,503,203,256,44,303,382,130,125
93,38,197,299,298,449,80,473,510,505,217,311
93,39,115,404,243,159,389,275,511,22,299,483
93,40,154,270,251,351,444,507,299,328,62,213
93,41,301,382,114,346,494,186,117,252,49,347
93,42,388,285,146,203,162,8,292,316,441,253
93,43,85,160,11,196,267,27,341,171,474,240
93,44,315,207,435,502,76,183,64,300,61,362
93,45,168,443,42,220,25,308,413,140,367,120
93,46,87,419,232,374,27,510,496,33,85,8
93,47,491,242,444,398,461,306,81,100,423,49
94,0,499,1,35,17,69,498,182,241,48,329
94,1,382,309,148,453,172,338,331,333,328,419
94,2,11,387,65,61,377,144,212,208,298,284
94,3,2,491,312,454,412,332,180,377,428,127
94,4,370,286,243,70,381,38,258,148,184,304
94,5,442,510,97,439,78,334,209,329,71,371
94,6,20,493,54,335,154,276,497,396,446,112
94,7,407,332,383,117,375,160,183,245,493,8
94,8,456,91,336,450,63,106,266,282,477,460
94,9,80,342,12,392,380,376,467,397,186,31
94,10,473,86,358,210,127,128,229,149,506,21
94,11,130,272,317,265,22,104,466,191,37,374
94,12,119,146,81,371,79,186,349,70,192,238
94,13,437,269,428,469,173,230,67,317,293,366
94,14,38,485,131,413,310,373,32,125,53,259
94,15,357,221,422,2,239,489,153,309,361,458
94,16,4,304,463,404,228,349,474,386,50,413
94,17,89,217,292,280,502,458,21,480,360,412
94,18,365,83,209,254,215,134,71,328,332,77
94,19,439,361,229,109,251,393,98,416,244,420
94,20,86,359,505,381,277,120,486,460,473,37
94,21,97,455,320,108,462,219,217,203,221,174
94,22,311,0,266,169,299,58,480,200,368,296
94,23,33,186,379,282,345,225,114,30,172,270
94,24,492,161,355,456,284,170,412,293,43,422
94,25,287,380,397,80,286,49,464,304,505,92
94,26,276,105,316,101,132,210,198,13,52,27
94,27,177,471,9,412,229,269,369,236,88,65
94,28,466,367,146,238,477,405,281,318,106,58
94,29,403,250,474,308,469,200,473,66,172,441
94,30,189,131,299,0,38,285,483,172,491,379
94,31,153,156,221,214,139,320,292,414,415,2
94,32,239,300,463,455,404,330,304,185,95,362
94,33,102,364,90,414,480,203,56,332,21,275
94,34,363,38,77,71,491,298,66,303,69,289
94,35,494,205,60,439,462,406,178,511,228,329
94,36,378,425,473,149,87,116,419,79,144,320
94,37,141,503,320,382,355,203,256,174,307,157
94,38,197,449,299,211,311,473,505,80,421,53
94,39,404,115,55,27,243,22,298,345,7,381
94,40,351,270,444,502,34,154,171,144,457,164
94,41,301,68,471,49,382,396,238,44,291,435
94,42,388,8,155,441,154,376,330,285,295,162
94,43,85,395,48,160,247,171,267,71,93,186
94,44,315,169,207,502,76,183,228,141,371,61
94,45,168,220,443,25,49,42,147,413,109,368
94,46,232,67,374,85,281,27,55,170,438,24
94,47,445,242,60,398,254,461,253,296,106,103
95,0,227,194,380,83,165,298,114,169,109,261
95,1,382,70,466,442,383,88,206,365,114,188
95,2,426,270,365,239,84,125,269,312,158,325
95,3,14,4,203,405,394,205,251,88,253,476
95,4,496,68,426,15,252,469,462,304,213,410
95,5,445,9,354,111,242,91,49,468,162,1
95,6,54,445,280,227,67,505,192,413,330,112
95,7,76,346,242,303,8,458,320,335,421,60
95,8,449,408,479,397,458,414,11,490,19,395
95,9,494,511,68,280,500,504,314,360,188,292
95,10,267,270,419,157,504,395,187,372,58,337
95,11,154,384,212,477,492,75,147,163,504,427
95,12,342,153,264,230,182,53,21,0,359,63
95,13,54,205,11,502,350,393,121,386,286,216
95,14,402,416,253,179,2,321,257,363,312,224
95,15,99,270,103,424,38,221,269,78,173,2
95,16,450,238,391,7,503,506,41,107,460,509
95,17,253,108,80,393,33,135,4,507,344,115
95,18,115,66,10,86,38,363,318,359,160,77
95,19,362,164,60,300,261,85,284,349,329,405
95,20,205,473,116,356,210,109,87,81,374,419
95,21,401,432,246,480,326,125,6,404,219,174
95,22,197,157,250,458,234,210,53,156,30,87
95,23,370,511,290,298,242,441,352,126,331,135
95,24,165,406,80,449,341,344,428,487,460,139
95,25,27,343,454,494,500,401,498,197,290,156
95,26,73,309,201,452,372,312,463,57,284,436
95,27,373,275,4,167,22,316,425,368,447,421
95,28,58,182,367,490,483,339,210,329,61,402
95,29,403,230,363,121,132,473,315,308,361,317
95,30,426,434,416,511,121,282,363,237,189,168
95,31,221,239,444,357,452,466,407,121,498,144
95,32,228,474,241,434,420,14,386,423,327,93
95,33,253,79,217,350,298,130,320,151,168,20
95,34,488,311,77,262,254,491,508,38,421,71
95,35,462,406,261,494,95,439,144,283,349,403
95,36,425,116,166,378,151,205,107,370,292,144
95,37,480,141,6,144,125,44,307,30,326,382
95,38,197,80,14,458,157,299,70,53,492,282
95,39,115,275,332,5,510,466,61,422,185,440
95,40,270,4,453,251,239,34,382,61,301,414
95,41,422,359,68,291,231,301,382,289,44,507
95,42,124,396,233,155,404,292,330,226,394,178
95,43,85,451,93,203,55,48,124,319,149,385
95,44,207,76,238,502,362,272,64,213,344,228
95,45,204,168,220,25,42,507,317,367,233,356
95,46,338,85,374,281,232,418,67,396,388,55
95,47,138,273,242,60,398,244,105,253,21,129
96,0,154,121,279,299,478,420,336,433,332,45
96,1,223,340,219,510,93,361,292,344,40,507
96,2,426,51,240,113,449,269,61,101,84,338
96,3,14,203,161,412,332,377,498,251,454,180
96,4,363,322,462,434,444,503,469,441,102,304
96,5,3,220,162,120,276,499,91,386,20,505
96,6,445,405,44,335,276,20,173,346,430,467
96,7,76,504,437,149,476,327,266,67,243,373
96,8,106,243,211,311,386,437,3,414,84,113
96,9,505,380,349,208,496,498,334,467,510,324
96,10,225,127,37,210,473,248,377,395,358,190
96,11,324,147,279,32,301,374,364,480,212,26
96,12,264,358,371,193,176,244,164,309,247,260
96,13,473,469,269,173,428,315,502,492,67,317
96,14,38,125,413,193,477,307,485,379,70,59
96,15,323,20,130,267,469,137,51,379,201,197
96,16,151,439,84,431,233,250,204,449,4,68
96,17,369,242,230,367,23,318,358,170,98,337
96,18,434,281,0,231,343,450,219,21,303,199
96,19,245,431,459,510,367,341,271,504,153,495
96,20,37,359,460,474,157,174,2,287,397,470
96,21,182,482,175,28,455,388,40,277,26,56
96,22,485,114,452,172,490,115,476,373,9,471
96,23,33,317,277,282,376,323,46,322,355,398
96,24,456,494,369,343,284,124,492,9,412,201
96,25,454,92,272,30,98,402,94,186,198,102
96,26,354,99,13,105,81,301,328,276,87,19
96,27,254,195,133,218,223,395,235,39,196,284
96,28,147,281,103,466,419,146,376,29,55,257
96,29,3,186,48,419,0,345,116,39,511,144
96,30,55,315,355,251,322,293,351,250,77,199
96,31,296,151,3,196,299,412,8,430,37,130
96,32,176,351,39,341,102,68,433,292,414,402
96,33,275,501,480,452,98,218,332,145,230,49
96,34,161,69,145,289,13,401,7,461,328,207
96,35,459,123,327,160,153,504,138,76,436,20
96,36,378,154,487,308,57,147,359,107,435,17
96,37,175,447,174,130,97,108,486,217,455,17
96,38,299,197,452,458,310,449,14,333,139,463
96,39,33,381,411,115,185,55,5,458,511,27
96,40,270,351,306,81,460,379,488,386,133,251
96,41,301,291,323,349,474,64,262,438,183,3
96,42,162,367,292,282,109,394,483,316,55,469
96,43,85,489,300,186,205,144,93,311,292,37
96,44,207,76,502,54,470,183,362,215,213,222
96,45,42,220,168,507,356,25,367,204,317,398
96,46,250,281,374,232,305,85,33,396,496,285
96,47,60,242,398,255,442,108,296,415,253,176
97,0,440,145,392,189,289,220,386,118,341,95
97,1,144,55,496,390,490,409,338,485,322,54
97,2,189,6,266,119,447,81,143,144,281,449
97,3,21,454,180,377,223,14,294,234,255,220
97,4,432,462,185,304,441,46,355,38,439,322
97,5,280,276,510,23,315,16,203,329,120,123
97,6,286,497,415,430,280,445,411,34,239,346
97,7,32,188,474,312,49,183,138,117,97,243
97,8,456,300,310,232,188,458,7,464,256,286
97,9,392,498,151,38,334,453,496,401,216,343
97,10,201,225,438,357,286,429,184,37,473,267
97,11,263,247,364,447,132,324,316,282,472,425
97,12,439,309,159,319,59,359,358,483,405,183
97,13,422,480,315,294,397,262,192,280,430,193
97,14,379,128,363,380,119,259,413,157,35,129
97,15,150,213,350,170,394,24,305,332,270,330
97,16,161,474,5,331,420,239,462,229,463,250
97,17,487,344,40,182,369,92,322,248,502,208
97,18,234,452,406,337,58,54,142,187,491,426
97,19,198,380,274,416,236,178,283,300,85,228
97,20,68,473,359,460,452,3,226,17,183,1
97,21,177,268,6,26,174,314,78,444,225,276
97,22,241,448,508,362,257,506,180,153,66,160
97,23,370,497,411,332,444,345,275,246,414,225
97,24,456,449,8,188,479,149,13,256,341,106
97,25,454,343,92,397,297,415,98,342,294,272
97,26,276,13,159,149,505,473,470,458,128,463
97,27,133,247,282,398,431,218,236,37,447,362
97,28,106,427,371,344,367,146,318,35,405,171
97,29,231,403,269,137,210,386,1,161,193,315
97,30,52,37,285,257,363,487,496,426,379,180
97,31,156,221,239,394,361,367,498,161,454,173
97,32,228,75,189,41,255,300,440,251,463,379
97,33,253,79,15,209,332,239,105,330,200,479
97,34,234,71,478,433,77,303,262,50,477,36
97,35,173,329,192,342,462,31,377,494,414,170
97,36,210,356,151,116,363,425,109,384,265,370
97,37,394,441,125,401,155,157,303,418,379,141
97,38,197,249,18,62,257,506,458,395,331,110
97,39,27,242,334,115,244,425,5,455,466,391
97,40,486,451,61,4,172,295,341,141,87,382
97,41,287,84,240,301,65,85,289,232,385,206
97,42,217,388,83,162,212,285,233,466,280,421
97,43,133,86,30,85,306,77,286,300,278,237
97,44,338,315,207,266,54,61,430,247,358,5
97,45,303,443,280,168,452,182,370,42,147,416
97,46,167,163,139,438,317,85,281,151,75,132
97,47,508,242,398,388,442,176,255,271,482,68
98,0,445,182,183,346,482,172,439,498,388,75
98,1,129,338,322,419,13,170,148,49,41,297
98,2,11,5,423,409,222,269,278,488,119,78
98,3,148,332,143,190,315,500,312,153,319,21
98,4,462,304,258,4,213,286,169,491,205,434
98,5,510,446,91,334,23,401,329,386,162,120
98,6,430,497,346,314,335,47,280,18,19,445
98,7,161,440,117,8,138,335,57,407,329,483
98,8,456,188,13,368,300,450,458,26,414,139
98,9,130,498,287,467,12,496,314,392,107,283
98,10,443,473,225,457,357,248,37,470,419,54
98,11,75,147,374,154,316,379,263,65,324,338
98,12,439,264,471,59,359,175,319,125,244,176
98,13,469,317,502,315,505,231,473,437,476,424
98,14,413,129,110,138,135,259,35,425,157,38
98,15,37,379,185,33,163,100,361,207,270,350
98,16,228,405,396,155,337,255,41,239,431,74
98,17,253,120,79,166,458,469,369,419,23,373
98,18,234,264,50,211,6,49,251,184,189,281
98,19,173,377,31,431,341,228,454,64,361,192
98,20,179,78,363,356,346,15,68,80,265,473
98,21,394,418,125,379,255,215,488,462,324,234
98,22,249,197,218,127,287,456,374,18,36,53
98,23,332,242,126,363,42,369,407,285,293,323
98,24,456,13,341,26,8,248,188,259,170,379
98,25,343,123,287,360,505,54,380,454,80,321
98,26,54,267,203,309,37,190,201,379,96,438
98,27,430,250,486,212,261,30,444,84,119,477
98,28,471,183,490,175,58,182,28,277,367,139
98,29,387,269,115,286,231,209,386,403,262,210
98,30,138,212,14,402,470,460,506,377,421,64
98,31,193,68,494,318,156,199,491,259,212,280
98,32,391,429,7,201,243,228,191,473,156,56
98,33,253,105,120,127,209,372,79,200,499,298
98,34,411,264,318,184,251,50,211,449,436,36
98,35,192,342,362,377,403,31,173,357,329,120
98,36,210,356,296,111,485,55,447,116,363,376
98,37,394,441,334,125,255,401,155,418,308,100
98,38,249,30,197,18,470,345,205,457,41,62
98,39,242,27,334,356,199,42,82,285,466,244
98,40,486,61,451,449,141,4,172,295,397,101
98,41,240,287,84,217,42,385,65,301,60,493
98,42,388,151,248,217,185,285,27,368,366,212
98,43,133,77,86,172,124,487,22,262,231,85
98,44,338,315,56,359,405,209,311,483,186,238
98,45,303,475,227,47,280,442,168,443,238,223
98,46,25,139,348,396,317,189,320,418,438,179
98,47,254,445,60,343,35,451,79,129,164,388
-13,0,339,211,304,340,215,37,334,367,237,309
-12,0,167,62,176,401,211,272,270,198,347,98
-11,0,32,278,160,130,330,71,226,109,79,170
-10,0,369,348,95,349,308,293,338,259,443,61
-9,0,361,301,101,76,293,265,21,314,369,195
-8,0,46,160,330,505,149,195,227,130,414,361
-7,0,360,492,386,68,73,289,129,338,349,426
-6,0,64,446,68,7,492,414,211,105,314,92
-5,0,63,68,7,64,338,12,92,386,392,19
-4,0,132,36,312,264,321,197,265,430,209,166
-3,0,67,49,289,14,348,95,349,149,403,426
-2,0,326,7,479,64,139,0,254,501,350,105
-1,0,109,251,319,168,371,205,475,506,431,148
-13,1,157,320,225,19,86,60,165,131,128,442
-12,1,320,157,225,19,304,442,60,34,86,293
-11,1,320,427,112,471,53,442,410,447,215,71
-10,1,491,58,320,212,410,243,65,156,48,16
-9,1,410,58,250,226,320,61,230,48,366,65
-8,1,251,71,320,112,250,58,59,410,9,215
-7,1,405,179,351,65,320,48,58,319,415,183
-6,1,65,48,405,179,474,429,114,351,320,58
-5,1,65,48,179,183,441,405,135,381,182,320
-4,1,226,410,76,5,405,3,320,61,56,95
-3,1,504,4,415,39,65,93,47,95,320,104
-2,1,504,210,342,39,441,65,143,429,93,498
-1,1,440,57,423,383,125,320,95,181,446,389
-13,2,75,12,209,286,257,87,492,84,181,338
-12,2,211,75,257,87,286,370,185,209,84,403
-11,2,483,211,257,370,84,185,403,75,338,87
-10,2,370,211,351,313,168,196,265,28,117,76
-9,2,370,211,196,257,483,351,354,168,185,490
-8,2,257,370,490,226,10,211,354,142,83,84
-7,2,427,289,415,165,319,313,370,192,117,369
-6,2,165,289,370,369,352,415,117,313,70,427
-5,2,424,369,165,117,370,289,83,66,368,313
-4,2,257,249,370,303,424,493,211,185,83,84
-3,2,161,370,110,415,443,83,427,165,265,440
-2,2,165,410,161,287,370,192,168,369,83,415
-1,2,257,211,370,84,403,137,209,185,12,83
-13,3,405,205,143,470,293,315,132,403,253,294
-12,3,405,205,293,403,88,465,153,253,470,190
-11,3,354,216,405,465,272,253,293,357,205,88
-10,3,405,265,295,186,316,253,152,503,40,161
-9,3,405,454,265,161,253,366,332,297,205,435
-8,3,265,405,237,335,205,253,249,182,454,161
-7,3,40,454,297,161,396,336,265,498,186,470
-6,3,40,405,237,454,335,265,297,310,161,249
-5,3,161,40,265,454,332,476,297,405,253,498
-4,3,161,265,495,454,405,253,476,237,40,297
-3,3,40,498,161,454,472,265,478,102,467,185
-2,3,40,454,161,498,472,297,265,55,179,185
-1,3,265,335,405,161,253,205,237,394,454,293
-13,4,309,252,110,447,290,469,488,24,106,410
-12,4,110,309,252,168,308,488,102,166,469,290
-11,4,245,110,309,196,102,252,440,488,123,275
-10,4,309,110,252,166,136,102,488,117,177,244
-9,4,252,110,265,175,309,449,102,166,410,17
-8,4,252,495,309,417,110,359,499,410,488,349
-7,4,136,309,213,467,177,252,244,174,479,38
-6,4,309,136,252,467,174,177,244,68,213,38
-5,4,136,177,174,309,467,252,166,482,110,244
-4,4,252,110,267,74,102,265,310,175,309,68
-3,4,467,244,132,136,177,174,309,503,482,252
-2,4,467,177,244,136,132,503,309,174,400,482
-1,4,252,68,294,346,357,496,110,389,506,410
-13,5,420,71,115,236,122,446,216,410,26,224
-12,5,71,90,26,220,236,5,420,275,131,487
-11,5,456,71,26,96,350,220,483,273,236,90
-10,5,425,120,25,220,317,44,483,358,321,387
-9,5,425,206,120,296,350,25,220,37,317,44
-8,5,373,425,25,206,258,44,273,220,120,296
-7,5,404,220,25,405,425,402,120,218,6,123
-6,5,404,405,220,25,6,425,123,130,372,134
-5,5,25,404,425,220,266,130,405,120,182,352
-4,5,26,415,54,350,236,354,146,272,37,79
-3,5,33,404,182,465,443,147,405,18,393,230
-2,5,404,33,405,182,497,470,443,119,18,465
-1,5,26,236,294,56,74,110,185,68,354,468
-13,6,223,33,283,359,179,162,63,256,112,329
-12,6,223,33,283,279,179,329,234,80,285,63
-11,6,452,33,6,223,80,166,283,279,63,258
-10,6,33,480,347,121,80,431,396,234,44,393
-9,6,480,382,236,347,175,396,431,33,87,353
-8,6,382,236,480,396,175,476,431,87,393,354
-7,6,316,267,121,433,365,197,476,480,33,346
-6,6,267,316,423,433,197,121,480,365,476,85
-5,6,296,431,335,455,26,267,138,291,33,170
-4,6,3,479,224,175,87,243,335,396,447,33
-3,6,121,267,327,346,393,433,135,197,124,316
-2,6,267,245,423,327,170,365,197,121,368,433
-1,6,149,292,118,259,68,510,396,267,196,316
-13,7,174,26,346,303,432,252,439,84,452,242
-12,7,26,346,118,357,303,101,132,117,438,432
-11,7,26,346,303,357,118,170,432,29,437,169
-10,7,26,28,501,461,108,346,303,392,269,217
-9,7,28,26,101,470,461,303,501,108,269,346
-8,7,231,470,108,28,501,170,305,101,303,26
-7,7,329,508,472,303,346,395,486,148,501,69
-6,7,329,148,472,303,346,66,501,486,69,50
-5,7,329,250,148,501,472,486,303,66,346,101
-4,7,329,282,101,449,470,134,429,501,72,305
-3,7,69,6,214,346,440,50,472,401,303,67
-2,7,472,214,343,195,346,69,50,401,247,143
-1,7,302,33,26,329,351,303,139,50,101,242
-13,8,456,308,175,181,263,439,422,302,370,495
-12,8,175,456,11,439,308,283,325,263,477,318
-11,8,456,439,318,283,175,11,325,210,3,370
-10,8,210,477,101,318,283,148,170,11,155,20
-9,8,283,210,477,101,318,155,496,148,11,170
-8,8,307,477,155,101,496,210,325,365,422,283
-7,8,101,307,114,355,359,333,422,477,11,345
-6,8,101,307,11,477,355,114,422,333,20,359
-5,8,307,101,477,11,422,114,148,210,355,52
-4,8,307,101,32,477,177,422,210,11,20,359
-3,8,412,110,359,114,355,25,281,43,333,369
-2,8,412,359,114,355,25,333,199,43,101,110
-1,8,101,422,477,359,307,114,325,20,345,454
-13,9,368,96,275,411,321,495,203,192,325,445
-12,9,360,111,462,68,154,506,142,139,376,321
-11,9,360,462,111,68,314,291,142,344,380,321
-10,9,360,462,468,496,375,89,318,111,38,238
-9,9,360,462,111,468,68,318,375,89,321,238
-8,9,462,360,89,284,335,111,395,122,68,375
-7,9,468,510,462,496,107,68,466,89,49,375
-6,9,468,496,68,89,462,510,107,17,321,375
-5,9,467,462,468,68,107,89,130,360,375,505
-4,9,462,360,68,506,468,111,89,122,130,208
-3,9,468,496,510,373,412,247,403,65,339,228
-2,9,468,247,496,373,510,403,65,3,321,107
-1,9,468,462,129,89,496,375,68,321,130,107
-13,10,325,461,107,322,246,148,508,495,229,164
-12,10,325,461,299,203,296,508,495,107,322,279
-11,10,325,461,299,495,264,203,508,296,364,204
-10,10,279,299,325,296,461,203,255,354,456,280
-9,10,279,296,203,299,446,461,322,255,325,456
-8,10,296,279,299,446,60,501,203,461,433,325
-7,10,279,152,299,203,325,422,381,120,222,405
-6,10,279,152,299,203,405,222,381,267,255,120
-5,10,448,279,299,78,60,120,255,296,267,203
-4,10,279,448,296,253,299,203,120,60,255,172
-3,10,422,381,369,317,178,267,405,344,203,279
-2,10,422,267,236,279,381,344,203,405,78,511
-1,10,448,279,422,60,222,203,120,296,299,381
-13,11,130,104,108,464,132,332,393,361,4,47
-12,11,273,90,508,163,258,397,477,261,192,84
-11,11,90,163,273,165,430,492,290,84,350,89
-10,11,258,90,10,30,78,261,371,9,446,84
-9,11,258,84,30,90,371,78,163,261,9,273
-8,11,258,90,261,84,397,163,9,78,273,366
-7,11,261,90,229,10,477,397,30,201,84,163
-6,11,261,90,30,477,229,10,86,84,397,201
-5,11,379,90,258,256,477,30,397,261,308,126
-4,11,258,397,84,273,261,90,78,477,9,371
-3,11,6,10,229,436,86,261,386,90,477,166
-2,11,10,229,6,436,86,177,392,477,438,261
-1,11,10,471,90,229,477,30,84,256,86,261
-13,12,28,139,300,364,329,297,201,490,433,449
-12,12,251,48,299,139,286,303,28,277,262,297
-11,12,139,251,433,297,63,199,288,276,277,248
-10,12,497,139,331,352,48,127,360,75,90,298
-9,12,243,139,264,400,90,48,278,298,63,267
-8,12,351,457,243,63,139,264,463,0,484,251
-7,12,139,281,0,147,327,90,264,331,352,214
-6,12,281,139,0,147,264,125,63,433,90,189
-5,12,457,91,0,264,32,139,90,433,331,136
-4,12,264,63,0,505,90,267,139,457,243,379
-3,12,72,0,413,281,139,352,214,238,264,51
-2,12,72,281,51,0,466,370,413,426,238,69
-1,12,90,457,264,139,489,0,246,72,180,301
-13,13,293,268,466,366,67,68,294,85,219,145
-12,13,293,387,35,50,463,148,330,385,68,290
-11,13,293,387,35,463,50,224,290,7,236,97
-10,13,35,311,290,387,463,487,250,148,7,330
-9,13,35,387,463,311,385,250,290,7,411,488
-8,13,35,387,385,463,290,148,250,7,311,488
-7,13,290,7,387,226,250,29,330,148,508,441
-6,13,250,290,148,387,385,7,508,330,103,441
-5,13,250,290,35,64,385,441,113,338,103,7
-4,13,387,35,463,385,148,113,82,290,181,250
-3,13,290,338,250,441,7,508,66,148,377,330
-2,13,250,148,441,290,422,344,7,103,330,508
-1,13,385,355,250,103,7,226,148,441,463,508
-13,14,339,29,312,495,266,40,492,398,252,168
-12,14,138,398,137,506,335,117,212,160,321,430
-11,14,138,17,398,417,506,335,169,137,212,14
-10,14,254,396,94,162,160,452,268,402,18,500
-9,14,396,94,160,254,212,18,138,402,489,321
-8,14,94,212,138,396,402,486,160,243,461,500
-7,14,471,64,492,135,280,402,254,311,268,138
-6,14,492,254,341,471,135,402,311,162,268,187
-5,14,327,162,254,268,420,402,135,471,64,492
-4,14,94,396,402,138,254,160,212,18,486,243
-3,14,492,311,471,101,187,185,391,135,402,0
-2,14,492,101,341,187,135,300,311,471,297,402
-1,14,492,160,254,402,374,268,64,38,321,189
-13,15,283,174,342,330,103,188,215,38,477,288
-12,15,22,199,34,494,318,289,100,156,193,136
-11,15,34,318,22,398,494,183,200,362,188,50
-10,15,347,309,22,277,225,243,269,251,280,366
-9,15,22,347,309,156,100,280,169,199,185,346
-8,15,494,347,199,209,22,156,346,193,309,351
-7,15,347,309,366,350,277,269,181,193,351,51
-6,15,347,309,366,277,269,51,350,280,181,381
-5,15,347,309,366,277,25,181,225,269,2,51
-4,15,309,347,346,22,199,494,100,272,185,193
-3,15,366,350,347,395,505,181,69,340,51,381
-2,15,366,347,350,277,69,122,395,225,410,181
-1,15,347,309,366,160,410,277,269,166,225,350
-13,16,228,487,243,132,473,361,259,272,32,111
-12,16,228,243,429,487,272,58,479,26,366,278
-11,16,228,243,487,429,58,479,74,272,149,132
-10,16,228,25,333,116,438,429,243,192,191,48
-9,16,228,243,429,333,23,199,91,116,25,223
-8,16,243,429,228,74,480,277,189,223,392,91
-7,16,228,48,25,116,429,243,277,74,192,58
-6,16,48,116,25,228,429,192,277,243,438,74
-5,16,192,116,438,48,25,424,50,228,277,429
-4,16,243,429,228,74,23,116,272,223,333,480
-3,16,48,106,25,277,228,508,250,192,63,64
-2,16,48,106,25,277,192,184,228,490,462,250
-1,16,48,116,25,192,438,333,277,106,39,50
-13,17,486,510,136,209,135,330,84,28,100,15
-12,17,136,486,209,469,363,105,160,499,84,305
-11,17,136,486,209,469,160,363,166,105,243,365
-10,17,469,147,464,378,363,296,105,211,272,209
-9,17,469,363,378,105,464,296,160,136,209,486
-8,17,363,469,378,105,136,160,209,499,296,464
-7,17,469,363,464,187,296,132,136,105,486,160
-6,17,187,464,469,363,296,152,132,486,457,105
-5,17,469,464,187,363,296,152,256,132,105,86
-4,17,469,363,105,378,296,464,499,209,160,68
-3,17,363,432,464,221,152,469,463,56,335,361
-2,17,363,152,464,457,102,335,463,90,221,27
-1,17,469,363,464,187,296,152,86,90,102,172
-13,18,449,46,35,185,420,29,116,19,124,210
-12,18,308,185,108,201,46,19,501,507,11,449
-11,18,308,464,108,177,194,19,116,449,501,371
-10,18,201,207,501,194,170,308,298,235,327,25
-9,18,201,194,183,308,255,501,11,443,433,108
-8,18,213,201,194,183,108,308,501,255,434,198
-7,18,403,201,69,349,111,194,213,39,501,34
-6,18,201,379,69,408,194,349,213,111,165,501
-5,18,25,201,408,506,170,213,194,501,117,90
-4,18,201,194,108,183,501,11,249,213,433,90
-3,18,69,201,154,403,207,13,134,194,36,408
-2,18,82,201,408,106,25,506,154,418,69,194
-1,18,76,201,475,501,503,194,483,510,6,282
-13,19,406,375,413,162,173,4,434,170,54,293
-12,19,434,173,342,64,92,162,454,170,372,403
-11,19,434,342,173,162,92,64,109,4,31,372
-10,19,434,342,64,92,341,246,486,454,372,118
-9,19,434,64,454,364,372,342,14,173,246,341
-8,19,434,364,454,372,64,342,30,14,173,483
-7,19,434,364,337,138,372,64,483,454,342,486
-6,19,434,364,138,372,337,483,64,454,430,259
-5,19,434,454,364,372,420,64,341,73,388,123
-4,19,434,364,64,372,454,342,388,173,486,14
-3,19,364,430,211,138,486,434,124,372,353,337
-2,19,430,138,364,486,489,434,211,124,372,353
-1,19,454,434,364,372,64,486,285,246,388,342
-13,20,363,40,116,296,39,358,495,485,179,248
-12,20,15,388,116,358,456,248,407,40,131,376
-11,20,407,40,497,388,107,131,489,138,116,358
-10,20,407,112,421,86,125,456,94,147,388,56
-9,20,112,146,284,456,421,388,169,407,262,125
-8,20,76,112,456,15,388,214,258,265,169,296
-7,20,284,147,146,421,112,187,76,148,169,94
-6,20,112,146,76,298,187,284,421,147,169,94
-5,20,112,225,169,508,252,146,76,388,375,456
-4,20,76,112,388,421,265,15,214,284,62,316
-3,20,284,421,187,428,147,146,235,76,349,316
-2,20,284,421,225,235,428,91,187,506,146,76
-1,20,15,112,76,225,388,56,214,265,258,296
-13,21,255,379,25,324,46,176,297,420,10,346
-12,21,46,338,331,346,379,303,243,453,387,142
-11,21,338,303,3,387,420,104,243,505,116,478
-10,21,376,338,243,458,223,504,59,155,189,0
-9,21,376,243,425,111,436,299,130,155,346,116
-8,21,425,271,376,243,154,436,155,366,317,419
-7,21,376,479,243,48,154,115,155,129,425,271
-6,21,376,479,243,115,154,155,370,253,48,271
-5,21,376,243,400,146,130,154,425,271,155,223
-4,21,376,243,155,436,130,183,331,478,159,123
-3,21,17,479,243,376,336,155,425,437,443,115
-2,21,243,17,376,425,286,155,336,442,206,113
-1,21,243,155,242,376,456,436,197,189,293,474
-13,22,279,456,341,54,402,301,308,371,50,173
-12,22,215,349,8,97,218,225,259,54,456,17
-11,22,97,426,461,150,192,218,341,112,266,422
-10,22,230,305,51,142,290,269,295,369,468,500
-9,22,297,221,441,440,416,242,243,434,328,433
-8,22,374,479,441,276,150,48,243,456,221,2
-7,22,51,423,355,123,352,399,511,464,305,244
-6,22,423,123,51,399,102,230,352,460,503,361
-5,22,503,295,305,10,369,269,468,201,456,51
-4,22,334,221,416,428,215,297,467,440,434,307
-3,22,14,302,351,403,51,355,389,506,230,310
-2,22,239,51,351,310,230,10,188,500,269,449
-1,22,283,43,470,261,281,86,456,122,205,373
-13,23,356,338,450,138,323,244,150,334,360,195
-12,23,356,323,372,504,42,89,334,242,13,138
-11,23,356,323,334,470,199,285,27,290,273,127
-10,23,498,356,440,124,177,48,27,219,211,470
-9,23,356,498,177,440,27,219,42,324,199,124
-8,23,498,356,27,440,42,372,316,205,124,219
-7,23,219,440,349,177,498,186,356,324,124,239
-6,23,219,440,177,349,124,498,324,186,239,290
-5,23,440,498,219,177,349,124,407,287,324,239
-4,23,498,219,440,356,124,324,42,496,465,177
-3,23,219,186,235,207,324,239,203,177,214,124
-2,23,219,177,235,63,203,239,324,207,287,349
-1,23,498,440,177,316,124,219,203,465,324,214
-13,24,308,456,46,175,439,263,181,279,370,295
-12,24,175,325,439,456,308,46,11,370,263,283
-11,24,456,439,175,325,308,318,11,370,283,210
-10,24,477,155,101,210,283,496,369,422,161,11
-9,24,477,155,101,422,496,210,283,325,308,169
-8,24,155,496,477,307,101,422,325,210,11,359
-7,24,101,355,307,477,333,345,422,114,359,11
-6,24,101,355,307,477,422,345,333,114,331,231
-5,24,307,477,101,422,231,155,171,210,355,11
-4,24,307,32,101,477,177,325,359,11,155,231
-3,24,412,355,110,114,25,359,333,199,101,75
-2,24,355,412,114,359,25,454,101,333,199,110
-1,24,307,477,155,325,41,101,422,359,454,138
-13,25,192,445,182,150,370,229,368,322,314,102
-12,25,360,111,462,506,129,411,154,68,321,139
-11,25,360,462,111,192,68,106,321,142,506,314
-10,25,360,375,468,89,462,496,107,506,111,130
-9,25,360,506,111,284,462,68,122,89,375,395
-8,25,360,111,68,284,122,395,89,506,462,321
-7,25,468,107,496,510,89,129,467,375,68,462
-6,25,107,468,89,496,510,467,68,53,375,464
-5,25,467,107,208,468,63,130,462,464,360,506
-4,25,68,360,506,462,111,466,284,443,468,53
-3,25,496,468,412,373,247,510,403,3,339,65
-2,25,468,496,247,510,80,373,17,462,403,107
-1,25,360,111,462,63,466,89,107,129,468,506
-13,26,461,107,325,508,495,379,341,417,228,204
-12,26,461,325,299,203,508,296,312,107,372,417
-11,26,325,461,299,495,203,264,107,508,341,296
-10,26,279,461,299,296,203,381,325,354,405,501
-9,26,296,461,299,279,203,446,322,23,325,501
-8,26,296,461,203,299,279,501,322,119,506,60
-7,26,203,279,381,422,152,222,461,366,178,322
-6,26,203,279,381,296,448,120,152,322,267,461
-5,26,448,279,60,296,203,299,120,381,119,267
-4,26,296,203,279,60,120,238,299,322,506,23
-3,26,422,178,381,279,366,369,344,317,307,357
-2,26,422,448,279,381,120,137,344,203,322,357
-1,26,296,279,60,203,448,322,424,299,120,119
-13,27,361,430,130,104,108,132,307,424,400,417
-12,27,430,90,261,273,149,397,166,477,424,258
-11,27,90,430,9,397,500,400,84,273,477,89
-10,27,258,261,9,273,90,84,78,430,460,477
-9,27,273,84,258,261,90,166,477,430,126,78
-8,27,261,84,258,273,397,166,430,477,422,78
-7,27,229,261,10,90,477,430,471,386,84,397
-6,27,261,477,229,90,430,379,84,86,273,397
-5,27,261,84,379,258,430,126,477,90,9,207
-4,27,261,84,422,273,397,477,430,36,10,258
-3,27,229,10,6,386,261,86,477,436,177,392
-2,27,10,477,86,229,261,471,90,436,177,6
-1,27,261,84,258,471,86,250,477,430,422,273
-13,28,28,300,139,310,297,364,348,229,20,131
-12,28,251,139,48,299,297,262,28,286,303,300
-11,28,139,297,79,300,463,490,248,406,104,276
-10,28,139,331,352,48,127,497,90,360,256,298
-9,28,139,243,505,48,251,90,297,144,101,489
-8,28,351,139,63,48,505,297,264,243,489,101
-7,28,139,281,489,264,352,0,147,63,90,318
-6,28,139,489,457,63,264,0,281,352,90,101
-5,28,139,457,91,101,489,0,505,90,264,352
-4,28,63,139,264,489,267,243,505,297,180,504
-3,28,139,72,281,51,0,504,264,352,489,238
-2,28,139,51,281,489,0,10,69,238,318,264
-1,28,489,139,63,301,264,392,459,90,246,297
-13,29,293,294,170,466,262,219,165,68,285,245
-12,29,293,387,148,463,68,35,400,273,294,290
-11,29,293,387,35,463,148,338,290,273,53,50
-10,29,290,463,35,330,387,148,338,311,273,411
-9,29,463,290,387,148,35,330,338,411,488,273
-8,29,463,290,387,148,35,488,385,302,273,250
-7,29,290,7,441,387,508,148,488,435,250,302
-6,29,463,290,387,302,488,7,113,441,148,226
-5,29,463,441,290,330,488,250,35,7,387,385
-4,29,463,387,290,488,385,148,302,508,35,330
-3,29,290,7,338,441,508,321,435,250,330,148
-2,29,7,226,290,508,103,463,441,250,148,355
-1,29,463,385,387,148,7,290,302,355,488,127
-13,30,339,266,312,40,29,168,495,492,176,482
-12,30,398,460,64,40,243,506,137,151,430,396
-11,30,398,506,64,460,148,243,14,252,151,137
-10,30,396,254,94,492,243,162,506,135,106,160
-9,30,506,94,254,396,243,75,471,138,489,492
-8,30,402,486,506,243,138,94,212,254,471,396
-7,30,492,471,64,341,135,402,318,254,162,311
-6,30,471,254,492,402,341,135,162,212,64,243
-5,30,94,402,254,471,321,327,420,135,162,212
-4,30,471,254,402,94,212,329,506,156,302,424
-3,30,492,341,311,187,101,471,391,300,135,280
-2,30,492,341,101,135,300,321,311,374,187,402
-1,30,374,160,94,461,486,402,212,424,383,243
-13,31,283,174,215,188,477,38,103,411,55,71
-12,31,22,34,318,199,156,71,50,494,448,136
-11,31,318,22,50,34,208,173,156,96,389,282
-10,31,347,309,269,277,156,280,50,193,225,209
-9,31,347,309,494,156,277,209,269,280,302,22
-8,31,309,347,494,410,209,193,280,185,269,346
-7,31,366,347,309,277,269,379,350,381,280,51
-6,31,309,347,366,269,277,280,100,351,225,156
-5,31,347,309,277,366,25,269,150,225,501,160
-4,31,347,366,309,340,160,277,410,51,269,122
-3,31,366,350,347,340,277,395,280,379,69,122
-2,31,347,366,277,309,269,225,505,492,410,350
-1,31,347,309,160,25,494,169,209,156,37,150
-13,32,228,243,272,487,132,142,392,58,256,479
-12,32,228,487,243,429,272,111,379,26,58,392
-11,32,228,487,429,132,272,243,263,111,237,379
-10,32,228,25,116,424,429,438,223,333,23,243
-9,32,228,116,429,25,424,26,92,243,277,333
-8,32,429,116,228,25,243,480,92,277,74,48
-7,32,48,228,25,116,192,429,392,243,106,304
-6,32,116,228,25,48,192,438,424,243,429,92
-5,32,116,192,25,424,429,7,438,48,92,228
-4,32,48,25,116,228,192,429,277,480,74,243
-3,32,48,106,25,228,508,277,64,250,192,63
-2,32,48,25,116,192,106,228,277,333,239,438
-1,32,429,91,243,223,25,116,7,480,92,174
-13,33,510,486,136,119,28,330,84,209,469,427
-12,33,136,486,105,469,160,209,135,510,363,345
-11,33,136,105,469,160,166,209,486,474,90,135
-10,33,378,469,464,105,363,296,136,209,147,211
-9,33,464,105,363,136,469,378,160,347,194,234
-8,33,363,160,136,296,464,499,469,105,68,486
-7,33,363,464,469,187,132,160,457,105,136,152
-6,33,187,363,464,469,160,296,132,152,498,105
-5,33,363,187,160,469,105,296,464,499,378,152
-4,33,363,464,152,160,499,68,467,296,187,498
-3,33,464,363,221,463,335,469,457,361,129,152
-2,33,363,464,152,469,187,457,160,102,221,256
-1,33,363,172,499,209,386,296,372,105,187,469
-13,34,449,46,185,29,201,19,116,124,420,334
-12,34,201,308,185,501,46,108,507,194,449,11
-11,34,308,501,201,464,108,185,194,449,11,496
-10,34,201,207,501,194,326,170,408,11,327,25
-9,34,201,183,194,326,501,255,308,116,19,11
-8,34,213,194,201,183,36,434,501,310,43,137
-7,34,403,201,194,501,69,349,213,25,36,379
-6,34,194,201,36,501,213,25,69,90,349,272
-5,34,194,201,25,501,36,506,90,170,117,213
-4,34,501,194,108,183,201,36,43,249,90,137
-3,34,403,69,201,194,13,501,154,25,36,134
-2,34,194,25,501,201,82,76,106,408,506,36
-1,34,194,501,475,264,201,503,483,212,19,36
-13,35,406,4,434,375,413,293,170,342,176,162
-12,35,434,372,341,342,403,454,92,64,375,173
-11,35,92,342,434,372,341,118,173,454,22,109
-10,35,372,434,342,64,341,14,486,364,73,454
-9,35,434,372,364,234,342,123,64,420,233,14
-8,35,434,364,483,372,342,30,414,64,135,444
-7,35,434,364,372,483,430,138,341,486,161,226
-6,35,434,372,364,483,30,341,454,226,486,64
-5,35,372,434,364,73,454,341,30,420,221,486
-4,35,364,372,434,430,486,270,30,234,211,221
-3,35,364,486,430,211,138,434,316,124,431,169
-2,35,372,434,364,486,285,341,270,454,430,211
-1,35,372,434,173,145,192,30,329,454,341,105
-13,36,363,76,358,485,407,248,116,107,55,495
-12,36,15,407,456,444,76,388,284,170,131,248
-11,36,407,170,497,456,451,444,138,131,15,56
-10,36,407,112,56,169,125,187,456,214,146,421
-9,36,169,146,112,284,76,344,110,421,187,258
-8,36,112,76,214,94,421,284,508,192,146,456
-7,36,76,112,146,508,284,421,147,431,265,94
-6,36,76,112,64,225,421,508,265,214,431,146
-5,36,76,112,214,225,265,15,388,506,431,56
-4,36,284,421,76,95,146,187,422,331,169,344
-3,36,284,421,146,265,225,187,76,235,125,428
-2,36,225,506,265,421,76,112,235,146,15,258
-1,36,15,214,265,388,76,78,55,56,179,410
-13,37,255,379,46,306,420,10,70,25,428,324
-12,37,338,116,243,346,46,379,331,255,387,41
-11,37,338,243,3,447,116,104,346,387,504,142
-10,37,243,376,338,346,223,59,458,11,255,284
-9,37,376,243,425,111,346,130,116,189,445,299
-8,37,271,154,243,376,425,155,119,189,447,326
-7,37,243,376,154,479,155,115,425,271,129,189
-6,37,243,155,376,154,425,189,271,115,326,479
-5,37,155,243,376,400,345,146,189,326,11,223
-4,37,155,376,243,189,331,183,470,338,326,393
-3,37,155,17,243,479,336,376,115,129,407,189
-2,37,243,376,155,189,400,345,442,346,130,326
-1,37,155,100,243,242,469,326,255,293,131,474
-13,38,279,456,54,371,402,301,308,173,486,135
-12,38,215,349,8,17,172,371,225,54,456,97
-11,38,422,426,150,276,192,112,461,115,97,259
-10,38,305,51,172,230,142,290,295,355,225,369
-9,38,221,441,297,440,172,351,416,225,242,243
-8,38,374,441,479,150,276,48,422,192,177,165
-7,38,51,355,423,352,258,268,123,305,511,399
-6,38,51,123,503,423,399,102,305,230,374,352
-5,38,503,305,136,295,468,10,201,51,230,165
-4,38,221,215,428,334,165,416,440,467,434,444
-3,38,14,302,355,305,403,51,356,113,230,351
-2,38,10,51,230,239,188,468,379,449,500,369
-1,38,283,205,470,43,86,373,281,287,457,41
-13,39,356,323,242,42,338,446,334,199,430,389
-12,39,356,323,242,450,334,290,129,235,199,217
-11,39,356,323,235,242,199,217,334,336,132,129
-10,39,356,48,177,124,440,219,498,324,323,27
-9,39,177,219,356,324,290,440,349,498,211,199
-8,39,356,219,440,177,498,124,186,349,324,465
-7,39,440,219,349,498,356,124,177,324,239,205
-6,39,219,440,498,124,177,349,356,324,263,205
-5,39,498,440,219,124,177,263,117,81,316,431
-4,39,219,186,431,177,239,124,235,356,414,203
-3,39,219,186,207,324,239,24,431,235,214,177
-2,39,219,214,124,431,440,186,498,81,177,239
-1,39,498,316,440,124,238,95,177,390,81,263
-13,40,309,178,87,341,268,403,282,22,461,107
-12,40,309,152,300,341,501,87,107,386,382,270
-11,40,309,152,500,425,36,130,300,87,365,51
-10,40,102,28,223,229,8,421,309,0,52,341
-9,40,229,52,398,421,102,466,309,0,106,95
-8,40,229,398,52,421,95,198,102,0,40,341
-7,40,28,229,95,421,52,198,102,0,398,466
-6,40,229,52,198,95,28,421,102,398,466,418
-5,40,229,418,198,165,52,6,95,215,366,203
-4,40,229,398,410,43,421,320,447,367,273,423
-3,40,28,257,183,229,421,102,119,117,447,95
-2,40,28,418,229,351,410,117,393,95,447,183
-1,40,229,397,223,91,398,198,145,222,146,227
-13,41,132,443,391,5,275,440,198,62,240,447
-12,41,443,54,391,132,354,213,463,440,366,436
-11,41,443,501,391,283,243,354,206,213,481,503
-10,41,505,443,168,100,440,421,19,125,363,12
-9,41,421,168,19,54,189,366,363,261,443,333
-8,41,264,168,19,443,421,146,303,261,363,419
-7,41,505,443,196,333,146,168,19,421,289,346
-6,41,168,443,19,333,146,505,289,366,303,264
-5,41,443,12,168,306,40,146,394,19,125,366
-4,41,19,386,213,467,200,246,443,458,366,250
-3,41,100,196,386,19,421,251,215,161,419,363
-2,41,19,251,343,475,386,505,68,215,380,146
-1,41,366,434,168,443,54,424,146,170,435,414
-13,42,278,341,391,105,82,212,151,83,269,80
-12,42,301,83,457,74,105,491,390,78,455,217
-11,42,301,225,426,56,390,217,83,74,422,55
-10,42,68,257,39,455,133,57,390,138,5,251
-9,42,216,387,369,50,83,40,55,49,352,53
-8,42,403,379,55,83,396,113,23,268,211,483
-7,42,141,381,490,396,39,59,403,235,83,55
-6,42,141,59,403,55,490,381,396,67,83,235
-5,42,257,67,138,222,133,438,479,15,22,83
-4,42,396,369,50,62,216,312,214,40,362,83
-3,42,396,490,291,39,141,57,235,312,256,53
-2,42,257,67,310,479,133,5,22,71,222,83
-1,42,365,476,294,287,322,457,151,83,85,428
-13,43,300,86,306,91,413,388,60,133,366,348
-12,43,300,475,393,237,306,388,495,34,86,165
-11,43,300,388,391,278,49,206,366,156,506,34
-10,43,42,369,300,49,94,506,147,471,142,397
-9,43,142,300,369,475,495,412,147,400,446,393
-8,43,300,369,243,458,142,149,412,147,400,75
-7,43,300,369,147,380,471,149,458,400,75,339
-6,43,300,147,369,458,149,400,412,75,243,85
-5,43,267,369,94,435,300,481,84,475,15,147
-4,43,300,147,400,243,424,278,113,369,397,302
-3,43,147,79,397,300,400,380,243,113,42,471
-2,43,147,300,387,369,267,94,34,397,400,475
-1,43,49,369,87,475,267,2,486,15,149,370
-13,44,405,167,24,119,21,199,56,411,455,222
-12,44,119,186,300,319,405,250,325,217,399,148
-11,44,119,79,33,479,364,273,167,304,97,118
-10,44,119,472,143,90,364,204,288,337,88,24
-9,44,143,227,119,141,468,479,364,274,492,467
-8,44,119,247,143,233,364,479,467,227,503,492
-7,44,204,119,364,143,108,27,76,24,444,224
-6,44,119,364,233,27,143,224,492,283,108,467
-5,44,196,191,495,294,173,4,405,143,119,474
-4,44,233,228,155,444,119,122,127,333,250,503
-3,44,472,73,444,283,61,24,143,228,141,155
-2,44,191,24,196,294,173,444,405,474,270,495
-1,44,405,143,189,51,344,227,338,158,196,4
-13,45,90,237,131,264,303,443,280,205,66,475
-12,45,237,472,477,200,443,273,420,397,181,303
-11,45,220,397,237,466,452,265,280,193,355,495
-10,45,210,3,456,363,429,443,295,249,149,316
-9,45,357,295,24,200,248,249,181,237,3,510
-8,45,508,24,114,214,249,3,447,295,296,181
-7,45,237,3,429,249,149,233,229,363,367,181
-6,45,3,249,214,24,367,114,233,7,49,435
-5,45,201,249,510,167,297,3,126,357,237,145
-4,45,199,105,267,24,292,60,244,214,496,220
-3,45,149,429,3,453,376,383,46,214,244,280
-2,45,188,316,297,201,119,3,249,105,126,214
-1,45,510,406,237,365,249,48,295,357,34,477
-13,46,9,25,491,283,477,258,123,192,56,115
-12,46,25,162,320,504,362,510,283,142,292,165
-11,46,196,186,319,121,373,128,175,70,412,369
-10,46,25,138,245,381,260,161,221,191,68,404
-9,46,404,162,381,218,325,156,353,125,205,128
-8,46,325,381,78,128,435,205,35,323,404,162
-7,46,325,161,164,67,186,435,128,292,35,14
-6,46,325,381,435,128,67,35,244,186,121,162
-5,46,248,325,25,162,381,161,67,193,446,128
-4,46,71,381,222,464,201,435,218,292,317,506
-3,46,221,161,164,381,435,35,68,67,319,325
-2,46,25,381,104,325,248,435,468,67,186,128
-1,46,25,162,477,239,141,469,325,303,147,125
-1,47,254,142,11,270,157,280,329,461,222,465
0,0,109,351,315,435,333,395,90,249,331,227
0,1,383,235,320,349,32,442,97,128,74,389
0,2,257,372,295,12,403,209,211,137,84,370
0,3,394,205,335,182,293,408,405,253,82,249
0,4,252,28,68,506,465,496,307,325,156,110
0,5,236,436,468,26,292,1,263,190,98,142
0,6,394,259,185,68,168,112,126,164,285,118
0,7,452,303,438,242,144,158,191,8,372,239
0,8,283,477,101,11,422,155,191,210,318,496
0,9,111,360,462,89,395,130,129,301,38,68
0,10,279,424,322,296,203,299,60,488,119,433
0,11,273,78,84,371,258,379,90,166,188,477
0,12,459,390,63,264,90,37,392,139,9,491
0,13,385,387,250,148,35,290,352,311,411,463
0,14,396,160,94,254,18,486,461,383,127,138
0,15,309,347,160,346,169,209,340,150,280,6
0,16,91,333,199,429,480,25,438,424,243,116
0,17,381,469,378,296,499,172,464,61,422,72
0,18,264,184,6,471,49,291,370,201,211,212
0,19,192,434,64,454,225,145,364,329,173,26
0,20,15,78,507,55,485,344,109,56,457,258
0,21,100,70,255,379,474,324,418,287,54,242
0,22,81,41,223,30,293,345,205,456,287,86
0,23,316,498,440,372,238,390,177,338,42,242
0,24,283,206,175,422,477,155,191,325,11,308
0,25,111,63,360,395,89,129,208,361,375,462
0,26,424,296,322,203,279,119,461,60,280,299
0,27,250,273,78,258,84,261,371,9,397,36
0,28,459,290,9,392,390,277,139,37,301,63
0,29,385,387,463,411,352,148,35,50,311,290
0,30,160,383,127,461,69,233,319,94,212,506
0,31,347,309,160,156,169,6,150,226,340,306
0,32,91,23,174,480,116,223,429,25,228,299
0,33,72,61,499,172,422,372,381,305,386,209
0,34,264,370,184,471,291,49,211,212,91,6
0,35,192,225,377,63,349,212,37,356,173,26
0,36,15,344,507,78,413,55,457,215,485,109
0,37,100,255,474,418,131,379,453,54,287,242
0,38,223,205,81,41,293,30,345,287,86,78
0,39,390,498,146,316,95,440,177,416,124,363
0,40,278,407,397,229,244,471,357,198,227,203
0,41,226,435,434,443,445,240,94,266,391,366
0,42,393,87,151,476,301,366,287,428,322,457
0,43,217,180,2,87,369,509,207,267,377,278
0,44,277,56,189,405,51,158,276,433,440,43
0,45,237,406,303,34,479,475,227,48,365,47
0,46,171,388,256,239,77,141,25,188,338,348
0,47,142,451,85,280,272,11,78,424,157,95
1,0,302,226,64,136,120,373,453,144,171,232
1,1,383,320,19,306,349,149,442,283,400,193
1,2,372,257,475,12,114,4,403,322,209,9
1,3,394,205,188,269,113,217,455,253,143,335
1,4,60,82,252,59,106,307,496,153,325,68
1,5,236,436,142,446,314,49,1,263,292,468
1,6,223,394,379,112,283,285,256,159,198,445
1,7,452,242,8,382,464,303,346,372,438,84
1,8,175,283,439,227,11,422,458,477,206,319
1,9,111,360,462,376,154,122,502,395,139,68
1,10,355,322,203,296,461,424,279,330,264,278
1,11,273,508,250,166,48,397,371,84,323,258
1,12,459,277,389,175,251,421,297,392,386,0
1,13,385,387,148,91,250,286,463,50,273,290
1,14,94,138,160,82,117,486,212,506,305,383
1,15,6,494,289,209,346,169,178,410,340,199
1,16,243,429,480,189,7,228,391,74,58,23
1,17,209,363,243,386,499,61,105,172,345,469
1,18,46,87,264,376,211,184,496,399,370,212
1,19,173,377,192,434,342,103,162,509,96,31
1,20,485,40,55,15,248,104,219,363,16,300
1,21,70,25,379,420,131,255,418,44,10,324
1,22,173,457,235,287,341,18,501,425,134,54
1,23,127,244,42,334,446,496,372,450,242,338
1,24,175,439,458,319,46,13,425,206,394,262
1,25,111,58,376,502,360,361,442,154,68,142
1,26,203,461,330,322,177,424,28,355,296,107
1,27,250,273,511,185,424,48,165,508,58,189
1,28,277,175,386,389,283,390,392,9,297,459
1,29,387,385,97,91,148,463,392,50,209,93
1,30,14,117,506,11,69,417,473,151,80,398
1,31,494,6,289,199,426,306,375,156,288,283
1,32,278,23,142,243,429,479,272,26,391,366
1,33,345,61,88,209,105,305,253,386,419,499
1,34,376,87,46,496,264,211,399,275,370,325
1,35,173,49,509,377,162,192,103,3,31,342
1,36,248,485,55,15,313,104,219,363,457,210
1,37,44,131,418,255,324,70,420,379,25,46
1,38,413,173,235,18,457,287,134,425,446,341
1,39,496,334,450,390,356,167,146,338,260,242
1,40,278,172,173,87,280,449,178,397,309,91
1,41,391,449,445,240,42,491,226,55,480,266
1,42,151,366,217,393,212,215,47,80,283,231
1,43,133,86,180,91,162,185,207,13,300,413
1,44,209,56,338,276,433,248,277,174,167,405
1,45,303,237,47,227,22,443,34,475,270,165
1,46,25,88,60,31,283,432,165,346,471,324
1,47,445,79,254,122,424,186,163,95,288,207
2,0,165,109,261,169,90,333,380,331,214,435
2,1,383,70,74,320,235,206,178,400,349,97
2,2,270,372,12,9,257,114,312,5,295,209
2,3,205,269,394,335,408,8,82,249,113,293
2,4,496,252,233,506,389,465,309,410,59,106
2,5,236,142,1,436,49,224,468,292,302,446
2,6,112,285,468,150,79,375,35,144,223,13
2,7,452,10,60,242,199,84,438,140,191,158
2,8,175,439,283,319,11,262,425,458,46,227
2,9,111,58,68,376,361,502,360,142,154,139
2,10,355,28,203,461,322,508,177,107,325,495
2,11,273,165,185,189,48,371,163,166,84,108
2,12,389,277,459,283,386,390,9,175,63,37
2,13,387,392,93,273,91,148,50,385,458,224
2,14,117,138,212,417,506,335,473,82,137,460
2,15,494,6,209,178,410,289,486,199,346,375
2,16,429,243,441,75,74,278,7,189,391,142
2,17,209,61,499,243,305,105,372,136,363,467
2,18,376,46,264,211,87,496,184,370,399,212
2,19,173,377,192,509,434,162,3,453,31,103
2,20,485,248,313,104,15,55,16,457,219,363
2,21,70,44,255,131,379,420,324,418,46,100
2,22,41,195,223,205,345,30,81,287,293,60
2,23,496,450,167,372,285,242,389,290,42,334
2,24,439,262,175,319,11,425,27,46,458,13
2,25,58,111,502,361,68,142,442,154,301,353
2,26,508,126,107,177,28,461,263,495,243,203
2,27,165,273,185,48,189,250,511,197,424,500
2,28,277,390,9,389,386,160,297,175,37,283
2,29,387,385,423,50,93,91,352,431,224,392
2,30,117,417,14,506,486,314,69,138,212,11
2,31,375,6,306,494,426,346,193,178,226,209
2,32,441,23,278,391,26,74,243,231,140,130
2,33,61,499,372,467,305,422,209,72,504,166
2,34,264,370,211,471,184,496,87,376,46,212
2,35,192,377,225,435,47,174,453,212,342,14
2,36,15,507,485,55,457,16,248,104,344,467
2,37,70,324,255,44,100,379,340,418,131,150
2,38,223,81,30,41,345,293,205,195,264,57
2,39,146,390,260,334,242,323,356,363,450,36
2,40,357,173,186,59,244,138,278,471,203,397
2,41,391,226,385,445,434,240,42,443,304,418
2,42,151,322,393,140,217,301,476,366,87,287
2,43,207,278,86,185,180,2,13,49,464,162
2,44,276,209,56,405,277,189,167,433,207,51
2,45,237,303,34,227,282,443,47,48,406,280
2,46,171,388,60,77,469,239,256,25,504,226
2,47,142,85,280,272,78,424,293,11,95,30
3,0,71,32,130,46,286,342,160,257,381,278
3,1,320,157,19,383,175,400,60,165,86,181
3,2,286,380,84,89,372,75,87,338,222,59
3,3,205,354,249,335,496,408,269,394,182,357
3,4,252,325,465,196,506,496,156,389,249,349
3,5,236,20,142,354,49,1,468,456,180,436
3,6,285,112,283,452,329,179,52,346,189,185
3,7,303,174,438,327,268,452,191,84,346,325
3,8,175,11,191,101,439,3,87,283,319,359
3,9,68,111,502,361,214,58,139,376,142,375
3,10,488,345,203,461,240,177,299,107,325,495
3,11,163,273,371,500,189,234,165,84,166,422
3,12,459,228,37,288,63,406,390,389,475,491
3,13,387,273,50,385,286,93,148,91,347,431
3,14,212,138,486,117,506,417,127,162,69,14
3,15,6,494,375,346,178,209,306,426,193,199
3,16,441,74,23,278,429,231,26,243,91,130
3,17,467,372,61,499,422,305,166,72,209,381
3,18,264,49,464,291,46,185,184,496,211,471
3,19,377,14,225,453,192,47,434,342,162,212
3,20,451,497,507,15,457,335,485,55,366,78
3,21,3,44,340,33,255,54,70,100,104,379
3,22,461,422,426,276,471,179,112,150,177,287
3,23,146,163,390,482,363,498,176,260,398,356
3,24,175,11,191,319,87,439,477,262,27,283
3,25,58,502,361,111,68,142,154,442,132,139
3,26,107,488,126,177,461,495,203,211,393,508
3,27,273,165,511,189,250,48,500,185,163,84
3,28,459,37,390,288,277,228,406,96,248,63
3,29,387,385,22,50,288,97,224,148,91,273
3,30,14,486,80,136,212,138,506,314,117,233
3,31,375,426,346,306,193,6,494,347,68,288
3,32,278,26,23,140,441,74,91,129,51,58
3,33,50,372,305,389,499,422,61,467,72,12
3,34,347,264,471,184,49,119,291,211,370,350
3,35,426,453,174,222,96,192,377,434,14,47
3,36,485,55,15,16,248,78,219,497,451,457
3,37,44,379,255,46,100,33,41,150,453,10
3,38,205,41,81,86,30,264,345,223,413,195
3,39,334,260,389,390,323,450,244,356,36,430
3,40,138,178,172,357,278,508,173,397,449,91
3,41,240,445,226,391,65,385,491,42,59,198
3,42,140,272,322,151,366,301,212,393,105,426
3,43,162,337,278,86,413,185,207,49,45,499
3,44,350,87,276,105,167,405,248,433,119,189
3,45,237,303,51,452,280,63,22,484,220,40
3,46,196,60,297,506,404,283,263,324,25,88
3,47,88,391,188,186,498,45,452,399,49,302
4,0,123,369,293,386,338,349,197,398,161,89
4,1,320,261,19,48,465,400,130,243,175,373
4,2,160,84,393,338,222,370,192,209,59,75
4,3,205,507,496,335,249,394,237,450,403,45
4,4,488,299,252,249,272,68,306,432,309,102
4,5,67,75,20,224,236,142,354,443,192,49
4,6,285,283,112,258,151,215,33,223,330,280
4,7,18,438,303,494,459,8,148,481,295,237
4,8,11,191,175,119,439,477,370,132,101,52
4,9,191,154,40,68,73,301,502,145,349,506
4,10,469,488,345,300,314,506,255,203,299,126
4,11,273,163,371,189,230,451,501,111,84,141
4,12,377,288,476,111,386,459,63,491,228,290
4,13,286,390,387,50,273,431,385,357,148,91
4,14,305,486,138,231,212,28,127,117,268,82
4,15,6,494,346,199,178,209,410,375,306,226
4,16,146,441,74,429,231,272,243,26,133,191
4,17,467,422,243,460,499,209,105,363,61,381
4,18,478,260,507,477,294,46,185,450,331,19
4,19,273,225,389,469,47,463,434,14,349,255
4,20,448,467,248,501,58,167,5,190,15,442
4,21,434,239,136,281,279,453,307,70,496,198
4,22,413,201,65,186,290,494,20,125,172,218
4,23,486,336,372,354,242,176,498,42,482,199
4,24,191,119,175,11,189,477,370,389,132,52
4,25,40,340,58,502,301,154,508,191,111,168
4,26,314,176,300,299,488,469,345,506,126,393
4,27,273,111,189,163,197,511,451,234,250,17
4,28,377,288,476,438,459,111,228,475,386,444
4,29,286,385,387,137,390,50,423,347,431,411
4,30,486,305,127,268,82,69,340,14,77,212
4,31,6,226,306,209,178,494,410,346,160,25
4,32,26,442,133,441,231,182,23,174,278,283
4,33,460,273,422,61,117,477,467,499,68,381
4,34,478,185,477,450,507,414,306,260,241,287
4,35,273,263,14,469,225,389,255,175,329,349
4,36,448,5,58,260,214,198,177,75,167,366
4,37,239,434,136,281,67,56,70,198,78,307
4,38,413,201,186,65,290,469,494,125,20,39
4,39,316,486,511,498,354,238,416,124,398,53
4,40,357,203,215,227,450,498,198,323,136,503
4,41,443,418,391,151,49,243,304,259,220,306
4,42,16,448,20,342,304,410,480,355,419,197
4,43,185,416,319,15,481,49,178,486,92,267
4,44,473,272,120,156,55,237,446,292,372,440
4,45,280,84,230,470,104,70,454,2,351,290
4,46,30,181,185,421,124,57,378,199,272,322
4,47,320,202,326,144,336,480,337,492,338,349
5,0,316,138,384,167,198,98,470,427,401,147
5,1,320,265,293,420,62,203,294,130,19,378
5,2,185,84,404,491,439,367,222,160,393,263
5,3,496,205,507,505,403,249,335,394,18,175
5,4,287,393,488,311,252,168,249,299,67,399
5,5,20,160,275,354,485,112,5,131,487,505
5,6,285,73,417,498,283,145,47,142,112,495
5,7,322,168,303,245,438,117,20,134,154,72
5,8,191,11,175,275,296,132,227,366,189,477
5,9,340,483,154,506,68,111,214,191,140,40
5,10,314,345,490,488,173,299,393,461,328,255
5,11,273,163,234,371,111,402,343,189,17,500
5,12,401,312,98,223,288,228,475,459,286,491
5,13,286,280,50,277,347,35,390,385,431,387
5,14,486,127,305,212,94,231,268,138,461,6
5,15,6,346,494,178,209,486,193,226,199,306
5,16,441,74,133,216,231,191,243,272,26,429
5,17,422,467,117,381,273,499,68,67,243,296
5,18,62,306,414,395,390,152,284,58,319,168
5,19,292,92,20,255,469,129,263,225,80,47
5,20,75,339,214,5,58,167,136,41,140,15
5,21,266,470,268,277,86,338,78,307,459,305
5,22,320,225,8,349,429,424,52,499,434,413
5,23,316,498,486,398,511,242,238,176,354,372
5,24,191,366,477,275,175,11,296,318,389,151
5,25,129,111,154,340,301,395,506,349,140,483
5,26,119,345,299,314,490,173,488,393,240,92
5,27,273,322,148,234,343,111,471,36,379,78
5,28,401,312,288,48,223,444,459,286,228,395
5,29,277,280,385,286,387,427,347,50,35,423
5,30,486,127,461,160,249,94,305,19,268,162
5,31,309,6,25,209,347,37,150,346,226,160
5,32,216,283,174,442,424,116,438,223,191,199
5,33,117,296,214,81,67,39,477,378,410,285
5,34,414,395,390,62,58,319,246,284,306,361
5,35,129,92,292,469,10,286,14,33,20,456
5,36,214,339,75,5,41,58,112,508,140,64
5,37,266,470,78,268,305,331,338,354,376,28
5,38,8,320,349,424,499,328,215,413,429,52
5,39,316,498,105,440,124,354,205,398,53,511
5,40,505,198,227,223,357,450,482,498,503,95
5,41,443,168,243,151,170,418,417,259,175,424
5,42,362,62,491,394,137,23,367,216,261,139
5,43,49,369,149,280,185,412,458,106,75,498
5,44,440,119,220,224,250,35,144,181,364,237
5,45,405,70,104,280,143,447,249,232,3,454
5,46,504,218,325,329,390,281,185,35,404,463
5,47,292,458,39,48,242,403,361,482,413,296
6,0,234,188,123,485,79,286,138,278,201,277
6,1,261,320,437,483,19,215,209,130,471,400
6,2,135,185,436,84,393,222,495,367,404,109
6,3,496,205,249,403,335,342,507,182,394,269
6,4,325,431,465,222,168,252,156,191,59,410
6,5,160,75,20,112,302,354,487,399,236,273
6,6,285,417,112,151,47,283,255,223,74,498
6,7,295,168,438,437,322,117,303,18,275,325
6,8,191,11,175,366,439,227,132,119,370,162
6,9,145,68,349,191,154,502,111,301,506,208
6,10,488,92,469,203,126,490,299,461,393,506
6,11,273,163,371,422,189,234,17,84,500,165
6,12,312,288,438,377,228,459,401,63,386,491
6,13,387,286,50,390,35,347,385,431,148,273
6,14,486,212,127,138,231,305,268,506,162,461
6,15,6,346,494,178,375,209,169,410,193,306
6,16,23,74,146,441,480,231,278,140,26,429
6,17,422,467,499,381,296,209,372,243,61,365
6,18,241,331,319,58,306,284,390,414,395,287
6,19,273,469,225,47,14,456,286,364,80,92
6,20,214,5,448,75,58,112,15,167,441,434
6,21,305,56,40,239,281,266,136,164,434,182
6,22,494,39,125,186,424,495,413,255,469,303
6,23,498,316,398,372,238,242,176,354,511,440
6,24,191,477,175,422,101,11,366,389,151,296
6,25,111,395,301,89,130,129,145,58,511,168
6,26,488,119,280,92,506,424,299,296,188,126
6,27,78,36,379,273,197,258,103,189,406,422
6,28,288,48,438,459,312,228,401,82,377,80
6,29,385,35,463,387,347,148,457,423,411,286
6,30,486,461,160,127,196,319,254,18,381,162
6,31,309,347,160,6,410,25,427,209,37,150
6,32,174,116,283,25,442,299,146,438,90,338
6,33,410,81,296,276,39,197,500,187,422,286
6,34,419,241,331,284,58,306,390,414,319,395
6,35,129,175,469,292,456,308,273,286,14,225
6,36,214,5,448,75,58,112,173,41,258,168
6,37,305,40,56,78,239,266,281,164,28,136
6,38,495,186,424,125,494,469,39,65,255,429
6,39,105,498,316,440,435,398,238,124,205,349
6,40,505,198,223,450,227,229,357,146,102,95
6,41,443,151,168,358,418,49,19,414,243,508
6,42,137,482,139,394,304,71,355,496,114,448
6,43,267,49,92,369,486,15,149,93,495,185
6,44,237,28,55,372,405,119,54,280,212,473
6,45,405,470,104,230,454,189,70,280,290,381
6,46,214,336,41,390,199,185,392,57,325,322
6,47,458,360,52,298,270,31,480,336,54,320
7,0,267,190,362,186,430,101,88,82,18,361
7,1,203,477,320,402,189,410,483,96,215,87
7,2,84,185,393,269,338,61,436,389,424,370
7,3,205,496,265,335,249,403,394,507,182,161
7,4,156,325,177,252,136,306,249,309,59,68
7,5,20,425,160,25,236,404,182,142,280,44
7,6,285,112,338,471,283,417,223,255,335,125
7,7,438,437,303,168,329,8,118,452,117,501
7,8,191,101,477,11,283,175,496,155,210,325
7,9,395,111,89,130,468,443,129,506,467,462
7,10,119,488,279,280,203,188,299,322,506,77
7,11,78,379,273,258,10,197,371,9,500,90
7,12,312,90,459,80,505,228,401,154,444,298
7,13,385,148,35,250,50,387,411,311,290,119
7,14,160,94,254,268,396,486,461,383,127,162
7,15,347,309,160,366,340,277,272,280,269,410
7,16,91,25,116,333,192,480,48,438,442,174
7,17,464,381,86,469,137,61,187,378,499,296
7,18,284,179,308,137,419,272,291,90,501,358
7,19,364,225,263,123,234,110,486,452,145,26
7,20,112,169,146,344,56,15,170,486,64,55
7,21,376,162,288,243,130,445,116,437,329,70
7,22,125,6,424,237,467,303,186,456,197,22
7,23,177,440,219,498,124,316,214,349,199,324
7,24,191,477,101,155,114,283,93,422,210,239
7,25,464,395,53,208,89,63,107,467,505,375
7,26,279,153,280,296,218,422,506,60,119,188
7,27,379,207,93,36,10,258,471,378,498,126
7,28,80,489,11,288,73,82,32,459,48,505
7,29,334,385,441,241,411,508,126,35,487,311
7,30,319,135,160,486,102,492,327,461,317,196
7,31,347,309,277,160,366,269,150,2,410,123
7,32,116,192,25,174,109,50,48,438,337,311
7,33,137,464,216,410,82,276,93,296,86,256
7,34,419,179,256,90,308,284,291,443,57,272
7,35,420,175,234,282,225,469,110,350,263,329
7,36,169,146,112,327,64,486,110,421,15,229
7,37,376,288,120,130,445,329,40,147,78,437
7,38,6,424,125,467,303,186,429,373,456,367
7,39,177,219,287,324,290,203,235,440,197,444
7,40,229,52,386,102,48,300,423,421,466,198
7,41,54,366,455,161,185,168,401,436,146,149
7,42,62,496,352,139,114,304,482,137,394,16
7,43,142,475,393,188,495,165,369,267,147,237
7,44,28,237,372,55,405,143,54,119,301,344
7,45,104,230,454,470,70,189,280,477,249,290
7,46,336,214,185,390,199,392,325,57,322,331
7,47,270,298,480,336,320,31,54,349,326,492
8,0,62,167,176,98,401,211,198,272,10,291
8,1,240,62,293,320,483,304,34,410,366,287
8,2,185,211,263,360,418,439,393,370,84,436
8,3,496,507,205,265,18,161,403,237,274,249
8,4,166,299,110,308,306,174,38,96,177,508
8,5,90,425,131,25,415,275,81,120,505,119
8,6,417,279,73,471,255,285,335,42,495,113
8,7,117,101,108,282,245,438,501,118,219,8
8,8,477,191,496,11,101,155,366,422,296,113
8,9,77,129,301,395,360,111,349,191,154,89
8,10,488,253,119,490,380,92,299,279,361,248
8,11,103,78,343,258,273,371,148,379,188,322
8,12,48,372,303,299,286,223,307,11,120,161
8,13,35,250,286,457,385,356,463,330,404,203
8,14,396,18,305,268,160,461,94,6,254,19
8,15,309,209,347,346,340,280,494,160,6,100
8,16,199,424,333,325,438,283,370,174,223,480
8,17,296,378,67,285,214,381,410,355,147,464
8,18,341,168,414,58,255,108,308,201,62,373
8,19,129,62,92,292,469,20,329,364,242,454
8,20,140,214,75,112,136,445,56,173,58,93
8,21,502,459,292,470,338,268,419,11,312,354
8,22,349,253,17,215,434,252,52,328,499,444
8,23,498,316,372,440,105,443,354,205,124,238
8,24,477,191,422,155,496,101,318,366,462,370
8,25,395,129,77,111,301,130,360,349,168,208
8,26,50,119,361,296,488,279,380,92,60,253
8,27,78,103,258,126,322,379,273,36,86,194
8,28,48,372,288,303,11,299,286,307,334,161
8,29,385,250,457,203,35,463,411,356,241,277
8,30,160,19,461,396,268,486,305,509,18,249
8,31,309,25,347,160,37,209,2,287,150,269
8,32,174,424,116,199,109,283,438,216,325,192
8,33,214,296,378,67,39,117,285,410,156,187
8,34,341,168,414,108,94,80,472,255,122,308
8,35,129,62,20,92,246,242,469,33,10,308
8,36,140,136,112,93,64,214,138,445,456,168
8,37,502,470,331,268,292,338,459,419,376,11
8,38,349,252,215,17,253,52,434,8,444,328
8,39,105,440,498,124,349,177,219,445,263,435
8,40,229,198,505,52,102,95,0,223,341,270
8,41,443,168,366,170,146,421,175,424,261,306
8,42,362,491,62,216,261,496,369,387,23,49
8,43,369,49,142,495,280,286,302,475,488,356
8,44,220,319,119,250,143,364,249,164,224,183
8,45,472,220,249,3,510,145,280,49,200,441
8,46,325,218,329,404,381,264,162,128,67,496
8,47,446,458,292,39,321,245,452,465,296,390
9,0,32,130,278,160,71,330,409,170,221,117
9,1,471,215,112,427,447,320,410,483,71,53
9,2,483,250,142,211,269,380,338,209,226,370
9,3,354,265,161,454,216,496,332,272,205,403
9,4,177,196,110,440,245,136,306,174,349,498
9,5,273,456,96,425,258,25,20,483,350,352
9,6,452,258,6,50,335,166,33,285,284,346
9,7,269,170,268,437,8,438,329,303,231,118
9,8,101,191,477,155,210,283,114,11,422,359
9,9,468,130,496,464,462,89,467,208,505,395
9,10,279,422,507,188,280,506,322,119,299,248
9,11,10,258,207,9,379,93,201,436,90,460
9,12,248,80,463,409,90,144,406,505,489,484
9,13,487,35,311,385,250,441,103,508,139,411
9,14,492,135,327,38,205,299,254,101,64,317
9,15,347,366,309,277,350,225,505,269,410,0
9,16,48,25,192,106,116,50,277,438,262,205
9,17,90,464,137,86,480,234,256,31,152,176
9,18,137,284,358,308,419,330,464,434,179,90
9,19,234,420,111,106,486,123,418,364,233,167
9,20,169,146,112,197,187,64,451,375,428,497
9,21,376,3,104,243,130,447,288,437,419,152
9,22,426,150,252,112,461,276,471,422,177,243
9,23,219,177,203,440,324,498,197,287,349,235
9,24,114,101,477,333,199,93,422,25,359,412
9,25,468,496,53,467,464,510,373,89,130,375
9,26,422,218,143,153,366,279,83,202,399,357
9,27,207,10,246,201,93,229,45,259,379,378
9,28,80,72,489,236,36,462,189,10,73,385
9,29,334,253,441,139,186,378,487,370,508,385
9,30,492,135,38,317,319,327,136,205,64,254
9,31,366,347,309,277,225,122,269,350,423,0
9,32,48,192,116,25,277,106,50,438,262,350
9,33,480,90,464,137,216,86,31,256,152,82
9,34,419,179,464,39,272,493,256,434,308,284
9,35,420,118,486,123,92,111,364,375,426,328
9,36,497,112,451,64,94,138,146,169,407,56
9,37,3,104,376,447,338,504,459,119,237,152
9,38,252,426,112,461,150,276,422,368,507,192
9,39,177,219,440,498,124,349,203,324,105,470
9,40,229,52,102,425,300,402,403,48,386,270
9,41,366,168,501,54,261,443,97,436,161,283
9,42,402,496,181,102,426,361,352,140,381,64
9,43,369,147,475,391,142,400,188,49,488,495
9,44,79,33,119,143,364,451,227,192,402,183
9,45,452,220,412,249,441,3,367,510,8,216
9,46,404,196,232,281,325,346,496,381,264,401
9,47,391,398,242,403,255,442,88,188,296,459
10,0,348,369,95,403,308,293,349,338,75,61
10,1,65,491,58,243,212,454,156,381,16,48
10,2,313,211,370,165,351,168,117,265,74,28
10,3,265,161,40,454,332,406,297,498,78,396
10,4,136,177,174,166,467,110,38,299,117,309
10,5,425,25,120,317,79,404,357,191,220,358
10,6,480,393,347,431,258,353,396,33,136,327
10,7,461,101,269,501,28,329,2,392,108,8
10,8,155,210,101,477,283,191,496,11,422,161
10,9,468,496,89,130,360,375,462,49,129,208
10,10,279,354,280,361,236,50,267,6,322,188
10,11,78,258,10,379,9,126,370,195,86,201
10,12,331,48,497,372,32,360,127,51,75,11
10,13,35,311,385,487,119,169,250,457,167,241
10,14,254,396,160,268,94,327,18,492,187,142
10,15,347,309,277,366,269,506,160,505,280,247
10,16,25,438,116,424,333,192,48,325,223,269
10,17,378,211,296,464,147,143,469,272,3,381
10,18,408,207,80,201,170,394,25,298,272,327
10,19,246,129,486,469,73,388,434,364,92,454
10,20,112,407,421,56,170,125,235,86,94,147
10,21,376,458,223,243,338,59,407,299,11,222
10,22,230,414,269,142,305,295,468,369,252,290
10,23,498,440,124,177,316,73,219,238,211,379
10,24,477,101,155,422,210,283,191,496,161,509
10,25,375,468,89,130,395,208,496,107,360,238
10,26,50,279,354,296,361,280,153,357,6,501
10,27,78,86,10,258,379,9,195,126,194,36
10,28,331,372,48,51,11,334,32,360,127,345
10,29,457,385,311,241,250,463,119,355,477,35
10,30,160,396,509,254,268,461,401,383,105,492
10,31,347,309,160,277,269,37,340,506,2,156
10,32,25,424,91,438,334,116,174,109,223,115
10,33,378,464,187,296,211,118,285,410,67,93
10,34,80,327,25,117,94,207,266,170,67,418
10,35,129,20,62,73,486,308,364,469,399,420
10,36,136,506,112,508,93,214,86,125,258,168
10,37,11,376,59,223,458,299,261,470,419,199
10,38,252,295,142,414,379,230,369,269,305,468
10,39,105,257,498,440,443,124,177,203,403,349
10,40,198,356,229,190,505,77,8,440,95,206
10,41,168,443,505,421,366,306,313,146,12,457
10,42,62,68,396,381,352,496,49,181,133,402
10,43,369,400,280,34,49,149,321,147,184,150
10,44,143,231,192,438,154,183,233,430,502,215
10,45,249,248,199,3,200,343,510,146,135,67
10,46,245,41,404,192,496,325,438,465,33,68
10,47,136,292,458,148,242,465,452,296,153,442
11,0,361,301,101,76,293,21,265,218,314,369
11,1,226,250,230,61,410,58,76,493,48,65
11,2,354,483,490,196,211,249,370,166,424,257
11,3,161,265,454,332,405,297,495,264,229,392
11,4,175,265,449,110,177,17,306,252,102,174
11,5,206,296,425,25,483,350,37,120,79,411
11,6,382,236,175,87,480,243,431,479,347,335
11,7,470,101,8,269,305,438,303,329,449,108
11,8,155,191,496,477,101,210,422,11,325,283
11,9,360,111,395,462,129,89,122,335,301,284
11,10,446,501,361,119,279,488,50,253,296,424
11,11,78,148,258,322,379,273,126,343,371,86
11,12,243,372,400,484,380,48,278,267,144,505
11,13,35,82,385,457,203,250,80,463,169,411
11,14,160,489,94,268,396,486,461,19,18,249
11,15,309,150,347,160,25,6,506,169,156,346
11,16,116,174,199,109,442,283,424,191,146,133
11,17,378,296,464,93,187,67,381,410,426,194
11,18,183,255,330,443,122,284,198,308,326,108
11,19,129,20,225,223,454,507,469,364,329,62
11,20,112,93,136,214,508,58,258,192,146,182
11,21,419,459,425,111,470,376,58,299,183,116
11,22,221,444,441,440,374,434,252,243,416,417
11,23,105,440,498,214,4,443,177,435,257,349
11,24,191,477,155,101,307,422,496,386,169,113
11,25,284,89,63,464,395,208,122,88,111,107
11,26,60,296,50,501,119,361,305,488,446,188
11,27,498,322,258,36,131,471,379,78,366,126
11,28,288,243,372,505,11,48,484,334,400,457
11,29,71,385,241,138,82,35,457,280,411,203
11,30,196,486,461,319,94,162,381,160,401,273
11,31,160,309,347,150,6,25,410,427,496,226
11,32,174,116,199,63,338,424,438,146,283,442
11,33,81,410,39,0,403,286,296,156,82,276
11,34,183,122,94,330,80,255,108,256,414,443
11,35,129,20,135,223,420,113,242,160,10,62
11,36,112,136,64,284,168,258,182,508,74,421
11,37,425,419,376,459,111,119,470,183,208,58
11,38,221,252,441,444,434,440,374,242,48,416
11,39,105,440,498,177,349,124,219,119,287,445
11,40,229,198,505,466,95,52,421,102,48,0
11,41,168,443,146,19,462,261,421,158,264,83
11,42,62,268,379,396,332,95,23,216,362,300
11,43,369,150,147,142,280,34,188,149,400,75
11,44,233,143,119,364,108,228,492,224,227,503
11,45,199,249,3,295,49,292,214,60,357,24
11,46,186,325,128,35,162,381,404,329,218,205
11,47,458,292,452,360,302,465,185,390,507,296
12,0,46,330,160,505,149,117,361,130,414,375
12,1,71,251,112,59,250,410,181,9,483,320
12,2,10,226,142,490,101,354,424,338,269,370
12,3,161,454,510,265,216,332,297,40,405,424
12,4,495,359,499,417,177,349,110,136,306,252
12,5,373,258,25,273,425,404,20,182,266,452
12,6,476,382,236,198,354,189,335,33,285,284
12,7,231,329,170,303,8,66,148,483,486,470
12,8,307,101,477,191,422,11,114,155,210,359
12,9,468,107,53,464,467,462,130,505,208,466
12,10,60,279,50,119,32,153,506,422,299,218
12,11,258,10,256,379,207,201,397,93,482,166
12,12,457,351,463,90,505,372,80,489,484,11
12,13,385,35,250,103,441,487,508,463,7,82
12,14,492,135,327,205,268,162,486,38,254,94
12,15,347,309,366,277,160,269,350,25,410,501
12,16,192,116,50,48,25,438,480,337,174,277
12,17,137,464,187,469,194,86,256,132,381,363
12,18,213,434,90,330,284,201,137,443,358,181
12,19,223,364,454,225,420,71,356,483,135,167
12,20,112,58,508,64,146,252,428,73,56,192
12,21,154,271,119,459,376,419,208,425,162,492
12,22,479,374,252,150,417,177,441,276,422,48
12,23,440,498,177,214,219,316,124,349,119,372
12,24,191,101,477,155,307,422,4,239,210,333
12,25,464,89,395,63,53,375,467,208,107,242
12,26,153,207,60,92,488,506,188,296,279,65
12,27,498,207,379,471,258,126,255,131,78,308
12,28,80,462,288,505,249,351,457,343,73,489
12,29,334,370,241,441,84,71,246,292,385,411
12,30,196,319,486,461,401,102,135,327,381,213
12,31,309,160,347,150,25,277,19,2,269,166
12,32,174,116,199,192,338,424,438,311,108,146
12,33,410,276,82,93,286,500,14,39,296,464
12,34,256,57,179,419,95,213,443,242,326,291
12,35,469,175,88,263,160,14,51,110,440,135
12,36,124,112,418,413,198,58,93,366,136,64
12,37,288,376,271,154,192,261,510,71,250,425
12,38,6,479,374,150,192,48,409,422,442,453
12,39,440,498,119,349,511,177,174,124,214,219
12,40,229,198,52,95,215,227,136,466,244,203
12,41,358,146,94,414,168,438,158,499,259,46
12,42,379,268,113,23,508,403,382,332,55,62
12,43,267,15,369,280,207,2,92,481,150,255
12,44,247,143,350,364,227,439,105,233,108,224
12,45,508,249,114,199,3,49,24,214,294,295
12,46,325,186,128,381,35,205,36,45,435,78
12,47,88,8,452,357,89,45,390,265,131,269
13,0,492,360,386,68,73,289,129,403,338,466
13,1,405,351,65,179,48,114,369,181,319,233
13,2,427,289,165,415,319,192,313,369,117,440
13,3,40,454,161,498,297,265,406,80,396,472
13,4,136,213,467,177,174,244,482,327,503,479
13,5,404,405,25,6,425,123,182,393,157,218
13,6,267,316,433,121,365,197,49,480,346,124
13,7,508,329,472,2,395,69,501,148,510,486
13,8,355,101,412,114,199,333,20,331,382,345
13,9,468,496,510,89,49,373,297,129,505,3
13,10,50,307,311,422,365,178,222,366,236,344
13,11,10,229,6,392,177,18,201,194,109,510
13,12,302,11,281,372,327,147,331,318,72,413
13,13,435,167,441,253,250,156,334,92,29,40
13,14,492,135,64,101,0,38,389,268,254,297
13,15,366,347,350,505,0,69,410,381,277,269
13,16,106,48,25,39,277,250,508,63,463,477
13,17,90,335,464,215,463,152,432,129,56,480
13,18,69,403,80,349,281,379,418,419,436,401
13,19,486,430,211,364,111,431,156,147,138,314
13,20,421,284,187,146,428,169,76,112,147,235
13,21,376,144,48,243,479,129,437,489,142,211
13,22,423,252,51,268,123,355,511,399,506,217
13,23,219,235,124,186,177,324,203,440,431,239
13,24,412,114,25,359,101,355,161,333,429,43
13,25,468,496,510,373,3,466,49,247,297,436
13,26,422,366,365,307,279,41,231,215,176,344
13,27,10,6,229,177,9,395,392,201,270,193
13,28,72,489,10,80,281,302,69,51,413,504
13,29,334,179,253,441,435,338,141,7,411,449
13,30,492,101,294,96,135,64,38,428,193,254
13,31,366,0,347,505,350,492,277,379,17,410
13,32,48,25,106,333,462,490,184,64,39,463
13,33,335,90,464,129,56,152,93,256,36,369
13,34,419,80,69,349,379,256,179,281,501,201
13,35,486,426,364,430,138,111,337,420,146,169
13,36,182,112,168,284,225,258,147,234,380,508
13,37,48,479,154,129,376,115,381,271,471,448
13,38,252,423,268,355,511,399,123,51,352,258
13,39,219,440,349,324,498,177,414,287,444,203
13,40,229,28,52,421,386,150,183,492,48,466
13,41,462,146,366,336,19,505,161,168,282,421
13,42,402,381,496,396,332,64,108,181,63,235
13,43,369,147,188,400,34,37,253,380,353,508
13,44,204,143,364,76,451,227,170,505,275,438
13,45,249,149,229,248,3,181,510,49,357,429
13,46,292,260,232,161,325,112,279,508,36,162
13,47,42,486,376,398,243,153,242,392,465,507
14,0,64,446,68,7,492,211,414,105,314,92
14,1,65,405,48,179,114,429,351,441,474,369
14,2,165,289,369,427,352,70,415,504,117,313
14,3,40,161,454,265,297,498,406,78,332,396
14,4,136,177,174,467,213,309,167,146,244,327
14,5,405,404,25,6,425,220,123,176,300,157
14,6,267,316,423,433,197,121,39,480,389,365
14,7,329,472,148,66,2,501,486,71,303,368
14,8,101,355,477,345,114,422,20,307,333,331
14,9,468,496,107,89,467,375,49,17,510,130
14,10,222,50,365,311,152,279,366,267,87,307
14,11,229,177,201,379,10,86,18,471,126,308
14,12,372,281,302,147,189,327,494,51,11,318
14,13,167,250,29,435,226,397,441,10,321,385
14,14,268,492,135,254,64,327,162,19,341,299
14,15,347,309,366,277,269,350,2,166,381,51
14,16,116,192,48,438,25,50,239,277,106,304
14,17,464,187,132,102,256,457,296,90,469,159
14,18,80,69,379,349,252,201,165,408,418,39
14,19,138,420,129,147,337,434,364,483,223,55
14,20,112,298,146,252,284,180,169,508,147,187
14,21,154,479,115,376,271,48,253,370,243,492
14,22,252,423,123,51,399,352,102,268,503,460
14,23,440,219,177,349,498,124,199,324,287,197
14,24,355,101,345,477,333,331,422,307,114,20
14,25,107,467,89,468,464,17,496,375,53,510
14,26,50,222,361,152,311,366,279,365,422,60
14,27,229,379,86,308,471,412,18,10,177,201
14,28,302,372,147,334,281,457,327,189,11,489
14,29,435,385,441,250,177,508,241,411,7,397
14,30,135,492,268,64,327,299,162,254,341,181
14,31,347,309,277,366,269,100,2,225,238,272
14,32,116,192,50,48,25,277,438,239,228,262
14,33,464,159,187,256,132,82,137,102,67,90
14,34,80,69,94,25,349,213,403,379,252,384
14,35,420,129,20,138,73,483,426,169,223,502
14,36,225,252,112,506,508,168,258,182,86,284
14,37,400,376,154,479,115,459,130,48,271,243
14,38,252,123,51,503,423,399,102,305,396,316
14,39,440,177,498,219,124,105,349,119,287,324
14,40,229,198,466,52,28,95,102,421,0,218
14,41,306,168,146,366,19,205,443,54,505,158
14,42,402,235,59,67,332,490,141,381,403,396
14,43,369,147,458,400,188,34,475,508,150,37
14,44,364,143,227,224,119,288,233,492,27,15
14,45,249,357,3,214,248,49,24,489,114,145
14,46,325,128,381,186,435,162,404,260,36,35
14,47,89,8,42,45,76,507,465,302,357,452
15,0,63,68,7,64,12,338,92,386,19,392
15,1,65,179,441,48,183,135,405,381,182,95
15,2,424,165,369,117,289,66,368,192,370,83
15,3,161,40,265,332,454,297,498,372,80,318
15,4,136,177,174,467,166,213,482,38,327,309
15,5,25,404,425,266,130,220,182,405,120,191
15,6,335,431,26,296,267,138,291,455,480,170
15,7,329,250,501,486,2,148,472,66,101,219
15,8,307,101,477,422,11,191,155,114,210,171
15,9,467,107,468,130,505,375,129,89,464,238
15,10,279,60,50,448,78,267,296,361,506,255
15,11,379,256,308,207,126,258,498,10,86,229
15,12,91,457,32,372,331,0,18,11,136,147
15,13,250,441,385,35,103,10,487,167,113,119
15,14,327,268,420,135,162,254,299,160,94,492
15,15,309,347,25,277,287,272,269,366,2,150
15,16,192,116,50,424,438,25,337,136,48,283
15,17,464,187,137,469,132,256,349,453,480,296
15,18,25,408,80,117,67,170,201,213,506,90
15,19,420,364,73,71,129,246,454,434,388,123
15,20,112,252,225,506,508,169,146,56,213,486
15,21,400,146,376,223,154,162,130,271,206,58
15,22,252,503,269,295,468,305,369,201,10,417
15,23,440,498,177,349,219,214,124,287,211,324
15,24,307,101,477,422,191,155,355,171,210,231
15,25,467,63,464,107,208,130,89,505,375,53
15,26,60,50,448,296,361,279,501,207,188,506
15,27,308,498,207,86,126,93,379,258,471,366
15,28,91,457,372,345,334,11,302,249,331,189
15,29,241,71,441,401,355,250,138,385,487,144
15,30,327,160,262,196,19,420,94,319,268,461
15,31,309,347,160,150,277,25,496,19,287,422
15,32,116,174,192,311,424,63,50,442,338,109
15,33,159,403,187,172,118,464,409,371,453,82
15,34,80,67,25,117,94,76,487,494,156,217
15,35,73,129,420,469,20,454,445,10,285,135
15,36,112,225,506,252,315,284,86,297,421,10
15,37,400,376,345,206,11,130,223,311,59,299
15,38,295,252,503,305,136,269,369,201,468,414
15,39,105,498,440,124,177,219,119,214,349,478
15,40,198,229,190,95,0,28,418,466,421,165
15,41,168,306,408,402,146,12,443,438,125,494
15,42,133,67,438,402,138,300,187,496,181,479
15,43,369,267,84,400,150,387,481,147,446,321
15,44,143,227,196,394,231,15,154,344,502,183
15,45,201,249,248,357,3,489,199,388,104,17
15,46,248,261,404,162,325,266,232,496,305,264
15,47,181,136,296,2,242,465,388,297,125,482
16,0,132,36,312,264,321,430,197,209,265,23
16,1,226,76,5,61,3,410,405,95,189,230
16,2,249,303,424,493,338,404,454,209,185,257
16,3,161,495,265,454,283,332,264,297,229,396
16,4,74,267,110,175,265,310,17,177,449,102
16,5,415,350,54,37,79,146,424,20,272,379
16,6,3,224,175,479,87,243,447,335,382,33
16,7,282,470,449,134,329,101,305,128,429,72
16,8,32,101,191,177,307,477,422,210,20,155
16,9,462,129,89,468,53,67,130,466,208,122
16,10,137,60,279,50,253,446,120,222,296,362
16,11,471,343,148,258,86,9,10,273,201,90
16,12,372,267,379,400,457,243,334,505,416,444
16,13,82,226,250,76,385,441,103,397,7,122
16,14,249,19,160,254,268,251,94,492,424,321
16,15,347,309,160,340,277,269,366,193,410,150
16,16,116,48,438,192,25,136,277,50,311,463
16,17,187,464,296,67,194,469,363,152,102,159
16,18,108,183,94,122,201,43,249,284,21,198
16,19,129,20,142,454,113,75,364,486,434,21
16,20,284,112,140,64,86,421,146,349,76,258
16,21,376,459,183,470,111,148,331,201,113,130
16,22,221,416,428,252,440,334,434,215,297,307
16,23,440,498,219,105,324,124,407,372,177,465
16,24,191,177,32,68,477,101,454,307,422,462
16,25,89,53,129,464,17,122,375,496,467,107
16,26,50,296,137,60,279,361,357,142,238,422
16,27,471,322,258,86,9,169,379,36,201,229
16,28,334,372,457,288,366,489,281,369,505,11
16,29,127,355,385,335,435,178,250,226,241,463
16,30,19,160,196,249,262,374,268,77,251,38
16,31,347,309,160,156,277,150,269,2,169,374
16,32,109,311,116,438,239,442,174,192,490,136
16,33,82,39,172,464,159,403,67,102,62,187
16,34,80,256,418,183,217,326,76,407,108,94
16,35,113,20,313,420,321,329,486,495,331,399
16,36,112,284,327,225,252,86,64,421,65,95
16,37,376,459,111,138,183,425,233,393,331,221
16,38,252,221,428,440,215,416,307,297,497,467
16,39,219,177,440,498,124,235,119,214,324,349
16,40,229,198,300,0,48,52,95,421,102,365
16,41,146,168,402,19,386,158,161,259,366,436
16,42,402,369,396,181,496,50,185,216,214,258
16,43,369,400,147,188,277,34,321,488,37,150
16,44,350,143,227,418,233,76,139,394,80,430
16,45,199,249,357,507,181,388,489,146,220,317
16,46,292,162,232,281,192,300,384,355,346,404
16,47,242,398,227,436,296,417,442,295,22,465
17,0,67,49,289,14,95,348,149,349,403,164
17,1,504,4,415,39,351,93,47,95,181,53
17,2,161,110,427,415,443,165,347,432,440,265
17,3,40,454,498,472,185,161,467,179,55,102
17,4,467,177,132,244,136,174,482,239,303,503
17,5,404,33,182,443,130,405,465,147,123,358
17,6,121,267,393,327,135,197,433,384,124,481
17,7,214,69,472,440,31,195,2,6,343,401
17,8,412,355,199,25,114,359,75,281,61,43
17,9,468,373,403,496,247,412,510,65,169,257
17,10,422,307,50,365,369,361,317,113,236,178
17,11,6,10,229,86,392,177,436,194,313,65
17,12,72,51,216,11,413,281,0,372,318,10
17,13,167,344,435,485,301,338,290,119,483,144
17,14,187,492,101,341,185,300,311,391,471,46
17,15,366,395,347,350,122,277,505,181,410,69
17,16,48,106,25,63,508,184,462,192,250,412
17,17,361,27,106,463,432,464,0,140,329,254
17,18,80,69,403,418,154,201,252,344,207,25
17,19,430,211,364,486,138,195,111,434,305,124
17,20,421,284,187,428,235,197,386,173,146,147
17,21,479,17,376,336,129,489,437,448,243,407
17,22,14,252,403,302,351,51,506,310,355,80
17,23,219,177,186,214,235,203,324,207,287,63
17,24,412,355,114,199,25,359,101,333,75,43
17,25,496,468,403,373,412,247,510,434,169,65
17,26,422,365,307,50,369,361,113,366,317,234
17,27,10,86,6,229,177,392,386,436,308,36
17,28,72,281,51,302,385,10,238,504,11,216
17,29,435,253,344,508,441,119,338,7,334,290
17,30,492,101,341,135,300,297,283,187,193,272
17,31,366,347,277,350,225,395,340,69,122,505
17,32,48,106,25,277,192,63,462,150,184,350
17,33,464,361,102,221,90,129,27,106,335,152
17,34,80,69,25,418,419,403,82,154,465,408
17,35,486,430,364,426,169,211,111,420,138,97
17,36,327,225,421,235,284,112,146,169,126,380
17,37,376,479,286,129,243,17,275,346,329,381
17,38,252,14,423,456,506,355,378,351,403,268
17,39,219,177,324,203,235,287,186,214,207,197
17,40,229,102,52,499,28,421,48,386,183,300
17,41,366,161,103,19,215,100,386,419,401,333
17,42,402,396,496,381,181,352,42,108,185,378
17,43,147,188,369,475,400,243,142,277,354,302
17,44,350,472,143,232,76,24,227,418,310,213
17,45,149,3,429,24,249,388,146,229,181,357
17,46,221,292,161,68,346,384,112,264,404,426
17,47,486,399,398,153,376,242,42,392,117,186
18,0,326,7,479,139,64,0,254,350,290,497
18,1,210,504,342,441,39,429,143,498,65,415
18,2,165,410,287,168,161,192,369,415,313,252
18,3,40,454,498,161,472,297,221,55,265,102
18,4,467,177,136,244,174,503,213,482,400,327
18,5,404,405,33,497,182,443,123,25,18,119
18,6,267,245,423,327,170,197,365,433,148,368
18,7,472,343,195,214,69,50,2,401,486,162
18,8,355,412,114,359,25,333,199,345,101,43
18,9,468,496,247,510,17,373,107,80,286,49
18,10,422,50,279,448,267,322,365,361,307,357
18,11,10,229,86,471,177,412,436,6,392,201
18,12,372,281,51,72,11,318,238,413,466,334
18,13,250,441,355,226,344,435,385,119,7,167
18,14,492,262,268,64,101,374,254,187,19,38
18,15,366,347,309,350,505,69,0,410,277,269
18,16,48,106,25,192,116,438,39,239,277,463
18,17,464,457,102,90,152,175,143,215,296,463
18,18,82,80,408,25,106,201,418,69,76,416
18,19,138,486,364,430,285,124,140,211,489,111
18,20,225,284,506,421,235,428,112,146,89,231
18,21,461,376,206,311,442,286,400,345,243,233
18,22,159,51,468,239,449,230,500,351,269,506
18,23,219,235,124,440,324,177,498,203,33,287
18,24,355,114,101,454,422,412,359,307,333,161
18,25,496,468,17,447,107,373,53,510,89,80
18,26,50,422,361,448,279,365,274,357,222,296
18,27,471,86,229,412,10,177,308,386,379,258
18,28,281,334,372,489,51,494,302,177,366,11
18,29,355,435,335,385,344,441,250,241,177,508
18,30,374,492,268,262,160,401,319,38,254,135
18,31,160,347,309,277,150,2,67,169,269,193
18,32,174,116,438,239,109,337,192,311,442,136
18,33,82,172,118,371,159,464,102,409,296,132
18,34,80,76,416,234,156,25,256,366,82,69
18,35,331,313,59,212,14,225,469,66,495,263
18,36,413,290,507,366,215,15,260,436,58,315
18,37,474,337,242,147,442,345,18,54,294,311
18,38,415,159,468,171,10,269,506,202,473,332
18,39,390,146,95,416,238,69,498,316,363,155
18,40,59,215,244,203,407,357,471,434,227,198
18,41,434,435,94,259,226,385,245,391,168,67
18,42,479,438,97,22,45,472,133,67,257,245
18,43,207,509,370,377,387,64,2,97,180,255
18,44,440,189,270,4,474,158,294,405,43,439
18,45,282,126,406,201,297,119,132,289,357,441
18,46,41,77,333,469,261,496,248,374,346,64
18,47,463,125,424,242,396,360,263,453,458,22
19,0,412,251,109,319,168,205,371,235,431,475
19,1,440,57,383,125,423,95,181,446,88,306
19,2,84,107,257,209,496,137,444,393,211,511
19,3,205,496,507,293,335,249,269,408,403,182
19,4,325,346,357,465,73,294,252,344,410,506
19,5,236,68,56,74,20,112,26,110,244,154
19,6,259,292,149,118,68,435,185,168,285,397
19,7,316,33,351,489,302,8,139,303,242,177
19,8,191,11,422,356,496,477,283,155,138,210
19,9,111,360,129,395,462,154,139,140,208,214
19,10,424,488,60,119,50,279,393,361,203,299
19,11,371,273,234,322,163,471,84,258,201,78
19,12,459,228,246,37,220,288,475,491,218,287
19,13,385,148,387,250,355,411,35,286,91,127
19,14,486,160,94,383,461,127,212,69,374,138
19,15,6,346,169,160,306,309,150,226,178,156
19,16,480,91,299,174,23,424,199,442,116,191
19,17,172,381,422,499,72,296,467,196,372,386
19,18,510,127,282,503,497,388,385,483,49,6
19,19,47,331,469,225,212,255,14,184,66,210
19,20,507,413,366,290,228,15,464,335,215,345
19,21,242,337,54,474,18,340,456,464,287,91
19,22,77,283,181,43,78,401,86,281,264,122
19,23,390,146,363,95,163,316,69,155,242,416
19,24,191,138,356,503,304,477,233,366,175,11
19,25,111,301,361,171,210,140,168,154,395,89
19,26,424,488,393,129,10,299,119,173,48,60
19,27,273,234,12,250,189,322,422,36,17,500
19,28,288,459,228,246,220,475,37,217,143,390
19,29,385,347,387,286,128,412,423,329,195,352
19,30,486,127,69,383,381,388,196,160,374,90
19,31,6,306,160,226,209,346,58,494,66,128
19,32,174,441,203,470,368,442,299,325,438,23
19,33,172,422,72,196,17,484,81,73,499,324
19,34,503,127,510,497,282,386,483,385,49,6
19,35,212,14,289,59,225,26,47,63,255,469
19,36,413,507,215,260,228,366,290,335,15,423
19,37,18,464,287,337,456,91,474,147,242,54
19,38,78,77,283,181,43,401,264,86,281,292
19,39,390,146,416,486,238,316,69,511,260,95
19,40,203,357,215,244,227,407,59,471,397,278
19,41,226,434,435,94,259,243,414,385,180,304
19,42,287,428,476,303,119,301,123,472,322,365
19,43,207,370,217,377,509,180,92,15,49,185
19,44,189,51,158,440,43,4,276,54,471,405
19,45,282,406,48,365,332,70,359,232,237,230
19,46,469,77,504,239,147,351,141,25,323,372
19,47,142,280,424,11,222,204,329,59,377,452
20,0,485,188,123,495,342,234,286,416,381,44
20,1,434,128,437,320,261,225,157,130,111,383
20,2,286,457,135,321,494,84,171,89,393,160
20,3,35,507,496,342,403,197,237,52,405,205
20,4,431,191,128,488,199,249,252,168,296,292
20,5,75,399,20,340,244,180,11,112,26,140
20,6,179,285,52,151,112,142,272,359,283,234
20,7,437,174,295,175,176,18,119,357,220,245
20,8,191,322,11,116,497,119,357,505,132,189
20,9,340,191,154,145,506,140,40,293,214,111
20,10,314,349,488,469,506,300,95,255,126,328
20,11,273,111,230,451,163,501,234,371,197,188
20,12,377,438,340,111,182,103,470,288,7,475
20,13,257,390,286,155,374,42,270,348,202,18
20,14,231,486,305,127,43,6,28,212,94,340
20,15,6,178,494,209,346,226,199,306,10,289
20,16,441,26,133,231,146,74,272,243,191,429
20,17,243,422,460,467,454,117,68,405,355,273
20,18,260,304,331,477,306,287,450,241,326,388
20,19,469,273,255,104,80,47,225,286,59,389
20,20,448,501,260,58,167,366,198,75,5,418
20,21,239,147,136,198,281,307,434,67,83,279
20,22,65,469,413,494,255,186,39,20,125,172
20,23,486,176,336,416,372,242,498,238,511,354
20,24,191,189,51,116,470,318,497,78,389,119
20,25,340,140,301,168,508,40,145,293,191,154
20,26,314,349,488,92,469,490,173,176,506,497
20,27,111,273,255,322,390,234,335,103,172,491
20,28,288,438,470,377,475,228,7,340,459,103
20,29,390,257,42,286,137,201,147,116,280,348
20,30,486,77,381,192,127,366,305,231,94,196
20,31,6,226,209,160,150,410,306,346,178,36
20,32,182,442,174,26,470,203,133,368,441,231
20,33,500,460,197,14,81,93,240,276,244,477
20,34,306,304,241,256,287,260,450,307,478,331
20,35,469,273,104,59,389,14,263,175,88,332
20,36,260,448,58,198,177,433,366,75,5,93
20,37,136,239,67,281,78,56,294,164,434,147
20,38,65,186,469,125,39,255,494,413,20,23
20,39,416,238,486,511,316,336,354,498,459,174
20,40,203,215,357,136,323,498,146,227,223,59
20,41,259,151,49,46,418,220,164,32,364,216
20,42,16,448,20,480,304,342,410,355,419,473
20,43,15,481,185,178,416,370,92,267,49,486
20,44,473,120,446,272,55,237,372,136,156,212
20,45,84,351,2,470,104,230,290,454,381,70
20,46,181,66,378,57,185,322,211,392,199,272
20,47,320,337,326,336,202,480,149,270,31,492
21,0,201,316,384,246,378,277,461,470,34,337
21,1,102,293,420,378,265,18,280,370,320,483
21,2,2,30,495,491,367,321,84,304,197,436
21,3,507,404,86,1,496,274,342,364,185,403
21,4,86,54,393,63,488,168,292,311,102,468
21,5,160,133,290,391,430,20,202,487,354,11
21,6,250,498,142,131,47,73,132,285,151,145
21,7,374,48,208,492,245,176,72,20,154,295
21,8,191,53,189,11,486,389,292,78,405,227
21,9,140,166,483,405,191,349,154,340,301,168
21,10,440,314,349,328,92,497,488,490,378,102
21,11,334,376,390,255,103,53,25,129,335,188
21,12,4,98,313,154,495,227,438,288,505,502
21,13,286,270,116,42,257,390,234,348,373,76
21,14,231,211,486,305,303,94,196,256,43,192
21,15,6,226,178,209,494,346,199,289,10,306
21,16,428,133,370,441,26,231,182,442,191,368
21,17,460,93,500,286,410,81,422,87,355,78
21,18,457,152,141,55,326,241,304,306,307,414
21,19,411,469,273,80,255,165,47,286,389,225
21,20,426,177,167,75,58,433,289,5,198,501
21,21,347,239,281,56,305,164,136,250,198,86
21,22,385,21,413,186,65,320,125,429,469,121
21,23,486,176,238,402,316,511,398,416,52,498
21,24,53,189,191,486,78,389,296,317,363,241
21,25,140,340,166,483,40,168,154,145,301,508
21,26,92,314,488,440,497,349,12,173,378,328
21,27,131,390,255,376,129,111,103,53,14,11
21,28,288,98,4,313,154,495,47,438,475,228
21,29,208,84,107,336,42,373,201,59,225,234
21,30,486,211,196,94,192,305,303,77,381,256
21,31,6,150,309,25,226,306,160,209,410,302
21,32,428,338,368,442,182,26,133,116,174,191
21,33,286,460,500,81,93,197,0,355,443,87
21,34,457,141,55,414,152,306,241,307,331,304
21,35,411,273,469,389,253,286,165,80,175,51
21,36,426,177,5,58,93,75,289,433,214,198
21,37,347,164,281,305,56,354,78,239,136,192
21,38,385,21,186,125,65,469,320,429,413,121
21,39,416,486,498,316,511,174,440,117,238,205
21,40,498,203,357,227,198,215,505,25,136,503
21,41,151,424,49,216,259,175,358,220,418,304
21,42,380,137,448,304,482,355,139,394,342,62
21,43,15,185,49,92,178,267,137,149,369,481
21,44,120,237,473,28,55,212,372,35,156,446
21,45,333,104,230,470,2,70,290,454,189,84
21,46,169,57,378,199,211,185,392,322,412,272
21,47,458,337,360,149,320,480,336,281,379,501
22,0,406,201,277,246,5,337,384,378,199,63
22,1,102,18,420,395,272,478,228,293,13,323
22,2,495,2,30,61,469,272,24,380,63,436
22,3,265,40,161,297,454,205,507,338,55,404
22,4,63,177,54,174,249,168,81,136,503,488
22,5,404,160,133,290,25,20,425,491,234,147
22,6,125,131,250,490,498,47,73,285,284,311
22,7,437,374,492,303,245,208,329,18,8,168
22,8,101,53,191,486,11,113,477,412,497,359
22,9,468,395,140,496,208,464,506,130,122,505
22,10,188,391,92,119,506,422,488,23,86,328
22,11,10,255,207,188,126,9,471,371,258,335
22,12,80,72,73,489,150,315,90,298,505,139
22,13,334,250,253,266,441,487,411,427,331,311
22,14,492,38,254,135,192,101,94,327,275,77
22,15,366,347,309,350,277,410,505,0,69,225
22,16,48,106,25,192,116,277,438,50,39,508
22,17,90,464,137,215,86,480,221,129,234,296
22,18,137,419,256,179,358,468,90,181,493,361
22,19,486,364,234,106,420,111,110,430,84,282
22,20,169,146,187,112,197,421,428,344,469,64
22,21,376,288,437,489,445,162,283,112,50,80
22,22,6,385,458,197,217,125,22,351,117,506
22,23,219,177,203,324,186,287,440,290,235,197
22,24,114,412,199,101,333,25,359,93,355,477
22,25,496,468,373,403,53,510,107,375,89,257
22,26,422,143,218,234,317,113,366,357,231,27
22,27,10,177,229,392,270,471,510,6,386,201
22,28,80,72,489,385,10,216,238,281,504,354
22,29,334,253,441,119,508,139,378,103,487,338
22,30,492,38,101,135,254,319,130,452,193,317
22,31,366,347,410,309,350,277,190,122,340,69
22,32,48,25,106,277,192,116,184,508,39,50
22,33,90,464,221,463,364,215,361,129,152,377
22,34,419,407,179,432,256,455,332,300,39,493
22,35,106,486,364,420,337,234,211,430,393,282
22,36,327,187,421,65,112,231,138,397,191,103
22,37,288,376,211,387,420,162,481,97,462,219
22,38,6,385,271,27,456,367,320,21,207,394
22,39,219,186,177,324,124,235,287,24,203,197
22,40,229,102,386,183,228,52,306,48,466,499
22,41,419,168,251,366,161,189,507,364,129,19
22,42,62,137,380,482,448,177,114,304,139,222
22,43,147,369,188,302,475,400,277,397,361,243
22,44,473,28,212,120,237,55,156,35,372,104
22,45,333,470,104,230,2,290,70,454,189,381
22,46,185,169,57,211,199,392,322,252,412,390
22,47,149,480,281,336,320,379,501,2,326,349
23,0,98,62,176,401,246,167,272,201,10,198
23,1,420,395,62,293,302,34,287,240,304,238
23,2,2,360,263,439,197,404,185,418,491,433
23,3,507,496,265,18,274,451,237,168,403,405
23,4,287,166,299,96,308,488,67,508,168,102
23,5,90,131,415,275,5,487,346,60,158,119
23,6,73,495,131,102,42,142,279,47,113,417
23,7,101,245,154,282,132,503,108,117,134,200
23,8,53,191,189,296,486,389,11,317,201,496
23,9,140,166,340,168,508,483,191,301,154,405
23,10,488,440,92,314,378,391,490,328,494,12
23,11,131,376,103,390,255,334,14,11,78,328
23,12,286,299,303,223,98,48,355,6,4,288
23,13,208,107,71,8,84,76,286,306,280,116
23,14,192,94,211,231,77,305,486,68,396,428
23,15,6,226,309,346,209,150,494,156,289,199
23,16,428,368,133,370,191,182,442,338,174,26
23,17,93,81,286,505,500,68,410,454,87,156
23,18,457,414,55,152,62,168,326,108,246,341
23,19,411,469,396,253,80,223,246,255,51,33
23,20,289,140,426,433,75,58,339,93,136,167
23,21,354,331,419,347,502,268,470,292,266,312
23,22,215,21,349,8,17,435,434,328,52,444
23,23,498,443,486,78,440,174,316,238,402,193
23,24,53,486,191,296,496,189,4,329,366,447
23,25,140,340,160,439,122,166,89,377,395,301
23,26,391,92,488,497,12,314,305,207,440,65
23,27,131,255,376,498,390,471,14,129,103,11
23,28,286,299,288,223,303,48,47,98,4,6
23,29,208,107,84,71,9,336,486,266,8,234
23,30,94,192,196,211,486,367,162,76,303,381
23,31,309,150,25,347,496,160,277,6,287,156
23,32,116,174,338,424,192,428,368,63,199,341
23,33,286,403,0,156,81,500,93,42,214,378
23,34,55,457,108,308,62,168,414,326,141,443
23,35,246,253,411,223,110,396,454,33,51,469
23,36,426,140,289,339,136,112,93,47,198,58
23,37,354,331,419,347,470,268,502,292,192,78
23,38,215,21,8,17,349,435,444,52,328,434
23,39,174,498,440,257,263,78,416,124,100,214
23,40,198,145,215,505,229,227,203,170,95,77
23,41,146,424,168,175,94,259,394,147,158,306
23,42,380,62,362,261,491,216,23,222,387,50
23,43,369,106,49,94,149,137,280,256,498,458
23,44,250,319,220,224,104,164,156,346,492,228
23,45,472,333,249,33,3,401,405,220,232,49
23,46,329,185,218,128,325,381,119,67,261,390
23,47,292,175,234,48,245,39,497,458,390,452
24,0,464,416,381,320,79,188,219,346,288,234
24,1,215,395,414,262,447,285,483,434,471,237
24,2,483,500,2,379,185,197,211,109,454,212
24,3,507,403,496,265,384,13,397,216,274,288
24,4,340,329,314,499,128,152,58,349,488,237
24,5,413,180,483,172,273,284,233,270,373,379
24,6,441,188,416,472,131,84,50,142,234,74
24,7,274,390,275,119,280,154,491,245,206,105
24,8,53,426,4,447,496,189,191,486,155,178
24,9,154,439,140,506,160,122,377,467,208,107
24,10,488,391,92,6,328,207,153,314,298,440
24,11,131,255,498,376,258,277,188,390,471,14
24,12,144,221,493,33,343,93,505,380,351,271
24,13,208,71,107,8,266,124,169,127,84,79
24,14,94,192,196,381,367,77,461,283,102,273
24,15,150,309,160,25,156,496,347,506,2,277
24,16,116,174,199,192,489,438,442,424,191,133
24,17,403,42,159,93,378,410,440,81,82,464
24,18,220,55,308,443,457,256,326,472,96,330
24,19,223,246,396,135,51,411,253,454,225,469
24,20,112,426,289,198,167,58,456,8,93,272
24,21,354,0,301,419,253,331,78,459,294,192
24,22,408,435,489,419,163,432,192,442,21,177
24,23,174,4,498,257,78,440,214,443,416,402
24,24,426,4,496,447,53,486,210,443,191,101
24,25,464,89,122,395,242,467,160,53,377,63
24,26,391,305,488,92,29,65,350,207,298,251
24,27,131,498,471,255,258,442,2,126,188,376
24,28,144,221,288,505,493,33,343,380,93,7
24,29,208,71,266,167,246,127,241,233,8,51
24,30,196,94,367,401,461,93,102,327,213,162
24,31,309,150,160,25,347,277,2,287,496,269
24,32,116,174,338,192,199,424,341,311,438,50
24,33,403,42,159,286,93,81,0,464,378,440
24,34,220,443,308,55,472,337,330,326,457,256
24,35,246,223,482,253,1,135,396,420,454,429
24,36,8,112,456,289,272,146,214,421,426,167
24,37,354,0,301,78,459,119,83,253,376,71
24,38,408,489,419,435,163,432,192,177,422,21
24,39,440,498,349,219,177,78,174,124,119,26
24,40,229,198,145,52,215,466,95,0,102,421
24,41,146,168,264,394,12,158,366,259,147,443
24,42,436,389,235,138,380,286,95,59,222,424
24,43,458,369,256,147,149,400,438,142,188,75
24,44,364,224,143,465,288,34,227,160,500,104
24,45,249,3,346,214,114,472,49,24,220,357
24,46,128,325,381,244,185,121,162,266,45,186
24,47,89,88,45,8,357,390,265,452,188,185
25,0,63,68,58,12,19,386,233,338,392,358
25,1,65,414,454,305,183,135,182,48,493,311
25,2,424,165,117,369,289,66,256,368,110,265
25,3,40,161,265,297,454,332,472,476,318,498
25,4,136,177,174,166,467,327,299,38,213,309
25,5,25,425,404,266,130,120,220,182,65,405
25,6,138,26,335,431,53,119,291,480,357,33
25,7,329,250,2,450,486,501,148,472,34,219
25,8,101,426,191,477,4,210,422,505,113,239
25,9,467,464,107,242,505,53,375,463,89,468
25,10,153,361,207,32,488,308,267,60,279,67
25,11,379,207,308,498,205,256,93,482,126,255
25,12,91,372,345,302,331,32,75,0,144,7
25,13,71,250,441,127,167,487,241,169,35,355
25,14,327,135,205,102,268,162,401,299,420,94
25,15,309,347,25,150,277,160,272,2,287,269
25,16,116,192,50,337,438,174,136,424,272,270
25,17,464,137,159,132,93,403,42,187,469,378
25,18,25,67,117,443,80,170,48,252,408,494
25,19,420,246,73,71,135,253,364,469,411,454
25,20,252,112,213,351,146,272,225,169,506,508
25,21,223,206,311,146,299,442,0,376,417,354
25,22,489,503,468,269,201,305,290,369,414,142
25,23,440,498,177,155,4,349,404,100,214,219
25,24,477,4,505,101,426,427,443,191,486,155
25,25,464,467,63,89,53,463,107,505,375,122
25,26,361,391,207,305,153,506,29,60,308,188
25,27,498,308,207,126,379,471,255,258,131,93
25,28,91,345,144,288,302,249,32,505,7,177
25,29,370,241,401,208,441,71,127,246,355,26
25,30,319,401,461,486,160,102,196,381,327,142
25,31,160,309,347,150,2,37,25,100,277,166
25,32,174,116,442,311,424,115,199,338,438,192
25,33,172,81,118,82,286,159,371,500,93,410
25,34,176,67,256,117,416,443,457,156,48,487
25,35,59,175,373,210,445,184,469,73,313,411
25,36,315,413,436,290,167,124,426,15,260,198
25,37,311,223,0,299,206,354,442,337,347,250
25,38,489,21,503,295,269,110,290,435,468,414
25,39,96,174,155,401,404,316,416,498,117,511
25,40,215,6,227,203,165,340,198,229,366,357
25,41,12,94,394,245,125,259,46,49,175,168
25,42,138,22,479,380,472,45,232,97,71,303
25,43,378,267,2,15,178,94,92,294,416,142
25,44,270,4,173,136,294,474,440,134,120,446
25,45,126,119,201,405,472,249,333,2,132,456
25,46,504,162,446,499,362,325,30,16,438,226
25,47,125,203,29,80,424,297,33,199,126,295
26,0,4,274,180,126,228,162,294,200,251,356
26,1,451,394,414,108,172,0,368,391,475,423
26,2,236,197,346,391,107,508,112,257,200,237
26,3,496,507,402,108,381,29,403,282,13,384
26,4,223,130,199,114,34,212,73,370,346,332
26,5,374,413,93,80,47,312,483,247,153,26
26,6,53,251,397,119,68,140,292,168,288,208
26,7,167,65,94,194,410,492,316,155,496,115
26,8,53,191,426,4,138,227,189,447,496,389
26,9,140,439,242,506,204,160,166,122,154,316
26,10,488,391,440,92,207,29,10,305,314,6
26,11,131,376,255,390,498,59,474,402,14,129
26,12,363,410,218,144,87,432,78,220,505,506
26,13,208,382,79,71,127,246,84,234,336,59
26,14,94,486,196,77,461,18,45,231,386,93
26,15,150,6,160,226,309,496,156,66,25,346
26,16,174,338,428,370,191,368,133,129,424,442
26,17,172,81,93,430,500,73,410,196,371,422
26,18,176,103,391,282,248,178,457,388,497,14
26,19,469,255,47,225,210,166,88,184,175,59
26,20,413,290,464,315,366,260,15,198,466,167
26,21,337,456,454,107,163,74,178,320,192,147
26,22,343,472,292,465,74,171,281,21,119,122
26,23,404,96,401,155,486,390,146,416,242,327
26,24,138,53,191,189,389,233,356,304,205,126
26,25,140,204,340,316,171,168,439,160,232,40
26,26,488,10,29,305,92,440,314,8,129,317
26,27,131,53,255,390,234,2,129,59,172,474
26,28,363,288,228,87,218,475,143,410,220,459
26,29,382,412,195,318,59,128,168,280,336,246
26,30,486,69,388,74,45,196,328,323,127,188
26,31,6,306,226,128,58,66,178,237,160,150
26,32,182,470,174,227,203,231,442,26,368,133
26,33,172,192,73,430,196,81,17,422,14,197
26,34,391,176,497,282,103,385,248,388,178,256
26,35,14,289,59,175,212,469,263,225,331,255
26,36,413,290,215,366,335,260,198,423,167,58
26,37,337,456,454,107,384,91,287,163,147,178
26,38,343,472,465,281,74,292,171,181,453,122
26,39,416,146,316,238,69,390,486,363,95,59
26,40,59,407,227,357,244,278,215,203,323,434
26,41,435,51,94,77,67,180,434,484,259,414
26,42,194,85,45,472,438,91,16,22,123,496
26,43,378,294,92,509,217,15,207,185,486,200
26,44,440,43,489,158,4,136,286,405,439,344
26,45,282,167,406,433,333,104,489,356,25,472
26,46,64,446,504,261,226,281,391,374,333,41
26,47,487,171,152,424,17,124,295,80,115,242
27,0,458,44,485,320,416,219,464,384,23,70
27,1,80,434,394,115,423,414,123,363,174,242
27,2,50,197,304,311,321,294,171,308,262,109
27,3,426,507,404,384,323,237,496,29,403,293
27,4,14,199,324,114,370,152,130,292,395,249
27,5,47,257,244,340,339,112,259,76,20,442
27,6,272,397,131,207,68,425,416,310,320,285
27,7,122,496,492,166,357,316,220,333,177,36
27,8,126,138,53,322,363,191,189,451,292,389
27,9,140,204,316,171,256,168,393,166,191,76
27,10,440,92,488,10,265,8,314,328,327,362
27,11,390,53,234,59,131,129,163,255,474,402
27,12,389,340,510,87,218,475,143,258,288,228
27,13,382,205,286,373,318,336,201,234,59,232
27,14,486,328,127,504,416,461,196,45,6,69
27,15,6,375,346,226,209,66,178,128,58,306
27,16,174,325,441,133,231,368,203,227,129,470
27,17,196,172,192,81,73,422,430,93,104,276
27,18,391,38,386,176,125,324,96,178,248,78
27,19,47,255,469,175,289,263,225,332,88,60
27,20,413,366,5,260,335,290,507,167,215,423
27,21,337,384,147,54,287,91,340,51,28,320
27,22,401,181,59,408,339,358,74,255,77,373
27,23,486,69,416,402,146,398,238,327,316,511
27,24,191,451,138,189,322,389,487,162,126,151
27,25,232,204,140,256,168,171,439,393,316,89
27,26,488,173,92,10,46,349,29,53,424,305
27,27,234,53,131,277,255,390,287,76,17,337
27,28,288,389,510,340,475,228,87,143,459,218
27,29,205,382,147,286,234,105,347,348,201,59
27,30,486,127,461,196,328,416,20,334,69,254
27,31,6,306,150,226,209,160,346,58,237,410
27,32,174,368,470,438,325,283,299,203,424,231
27,33,81,422,196,276,172,192,72,197,381,104
27,34,38,391,324,386,199,109,256,96,125,284
27,35,14,175,263,289,456,332,225,217,469,255
27,36,413,215,5,93,366,47,58,335,290,198
27,37,287,337,91,384,51,54,147,28,340,33
27,38,181,339,408,401,453,358,59,77,255,373
27,39,416,316,69,238,511,486,498,398,146,124
27,40,215,498,203,357,278,227,323,59,482,244
27,41,243,151,94,414,435,145,358,49,434,425
27,42,16,428,303,123,119,448,287,190,394,472
27,43,92,15,267,178,486,185,416,93,509,207
27,44,136,440,473,54,237,4,55,189,158,43
27,45,282,470,230,454,104,433,70,351,406,189
27,46,504,333,374,475,403,281,438,203,346,391
27,47,80,424,48,171,458,152,39,59,502,242
28,0,188,485,123,286,79,222,324,18,203,15
28,1,434,261,437,172,162,130,209,336,174,414
28,2,436,135,457,377,321,50,171,304,197,262
28,3,342,35,507,496,290,403,319,238,426,400
28,4,168,191,431,184,370,199,488,292,306,68
28,5,75,20,11,487,112,340,399,180,257,420
28,6,272,151,285,112,280,47,234,359,142,283
28,7,437,295,122,357,438,117,492,175,174,208
28,8,191,11,162,151,132,487,414,370,477,492
28,9,145,140,191,395,349,502,208,232,301,154
28,10,488,92,469,53,506,119,126,46,173,299
28,11,371,273,189,234,197,17,163,103,500,78
28,12,438,377,312,459,288,510,182,480,475,228
28,13,390,286,387,35,411,385,105,436,50,91
28,14,486,127,212,231,305,461,506,138,160,268
28,15,346,178,6,169,209,375,289,494,306,486
28,16,480,23,91,424,231,299,429,74,140,441
28,17,381,422,467,499,372,296,209,389,365,50
28,18,331,241,260,306,38,444,284,58,287,109
28,19,469,225,47,286,14,388,356,434,377,80
28,20,345,5,58,366,75,15,434,214,56,448
28,21,136,239,281,28,147,56,340,305,70,54
28,22,125,255,65,186,469,39,179,413,373,494
28,23,498,316,238,398,372,354,176,242,336,124
28,24,191,477,11,101,151,389,51,175,422,283
28,25,395,111,129,301,130,89,63,58,168,511
28,26,488,280,119,506,92,424,211,60,188,240
28,27,78,273,197,103,258,189,371,379,36,406
28,28,288,459,48,80,228,438,73,312,356,180
28,29,385,387,286,347,35,457,463,148,282,411
28,30,486,160,127,319,461,243,212,162,233,396
28,31,37,309,6,346,347,169,209,25,226,306
28,32,174,299,480,116,424,91,223,192,23,442
28,33,410,296,81,422,276,285,355,105,381,467
28,34,241,306,331,419,58,219,444,109,38,199
28,35,273,175,456,14,263,286,332,469,80,225
28,36,5,448,93,177,58,214,366,47,75,167
28,37,239,136,78,281,305,56,67,28,164,40
28,38,125,453,186,255,65,469,373,179,225,494
28,39,416,316,498,511,238,398,440,486,69,124
28,40,498,203,215,198,227,357,323,482,171,450
28,41,243,151,418,358,414,49,220,32,46,216
28,42,16,448,20,304,480,342,482,355,123,114
28,43,267,92,15,486,178,481,93,416,255,49
28,44,136,473,237,55,54,372,446,212,280,120
28,45,84,470,230,104,290,454,351,189,70,2
28,46,181,66,57,199,214,378,322,392,185,193
28,47,320,202,337,326,336,480,31,270,492,298
29,0,201,316,378,337,384,406,463,288,99,102
29,1,18,102,378,293,420,483,280,130,209,203
29,2,436,30,367,495,404,377,197,393,333,38
29,3,1,342,507,23,86,35,496,403,168,323
29,4,63,192,168,54,393,311,468,431,184,191
29,5,160,487,290,391,20,430,485,331,414,11
29,6,47,498,132,142,285,234,250,112,73,272
29,7,48,295,374,117,208,154,72,300,322,20
29,8,487,162,451,468,317,256,132,151,419,189
29,9,140,145,204,232,256,393,349,395,168,429
29,10,53,488,92,490,507,196,494,135,173,444
29,11,474,131,335,425,390,234,17,43,337,453
29,12,502,98,438,312,313,154,227,247,114,47
29,13,491,105,336,201,390,147,391,297,27,225
29,14,461,18,486,196,386,231,192,254,283,396
29,15,309,160,6,347,150,226,346,156,209,2
29,16,174,116,424,438,199,311,442,91,325,63
29,17,410,81,93,159,82,296,125,378,137,276
29,18,241,306,152,246,199,219,284,58,256,319
29,19,469,47,175,80,255,225,88,263,273,51
29,20,278,366,93,177,5,58,75,167,469,345
29,21,250,136,78,239,147,67,28,164,340,321
29,22,255,453,320,429,225,224,65,192,186,125
29,23,316,498,410,398,124,440,214,154,511,238
29,24,419,239,191,151,497,162,477,101,366,414
29,25,464,89,395,471,107,375,242,390,505,53
29,26,65,153,488,92,207,188,425,506,211,60
29,27,379,378,471,498,207,36,277,255,366,78
29,28,288,80,438,312,154,73,502,475,48,459
29,29,26,370,334,147,441,105,9,347,457,487
29,30,319,486,196,401,461,102,254,135,381,251
29,31,160,309,347,150,277,25,166,2,269,427
29,32,174,116,199,438,424,283,192,146,470,109
29,33,82,81,276,296,410,0,159,464,422,286
29,34,241,306,256,432,219,419,109,284,468,152
29,35,313,175,80,273,263,88,253,469,504,19
29,36,13,278,177,5,469,47,511,366,437,448
29,37,78,250,470,239,351,94,305,266,268,164
29,38,453,320,255,192,224,16,429,444,65,225
29,39,410,316,416,78,498,398,238,486,117,263
29,40,498,145,198,223,389,357,482,215,97,51
29,41,243,427,417,147,2,220,499,259,508,151
29,42,362,46,367,23,261,163,216,62,491,137
29,43,280,106,256,137,506,49,369,458,509,278
29,44,35,127,220,54,120,104,465,479,164,181
29,45,33,401,496,70,166,383,447,2,220,104
29,46,185,218,464,373,169,323,329,409,244,390
29,47,234,175,59,292,269,407,109,356,45,37
30,0,46,160,201,505,330,407,117,88,452,375
30,1,483,71,285,112,320,410,323,336,427,102
30,2,436,10,101,406,404,367,185,326,393,142
30,3,510,216,507,496,342,385,274,23,315,265
30,4,417,495,192,63,168,499,329,270,367,359
30,5,258,373,487,331,391,20,414,187,273,120
30,6,47,132,476,198,498,354,285,112,142,234
30,7,48,231,117,154,170,200,295,79,72,437
30,8,162,317,451,487,189,307,191,11,256,185
30,9,140,145,349,168,393,256,257,204,208,457
30,10,53,488,507,196,131,490,92,444,135,328
30,11,335,17,234,43,287,235,25,425,63,46
30,12,502,351,227,463,98,247,14,438,245,22
30,13,491,201,480,390,276,454,176,332,436,105
30,14,450,425,70,354,127,351,189,196,34,486
30,15,6,375,410,209,178,494,486,190,160,226
30,16,441,325,203,227,130,231,432,438,368,174
30,17,81,180,240,460,276,243,104,313,429,82
30,18,241,306,432,213,434,152,246,219,58,343
30,19,80,273,217,504,483,47,255,263,327,88
30,20,278,138,366,47,167,41,501,177,467,401
30,21,250,271,78,154,94,388,67,351,208,321
30,22,192,453,479,507,150,374,48,16,422,225
30,23,410,398,52,186,124,262,237,193,270,6
30,24,419,317,162,201,307,451,151,191,11,468
30,25,471,140,145,232,89,457,439,168,349,299
30,26,507,173,488,444,490,494,92,502,53,425
30,27,234,76,390,425,287,481,402,337,474,17
30,28,502,288,351,228,227,98,438,223,495,459
30,29,491,201,487,9,232,332,147,265,42,347
30,30,486,283,258,127,450,254,196,386,305,365
30,31,6,128,209,306,375,494,190,410,327,178
30,32,441,174,368,26,325,470,330,438,231,203
30,33,81,82,240,422,276,460,197,57,359,429
30,34,213,241,432,256,306,246,434,152,109,284
30,35,504,14,483,327,217,80,313,263,469,51
30,36,278,138,94,13,47,469,366,167,249,177
30,37,78,271,250,154,94,351,208,388,447,120
30,38,192,479,453,150,422,507,48,374,16,115
30,39,410,78,507,398,270,117,316,238,186,263
30,40,498,145,223,198,389,503,97,347,254,330
30,41,264,243,2,147,417,427,499,220,259,332
30,42,403,379,46,163,424,23,367,508,113,364
30,43,256,106,280,278,137,458,49,369,185,34
30,44,247,479,465,273,156,364,104,288,500,346
30,45,166,508,114,401,447,220,193,70,232,466
30,46,373,244,185,464,409,323,121,390,431,128
30,47,88,45,269,89,357,226,59,166,407,131
31,0,360,338,473,201,150,19,293,149,234,34
31,1,483,264,285,237,405,320,102,244,71,363
31,2,436,406,215,10,321,101,481,251,393,185
31,3,397,162,507,216,364,274,403,496,342,249
31,4,495,499,314,237,349,488,168,184,192,68
31,5,270,233,391,284,373,283,187,273,11,158
31,6,47,132,354,142,285,234,476,498,112,248
31,7,48,206,0,390,339,154,274,117,120,352
31,8,239,317,162,11,191,86,151,419,451,487
31,9,140,232,471,145,340,239,160,429,395,139
31,10,53,488,82,507,494,31,153,92,444,65
31,11,474,425,337,234,17,131,335,43,297,342
31,12,93,227,343,419,351,495,221,247,182,288
31,13,491,26,9,487,201,105,48,21,176,480
31,14,283,486,196,461,450,34,127,292,401,94
31,15,6,375,226,486,150,178,346,156,169,494
31,16,441,129,115,174,368,130,231,133,74,470
31,17,82,81,276,422,159,0,243,359,410,460
31,18,241,216,220,224,219,284,152,213,326,58
31,19,80,47,223,34,263,255,313,217,273,51
31,20,138,366,278,8,167,47,56,251,469,437
31,21,301,250,78,298,417,351,253,388,154,208
31,22,163,453,192,92,507,422,115,419,107,225
31,23,410,78,398,155,486,117,263,52,154,290
31,24,239,317,162,151,191,419,86,389,189,420
31,25,232,471,140,299,89,439,145,457,395,168
31,26,507,488,173,494,65,10,444,31,92,82
31,27,234,337,76,71,474,446,422,402,17,350
31,28,93,288,228,343,351,419,495,227,475,221
31,29,487,9,26,286,147,201,348,176,105,234
31,30,486,283,450,196,127,365,20,451,69,381
31,31,6,375,306,128,209,226,410,178,346,160
31,32,368,441,115,174,203,459,225,470,26,286
31,33,82,147,422,159,359,276,81,240,460,72
31,34,216,241,284,220,224,109,219,180,256,213
31,35,34,14,263,223,313,51,429,482,26,80
31,36,138,8,56,469,278,366,47,58,251,437
31,37,250,301,298,78,417,253,351,447,340,154
31,38,453,192,163,92,422,107,419,115,507,177
31,39,263,78,117,410,398,316,270,238,104,407
31,40,145,498,223,198,357,445,6,215,46,503
31,41,243,2,147,304,264,306,499,427,220,145
31,42,389,436,424,46,367,379,23,499,163,364
31,43,278,95,137,256,106,280,49,458,185,506
31,44,160,500,288,479,465,364,273,156,104,427
31,45,401,383,166,103,220,346,435,70,466,232
31,46,244,185,373,417,53,390,121,464,323,431
31,47,59,37,226,45,269,356,357,461,131,88
32,0,349,179,348,302,198,150,233,403,358,481
32,1,483,285,491,305,334,179,320,212,373,224
32,2,436,406,393,451,479,74,364,211,139,185
32,3,507,450,13,274,505,394,237,496,265,175
32,4,287,399,299,488,455,508,166,102,402,68
32,5,317,52,187,505,21,215,159,296,79,358
32,6,248,347,138,472,480,47,285,112,119,234
32,7,200,120,235,322,48,457,461,154,413,116
32,8,239,419,317,4,420,11,151,191,162,86
32,9,471,232,140,439,145,340,139,508,76,184
32,10,488,53,494,507,425,92,65,153,444,82
32,11,76,481,234,474,425,17,337,390,59,453
32,12,50,75,360,227,269,343,127,286,288,408
32,13,491,9,487,26,265,286,201,280,176,71
32,14,486,283,127,196,461,365,275,207,192,231
32,15,375,6,346,486,178,494,209,226,128,199
32,16,441,231,203,129,130,74,286,133,438,174
32,17,81,359,159,422,276,147,243,460,82,371
32,18,298,394,216,224,241,284,62,326,321,416
32,19,47,263,80,313,34,255,469,26,373,51
32,20,339,56,511,167,124,366,13,47,469,345
32,21,59,266,340,250,351,442,400,206,417,311
32,22,453,468,369,142,295,273,379,269,180,136
32,23,155,401,263,410,486,290,96,404,377,238
32,24,239,151,191,389,419,162,189,11,420,224
32,25,471,232,443,140,168,299,439,457,132,89
32,26,488,65,424,507,10,173,92,211,444,494
32,27,234,76,273,337,481,422,287,181,350,17
32,28,288,228,459,75,234,160,475,495,127,286
32,29,286,487,9,26,352,265,147,280,347,311
32,30,486,283,127,383,69,365,20,305,138,117
32,31,6,375,128,306,346,209,178,190,494,410
32,32,441,368,174,459,203,26,470,231,23,225
32,33,422,172,72,359,265,196,488,499,82,286
32,34,298,468,212,284,321,62,170,394,256,216
32,35,26,110,14,212,175,255,210,225,47,263
32,36,124,339,56,5,15,366,58,13,511,167
32,37,59,266,220,33,340,337,442,474,417,250
32,38,453,273,142,468,295,175,379,269,369,404
32,39,155,390,146,316,486,498,511,407,354,95
32,40,91,227,244,222,362,407,6,357,59,203
32,41,94,306,449,245,157,243,435,358,12,414
32,42,133,438,97,22,479,138,472,471,17,45
32,43,92,2,267,509,15,387,207,93,471,185
32,44,276,148,173,440,338,270,471,237,212,337
32,45,104,119,230,405,70,406,126,237,472,454
32,46,41,510,226,446,346,325,374,355,232,477
32,47,125,424,458,242,120,59,463,48,340,396
33,0,212,240,499,241,294,251,60,109,192,457
33,1,328,57,245,394,386,475,130,383,215,320
33,2,436,444,393,84,107,147,200,109,208,89
33,3,507,496,13,249,335,408,205,237,403,202
33,4,325,346,506,357,199,163,294,73,465,156
33,5,129,110,101,493,37,112,348,140,424,47
33,6,168,68,285,248,112,397,237,255,185,201
33,7,120,202,288,93,316,499,489,167,410,8
33,8,239,191,189,11,138,162,419,356,151,389
33,9,443,232,140,204,471,132,395,111,506,214
33,10,488,65,10,92,424,53,425,173,29,211
33,11,234,163,59,471,131,273,76,422,402,255
33,12,234,475,228,217,459,288,410,160,218,220
33,13,9,286,26,487,105,234,411,347,147,35
33,14,486,94,461,192,127,305,283,196,231,160
33,15,6,346,150,494,178,375,156,209,289,160
33,16,174,424,283,116,231,199,191,133,370,325
33,17,81,422,172,296,410,276,495,381,93,359
33,18,285,468,398,95,212,284,326,386,248,497
33,19,469,110,175,47,51,263,225,26,332,177
33,20,124,13,413,5,366,507,345,93,290,15
33,21,220,178,337,340,54,456,474,214,266,91
33,22,470,175,453,281,270,381,181,77,373,401
33,23,316,486,498,511,398,402,238,176,453,416
33,24,191,497,239,477,389,402,151,189,447,101
33,25,395,89,140,168,129,232,464,160,122,377
33,26,65,488,92,29,10,46,305,119,211,60
33,27,131,471,2,498,277,255,36,379,234,103
33,28,234,217,288,80,228,475,459,48,160,410
33,29,9,105,370,457,100,336,334,246,225,147
33,30,461,196,486,319,254,305,381,192,334,34
33,31,160,150,6,309,37,25,347,209,427,166
33,32,174,424,283,203,231,325,116,199,470,224
33,33,81,286,355,0,197,296,276,265,410,145
33,34,95,468,285,305,398,361,256,219,125,386
33,35,110,175,286,469,456,88,332,26,440,282
33,36,124,5,93,58,75,112,214,85,13,511
33,37,305,220,178,337,40,163,56,456,266,54
33,38,175,470,281,270,401,381,181,77,264,373
33,39,498,316,440,416,205,511,238,486,354,176
33,40,227,223,198,203,146,357,229,95,350,503
33,41,414,151,94,168,358,49,444,438,418,424
33,42,365,471,220,303,482,85,428,114,62,194
33,43,15,92,267,369,509,149,49,2,486,185
33,44,276,4,237,440,338,55,212,158,372,405
33,45,230,104,470,454,70,290,406,282,249,189
33,46,25,504,199,214,336,477,57,390,432,392
33,47,270,80,31,152,480,424,336,487,492,54
34,0,227,351,315,109,90,395,333,249,435,213
34,1,74,97,245,383,88,32,130,235,320,206
34,2,89,84,372,147,295,357,393,37,444,132
34,3,507,249,205,496,408,335,403,269,293,182
34,4,325,465,28,506,222,389,156,252,410,241
34,5,468,129,482,236,292,100,112,1,263,185
34,6,185,164,168,505,112,13,285,144,201,485
34,7,288,242,158,489,316,120,239,303,191,499
34,8,191,11,239,175,87,356,132,283,138,503
34,9,68,214,111,139,140,443,132,361,471,71
34,10,488,10,424,393,211,240,203,48,299,129
34,11,163,273,234,371,500,422,84,165,402,108
34,12,459,288,228,37,475,217,390,253,160,182
34,13,286,387,385,347,50,273,128,91,148,352
34,14,486,138,212,127,383,506,69,335,90,117
34,15,375,346,6,494,178,426,306,199,486,169
34,16,441,278,74,23,26,299,231,91,429,243
34,17,372,467,422,72,499,166,324,389,488,305
34,18,471,49,264,285,184,483,42,212,510,127
34,19,47,212,26,14,377,174,63,453,225,435
34,20,366,507,15,457,413,290,55,228,215,56
34,21,54,100,220,33,340,474,337,255,242,464
34,22,81,223,264,293,175,30,41,270,77,345
34,23,390,146,163,95,363,260,372,425,290,389
34,24,87,191,11,356,503,239,175,389,189,319
34,25,111,132,361,68,502,214,232,443,471,346
34,26,424,488,48,393,211,10,107,203,126,177
34,27,273,422,250,48,234,165,189,163,84,500
34,28,459,37,228,288,390,217,220,9,160,246
34,29,387,22,385,288,128,426,50,286,97,52
34,30,136,138,80,486,14,212,117,383,233,506
34,31,375,306,426,346,6,193,68,494,288,178
34,32,26,278,23,441,140,91,51,58,74,299
34,33,372,422,72,499,50,324,389,305,172,484
34,34,471,212,42,285,49,184,264,305,347,483
34,35,26,174,212,14,426,145,453,63,47,225
34,36,15,507,55,485,16,56,228,413,247,124
34,37,220,33,100,255,474,340,41,18,337,54
34,38,293,81,30,264,175,41,270,223,86,205
34,39,390,146,260,27,389,450,95,302,104,430
34,40,91,138,471,116,186,244,172,173,145,357
34,41,449,226,353,385,42,65,445,434,240,62
34,42,220,272,393,301,168,471,140,87,476,322
34,43,207,162,2,278,180,506,185,413,49,86
34,44,276,433,277,302,189,51,405,142,167,105
34,45,47,34,398,356,205,406,461,268,22,431
34,46,388,88,469,297,171,346,33,324,77,333
34,47,122,416,59,280,242,348,462,398,153,424
35,0,87,90,143,436,453,449,29,287,20,227
35,1,186,364,245,60,442,320,130,373,161,383
35,2,320,358,89,147,46,444,322,416,84,59
35,3,496,225,408,249,403,507,511,54,182,405
35,4,390,307,403,198,222,249,492,325,156,194
35,5,228,392,100,468,129,142,292,98,1,190
35,6,345,158,309,233,144,234,274,164,112,329
35,7,327,120,202,76,287,414,288,489,93,239
35,8,239,87,115,191,402,330,151,397,76,11
35,9,471,443,232,214,139,152,140,395,239,76
35,10,211,400,65,488,173,413,77,396,10,240
35,11,181,234,163,339,402,69,337,76,378,59
35,12,234,140,217,475,228,288,160,292,168,182
35,13,286,328,9,26,487,427,347,348,280,93
35,14,486,283,127,365,275,383,476,192,450,461
35,15,375,6,346,486,169,209,178,226,199,494
35,16,441,152,174,368,130,91,438,35,115,129
35,17,265,488,422,276,294,495,359,72,272,264
35,18,305,285,91,212,95,399,42,468,386,204
35,19,110,26,255,212,47,22,263,175,332,234
35,20,124,5,13,507,366,95,413,345,335,418
35,21,220,54,41,214,340,337,56,40,178,333
35,22,313,270,175,149,381,264,405,195,373,491
35,23,453,402,146,486,511,238,498,316,377,95
35,24,115,239,191,87,189,402,151,389,330,497
35,25,232,471,443,89,395,140,439,152,168,122
35,26,65,211,400,488,173,77,507,10,396,92
35,27,234,181,481,76,339,287,255,468,390,277
35,28,234,140,288,217,228,475,160,292,168,459
35,29,9,328,427,348,160,47,105,147,286,234
35,30,486,192,334,20,305,196,33,254,487,303
35,31,6,209,427,306,226,160,66,237,25,150
35,32,174,231,152,203,325,283,424,191,368,470
35,33,286,265,355,81,145,460,197,495,296,276
35,34,305,95,91,285,331,399,212,386,204,468
35,35,110,175,286,456,26,469,332,88,51,14
35,36,5,124,93,58,75,214,198,85,260,418
35,37,305,337,178,220,56,40,28,41,33,54
35,38,270,313,175,381,373,149,264,77,181,405
35,39,316,498,416,440,511,486,205,238,176,354
35,40,227,223,203,505,350,198,146,357,503,215
35,41,151,414,94,49,358,444,168,438,19,424
35,42,482,139,62,303,114,394,168,355,220,123
35,43,15,92,267,369,149,178,49,486,185,509
35,44,237,55,4,372,212,440,28,280,405,473
35,45,230,104,365,470,70,454,332,359,189,290
35,46,469,141,214,199,147,351,477,390,57,239
35,47,360,11,270,54,424,142,280,31,122,458
36,0,482,389,372,90,408,192,111,385,28,371
36,1,186,60,320,383,310,446,88,339,67,38
36,2,358,444,41,46,61,209,12,269,147,416
36,3,161,265,454,225,197,476,205,332,297,496
36,4,177,136,3,309,68,390,174,307,102,95
36,5,182,369,392,404,25,352,425,300,393,228
36,6,345,125,474,346,309,162,335,439,493,158
36,7,202,327,93,329,8,120,76,303,239,129
36,8,114,101,191,93,477,239,402,148,359,20
36,9,467,464,505,443,375,395,463,468,2,107
36,10,400,202,65,413,207,422,211,218,506,188
36,11,378,207,10,471,226,93,379,126,30,339
36,12,234,140,217,298,80,192,168,73,90,156
36,13,103,139,328,487,427,160,186,508,234,441
36,14,319,492,135,317,327,160,299,486,38,329
36,15,347,309,366,160,166,277,225,2,269,350
36,16,116,192,50,337,438,239,48,25,136,109
36,17,137,464,294,86,480,412,90,381,82,374
36,18,468,358,95,137,305,284,91,314,291,108
36,19,234,420,110,106,123,388,71,160,233,486
36,20,169,112,146,124,64,344,439,375,456,486
36,21,376,130,41,202,445,214,178,437,329,419
36,22,317,270,381,149,405,175,77,397,237,195
36,23,177,219,440,498,214,349,203,197,324,235
36,24,239,114,477,101,93,191,333,422,155,497
36,25,464,467,53,505,63,395,71,89,375,107
36,26,65,153,413,211,188,422,207,218,400,488
36,27,378,207,471,379,126,498,277,444,255,69
36,28,80,234,288,489,192,73,505,236,261,140
36,29,334,441,370,328,26,119,138,487,457,411
36,30,319,135,317,327,492,38,486,102,251,273
36,31,347,309,277,366,160,269,225,2,505,123
36,32,116,192,50,25,136,239,48,438,174,277
36,33,464,82,137,86,412,286,276,256,90,296
36,34,419,95,305,468,358,361,199,108,227,91
36,35,110,420,135,175,234,160,282,469,92,486
36,36,112,64,93,5,214,136,124,58,146,169
36,37,305,376,40,56,419,178,261,71,266,163
36,38,317,381,270,373,175,405,149,77,401,181
36,39,498,440,316,119,177,511,214,124,219,349
36,40,229,52,198,146,95,102,227,223,466,350
36,41,168,146,151,438,358,414,49,259,158,19
36,42,482,62,139,114,85,394,177,355,137,303
36,43,15,267,92,369,481,149,178,486,49,93
36,44,237,55,372,28,4,212,440,405,346,473
36,45,230,104,365,470,70,454,332,359,189,290
36,46,141,199,351,214,147,469,390,477,57,239
36,47,270,11,142,280,54,222,31,424,492,390
37,0,62,167,176,198,401,211,98,272,470,291
37,1,60,304,34,62,293,353,240,130,320,366
37,2,211,263,439,315,360,418,185,310,393,449
37,3,507,18,161,496,265,205,274,332,403,228
37,4,166,299,308,96,67,168,110,290,177,508
37,5,90,131,415,275,425,81,25,505,487,120
37,6,279,73,329,42,417,471,179,113,383,422
37,7,108,101,117,282,245,427,132,118,86,41
37,8,477,191,482,101,496,215,311,402,349,151
37,9,77,129,395,191,301,140,168,349,130,40
37,10,490,253,400,488,345,269,380,65,77,92
37,11,481,103,78,148,205,258,471,279,379,287
37,12,48,303,251,299,286,223,307,120,505,401
37,13,9,328,105,415,100,47,8,427,457,292
37,14,305,396,461,18,486,94,334,127,192,231
37,15,346,6,209,156,169,289,178,10,309,494
37,16,424,199,325,174,231,333,133,370,191,283
37,17,296,214,156,286,378,285,410,355,276,39
37,18,341,414,168,95,58,326,310,108,246,62
37,19,110,469,175,62,292,255,92,160,225,396
37,20,140,75,93,136,214,112,445,173,124,58
37,21,470,268,502,419,312,11,354,292,331,338
37,22,349,444,52,253,17,215,434,499,328,8
37,23,498,316,238,440,214,24,124,443,354,453
37,24,477,215,191,275,101,155,482,496,151,296
37,25,395,77,129,89,301,168,349,140,63,122
37,26,490,65,400,119,253,488,305,29,173,494
37,27,148,471,78,255,379,36,481,126,103,258
37,28,48,303,288,307,223,286,299,445,251,47
37,29,328,9,105,427,415,467,457,292,47,234
37,30,334,192,461,396,196,20,319,292,162,94
37,31,309,160,347,2,25,156,150,37,166,6
37,32,424,174,199,116,325,90,470,460,438,283
37,33,156,286,214,0,378,296,285,193,403,410
37,34,341,168,108,122,95,255,246,414,58,199
37,35,110,469,135,286,160,420,175,92,332,62
37,36,140,112,93,214,136,64,75,58,122,124
37,37,419,470,268,331,502,376,292,354,261,111
37,38,349,444,215,17,253,52,434,328,499,8
37,39,440,498,119,177,124,214,349,263,219,316
37,40,229,198,505,52,77,95,0,466,223,215
37,41,168,146,175,170,158,259,424,306,499,366
37,42,62,362,491,261,216,23,387,268,508,379
37,43,369,280,107,106,142,49,94,164,427,458
37,44,319,346,143,164,224,220,249,250,364,228
37,45,249,401,447,3,33,472,24,143,49,232
37,46,325,128,381,218,323,162,329,412,390,464
37,47,292,446,234,39,458,175,390,131,9,452
38,0,46,160,505,330,117,79,208,195,375,407
38,1,71,483,447,251,112,215,171,53,427,320
38,2,10,101,211,142,185,483,404,284,500,437
38,3,510,161,265,216,332,454,229,297,127,310
38,4,495,417,499,349,110,177,359,174,136,329
38,5,373,273,258,425,25,120,379,233,352,483
38,6,476,354,136,335,279,189,137,337,396,417
38,7,231,170,329,245,108,118,117,101,8,160
38,8,307,191,477,155,101,496,422,318,325,361
38,9,89,395,375,88,208,464,335,467,468,129
38,10,501,60,400,253,65,488,188,490,119,507
38,11,258,471,78,498,255,188,148,379,343,126
38,12,457,351,463,484,48,343,251,380,505,445
38,13,138,71,113,457,9,82,292,486,169,328
38,14,461,196,94,486,273,489,18,401,231,319
38,15,150,309,160,6,156,25,340,347,166,494
38,16,116,174,424,199,283,192,438,442,90,191
38,17,156,296,286,410,39,81,378,214,403,187
38,18,213,95,434,108,122,326,330,246,414,255
38,19,223,160,175,110,483,469,135,308,420,234
38,20,124,112,136,93,58,64,214,140,198,138
38,21,419,154,271,208,376,119,201,261,354,252
38,22,479,374,150,177,48,276,192,441,419,422
38,23,214,498,440,4,119,124,24,316,453,349
38,24,101,307,477,386,155,191,239,171,113,4
38,25,464,89,395,107,467,375,88,208,284,160
38,26,60,65,501,29,305,92,207,488,119,188
38,27,498,471,131,379,126,308,36,442,277,255
38,28,351,457,463,484,288,48,395,343,47,380
38,29,328,467,71,9,105,82,441,457,138,415
38,30,196,344,192,273,251,461,18,102,401,254
38,31,309,160,347,427,25,150,277,2,287,464
38,32,116,174,199,438,146,325,192,424,63,50
38,33,286,156,0,440,464,403,296,500,312,82
38,34,213,95,330,434,361,122,220,108,364,130
38,35,135,223,420,327,483,469,160,88,486,71
38,36,112,64,214,124,58,422,94,138,421,180
38,37,271,154,376,208,119,419,447,261,71,201
38,38,479,374,150,177,48,422,192,276,441,419
38,39,440,119,498,349,124,177,214,219,410,453
38,40,229,198,52,95,505,466,0,102,421,106
38,41,264,146,168,158,220,19,259,366,499,303
38,42,403,379,268,508,113,23,55,95,222,332
38,43,369,280,106,256,150,458,137,149,107,164
38,44,247,364,346,224,228,233,479,156,273,465
38,45,249,401,508,114,3,447,232,24,49,214
38,46,325,128,412,431,464,323,381,185,390,409
38,47,88,166,269,8,45,89,357,131,390,452
39,0,360,392,19,338,289,425,272,9,473,173
39,1,405,237,403,483,244,251,160,410,320,16
39,2,36,210,483,481,371,226,211,215,110,382
39,3,185,265,161,364,454,274,406,507,40,297
39,4,177,136,174,467,166,38,213,244,327,479
39,5,346,391,404,283,161,25,505,373,398,220
39,6,476,459,354,312,335,480,327,234,365,422
39,7,206,156,329,228,501,274,395,261,5,71
39,8,101,307,331,171,155,477,191,20,412,333
39,9,464,89,395,107,468,168,129,505,510,208
39,10,103,87,400,311,60,31,488,305,188,92
39,11,503,498,207,53,255,442,256,471,150,247
39,12,155,266,327,404,457,418,221,93,419,48
39,13,467,47,138,71,9,246,328,84,234,367
39,14,196,18,254,437,344,102,461,77,367,231
39,15,410,309,160,25,427,347,2,166,6,150
39,16,116,174,325,63,199,146,283,338,489,424
39,17,440,286,93,410,296,378,156,39,403,500
39,18,283,500,95,34,213,220,326,229,150,482
39,19,223,82,135,175,88,332,51,469,483,482
39,20,198,347,112,64,167,422,445,58,218,180
39,21,301,154,253,48,119,354,409,376,201,271
39,22,193,316,390,111,177,422,419,66,386,384
39,23,498,214,440,124,24,174,4,349,316,119
39,24,101,331,171,191,155,68,307,477,113,402
39,25,464,89,319,467,107,395,168,375,505,301
39,26,103,29,60,305,311,400,87,92,236,488
39,27,503,498,442,255,308,131,379,207,126,471
39,28,327,155,369,404,494,288,95,457,418,266
39,29,467,167,144,370,246,9,328,47,241,84
39,30,196,213,18,218,254,486,461,142,327,102
39,31,309,160,427,25,347,410,150,19,287,2
39,32,116,174,325,63,199,192,311,424,438,283
39,33,164,403,187,286,378,0,39,440,296,409
39,34,500,482,229,34,283,220,95,213,165,443
39,35,223,82,135,420,20,482,160,469,486,429
39,36,112,64,252,347,140,508,73,421,86,445
39,37,154,376,301,459,409,253,119,354,11,271
39,38,193,316,390,384,422,177,111,419,66,435
39,39,440,119,498,349,124,177,214,219,4,287
39,40,229,198,466,52,95,102,505,421,0,48
39,41,289,146,168,264,158,252,499,259,366,19
39,42,436,403,59,237,389,55,235,379,95,268
39,43,369,458,280,256,150,149,147,75,106,142
39,44,339,364,233,224,47,143,228,492,249,333
39,45,249,435,3,114,145,214,24,49,401,447
39,46,325,128,381,162,412,186,35,323,205,266
39,47,8,89,88,45,321,357,61,452,265,390
40,0,4,274,228,180,126,356,200,156,294,162
40,1,405,108,451,311,391,0,475,394,499,182
40,2,112,236,36,277,346,326,232,361,278,81
40,3,402,108,330,381,465,371,100,161,277,220
40,4,130,34,5,212,223,114,270,367,404,278
40,5,93,312,374,247,153,475,15,27,346,80
40,6,176,140,476,459,354,312,253,288,349,119
40,7,206,353,167,228,123,156,94,155,115,329
40,8,307,442,68,177,101,339,155,477,399,191
40,9,89,464,168,49,319,439,46,395,505,53
40,10,87,103,288,60,459,51,65,362,488,501
40,11,503,498,442,255,243,471,207,297,371,373
40,12,506,363,432,78,457,266,95,289,135,87
40,13,178,71,486,138,9,79,47,234,292,482
40,14,196,344,18,406,461,251,102,437,254,77
40,15,309,160,410,25,427,347,150,166,2,19
40,16,174,116,199,63,438,192,424,146,463,325
40,17,440,403,286,93,410,156,500,378,87,39
40,18,336,95,103,435,326,213,164,178,132,283
40,19,135,223,327,175,82,407,46,483,469,160
40,20,64,124,112,198,58,401,422,10,321,167
40,21,48,21,154,208,454,119,354,414,163,271
40,22,40,343,472,387,56,126,465,74,509,292
40,23,119,214,498,440,4,316,124,453,24,402
40,24,177,68,442,101,307,155,383,477,471,171
40,25,464,46,467,89,505,107,319,375,390,395
40,26,60,87,288,103,362,488,207,92,188,506
40,27,503,498,126,471,207,442,308,379,131,78
40,28,506,363,289,78,432,288,47,457,266,87
40,29,303,178,122,71,82,457,76,486,370,467
40,30,196,251,344,406,327,461,401,254,102,162
40,31,309,347,25,160,427,150,287,19,2,277
40,32,116,192,174,438,199,146,424,50,63,311
40,33,440,0,81,156,464,93,410,159,296,82
40,34,336,361,249,178,435,103,242,164,213,98
40,35,327,135,469,88,254,420,440,223,253,286
40,36,64,112,47,214,198,58,180,177,422,391
40,37,48,21,208,454,163,414,376,154,271,178
40,38,343,40,472,56,387,126,465,292,74,509
40,39,119,440,498,124,349,214,453,316,174,219
40,40,85,43,198,229,355,95,52,505,330,466
40,41,146,216,264,158,220,168,32,51,352,499
40,42,91,508,268,379,403,113,85,23,382,222
40,43,280,369,137,267,106,150,435,256,149,412
40,44,364,228,224,99,346,233,247,273,439,104
40,45,401,447,249,26,3,49,294,24,232,390
40,46,325,412,464,128,431,381,323,185,390,35
40,47,166,269,487,88,8,501,131,45,278,357
41,0,138,34,384,44,473,19,147,272,392,470
41,1,237,499,244,405,487,403,456,6,160,16
41,2,135,399,36,210,481,226,370,363,211,110
41,3,265,161,454,274,406,244,183,332,507,102
41,4,358,177,136,216,493,166,270,16,327,38
41,5,161,391,283,425,505,25,61,450,52,402
41,6,45,365,459,335,476,312,354,207,44,84
41,7,395,353,206,5,503,134,228,329,352,160
41,8,339,68,101,307,177,477,171,51,155,20
41,9,464,89,390,46,8,505,319,129,53,140
41,10,87,326,223,51,103,494,222,188,288,60
41,11,207,503,126,496,88,498,442,335,502,373
41,12,419,266,60,155,399,93,242,48,50,14
41,13,178,482,122,76,138,71,21,47,373,486
41,14,196,18,102,461,254,327,344,437,162,251
41,15,160,309,25,100,19,347,150,410,166,427
41,16,174,199,116,272,438,424,192,50,146,325
41,17,440,410,93,87,296,39,378,132,500,159
41,18,283,34,461,244,500,229,150,95,213,220
41,19,135,223,469,327,88,82,420,167,337,254
41,20,64,347,117,251,422,112,75,96,167,58
41,21,48,301,154,188,376,354,447,465,119,221
41,22,390,308,386,126,355,92,121,111,66,193
41,23,119,498,214,440,316,349,124,372,454,431
41,24,68,101,477,191,171,113,155,177,351,51
41,25,464,89,395,107,390,319,467,349,129,375
41,26,488,223,326,87,188,222,506,95,92,119
41,27,503,103,126,498,207,442,335,287,247,471
41,28,419,266,288,155,242,48,399,327,404,369
41,29,370,457,467,178,441,167,71,144,100,138
41,30,461,251,18,254,196,486,162,327,77,102
41,31,160,309,150,347,25,37,427,6,209,287
41,32,174,199,146,116,424,438,192,219,272,460
41,33,74,440,82,81,148,410,159,93,338,34
41,34,283,34,461,229,500,244,220,165,486,213
41,35,223,82,420,20,482,469,429,160,88,135
41,36,347,112,117,64,252,251,140,96,8,422
41,37,48,409,301,253,376,154,459,119,221,447
41,38,390,308,386,355,193,115,126,316,111,511
41,39,440,498,119,349,124,177,219,214,454,287
41,40,229,198,466,52,95,102,48,355,386,0
41,41,146,168,158,366,264,216,54,457,147,289
41,42,351,237,403,59,436,391,349,202,496,222
41,43,369,380,147,256,267,458,150,495,75,142
41,44,143,364,233,224,227,451,228,99,333,503
41,45,249,26,3,357,49,214,149,114,510,295
41,46,162,164,325,128,412,381,35,404,186,314
41,47,61,501,178,458,210,452,302,507,36,185
42,0,400,167,376,272,322,258,233,66,461,19
42,1,499,237,403,487,405,244,326,160,6,182
42,2,481,226,402,154,290,433,210,264,483,110
42,3,161,265,454,406,451,332,507,185,498,297
42,4,166,177,50,136,225,38,216,117,450,445
42,5,161,450,391,90,346,25,275,425,505,404
42,6,423,24,459,84,365,312,476,45,44,354
42,7,206,503,134,228,329,353,160,71,190,274
42,8,101,68,477,307,191,171,333,113,155,11
42,9,464,390,89,505,107,157,467,375,319,53
42,10,87,326,494,223,103,60,153,488,188,222
42,11,207,498,442,335,126,277,88,503,379,247
42,12,419,266,155,299,404,60,418,457,48,95
42,13,71,178,21,467,370,47,441,292,58,84
42,14,196,401,18,102,58,135,492,327,317,64
42,15,309,347,160,277,25,150,100,410,269,2
42,16,116,192,50,239,136,199,174,424,438,63
42,17,159,464,440,132,137,82,412,378,93,403
42,18,500,229,34,461,283,95,486,326,165,213
42,19,223,82,420,135,20,316,337,160,321,167
42,20,112,64,140,347,252,422,73,138,117,96
42,21,301,253,409,154,376,459,119,447,354,48
42,22,316,193,66,422,177,384,192,111,33,419
42,23,440,498,214,119,177,349,100,124,78,199
42,24,101,68,477,155,307,239,171,333,191,331
42,25,464,390,467,107,89,505,375,53,424,146
42,26,87,326,60,223,65,153,236,487,103,207
42,27,207,498,308,277,471,379,503,378,442,126
42,28,419,155,288,266,327,457,404,299,60,399
42,29,370,167,71,467,138,441,178,119,292,328
42,30,401,327,319,196,135,251,489,38,273,162
42,31,309,347,277,25,150,123,269,287,2,160
42,32,192,116,50,136,239,438,341,424,311,463
42,33,159,464,187,132,403,505,123,82,256,409
42,34,500,229,34,461,220,165,283,486,213,472
42,35,20,420,223,135,82,482,396,486,203,129
42,36,112,347,252,64,140,117,508,284,146,421
42,37,301,376,459,409,154,253,221,447,119,11
42,38,316,177,193,384,66,422,111,192,419,435
42,39,440,177,498,219,349,124,119,105,287,214
42,40,229,198,466,52,95,102,48,421,0,505
42,41,146,168,264,158,366,19,462,289,54,83
42,42,403,59,436,55,235,237,389,396,268,332
42,43,369,147,458,150,400,188,75,256,34,142
42,44,364,233,224,143,492,228,479,503,333,47
42,45,249,3,435,214,24,376,49,114,292,232
42,46,128,325,381,162,35,186,266,435,205,390
42,47,8,89,88,357,45,452,390,185,431,265
43,0,67,49,289,338,360,349,400,14,391,404
43,1,135,179,405,65,319,182,16,267,351,47
43,2,161,110,427,443,347,165,273,226,370,415
43,3,40,454,161,498,185,297,472,265,179,221
43,4,132,136,467,177,213,244,174,479,160,482
43,5,33,404,405,123,465,450,18,6,85,218
43,6,121,267,393,433,327,197,228,481,56,135
43,7,508,395,69,472,214,2,195,329,88,486
43,8,412,355,333,199,114,359,217,101,382,281
43,9,373,496,468,510,403,247,412,31,3,30
43,10,365,361,422,152,178,344,369,307,231,317
43,11,10,86,436,229,471,392,177,386,30,412
43,12,318,10,281,72,177,372,51,302,238,466
43,13,441,167,435,250,344,397,29,40,36,119
43,14,492,262,135,64,254,101,249,187,38,311
43,15,366,347,309,277,350,225,269,410,69,505
43,16,48,106,116,25,192,239,463,50,438,277
43,17,102,464,457,90,143,463,215,351,128,412
43,18,403,80,69,154,473,34,201,349,252,280
43,19,138,502,486,55,124,428,420,118,111,430
43,20,284,146,421,112,349,428,187,369,64,180
43,21,48,376,479,115,459,188,440,336,154,129
43,22,355,51,403,511,506,302,14,310,123,351
43,23,219,177,440,324,349,498,124,235,203,287
43,24,114,101,333,355,49,422,217,20,359,412
43,25,17,496,468,464,53,510,373,67,375,107
43,26,152,361,365,422,222,178,207,487,87,218
43,27,471,412,86,177,229,169,510,205,10,379
43,28,177,281,302,372,51,494,189,318,369,10
43,29,435,397,177,178,441,167,241,344,250,226
43,30,5,262,19,38,401,249,492,374,254,251
43,31,347,309,366,277,269,2,225,160,505,353
43,32,116,48,192,239,25,438,50,136,311,277
43,33,464,102,82,159,412,132,457,67,164,256
43,34,403,473,69,80,34,252,25,154,482,201
43,35,502,428,138,124,486,55,259,420,364,20
43,36,112,421,369,146,284,298,187,94,252,154
43,37,479,48,376,129,115,154,253,194,222,381
43,38,355,51,511,356,403,305,506,351,302,389
43,39,219,440,124,498,177,349,324,287,414,235
43,40,28,229,257,0,102,52,198,421,466,183
43,41,100,196,168,384,146,333,421,161,386,19
43,42,235,490,59,39,391,396,141,237,332,403
43,43,369,147,380,400,150,458,75,188,471,483
43,44,472,73,283,364,444,143,34,509,232,228
43,45,149,3,429,249,214,233,376,24,25,453
43,46,221,161,35,325,185,68,381,164,128,435
43,47,76,42,61,392,226,153,486,8,452,45
44,0,326,7,479,139,0,64,290,350,497,254
44,1,210,179,135,441,143,498,65,429,342,39
44,2,410,165,192,168,161,369,287,417,313,427
44,3,40,454,498,161,268,297,472,372,221,179
44,4,136,467,177,174,309,213,244,400,239,503
44,5,404,405,33,497,182,465,123,6,25,214
44,6,267,245,423,121,327,433,399,148,170,12
44,7,472,195,343,69,2,486,329,401,214,50
44,8,355,412,114,333,359,199,101,422,382,161
44,9,468,496,510,373,17,247,107,403,31,321
44,10,152,422,361,365,344,231,41,267,307,236
44,11,10,86,229,436,177,471,201,30,412,392
44,12,281,10,51,216,466,318,189,238,302,504
44,13,485,167,441,344,250,435,177,397,508,156
44,14,492,135,341,64,187,300,101,254,38,311
44,15,366,347,277,350,410,309,269,225,69,0
44,16,106,48,25,116,277,192,39,50,463,239
44,17,90,464,457,102,463,215,143,152,458,361
44,18,82,80,154,106,25,252,69,418,201,379
44,19,486,138,111,430,420,364,118,489,434,55
44,20,284,112,169,146,428,154,421,375,187,225
44,21,376,479,115,48,253,447,211,370,440,154
44,22,51,449,123,230,102,423,506,351,239,268
44,23,219,177,203,324,235,440,498,290,124,211
44,24,355,114,101,199,412,333,20,25,422,359
44,25,468,373,496,510,403,375,17,107,247,80
44,26,422,365,143,234,361,366,152,344,218,222
44,27,177,86,10,412,229,471,510,392,201,308
44,28,10,281,302,177,216,51,318,72,189,238
44,29,253,435,397,177,21,441,156,139,485,467
44,30,492,135,341,38,254,300,64,262,389,401
44,31,347,366,309,277,225,350,269,0,505,2
44,32,48,116,192,25,50,277,106,239,438,490
44,33,464,159,457,102,90,132,256,137,187,412
44,34,69,25,80,154,252,34,403,384,442,482
44,35,223,420,259,486,55,138,428,20,482,364
44,36,252,112,508,298,225,64,8,421,94,146
44,37,376,115,253,479,459,11,154,409,221,48
44,38,51,123,102,305,188,356,230,503,449,310
44,39,440,498,219,349,124,177,119,287,324,214
44,40,229,198,466,28,52,102,95,0,351,421
44,41,168,146,83,505,462,196,158,366,333,19
44,42,59,235,490,141,403,55,237,39,332,396
44,43,369,147,458,150,75,256,400,34,149,188
44,44,364,283,224,444,233,143,288,492,465,34
44,45,3,249,24,214,49,114,435,429,232,233
44,46,325,128,381,244,35,185,186,435,162,205
44,47,8,89,76,45,390,452,357,226,42,302
45,0,63,7,68,64,12,19,233,100,386,92
45,1,441,65,135,381,179,279,119,95,48,182
45,2,424,117,165,369,289,368,66,192,153,313
45,3,161,40,454,297,332,472,265,372,318,80
45,4,136,177,174,467,166,213,309,38,482,503
45,5,25,404,425,266,130,182,120,123,333,449
45,6,335,138,170,431,455,267,296,480,291,24
45,7,329,250,486,2,501,472,34,66,116,101
45,8,101,307,477,333,422,254,381,210,114,224
45,9,464,505,467,468,107,130,129,375,510,321
45,10,78,487,17,361,60,218,67,153,279,346
45,11,207,86,379,10,308,30,436,126,201,240
45,12,91,32,331,372,136,302,147,345,457,281
45,13,64,441,167,487,397,103,21,250,508,177
45,14,327,135,492,162,268,254,142,64,299,58
45,15,309,347,366,25,277,269,225,2,505,272
45,16,116,192,438,50,25,136,48,424,337,239
45,17,464,137,159,256,187,132,412,480,457,102
45,18,25,67,117,506,170,416,80,39,201,252
45,19,420,246,111,71,486,259,234,434,388,317
45,20,252,112,213,225,506,508,169,56,146,86
45,21,146,400,376,206,442,154,223,345,130,299
45,22,269,201,503,468,3,10,305,369,414,136
45,23,498,440,177,155,219,214,349,124,401,287
45,24,155,477,101,422,217,171,239,307,333,427
45,25,464,467,389,89,505,107,63,130,375,208
45,26,361,153,60,78,346,501,188,448,487,202
45,27,86,308,379,126,207,93,471,229,78,205
45,28,91,345,302,177,372,457,32,288,494,189
45,29,370,355,441,177,71,64,401,457,144,241
45,30,319,401,327,461,142,374,509,94,432,213
45,31,309,160,347,150,37,287,25,422,272,166
45,32,174,424,116,199,192,438,333,311,442,115
45,33,371,118,409,172,309,286,81,296,461,378
45,34,67,117,416,156,95,487,25,76,405,506
45,35,184,313,175,16,510,469,286,234,110,445
45,36,297,506,315,75,214,112,436,252,169,93
45,37,345,146,442,400,11,199,311,206,376,53
45,38,3,503,495,269,136,468,201,295,305,357
45,39,81,155,177,440,498,401,316,219,96,119
45,40,229,52,77,6,102,198,95,34,146,466
45,41,380,168,146,16,12,366,245,125,475,94
45,42,438,257,97,479,22,138,45,133,67,365
45,43,142,369,94,15,486,475,267,87,147,181
45,44,143,227,141,294,474,249,4,196,224,413
45,45,357,201,126,119,24,249,132,297,295,248
45,46,404,162,325,193,446,381,128,30,248,303
45,47,125,29,400,337,126,297,181,329,89,390
46,0,456,74,217,248,212,496,265,335,423,128
46,1,190,386,14,475,389,5,213,394,208,406
46,2,107,200,236,300,4,444,257,109,32,59
46,3,204,178,496,163,381,115,202,500,507,246
46,4,24,20,302,73,199,114,249,41,95,290
46,5,348,368,213,47,101,37,4,63,185,140
46,6,195,168,292,118,208,68,259,162,335,52
46,7,93,444,167,410,186,202,166,115,11,316
46,8,191,307,155,171,356,304,402,126,471,496
46,9,464,89,389,395,439,139,210,2,129,168
46,10,400,60,65,501,29,103,488,362,305,77
46,11,498,442,471,481,78,255,3,277,366,53
46,12,507,289,410,97,143,218,457,432,234,505
46,13,370,71,9,246,467,47,457,328,100,84
46,14,196,486,461,18,401,381,254,77,94,275
46,15,6,160,346,226,25,156,427,410,150,66
46,16,90,174,35,424,199,146,325,129,116,338
46,17,172,196,495,39,286,17,410,81,296,430
46,18,95,276,100,249,178,388,468,497,326,405
46,19,110,184,255,331,234,175,469,160,51,47
46,20,124,413,345,290,366,315,297,93,167,15
46,21,178,454,467,456,337,163,333,214,74,294
46,22,3,462,308,465,281,74,321,23,171,181
46,23,155,401,96,214,498,316,402,69,327,478
46,24,239,377,471,126,353,191,138,356,304,205
46,25,2,160,464,210,232,63,89,439,395,152
46,26,65,400,29,60,10,488,265,424,77,129
46,27,277,378,471,255,481,131,59,234,3,69
46,28,507,410,289,97,288,143,234,228,218,475
46,29,370,328,303,105,9,100,234,379,467,47
46,30,319,486,381,401,196,388,476,504,461,317
46,31,160,150,309,347,496,6,37,427,19,25
46,32,174,116,192,424,35,438,115,50,152,442
46,33,137,495,86,294,172,196,82,264,17,74
46,34,468,100,276,249,178,388,358,95,497,405
46,35,234,110,106,233,420,350,71,203,393,26
46,36,169,146,112,110,197,344,375,421,65,486
46,37,178,454,376,467,445,456,214,163,337,107
46,38,308,465,462,3,281,74,321,373,23,181
46,39,177,219,287,324,197,440,235,203,498,290
46,40,229,52,48,102,386,466,300,423,421,325
46,41,366,54,168,401,146,457,189,161,455,419
46,42,85,194,438,396,58,123,47,91,49,369
46,43,142,188,147,508,495,369,475,302,400,444
46,44,227,143,483,141,451,111,225,124,217,333
46,45,357,295,24,28,249,510,449,479,273,359
46,46,404,256,162,314,188,340,177,325,369,303
46,47,272,85,78,36,218,329,425,152,280,1
47,0,23,107,219,320,485,44,264,416,458,464
47,1,5,80,190,14,328,23,115,262,508,213
47,2,402,200,300,321,311,294,387,454,109,414
47,3,381,13,246,161,496,332,459,430,252,178
47,4,24,237,14,130,177,507,324,267,428,102
47,5,37,76,348,424,379,509,493,47,213,411
47,6,162,208,207,391,52,195,425,40,168,127
47,7,93,473,410,186,36,202,115,166,220,329
47,8,239,471,353,93,116,171,177,377,191,337
47,9,2,464,152,53,443,335,505,89,424,467
47,10,218,65,362,413,497,265,202,207,194,137
47,11,378,339,207,171,277,471,255,442,238,373
47,12,234,289,168,181,434,340,495,432,505,33
47,13,472,379,303,234,122,378,9,58,47,370
47,14,319,317,476,329,327,273,486,33,401,135
47,15,309,347,277,25,2,505,225,166,506,366
47,16,116,192,50,136,239,507,25,337,48,463
47,17,137,294,464,495,86,488,156,374,82,90
47,18,468,396,358,249,137,95,276,326,324,178
47,19,234,110,106,420,160,233,350,486,255,136
47,20,169,112,146,21,486,110,124,95,344,197
47,21,130,178,376,76,214,445,163,454,329,470
47,22,307,42,321,435,358,297,434,328,215,408
47,23,177,219,440,498,214,349,203,324,197,211
47,24,239,93,114,353,471,333,101,267,184,477
47,25,464,467,2,53,443,505,107,152,375,335
47,26,413,65,194,422,400,362,399,207,202,218
47,27,378,207,93,339,379,45,201,69,171,181
47,28,234,289,168,181,288,261,228,395,434,495
47,29,160,379,472,427,441,126,378,253,234,303
47,30,317,135,492,319,327,329,38,202,64,299
47,31,347,366,309,277,225,269,0,505,350,410
47,32,192,116,48,50,25,277,106,262,239,136
47,33,137,464,480,294,90,86,256,373,129,132
47,34,468,358,396,137,375,493,249,100,122,324
47,35,420,106,234,233,110,111,350,287,123,486
47,36,169,146,344,112,197,375,110,421,21,187
47,37,445,376,130,178,76,214,329,437,202,111
47,38,307,42,297,434,435,321,358,215,408,440
47,39,287,177,219,197,324,203,235,440,290,207
47,40,229,52,48,102,386,466,300,423,194,325
47,41,366,54,401,161,146,189,455,457,333,168
47,42,49,352,396,369,496,216,381,261,55,91
47,43,142,188,475,147,393,508,495,302,165,237
47,44,227,143,483,141,451,486,111,225,124,300
47,45,357,295,24,510,273,477,249,398,178,3
47,46,162,404,303,274,125,381,325,142,369,156
47,47,1,369,329,450,222,39,82,452,362,497
48,0,340,399,80,223,15,28,354,280,500,359
48,1,181,266,91,380,298,42,501,229,13,335
48,2,181,260,480,169,492,149,64,477,446,230
48,3,161,40,454,498,332,297,372,55,338,118
48,4,136,177,475,433,160,467,174,244,280,213
48,5,393,404,182,256,352,300,25,405,210,395
48,6,105,18,38,443,284,101,346,120,169,155
48,7,336,151,329,114,508,294,403,104,389,448
48,8,354,267,114,333,101,93,435,382,20,477
48,9,505,467,468,104,107,510,496,375,130,150
48,10,399,192,218,58,70,194,389,21,422,202
48,11,207,200,10,93,379,219,360,83,504,259
48,12,261,43,236,133,145,36,381,10,72,46
48,13,253,508,139,185,441,126,472,271,141,453
48,14,135,492,64,327,202,254,38,101,162,297
48,15,347,366,225,309,350,277,423,410,2,69
48,16,48,106,277,25,192,116,50,262,239,63
48,17,90,464,480,137,129,31,221,256,506,234
48,18,267,289,375,29,102,477,110,335,7,39
48,19,420,111,234,106,233,486,430,350,154,287
48,20,169,112,146,197,21,375,243,439,187,428
48,21,117,445,130,368,376,202,329,200,166,437
48,22,301,279,346,27,486,367,116,371,506,372
48,23,219,177,197,498,440,186,287,203,235,211
48,24,114,101,333,267,412,359,382,199,25,354
48,25,496,468,373,510,96,467,130,505,49,297
48,26,422,366,143,218,365,399,27,21,344,234
48,27,10,246,207,45,510,270,201,259,229,240
48,28,236,36,261,10,72,189,216,133,43,145
48,29,253,334,139,508,453,141,435,296,126,36
48,30,492,135,317,38,202,452,329,101,327,319
48,31,347,366,225,350,423,309,401,69,277,0
48,32,48,106,25,192,50,262,277,116,412,259
48,33,464,90,137,480,129,152,31,256,373,221
48,34,267,29,102,353,375,335,39,289,110,402
48,35,45,420,161,350,233,234,111,287,486,393
48,36,169,146,112,375,21,110,197,425,486,344
48,37,117,200,445,274,306,368,376,373,329,437
48,38,301,279,506,371,486,27,367,351,439,372
48,39,219,287,177,324,197,290,203,207,235,328
48,40,229,52,48,102,386,300,466,22,325,194
48,41,366,54,455,185,161,189,401,436,333,495
48,42,496,16,381,341,352,196,396,285,64,63
48,43,338,188,495,142,147,237,393,165,475,302
48,44,202,227,143,124,451,300,217,483,249,141
48,45,66,510,356,293,99,357,398,295,273,142
48,46,162,404,91,334,288,18,299,142,362,495
48,47,420,263,388,0,334,49,354,195,184,256
49,0,28,459,322,399,238,118,359,342,308,201
49,1,10,266,181,310,298,13,501,42,83,303
49,2,64,169,260,230,163,487,484,165,446,480
49,3,498,40,161,454,332,297,372,338,80,55
49,4,475,177,136,467,213,244,400,280,179,327
49,5,404,182,393,256,443,405,157,123,395,352
49,6,105,439,284,18,38,155,169,39,299,101
49,7,329,151,114,448,336,510,294,260,337,104
49,8,267,333,382,114,101,354,199,355,435,359
49,9,468,274,496,467,126,406,107,297,356,505
49,10,58,143,399,422,218,83,343,480,70,21
49,11,93,200,10,246,229,207,310,379,83,45
49,12,236,36,10,216,261,43,189,281,344,436
49,13,453,175,167,141,58,472,441,368,271,467
49,14,135,492,136,2,202,341,64,300,180,327
49,15,347,225,366,350,309,423,2,269,410,505
49,16,50,192,116,48,25,239,262,106,277,349
49,17,464,31,506,137,480,51,256,129,234,176
49,18,267,442,477,402,440,289,5,110,335,375
49,19,378,420,111,45,154,146,140,486,234,418
49,20,169,112,197,146,428,48,21,35,384,126
49,21,117,368,166,445,376,200,130,329,390,352
49,22,371,400,346,301,27,460,367,486,399,116
49,23,177,219,211,197,173,235,349,203,440,287
49,24,267,333,382,93,101,355,114,354,20,435
49,25,467,406,505,104,96,464,130,251,375,468
49,26,399,400,143,236,422,83,480,366,218,194
49,27,45,93,207,83,379,310,200,246,504,378
49,28,236,36,281,216,261,10,189,494,145,344
49,29,175,167,472,370,453,467,141,367,328,441
49,30,135,202,327,299,218,317,341,300,492,213
49,31,347,225,309,194,2,423,269,366,444,78
49,32,50,192,116,239,25,136,262,48,349,507
49,33,464,506,31,51,137,256,129,176,457,480
49,34,267,442,402,39,477,102,335,278,289,95
49,35,378,420,45,154,111,486,138,234,123,140
49,36,146,112,169,197,384,21,375,35,110,126
49,37,117,368,376,445,200,130,390,166,437,202
49,38,371,346,301,27,460,486,367,400,123,116
49,39,177,219,287,211,197,324,364,157,352,470
49,40,229,300,52,382,48,466,386,102,420,34
49,41,366,54,253,231,333,495,227,455,480,308
49,42,496,166,42,285,402,296,84,74,64,103
49,43,338,495,97,147,302,385,188,475,142,430
49,44,300,142,202,451,249,124,415,217,143,227
49,45,510,40,356,178,42,477,142,409,268,295
49,46,162,142,362,294,288,274,91,263,378,404
49,47,263,195,334,139,420,388,169,49,0,358
50,0,192,318,102,389,459,372,205,371,296,28
50,1,310,10,297,181,266,13,501,136,163,446
50,2,169,64,260,230,480,446,68,163,424,401
50,3,161,498,40,165,332,454,297,131,366,372
50,4,475,3,177,136,249,94,179,353,280,122
50,5,393,182,404,277,256,397,503,178,443,287
50,6,284,105,439,38,155,18,282,125,490,511
50,7,329,114,303,151,508,336,17,182,127,109
50,8,101,114,359,333,412,181,422,25,11,477
50,9,468,510,496,373,321,68,71,65,464,505
50,10,422,366,218,322,27,119,344,107,113,489
50,11,10,270,350,436,84,6,422,49,511,201
50,12,72,80,150,315,489,73,238,192,96,10
50,13,253,334,365,92,508,441,290,139,154,250
50,14,492,101,135,254,38,0,272,46,202,297
50,15,366,347,225,277,350,122,395,69,410,157
50,16,106,48,25,184,221,508,462,39,277,192
50,17,90,221,361,122,86,464,377,417,348,463
50,18,419,137,358,468,179,364,300,432,332,361
50,19,486,211,364,330,430,288,195,169,270,84
50,20,187,334,421,103,397,385,157,440,469,231
50,21,437,288,489,376,397,497,152,162,336,112
50,22,6,27,351,380,506,378,217,486,371,147
50,23,186,219,177,262,124,203,235,324,24,481
50,24,412,199,114,101,355,75,429,359,249,340
50,25,373,468,496,403,307,198,257,262,49,78
50,26,422,143,307,231,234,113,317,351,248,41
50,27,10,392,6,157,117,510,229,109,177,152
50,28,10,80,216,72,504,466,494,413,281,51
50,29,334,179,253,119,467,441,460,296,266,449
50,30,492,254,38,135,101,300,130,78,437,240
50,31,366,410,347,350,309,505,224,277,269,351
50,32,106,25,48,39,508,349,221,277,333,184
50,33,90,463,215,122,348,464,361,218,432,379
50,34,419,407,179,455,432,57,256,300,303,134
50,35,486,211,99,106,364,430,169,454,288,153
50,36,327,421,397,187,65,385,103,243,456,138
50,37,288,376,267,211,420,303,448,437,391,481
50,38,6,317,27,271,367,371,411,207,486,380
50,39,219,186,24,124,324,235,287,207,177,262
50,40,229,183,102,367,48,228,499,65,386,0
50,41,419,251,168,507,129,223,364,375,272,161
50,42,390,33,396,61,268,55,369,291,335,163
50,43,147,369,188,400,459,243,431,361,277,302
50,44,350,249,143,227,364,300,141,281,451,122
50,45,24,510,229,40,357,105,214,168,86,452
50,46,162,357,142,362,404,303,378,274,438,22
50,47,195,230,139,362,263,1,388,329,334,358
51,0,138,481,147,434,26,352,427,119,367,15
51,1,501,266,10,298,13,255,118,279,181,154
51,2,446,163,165,152,484,218,169,329,487,375
51,3,40,498,454,161,396,332,372,265,296,295
51,4,136,177,467,280,455,244,179,503,174,160
51,5,404,393,182,352,443,405,230,123,425,465
51,6,18,105,284,101,38,155,413,294,346,270
51,7,329,448,151,510,336,104,389,435,50,148
51,8,267,101,333,382,114,52,355,359,20,477
51,9,468,274,505,130,496,406,126,467,510,287
51,10,422,399,143,21,218,83,70,366,236,431
51,11,207,10,200,310,93,379,229,259,83,226
51,12,236,36,10,216,281,189,72,436,46,344
51,13,175,453,253,271,167,485,141,508,441,370
51,14,135,180,136,492,341,2,202,361,282,168
51,15,225,366,350,347,410,505,0,164,69,401
51,16,106,48,25,50,116,262,192,508,63,462
51,17,480,152,90,234,31,129,273,51,464,412
51,18,442,267,477,402,110,39,289,335,478,332
51,19,420,111,486,154,378,123,45,418,169,328
51,20,169,112,48,428,197,146,35,225,375,486
51,21,117,130,376,398,437,222,243,309,423,390
51,22,346,332,201,116,123,340,380,399,285,398
51,23,219,177,235,173,197,203,211,490,24,406
51,24,412,382,333,114,267,199,101,359,20,355
51,25,496,468,373,247,130,505,297,510,274,406
51,26,422,143,399,218,83,21,366,41,434,401
51,27,207,93,10,246,310,229,45,240,369,201
51,28,216,36,10,236,281,189,72,494,46,319
51,29,175,253,453,370,167,139,485,467,472,141
51,30,492,341,135,300,202,38,452,101,136,297
51,31,347,225,366,309,269,350,69,304,277,444
51,32,50,48,116,25,192,106,239,262,64,490
51,33,464,31,480,506,129,176,457,256,51,137
51,34,442,402,267,477,39,478,335,110,95,7
51,35,420,378,111,123,106,486,154,45,234,233
51,36,146,112,169,344,197,35,421,448,384,48
51,37,117,376,130,437,445,115,462,146,239,309
51,38,346,123,332,39,201,116,399,435,478,506
51,39,177,219,287,440,498,211,470,197,324,235
51,40,229,466,52,102,300,198,421,328,414,95
51,41,168,366,189,146,333,116,363,99,157,495
51,42,42,364,25,55,49,59,222,305,396,465
51,43,369,142,400,147,508,243,159,302,188,444
51,44,227,143,249,364,141,483,485,333,24,232
51,45,357,24,465,295,249,86,425,49,248,229
51,46,378,404,162,30,325,303,381,438,6,337
51,47,337,230,302,458,452,395,73,1,390,329
52,0,5,406,199,329,157,1,269,69,476,337
52,1,18,228,286,181,356,265,279,96,198,501
52,2,380,250,494,469,91,424,464,442,368,467
52,3,161,332,454,265,52,498,40,171,252,197
52,4,63,438,417,81,440,177,136,443,249,17
52,5,350,331,182,393,258,55,404,75,425,300
52,6,99,352,105,155,180,452,335,284,18,166
52,7,329,481,337,66,336,148,114,268,151,340
52,8,93,267,101,114,333,477,171,20,135,342
52,9,467,104,505,53,475,130,464,375,107,251
52,10,421,218,399,274,194,480,202,413,400,58
52,11,207,83,93,378,379,45,200,226,246,201
52,12,463,261,236,409,181,406,199,257,436,103
52,13,472,370,175,441,378,141,36,139,103,58
52,14,299,327,202,374,162,64,135,136,254,317
52,15,347,309,225,25,242,2,194,243,422,166
52,16,116,50,192,239,438,25,424,136,63,417
52,17,464,137,412,176,31,457,234,480,506,51
52,18,409,39,477,95,267,401,434,375,478,289
52,19,378,420,123,163,106,328,234,140,110,111
52,20,112,146,169,48,448,197,213,428,225,35
52,21,130,376,117,104,459,437,445,447,462,440
52,22,39,112,435,276,461,304,32,422,177,169
52,23,177,440,498,214,219,211,197,124,233,235
52,24,93,101,114,333,267,477,135,33,330,402
52,25,467,475,464,375,115,505,104,53,130,146
52,26,480,400,274,399,413,194,207,233,421,83
52,27,93,45,379,378,207,83,246,126,69,366
52,28,261,236,463,288,181,409,36,10,219,202
52,29,370,472,175,167,441,378,119,467,324,368
52,30,327,299,202,374,213,218,135,251,317,77
52,31,347,309,225,194,277,269,231,2,25,242
52,32,192,50,116,239,136,424,507,489,25,311
52,33,176,464,137,480,412,31,86,234,457,256
52,34,409,358,39,95,330,477,401,289,402,442
52,35,420,106,328,378,163,123,111,233,45,234
52,36,146,344,169,112,197,375,439,35,421,187
52,37,376,130,437,445,104,462,459,447,221,117
52,38,39,276,112,461,368,32,422,478,433,435
52,39,219,177,287,197,211,440,470,324,203,235
52,40,229,52,466,102,300,257,356,421,325,414
52,41,333,366,168,189,146,457,419,401,495,261
52,42,49,55,364,381,465,332,379,21,396,222
52,43,508,142,147,369,400,444,159,188,243,302
52,44,227,143,141,483,364,486,111,232,228,22
52,45,357,24,295,249,3,248,86,465,425,416
52,46,404,162,325,266,381,303,128,378,200,435
52,47,369,82,497,450,302,296,230,452,222,88
53,0,199,476,157,17,74,269,480,329,404,423
53,1,286,386,229,470,159,228,181,48,96,465
53,2,306,424,469,464,91,434,147,402,305,151
53,3,171,161,115,332,454,40,178,500,296,265
53,4,283,342,66,81,249,95,325,102,469,50
53,5,454,167,478,46,182,204,348,492,300,368
53,6,201,493,169,99,335,346,84,281,66,446
53,7,239,114,263,80,329,350,202,499,50,129
53,8,93,114,477,101,473,33,184,96,333,254
53,9,467,130,53,115,505,104,463,375,443,449
53,10,194,480,170,192,202,218,207,329,422,320
53,11,83,504,207,93,378,246,379,226,508,197
53,12,162,261,265,168,103,97,181,192,234,149
53,13,379,472,271,139,378,441,103,20,508,58
53,14,329,327,299,317,135,492,136,2,180,452
53,15,347,225,309,366,277,242,194,401,25,505
53,16,192,50,116,25,48,262,136,277,490,424
53,17,137,464,234,374,176,152,480,84,31,373
53,18,100,358,95,47,39,273,465,375,289,277
53,19,420,106,234,233,328,45,123,433,353,111
53,20,169,146,344,112,439,375,65,35,197,258
53,21,80,130,445,437,376,489,459,462,117,498
53,22,49,410,405,149,309,217,478,189,109,12
53,23,177,219,440,197,498,203,211,233,173,287
53,24,114,101,93,477,473,33,359,28,333,382
53,25,467,463,115,130,375,461,53,344,449,430
53,26,194,480,422,192,170,110,83,230,455,207
53,27,246,83,93,379,504,30,201,373,259,57
53,28,261,162,265,168,192,170,149,288,489,73
53,29,379,36,472,253,271,256,508,378,20,435
53,30,327,135,492,317,329,299,205,162,445,389
53,31,347,366,309,225,277,194,269,505,401,423
53,32,192,48,50,116,25,262,277,490,132,106
53,33,464,374,137,152,176,234,480,31,373,471
53,34,100,358,47,95,404,314,261,375,273,7
53,35,45,106,420,111,287,233,234,353,328,84
53,36,169,344,146,197,375,112,439,35,110,187
53,37,437,80,445,489,130,373,462,376,293,336
53,38,49,410,405,149,478,309,351,217,189,411
53,39,219,177,287,197,470,211,203,324,235,479
53,40,229,52,102,466,300,325,257,48,339,234
53,41,366,333,189,103,457,345,401,419,261,257
53,42,49,21,249,381,108,155,283,396,415,470
53,43,508,302,444,142,147,188,400,159,243,369
53,44,227,143,483,141,486,111,232,190,364,22
53,45,357,24,479,295,248,416,28,249,406,3
53,46,404,162,256,188,303,378,223,266,455,242
53,47,296,272,85,409,82,78,450,452,302,506
54,0,71,309,32,130,286,15,17,25,324,221
54,1,181,398,91,86,286,298,208,266,68,465
54,2,380,424,477,492,61,75,400,13,475,250
54,3,40,354,161,454,332,498,296,366,55,372
54,4,349,196,440,275,177,17,94,244,245,136
54,5,404,182,300,393,352,230,456,70,66,443
54,6,346,189,493,452,201,284,123,96,244,335
54,7,114,50,341,329,7,170,269,231,184,483
54,8,114,354,473,359,333,101,382,25,3,412
54,9,468,496,510,467,373,505,65,130,325,53
54,10,422,230,21,41,486,218,83,431,44,366
54,11,10,93,246,6,436,219,270,226,45,341
54,12,261,72,265,238,463,248,385,406,446,129
54,13,253,334,139,92,365,508,435,179,441,449
54,14,101,254,0,492,452,135,408,46,442,202
54,15,225,366,347,395,350,410,69,304,505,17
54,16,106,48,25,462,508,63,184,490,325,250
54,17,361,27,335,339,254,106,36,152,90,215
54,18,419,332,317,467,281,502,348,137,358,436
54,19,431,97,486,430,211,111,119,156,493,236
54,20,322,421,257,450,428,294,169,61,46,134
54,21,437,489,376,445,3,397,462,497,187,367
54,22,217,351,426,276,410,54,461,27,506,112
54,23,219,173,63,235,177,203,228,255,211,490
54,24,321,199,412,359,355,114,467,382,25,152
54,25,247,470,468,496,297,510,3,373,30,336
54,26,422,282,143,307,41,351,344,231,266,496
54,27,10,6,229,369,392,436,246,438,109,301
54,28,10,216,72,69,80,51,236,238,489,504
54,29,253,334,179,139,467,141,485,36,92,441
54,30,492,463,193,101,300,341,88,223,135,372
54,31,366,492,225,304,347,350,379,0,164,69
54,32,48,490,106,25,64,29,160,262,461,485
54,33,152,335,358,256,129,464,221,90,369,339
54,34,419,332,392,464,404,39,134,281,7,301
54,35,45,111,420,486,353,236,234,406,154,84
54,36,169,146,344,197,375,497,451,187,112,35
54,37,437,489,445,200,359,462,336,130,473,3
54,38,54,351,217,301,506,410,276,27,426,478
54,39,470,219,287,177,197,211,324,235,173,203
54,40,229,425,300,102,466,52,325,386,339,356
54,41,501,283,103,189,455,333,419,345,319,161
54,42,49,21,55,381,396,426,155,56,249,415
54,43,428,444,302,147,508,391,188,243,400,156
54,44,227,486,143,141,483,79,364,111,232,29
54,45,452,24,357,280,214,248,172,3,86,332
54,46,404,196,427,260,381,147,143,22,281,407
54,47,391,255,388,362,222,452,302,350,88,296
55,0,67,293,369,15,338,49,14,95,289,348
55,1,243,465,91,398,181,16,298,273,47,93
55,2,161,110,415,443,165,427,347,348,152,473
55,3,40,498,296,244,161,332,295,193,472,366
55,4,467,244,132,177,502,136,160,454,280,230
55,5,33,404,182,393,230,465,300,43,405,384
55,6,258,135,121,393,267,346,43,244,228,481
55,7,50,69,269,508,214,31,88,510,472,343
55,8,114,359,199,412,382,25,355,333,75,473
55,9,496,468,247,126,274,373,17,403,510,297
55,10,422,365,143,361,178,230,307,511,366,344
55,11,10,86,246,270,6,229,434,384,472,436
55,12,72,10,216,238,36,385,129,51,23,189
55,13,485,167,156,394,40,253,453,344,435,36
55,14,341,492,300,101,135,167,272,187,391,1
55,15,225,366,304,350,157,347,492,0,164,194
55,16,48,106,25,490,462,262,64,63,277,444
55,17,335,152,339,27,106,457,36,351,221,102
55,18,403,392,69,418,366,7,442,348,154,25
55,19,45,431,211,111,486,430,236,84,195,154
55,20,169,65,197,294,146,421,187,428,330,419
55,21,437,489,336,479,359,200,129,376,265,326
55,22,310,217,351,394,352,302,14,423,389,51
55,23,219,228,177,173,203,211,470,197,287,479
55,24,355,412,199,114,359,382,25,321,333,23
55,25,247,496,274,17,468,373,510,470,3,297
55,26,422,365,143,41,307,366,178,372,282,231
55,27,10,229,6,86,246,392,109,240,102,412
55,28,10,216,72,302,51,69,238,36,189,281
55,29,253,485,156,36,435,394,338,139,344,508
55,30,341,492,300,135,101,297,391,171,272,463
55,31,366,225,347,277,350,492,194,423,69,269
55,32,48,262,106,25,490,192,50,508,239,277
55,33,152,457,464,31,221,335,129,176,158,102
55,34,392,403,366,442,418,404,7,379,25,402
55,35,45,111,154,486,430,420,291,236,84,56
55,36,169,146,112,375,197,344,225,369,268,421
55,37,437,489,200,359,130,129,117,336,458,293
55,38,506,217,351,394,147,478,27,352,218,332
55,39,470,287,197,177,219,465,211,324,457,494
55,40,229,28,466,356,102,257,414,502,300,52
55,41,100,333,218,196,103,366,168,189,257,345
55,42,42,9,249,21,381,108,235,25,496,415
55,43,430,147,471,4,444,400,508,243,428,380
55,44,472,227,73,143,24,509,444,141,483,232
55,45,3,149,248,229,280,429,249,452,56,357
55,46,260,427,404,68,221,161,292,200,143,415
55,47,388,362,153,230,255,117,507,392,42,243
56,0,326,7,440,352,492,64,105,54,161,350
56,1,243,441,298,210,91,465,181,16,398,357
56,2,267,484,410,165,355,158,213,3,329,348
56,3,498,40,296,454,47,244,332,193,366,372
56,4,467,244,177,93,454,502,136,479,280,400
56,5,182,404,507,476,393,405,33,300,130,352
56,6,267,393,43,346,244,305,433,314,450,135
56,7,50,448,69,151,329,510,502,297,343,88
56,8,114,359,199,382,412,355,101,333,473,25
56,9,274,496,468,126,467,130,297,17,247,510
56,10,422,143,41,218,344,83,150,90,21,496
56,11,246,10,229,379,93,194,270,310,6,45
56,12,216,72,10,36,236,189,425,238,281,69
56,13,485,175,453,167,40,271,156,253,36,370
56,14,341,300,492,101,84,135,272,202,361,452
56,15,225,366,347,277,157,350,269,194,164,69
56,16,48,25,50,106,116,64,262,192,239,462
56,17,457,31,464,234,129,480,152,90,176,256
56,18,366,402,418,442,110,7,379,25,487,408
56,19,378,45,111,420,486,154,25,140,81,328
56,20,169,112,146,225,197,428,48,35,73,170
56,21,437,130,376,398,359,489,286,117,293,462
56,22,332,217,410,159,503,11,290,389,483,506
56,23,177,219,211,228,203,197,440,287,498,173
56,24,114,382,101,359,199,355,473,412,93,333
56,25,274,126,468,496,130,467,251,356,440,406
56,26,422,83,143,139,21,218,399,230,400,372
56,27,246,45,93,10,229,310,207,201,226,379
56,28,216,10,36,236,281,366,189,494,72,51
56,29,175,370,167,453,485,467,420,472,378,368
56,30,374,341,300,492,135,202,84,218,452,299
56,31,347,309,225,194,2,269,242,366,277,243
56,32,239,50,116,192,25,311,424,438,109,262
56,33,457,31,464,266,334,86,480,412,176,138
56,34,402,442,416,366,418,53,132,240,110,234
56,35,378,234,420,350,233,127,408,111,385,393
56,36,169,146,112,110,21,325,197,213,375,486
56,37,398,130,214,376,264,329,445,442,117,467
56,38,332,11,500,478,159,217,410,346,367,133
56,39,219,177,287,324,290,440,203,207,197,235
56,40,229,52,102,48,386,423,466,421,300,34
56,41,366,54,185,149,146,172,455,161,436,168
56,42,9,25,205,286,249,42,22,431,307,273
56,43,393,188,475,142,165,495,147,253,369,237
56,44,451,143,227,300,124,274,217,184,196,138
56,45,510,477,273,357,295,178,251,249,398,24
56,46,162,87,274,142,419,125,303,156,325,404
56,47,491,444,329,1,360,485,164,450,390,203
57,0,329,180,31,69,1,35,240,335,251,157
57,1,166,451,462,394,181,0,464,208,108,356
57,2,424,346,464,469,467,107,236,95,508,391
57,3,108,161,402,171,454,332,197,465,282,153
57,4,92,5,223,25,34,283,114,73,81,95
57,5,80,93,374,247,46,459,47,312,348,153
57,6,352,263,149,493,244,326,346,510,195,66
57,7,378,167,65,410,436,11,329,469,123,94
57,8,93,101,114,30,378,356,333,126,442,477
57,9,467,464,130,505,34,107,375,463,17,53
57,10,274,218,194,441,422,83,399,129,192,413
57,11,207,45,246,379,3,93,30,378,126,229
57,12,78,363,432,410,462,294,181,135,236,366
57,13,175,472,370,441,36,157,467,241,58,160
57,14,374,327,299,162,254,202,77,64,213,135
57,15,347,309,25,242,2,269,225,366,277,194
57,16,116,239,50,192,438,424,90,25,337,174
57,17,464,457,31,334,412,86,234,294,196,172
57,18,132,233,103,248,85,63,485,336,164,178
57,19,378,234,420,407,127,25,408,233,106,110
57,20,325,124,169,225,112,73,213,146,256,486
57,21,21,214,163,130,454,74,107,178,329,445
57,22,42,509,343,472,56,387,465,377,74,281
57,23,177,214,498,440,211,126,203,272,233,252
57,24,30,378,93,442,383,101,471,114,333,477
57,25,464,34,45,167,467,505,375,107,130,53
57,26,441,274,65,129,413,194,273,207,399,10
57,27,413,378,243,45,3,99,207,93,379,69
57,28,432,78,294,135,288,234,363,181,324,228
57,29,160,157,370,291,34,472,351,26,441,339
57,30,317,135,438,124,65,202,319,492,329,327
57,31,347,366,309,277,505,269,225,0,350,423
57,32,192,116,48,50,25,239,277,136,106,349
57,33,137,464,246,294,334,90,256,480,321,138
57,34,485,132,375,164,85,137,120,358,336,435
57,35,420,233,234,350,106,408,111,287,486,393
57,36,169,146,112,110,197,21,375,486,344,421
57,37,445,329,214,376,130,21,163,202,454,178
57,38,42,343,509,472,56,465,387,377,367,281
57,39,287,177,219,324,197,440,290,203,349,207
57,40,229,48,52,102,386,466,194,423,421,300
57,41,366,54,172,185,146,161,401,149,168,455
57,42,496,352,381,16,196,396,390,74,103,21
57,43,393,165,475,142,188,495,147,237,253,428
57,44,451,143,227,483,124,300,274,217,225,184
57,45,510,295,477,273,357,178,24,398,409,251
57,46,162,274,142,125,303,404,325,381,128,156
57,47,487,1,329,450,222,152,362,175,39,82
58,0,199,476,157,309,74,17,480,269,329,423
58,1,386,68,470,229,181,257,228,325,376,394
58,2,306,424,464,469,268,151,402,474,119,336
58,3,171,161,115,178,332,381,454,113,204,87
58,4,283,342,66,95,81,249,469,119,367,472
58,5,454,167,478,247,301,188,46,15,348,182
58,6,263,493,201,346,207,162,208,352,84,195
58,7,58,80,323,239,114,263,232,350,329,410
58,8,30,378,93,442,114,353,383,471,432,390
58,9,34,467,45,463,206,505,464,375,53,119
58,10,441,180,65,194,170,192,218,220,207,413
58,11,502,378,207,340,243,339,93,45,30,504
58,12,162,265,78,294,261,234,432,135,149,211
58,13,351,160,34,118,157,26,339,261,234,291
58,14,329,124,135,317,327,202,492,438,205,65
58,15,347,309,366,277,225,505,194,350,269,2
58,16,192,116,48,50,136,25,239,507,277,350
58,17,137,464,294,334,246,374,138,176,256,234
58,18,132,100,485,164,375,358,137,85,79,273
58,19,420,234,106,233,408,407,503,287,350,110
58,20,169,146,325,344,112,439,375,110,197,124
58,21,445,130,80,489,376,437,21,202,462,329
58,22,49,405,410,149,109,309,42,12,433,275
58,23,177,219,287,440,203,324,197,349,272,211
58,24,114,30,101,93,333,215,184,202,33,477
58,25,467,206,34,464,119,505,375,53,45,107
58,26,30,180,422,320,192,194,441,26,65,410
58,27,340,502,45,207,93,226,379,339,378,259
58,28,261,162,265,234,211,168,445,446,149,0
58,29,160,34,253,126,60,351,185,261,508,69
58,30,492,317,135,329,327,319,38,202,124,64
58,31,366,347,309,277,225,269,350,505,0,410
58,32,192,48,116,25,50,106,277,136,239,262
58,33,464,137,480,373,294,374,90,152,256,234
58,34,100,358,375,137,132,261,47,441,485,468
58,35,106,420,234,233,287,111,364,430,486,251
58,36,169,146,344,112,375,197,110,421,187,282
58,37,445,437,489,80,130,376,257,462,373,336
58,38,49,405,410,149,351,506,478,309,12,57
58,39,287,219,177,197,324,203,235,290,207,470
58,40,229,102,52,48,386,325,339,194,421,466
58,41,366,54,189,261,401,419,333,161,129,345
58,42,49,21,396,381,283,162,496,3,108,352
58,43,142,508,147,188,302,400,243,444,369,428
58,44,227,143,483,141,486,479,111,232,129,190
58,45,357,24,295,479,248,416,406,196,28,338
58,46,256,404,162,340,188,274,303,266,381,372
58,47,78,272,85,452,1,450,302,82,362,329
59,0,309,340,80,354,399,406,28,280,129,223
59,1,181,398,266,91,68,335,86,298,303,122
59,2,181,492,480,75,260,400,327,498,64,149
59,3,40,498,161,332,454,296,55,372,118,396
59,4,7,136,177,244,433,467,160,475,280,174
59,5,404,393,182,300,352,420,256,18,70,405
59,6,346,413,120,105,2,228,348,169,293,155
59,7,50,252,114,294,151,329,69,403,341,336
59,8,114,354,333,359,473,267,382,101,412,93
59,9,468,467,496,510,505,305,107,96,80,373
59,10,422,230,389,192,21,218,70,366,399,41
59,11,10,219,226,360,93,45,200,436,270,6
59,12,72,43,261,385,133,238,46,265,145,129
59,13,253,508,334,365,511,441,435,139,185,302
59,14,492,135,38,101,254,0,64,205,162,389
59,15,366,347,309,277,350,505,269,410,181,51
59,16,48,25,106,192,116,438,50,277,205,39
59,17,464,90,137,132,31,480,234,256,152,50
59,18,419,137,268,358,29,267,289,136,375,335
59,19,234,486,420,111,106,364,426,233,430,169
59,20,146,169,284,421,439,344,187,110,375,112
59,21,445,489,437,200,306,373,128,376,117,202
59,22,301,279,506,454,351,217,439,410,488,486
59,23,219,203,290,177,324,440,287,235,207,349
59,24,114,101,412,333,477,20,25,93,359,354
59,25,468,107,375,96,89,467,496,373,464,505
59,26,422,218,143,366,399,153,222,365,21,83
59,27,207,10,45,379,226,510,246,444,126,30
59,28,462,80,236,489,10,73,192,133,36,385
59,29,334,46,253,441,185,365,139,58,126,511
59,30,492,135,317,38,319,327,64,102,181,162
59,31,347,309,366,277,269,225,505,350,0,483
59,32,192,116,48,50,25,277,136,438,106,337
59,33,464,137,256,480,90,152,31,84,373,506
59,34,29,102,353,419,7,375,267,392,110,335
59,35,287,161,45,233,420,234,56,426,111,106
59,36,169,146,344,375,110,112,197,439,425,282
59,37,489,306,200,437,445,117,373,202,336,130
59,38,301,506,279,351,487,454,410,217,27,355
59,39,287,219,177,324,197,235,203,207,290,186
59,40,229,48,102,52,386,339,421,183,82,466
59,41,116,366,54,261,189,161,333,129,19,131
59,42,191,381,21,496,341,396,49,16,283,390
59,43,147,142,508,302,188,444,400,243,356,237
59,44,227,143,483,141,124,190,486,375,111,451
59,45,66,357,225,309,24,510,248,295,178,142
59,46,88,404,162,263,135,123,91,299,115,378
59,47,388,73,384,263,354,49,184,276,362,256
60,0,73,129,68,501,398,403,238,479,466,66
60,1,181,501,266,398,298,303,504,255,430,91
60,2,70,410,178,407,133,165,415,45,355,366
60,3,40,161,454,80,296,372,295,332,472,244
60,4,467,136,244,280,16,93,396,160,112,177
60,5,182,404,393,443,18,352,256,300,230,453
60,6,346,273,348,105,135,413,393,430,314,155
60,7,50,440,69,198,366,329,151,114,367,201
60,8,354,114,359,382,43,20,333,25,473,267
60,9,468,496,419,339,126,467,344,65,178,251
60,10,422,230,499,192,70,21,351,83,41,504
60,11,219,360,10,229,270,6,246,433,45,480
60,12,385,72,129,238,133,352,214,43,381,497
60,13,394,185,508,279,271,20,453,175,36,248
60,14,492,108,180,136,168,135,495,176,40,378
60,15,347,366,225,401,409,277,181,312,309,269
60,16,48,277,25,192,262,106,116,50,349,490
60,17,137,464,31,221,152,374,506,129,474,256
60,18,392,29,102,110,7,134,267,459,404,366
60,19,84,45,420,287,232,56,161,430,486,154
60,20,169,146,344,187,243,375,87,110,282,126
60,21,489,437,397,336,117,200,46,406,359,468
60,22,506,351,27,394,402,147,217,218,439,497
60,23,287,177,197,219,203,324,233,240,470,290
60,24,114,354,267,218,333,25,101,382,359,199
60,25,467,96,496,468,325,107,164,126,291,419
60,26,83,422,143,69,399,230,114,192,70,21
60,27,45,246,379,310,93,502,226,219,10,259
60,28,133,385,43,145,129,36,72,236,214,381
60,29,175,185,453,279,167,198,248,368,394,370
60,30,135,492,136,327,280,64,180,202,445,176
60,31,347,366,309,247,423,269,277,225,505,51
60,32,277,48,192,116,25,50,106,412,262,349
60,33,31,464,137,152,457,256,480,221,373,176
60,34,102,110,392,402,7,366,267,442,404,29
60,35,45,154,420,287,84,56,378,430,111,462
60,36,169,146,344,375,243,187,87,110,330,250
60,37,489,437,200,359,397,117,336,390,471,443
60,38,506,351,27,394,222,188,439,217,486,305
60,39,287,177,219,197,48,324,454,481,228,203
60,40,229,48,351,102,52,362,268,28,204,385
60,41,333,131,205,454,189,345,421,366,308,261
60,42,381,496,21,42,191,249,391,108,415,208
60,43,97,471,147,243,380,400,25,339,444,508
60,44,24,303,186,444,143,483,227,190,472,466
60,45,229,311,149,196,3,385,248,307,142,178
60,46,427,337,191,164,30,161,425,200,260,138
60,47,232,392,388,362,230,210,153,471,486,99
61,0,350,352,7,54,105,187,197,64,16,161
61,1,441,99,430,298,181,210,260,473,207,141
61,2,267,484,478,410,348,355,213,329,165,218
61,3,40,161,498,332,454,366,80,372,295,472
61,4,136,467,244,93,280,327,142,177,16,146
61,5,182,404,393,352,405,18,443,230,300,465
61,6,41,18,105,346,413,348,43,2,271,244
61,7,448,50,151,329,69,336,510,508,104,389
61,8,20,114,101,199,333,382,267,359,477,43
61,9,274,496,126,468,406,467,251,130,16,65
61,10,422,143,83,218,21,399,70,366,248,230
61,11,10,246,6,229,310,379,45,200,93,386
61,12,36,72,216,10,236,385,23,189,281,504
61,13,175,453,485,253,271,139,167,156,441,508
61,14,492,341,135,84,101,254,300,136,452,4
61,15,366,347,69,410,340,2,225,350,401,122
61,16,48,106,25,277,116,192,508,50,490,64
61,17,464,90,31,152,221,129,457,234,361,401
61,18,442,110,402,102,7,240,267,366,289,404
61,19,154,45,111,486,420,169,211,84,430,108
61,20,169,146,197,375,421,419,243,112,119,126
61,21,437,489,117,376,200,397,359,391,368,336
61,22,506,116,394,389,27,332,346,460,351,305
61,23,219,177,197,287,203,324,239,211,207,173
61,24,114,199,333,412,25,101,355,359,20,267
61,25,496,126,468,274,96,467,130,251,406,373
61,26,422,143,83,21,218,399,366,344,70,236
61,27,45,10,229,310,246,394,386,270,259,510
61,28,385,36,216,72,129,10,23,189,236,124
61,29,175,453,485,167,253,156,139,370,198,508
61,30,492,341,135,300,84,136,101,445,452,282
61,31,347,366,69,423,309,401,122,225,353,435
61,32,48,25,277,116,192,50,106,64,349,490
61,33,31,464,457,152,90,506,221,129,480,234
61,34,442,402,110,366,102,392,7,240,267,418
61,35,45,154,420,111,378,81,84,430,56,486
61,36,146,169,87,375,243,344,484,187,110,197
61,37,437,489,200,117,359,130,336,391,329,376
61,38,506,351,305,27,394,332,460,324,116,478
61,39,287,177,197,219,228,324,481,444,104,328
61,40,229,268,102,52,48,28,234,385,374,82
61,41,333,100,129,131,50,117,189,366,308,345
61,42,42,249,21,238,305,9,415,471,108,431
61,43,380,4,147,444,302,508,400,85,462,243
61,44,24,444,227,176,143,105,299,303,190,281
61,45,229,196,440,149,311,280,24,456,357,425
61,46,427,434,200,164,30,343,67,425,283,85
61,47,210,230,407,507,153,388,501,342,420,452
62,0,354,446,322,399,33,414,350,340,80,7
62,1,326,441,298,83,501,313,435,181,458,266
62,2,484,3,218,213,267,158,329,182,505,165
62,3,161,332,366,40,80,454,498,47,77,486
62,4,333,136,244,280,177,379,459,467,93,433
62,5,507,182,393,432,404,18,443,230,300,460
62,6,244,423,115,346,105,271,127,155,41,18
62,7,83,50,448,151,508,329,358,69,104,389
62,8,114,333,101,20,473,359,382,477,267,25
62,9,496,468,130,467,440,406,89,510,339,318
62,10,422,218,143,366,83,499,399,27,21,187
62,11,10,229,6,246,436,45,93,379,510,310
62,12,72,236,36,10,238,281,489,385,80,462
62,13,253,139,365,175,441,511,508,92,334,271
62,14,254,101,492,135,452,38,408,0,485,272
62,15,347,366,410,69,340,2,350,423,122,225
62,16,106,48,25,277,508,39,116,63,192,50
62,17,90,361,215,218,464,348,463,221,16,401
62,18,419,361,179,300,407,137,467,455,114,247
62,19,211,486,169,59,430,421,332,175,469,108
62,20,421,119,231,103,469,126,310,349,284,243
62,21,288,376,489,437,497,80,443,283,433,142
62,22,460,6,32,487,511,482,346,217,380,410
62,23,219,24,124,235,207,186,203,324,12,262
62,24,412,355,114,199,20,161,101,25,43,359
62,25,373,468,496,257,17,510,262,247,339,297
62,26,422,231,317,143,234,365,463,307,344,218
62,27,10,510,86,229,177,270,240,65,392,6
62,28,302,10,80,439,238,354,413,281,216,494
62,29,334,253,467,179,119,441,36,175,139,188
62,30,492,254,38,101,135,192,428,389,130,0
62,31,366,347,69,350,340,0,505,353,410,309
62,32,106,48,25,508,277,349,190,39,440,192
62,33,215,361,90,152,464,16,348,218,432,221
62,34,419,407,455,134,256,209,41,179,335,83
62,35,486,420,169,211,430,251,175,106,399,232
62,36,327,310,421,425,65,103,231,112,284,95
62,37,288,376,489,437,420,329,24,117,13,468
62,38,460,6,32,50,487,351,506,482,332,418
62,39,219,24,124,186,235,197,324,287,453,440
62,40,229,102,48,183,367,306,421,499,325,164
62,41,168,419,395,507,386,201,19,261,73,129
62,42,396,249,75,268,108,390,9,273,42,65
62,43,243,400,369,147,188,266,37,277,431,372
62,44,350,281,227,143,24,418,68,369,213,122
62,45,205,309,196,66,357,168,174,324,24,322
62,46,288,470,91,115,123,292,334,346,337,444
62,47,448,169,433,49,388,0,354,205,413,358
63,0,446,414,119,19,211,238,100,358,403,501
63,1,441,298,274,435,326,83,181,445,404,13
63,2,279,484,79,267,485,165,213,45,347,152
63,3,40,161,332,80,454,366,265,498,372,397
63,4,136,177,313,244,492,49,280,328,467,327
63,5,182,507,404,461,393,443,270,13,352,405
63,6,319,108,362,219,303,213,205,228,385,248
63,7,50,448,329,151,510,83,69,435,483,193
63,8,114,20,101,333,93,382,199,477,359,473
63,9,126,496,274,467,468,406,130,486,419,251
63,10,422,83,143,218,230,21,187,70,399,274
63,11,246,229,45,310,10,379,386,93,83,6
63,12,36,216,236,385,10,72,129,281,141,189
63,13,175,453,485,271,370,365,167,253,40,139
63,14,135,492,341,327,136,300,254,202,64,445
63,15,347,309,366,2,122,25,401,269,69,225
63,16,116,48,192,50,25,438,277,106,424,239
63,17,31,464,457,256,137,90,234,227,176,480
63,18,240,366,442,7,110,402,418,440,350,273
63,19,420,154,378,111,45,486,81,468,140,169
63,20,169,112,146,197,375,106,225,142,256,484
63,21,130,376,117,437,398,329,359,489,462,222
63,22,332,460,410,506,11,346,217,478,500,3
63,23,177,219,197,498,440,239,287,349,211,28
63,24,114,93,333,101,20,382,477,199,267,355
63,25,467,130,496,406,96,375,468,505,126,107
63,26,83,422,399,114,274,26,218,143,21,70
63,27,45,379,310,246,93,10,207,502,226,83
63,28,36,236,216,281,202,189,10,288,72,366
63,29,175,370,167,453,368,304,55,372,351,139
63,30,374,135,492,142,202,299,327,136,226,217
63,31,347,309,2,423,366,269,277,194,422,418
63,32,116,192,50,25,311,277,48,239,90,507
63,33,464,31,457,137,480,266,373,86,270,256
63,34,402,442,240,132,366,416,110,233,7,418
63,35,378,468,350,420,25,45,111,233,140,154
63,36,169,146,112,21,110,256,225,375,197,506
63,37,398,130,329,376,117,264,437,445,225,442
63,38,332,500,346,478,11,506,217,3,123,313
63,39,177,287,219,197,440,324,498,290,349,465
63,40,229,52,102,48,466,386,423,418,374,34
63,41,366,54,146,168,149,185,16,115,105,172
63,42,9,273,42,249,187,25,205,495,133,496
63,43,4,495,142,475,393,188,320,165,147,369
63,44,451,143,24,124,227,419,300,184,217,196
63,45,178,477,510,126,409,425,196,182,420,273
63,46,87,274,419,142,162,427,156,416,445,378
63,47,491,444,309,230,329,297,395,340,485,1
64,0,329,31,180,69,1,35,240,335,157,445
64,1,166,451,108,181,462,0,464,356,391,208
64,2,268,424,464,469,95,346,467,305,236,261
64,3,381,402,171,161,11,332,454,246,108,3
64,4,34,25,92,5,283,238,66,223,95,81
64,5,247,501,46,312,459,374,37,80,153,15
64,6,352,263,448,346,493,326,149,208,181,349
64,7,135,410,113,378,329,436,123,155,171,11
64,8,93,378,442,30,101,114,333,471,20,109
64,9,467,464,505,45,34,375,107,130,318,384
64,10,274,218,26,65,441,399,220,114,422,83
64,11,45,207,378,502,379,93,243,413,3,246
64,12,306,78,432,294,305,135,236,462,181,192
64,13,175,370,304,351,372,160,368,441,157,36
64,14,438,374,327,124,299,202,135,254,162,64
64,15,347,309,2,269,25,272,277,100,366,194
64,16,116,192,50,438,239,136,25,507,48,424
64,17,137,464,334,294,31,412,246,457,256,10
64,18,132,63,485,233,164,336,248,375,273,447
64,19,234,385,420,233,106,408,468,407,350,503
64,20,169,146,112,325,124,375,197,21,486,110
64,21,214,21,445,163,130,376,329,202,423,462
64,22,42,377,343,472,56,509,387,473,465,411
64,23,177,219,440,197,203,498,349,233,290,214
64,24,30,378,114,93,442,101,109,383,33,333
64,25,464,45,467,34,505,167,375,96,107,206
64,26,441,26,274,65,403,399,180,220,10,2
64,27,413,45,243,3,207,378,379,340,502,93
64,28,306,78,432,305,294,135,288,181,336,236
64,29,160,157,291,351,372,370,34,339,234,441
64,30,317,135,438,124,492,15,329,65,327,202
64,31,347,309,366,277,269,505,0,225,350,122
64,32,192,48,116,25,50,277,239,136,507,106
64,33,137,464,246,294,10,334,43,90,480,321
64,34,63,485,132,375,164,137,120,336,85,447
64,35,106,233,420,234,408,385,287,111,486,407
64,36,169,146,344,110,112,375,197,421,282,439
64,37,445,214,376,21,130,163,414,329,437,257
64,38,42,377,343,509,56,472,387,478,465,367
64,39,287,219,177,203,324,197,290,207,235,470
64,40,229,48,102,52,386,325,339,235,421,499
64,41,366,54,401,161,19,333,189,419,261,129
64,42,49,21,396,352,496,369,273,91,84,283
64,43,142,147,188,508,302,400,428,393,369,165
64,44,227,143,483,141,111,486,479,451,232,190
64,45,357,24,295,248,479,406,510,338,178,416
64,46,162,404,256,274,156,188,303,325,340,381
64,47,360,369,452,450,1,329,487,302,82,479
65,0,199,476,157,309,17,74,269,480,329,423
65,1,470,386,181,229,68,228,257,325,376,67
65,2,306,424,464,469,268,282,151,119,281,81
65,3,171,161,115,454,332,381,225,113,178,246
65,4,283,342,66,95,81,119,367,408,500,25
65,5,454,167,188,478,247,501,301,182,15,230
65,6,493,346,201,284,162,263,344,96,484,242
65,7,58,80,113,239,350,263,112,114,329,323
65,8,30,93,114,378,442,109,33,473,484,265
65,9,45,467,505,34,375,130,104,85,106,47
65,10,422,180,26,218,220,368,21,399,441,192
65,11,45,502,226,207,93,413,219,10,339,378
65,12,265,261,305,306,162,445,8,149,129,294
65,13,160,34,271,339,157,351,291,185,342,279
65,14,135,317,492,327,65,38,124,202,329,254
65,15,366,347,309,277,225,122,0,350,410,269
65,16,48,25,106,192,116,277,50,205,262,136
65,17,137,464,294,90,480,334,152,234,374,373
65,18,375,100,132,137,485,261,120,358,441,447
65,19,234,106,233,420,408,111,503,407,430,287
65,20,169,146,375,344,197,112,439,110,187,421
65,21,445,489,437,130,257,214,80,376,202,462
65,22,49,405,410,351,149,217,506,12,478,433
65,23,219,177,203,287,324,290,197,440,235,349
65,24,114,30,333,101,40,93,412,25,218,477
65,25,467,468,496,96,510,373,107,505,375,80
65,26,422,368,143,21,366,192,399,218,70,180
65,27,10,45,226,246,259,207,219,436,161,379
65,28,261,385,72,8,265,445,162,129,149,305
65,29,160,253,34,508,185,60,342,157,339,291
65,30,492,317,135,327,329,38,65,101,124,202
65,31,347,366,309,277,225,350,122,410,269,69
65,32,48,192,25,116,106,50,277,262,136,349
65,33,464,137,480,373,152,90,374,294,221,256
65,34,375,137,100,261,441,120,485,358,132,164
65,35,106,233,234,420,287,111,430,486,364,353
65,36,169,146,344,375,197,110,112,421,282,187
65,37,445,437,489,257,130,376,304,80,202,373
65,38,49,405,410,149,351,506,237,478,42,12
65,39,287,219,177,203,197,324,290,207,235,470
65,40,229,102,52,48,386,325,194,339,235,466
65,41,366,54,401,189,419,333,161,261,19,129
65,42,21,49,396,283,381,3,496,352,162,108
65,43,142,147,508,188,302,400,428,444,243,159
65,44,227,143,483,141,111,486,479,232,364,129
65,45,357,24,295,248,479,416,406,28,338,510
65,46,404,256,162,340,188,303,381,372,266,274
65,47,78,85,272,452,450,1,302,82,329,296
66,0,359,95,340,403,367,309,119,349,54,348
66,1,181,398,298,91,86,266,303,335,504,267
66,2,421,302,402,42,152,446,473,36,415,477
66,3,161,40,454,498,332,372,244,80,296,366
66,4,244,467,136,280,177,264,16,327,459,160
66,5,182,404,230,300,352,296,420,393,18,443
66,6,346,28,430,105,323,228,212,273,107,456
66,7,50,329,448,508,69,151,114,403,486,78
66,8,114,354,333,382,359,101,267,412,25,473
66,9,496,468,467,107,419,126,375,458,16,510
66,10,422,389,143,230,83,192,69,114,21,70
66,11,219,360,45,10,246,229,6,270,200,310
66,12,133,385,43,72,229,145,238,381,129,236
66,13,185,394,279,248,453,271,20,175,508,293
66,14,180,495,40,378,492,266,135,49,282,108
66,15,366,347,277,423,69,225,350,309,0,122
66,16,25,192,48,116,106,50,277,349,421,205
66,17,464,137,31,152,234,474,373,374,506,90
66,18,29,102,392,110,7,404,134,289,267,459
66,19,45,420,287,233,111,161,154,486,169,84
66,20,169,146,375,344,439,187,110,419,87,35
66,21,489,437,336,200,117,445,397,306,385,342
66,22,506,351,279,478,217,439,394,27,454,355
66,23,177,219,287,197,203,324,349,27,290,236
66,24,114,354,333,218,359,101,382,267,25,473
66,25,467,96,496,468,325,510,107,505,375,461
66,26,389,422,230,192,69,70,399,83,114,21
66,27,219,45,246,93,360,259,508,340,226,201
66,28,133,229,43,129,145,385,381,261,421,352
66,29,185,253,279,437,248,453,85,191,394,508
66,30,135,492,180,280,378,40,495,136,445,282
66,31,347,366,401,225,309,505,350,423,277,269
66,32,48,192,277,50,116,106,262,25,205,430
66,33,464,137,31,152,221,373,90,480,129,374
66,34,29,102,392,110,353,459,7,267,402,404
66,35,287,45,56,161,420,84,233,154,430,353
66,36,169,146,344,187,375,110,117,439,125,330
66,37,489,437,336,200,406,117,443,428,397,256
66,38,506,351,279,394,27,301,217,439,163,147
66,39,287,177,219,197,324,203,290,454,465,27
66,40,229,52,48,102,355,82,410,445,293,374
66,41,366,189,333,131,19,345,425,480,457,252
66,42,381,496,349,396,21,16,237,341,391,195
66,43,147,508,400,237,243,444,142,356,188,159
66,44,143,227,483,390,186,141,47,444,341,472
66,45,222,385,142,149,248,87,178,324,357,433
66,46,337,427,404,123,500,68,491,84,34,492
66,47,388,153,232,362,255,139,178,307,354,230
67,0,120,359,253,203,175,326,161,376,254,54
67,1,181,298,473,266,501,91,180,398,303,452
67,2,503,421,302,72,484,218,70,165,430,36
67,3,40,161,332,454,498,53,80,244,295,472
67,4,136,244,467,93,264,327,385,280,400,475
67,5,182,352,404,256,393,176,136,443,382,293
67,6,346,323,312,228,327,105,135,155,271,196
67,7,448,50,329,151,510,309,336,69,292,247
67,8,114,199,333,101,20,382,25,359,267,412
67,9,274,496,126,468,251,419,467,406,175,247
67,10,422,143,83,113,218,169,70,499,230,399
67,11,229,10,6,310,386,246,45,200,194,93
67,12,216,36,72,236,385,10,129,238,189,402
67,13,175,453,485,253,139,156,441,394,508,338
67,14,341,492,84,300,135,101,113,202,0,272
67,15,347,366,309,122,340,409,67,269,277,69
67,16,48,25,192,106,116,50,63,462,184,362
67,17,464,31,457,90,221,152,129,234,46,417
67,18,110,366,402,442,7,418,350,102,267,289
67,19,154,45,486,420,111,169,378,211,287,426
67,20,169,375,146,112,197,421,21,282,428,486
67,21,117,437,489,130,376,329,342,359,293,200
67,22,332,506,346,27,351,478,116,217,213,218
67,23,85,219,177,287,50,240,7,432,28,498
67,24,114,199,333,101,20,25,93,267,359,382
67,25,126,496,468,274,419,467,251,175,406,247
67,26,422,143,114,83,26,69,218,21,236,70
67,27,45,10,229,246,310,386,226,379,93,436
67,28,216,236,36,72,385,189,238,402,281,129
67,29,175,453,304,485,368,370,167,372,139,253
67,30,341,135,492,300,327,202,84,101,374,113
67,31,347,309,366,409,225,277,423,269,194,422
67,32,192,50,116,48,25,296,150,239,193,490
67,33,31,464,457,137,506,480,256,129,373,90
67,34,402,110,442,366,102,7,418,132,267,350
67,35,468,420,378,350,154,45,111,140,486,81
67,36,169,21,146,112,375,110,256,486,197,282
67,37,329,130,398,264,445,376,117,437,202,489
67,38,332,506,346,500,478,11,367,217,27,483
67,39,287,177,219,28,290,440,328,85,213,432
67,40,229,102,52,466,194,48,27,423,185,83
67,41,366,54,227,172,168,185,232,313,115,146
67,42,273,9,42,249,496,25,352,205,133,187
67,43,165,393,142,475,75,495,216,369,356,253
67,44,386,227,45,451,24,143,190,124,274,300
67,45,178,477,510,99,357,24,295,249,251,356
67,46,274,87,162,419,142,427,357,256,156,30
67,47,491,444,309,230,485,329,297,284,450,1
68,0,329,31,180,69,1,35,240,335,318,157
68,1,166,108,451,391,464,181,462,0,356,132
68,2,268,424,95,464,346,469,305,467,259,261
68,3,402,381,171,161,11,454,332,246,328,40
68,4,34,25,5,92,238,283,223,95,66,404
68,5,247,501,46,459,374,312,80,93,37,153
68,6,346,352,149,326,107,244,66,510,155,508
68,7,135,378,113,329,410,50,436,123,171,336
68,8,114,93,101,378,333,30,442,20,342,477
68,9,467,107,375,468,505,464,318,96,80,406
68,10,83,218,422,274,26,399,192,114,230,70
68,11,45,246,379,502,10,207,310,93,219,226
68,12,306,236,305,78,432,294,192,504,135,366
68,13,175,370,304,368,351,453,372,508,441,271
68,14,327,135,299,162,492,254,202,374,64,205
68,15,347,309,366,277,269,2,125,25,67,238
68,16,116,192,50,48,438,25,424,239,136,507
68,17,464,137,31,457,256,412,334,506,84,294
68,18,132,63,485,233,375,273,164,72,336,7
68,19,420,385,378,111,468,234,233,350,154,45
68,20,169,146,375,112,21,110,197,486,282,256
68,21,21,214,130,329,445,163,376,398,202,117
68,22,42,377,56,343,472,509,387,473,465,478
68,23,177,219,85,440,328,349,498,342,287,240
68,24,114,30,378,93,101,333,109,267,442,33
68,25,464,467,45,107,505,406,375,96,34,89
68,26,26,274,399,114,403,83,220,422,129,441
68,27,45,413,379,3,207,93,502,310,321,293
68,28,306,305,432,78,288,135,236,294,336,192
68,29,160,372,370,351,175,291,157,304,420,438
68,30,438,124,317,15,135,327,202,374,65,205
68,31,347,309,277,269,287,366,449,100,422,272
68,32,192,116,507,50,270,25,48,239,136,337
68,33,10,137,334,246,294,464,43,321,362,266
68,34,63,132,485,375,164,336,447,137,120,85
68,35,385,233,234,408,106,420,287,407,111,393
68,36,146,169,344,110,112,375,197,439,421,282
68,37,445,214,21,376,130,163,414,437,329,304
68,38,42,377,343,56,472,509,387,465,478,281
68,39,287,219,177,203,290,324,207,197,235,440
68,40,229,102,48,52,386,339,421,325,183,235
68,41,366,54,19,161,401,146,419,189,333,457
68,42,49,273,21,91,369,396,84,85,352,194
68,43,142,147,188,508,302,428,400,369,446,393
68,44,227,143,483,141,111,486,479,451,281,232
68,45,357,295,24,248,479,406,196,510,338,178
68,46,162,404,256,274,188,156,303,340,325,125
68,47,369,360,452,450,1,329,487,311,302,479
69,0,199,476,157,74,309,17,269,480,329,423
69,1,470,386,68,181,229,346,257,67,444,325
69,2,306,282,424,268,464,469,281,81,199,98
69,3,171,161,115,381,454,332,225,113,40,246
69,4,283,342,66,81,95,119,367,408,25,469
69,5,454,167,247,478,188,501,301,182,230,15
69,6,493,346,201,162,96,242,484,284,344,263
69,7,58,80,113,239,350,112,263,114,232,323
69,8,378,30,93,442,114,109,213,473,33,179
69,9,45,467,34,505,59,375,104,85,427,464
69,10,26,441,406,218,180,220,175,65,399,403
69,11,45,413,378,502,243,207,226,339,30,93
69,12,306,305,432,78,265,162,135,294,445,261
69,13,160,157,339,351,34,291,438,234,271,338
69,14,317,124,329,492,65,135,202,38,327,438
69,15,366,347,309,277,225,122,269,181,0,505
69,16,48,25,192,116,106,136,50,205,239,277
69,17,137,464,294,10,334,374,246,90,373,363
69,18,485,132,375,100,120,137,447,63,261,164
69,19,106,234,233,408,420,385,503,407,287,111
69,20,169,146,375,344,112,439,197,110,124,486
69,21,445,489,214,130,437,257,21,202,80,376
69,22,49,405,351,410,42,506,149,217,377,12
69,23,219,177,203,287,290,324,440,197,349,207
69,24,114,30,109,101,378,442,333,40,213,93
69,25,467,45,34,96,59,505,468,107,47,496
69,26,368,422,180,26,441,192,21,200,399,406
69,27,413,45,226,207,379,246,259,10,243,219
69,28,305,306,261,432,8,294,265,78,445,336
69,29,160,157,34,291,253,339,60,342,185,351
69,30,317,492,135,329,327,65,38,124,319,15
69,31,347,366,309,277,225,269,122,410,181,350
69,32,192,48,25,116,106,50,277,136,438,239
69,33,137,464,246,10,294,374,480,373,90,152
69,34,375,137,485,120,100,261,132,164,358,441
69,35,106,233,420,234,287,111,486,408,430,426
69,36,169,146,344,375,110,112,197,421,187,439
69,37,445,437,489,257,130,214,376,202,304,369
69,38,405,49,410,149,351,42,506,478,12,377
69,39,287,219,177,203,197,324,290,207,470,235
69,40,229,102,48,52,386,235,339,194,325,466
69,41,366,54,419,401,189,161,19,333,261,129
69,42,21,49,396,283,381,496,352,3,174,332
69,43,142,147,508,188,302,400,428,243,444,159
69,44,227,143,483,141,111,486,479,232,364,190
69,45,357,24,295,248,479,406,416,510,196,412
69,46,404,256,162,340,188,303,372,156,207,201
69,47,78,85,272,452,450,1,302,82,329,296
70,0,71,309,32,130,257,286,437,279,25,221
70,1,181,398,91,67,68,86,427,208,298,500
70,2,380,424,477,492,181,480,400,13,61,250
70,3,161,354,40,454,332,498,272,55,472,318
70,4,349,196,440,136,177,275,245,244,94,467
70,5,182,404,300,456,352,230,393,70,434,151
70,6,346,189,493,452,201,123,258,284,244,120
70,7,114,50,329,170,341,269,346,7,231,184
70,8,114,218,354,473,93,3,101,30,413,0
70,9,467,468,496,53,505,394,373,206,375,150
70,10,422,180,230,192,21,26,69,329,58,504
70,11,219,504,45,340,360,246,226,259,10,508
70,12,261,265,463,129,238,406,385,500,409,446
70,13,279,185,248,271,60,20,508,160,34,350
70,14,492,135,329,317,327,205,101,38,280,64
70,15,366,347,225,277,309,350,122,505,69,423
70,16,48,106,192,25,277,262,116,50,190,446
70,17,137,464,152,374,373,474,234,90,480,221
70,18,441,375,404,392,464,289,210,273,7,134
70,19,233,106,234,287,420,111,118,430,335,486
70,20,169,146,451,344,497,375,187,439,110,35
70,21,445,437,489,3,130,462,376,200,377,257
70,22,276,426,351,217,461,506,112,150,54,433
70,23,470,219,177,287,203,197,324,290,235,272
70,24,114,218,354,333,3,101,359,25,412,441
70,25,467,496,96,468,510,325,53,107,373,427
70,26,422,180,230,368,389,21,70,192,69,26
70,27,45,219,259,226,246,5,10,340,482,360
70,28,261,463,385,133,446,332,72,0,265,129
70,29,60,185,279,253,350,248,160,508,34,394
70,30,492,135,317,329,327,38,280,319,64,101
70,31,347,366,309,277,225,350,269,410,69,122
70,32,192,48,25,106,116,50,277,262,132,412
70,33,137,464,374,152,373,221,480,90,256,198
70,34,441,137,375,392,464,29,261,210,39,434
70,35,106,233,234,287,420,111,118,353,430,56
70,36,146,169,344,375,110,451,187,197,497,112
70,37,437,445,489,3,336,462,200,257,376,130
70,38,351,276,506,426,461,54,301,112,27,217
70,39,287,219,470,177,197,203,324,207,290,235
70,40,229,102,425,52,48,386,325,421,194,466
70,41,501,283,189,419,366,103,129,401,19,345
70,42,55,49,21,396,426,56,381,390,225,465
70,43,428,147,188,508,391,243,142,302,400,156
70,44,227,143,483,141,486,79,364,479,232,258
70,45,452,24,357,214,248,332,196,56,172,295
70,46,404,196,260,147,22,381,427,435,351,112
70,47,391,388,362,452,222,255,11,1,188,302
71,0,67,293,369,338,49,15,14,95,289,348
71,1,243,465,91,181,398,16,298,273,15,47
71,2,161,110,165,443,427,347,415,152,477,348
71,3,40,498,161,296,454,244,472,332,372,80
71,4,467,244,132,136,177,160,16,275,280,327
71,5,33,404,182,230,147,300,130,393,443,43
71,6,258,121,393,346,135,267,244,327,481,228
71,7,50,269,69,508,214,329,341,247,472,440
71,8,412,114,359,355,333,25,199,382,183,218
71,9,496,468,373,17,403,467,305,394,412,80
71,10,422,365,230,178,143,511,21,218,366,322
71,11,10,86,270,229,246,5,219,392,205,434
71,12,238,385,72,129,302,36,332,236,10,133
71,13,394,279,29,485,508,156,453,435,344,167
71,14,492,135,341,101,280,300,311,0,202,254
71,15,366,347,277,225,122,350,410,309,157,395
71,16,48,106,192,25,116,50,262,277,205,239
71,17,464,198,152,137,457,90,31,102,221,363
71,18,392,134,441,403,404,7,69,366,201,110
71,19,118,56,287,233,84,353,45,111,234,55
71,20,169,187,146,375,311,330,439,446,207,421
71,21,437,489,336,443,458,324,376,315,406,397
71,22,351,217,302,394,403,506,14,51,352,147
71,23,470,177,287,219,203,27,197,235,457,290
71,24,114,333,218,359,355,354,412,25,382,199
71,25,496,467,126,468,394,325,96,373,510,495
71,26,422,230,61,178,21,389,479,504,372,70
71,27,5,86,246,219,10,205,259,360,68,270
71,28,332,385,238,145,133,129,261,72,0,237
71,29,185,279,394,60,29,508,248,253,437,20
71,30,492,135,280,164,317,180,445,327,389,136
71,31,347,366,225,309,269,350,277,401,423,122
71,32,192,48,50,25,277,116,106,262,412,239
71,33,198,464,152,137,221,374,373,129,31,256
71,34,441,392,29,134,69,404,110,210,509,403
71,35,56,287,233,84,420,234,353,106,118,291
71,36,169,146,375,187,344,110,197,421,112,425
71,37,489,437,336,359,443,200,458,445,462,267
71,38,351,506,394,27,352,302,355,222,403,217
71,39,287,470,219,177,197,203,324,207,290,27
71,40,229,28,102,52,257,48,386,235,466,339
71,41,100,189,366,19,103,345,333,161,196,218
71,42,21,55,381,49,396,390,312,490,65,81
71,43,430,428,243,471,147,400,508,380,477,401
71,44,73,143,472,444,483,249,141,227,24,509
71,45,149,56,3,24,248,429,332,214,452,229
71,46,260,404,427,221,68,147,205,161,381,351
71,47,362,388,11,230,153,117,392,222,255,391
72,0,326,7,479,139,64,0,497,100,350,254
72,1,243,210,91,298,441,143,181,498,65,16
72,2,484,213,165,267,410,3,161,369,192,168
72,3,40,161,454,372,498,472,333,332,297,265
72,4,467,136,177,244,327,275,132,93,16,62
72,5,182,33,404,507,443,405,497,352,67,300
72,6,267,244,346,245,258,481,43,423,393,197
72,7,50,448,269,69,486,237,329,343,214,195
72,8,114,359,199,25,412,333,308,108,382,355
72,9,126,496,274,468,467,96,251,109,17,42
72,10,422,143,230,41,504,21,365,70,83,470
72,11,86,246,10,219,270,392,310,259,434,200
72,12,385,129,72,238,216,354,36,141,236,23
72,13,485,453,394,279,508,156,253,175,185,167
72,14,492,341,84,101,135,113,300,391,280,272
72,15,366,347,122,410,69,505,350,47,257,0
72,16,48,106,25,192,72,63,277,116,205,184
72,17,464,152,31,457,90,221,463,417,234,361
72,18,392,110,366,82,134,106,404,418,442,7
72,19,45,154,486,118,111,169,430,211,108,287
72,20,169,146,375,187,421,119,284,156,21,419
72,21,437,489,359,336,376,443,458,397,117,194
72,22,351,188,460,51,239,506,394,217,410,332
72,23,287,203,470,219,290,177,197,207,465,324
72,24,114,199,412,359,25,355,119,101,333,473
72,25,126,496,468,274,251,175,373,510,339,247
72,26,422,143,317,169,234,479,41,230,511,83
72,27,246,270,10,229,86,30,386,392,310,259
72,28,385,129,72,216,23,238,124,354,36,141
72,29,485,253,175,453,508,20,156,198,279,505
72,30,492,341,84,300,113,101,135,445,64,35
72,31,347,366,504,122,345,309,277,269,69,125
72,32,48,25,192,277,106,72,116,50,461,509
72,33,464,152,31,506,90,221,137,373,417,457
72,34,392,110,366,404,442,379,134,418,477,402
72,35,45,56,154,84,287,353,486,420,111,251
72,36,169,146,375,187,344,110,439,112,421,156
72,37,437,489,359,443,244,336,458,200,433,209
72,38,351,394,506,188,332,460,511,217,352,423
72,39,287,470,219,203,177,324,228,465,197,77
72,40,229,268,502,52,320,102,28,235,356,410
72,41,366,333,100,189,205,505,146,345,478,423
72,42,21,42,391,249,381,496,55,49,108,199
72,43,319,508,212,400,430,243,356,428,471,147
72,44,249,444,24,143,190,486,227,103,364,483
72,45,316,214,24,7,452,178,357,87,188,248
72,46,260,404,429,427,378,54,232,274,467,491
72,47,232,230,307,388,243,354,337,348,255,444
73,0,398,479,497,175,139,100,10,133,113,501
73,1,210,243,441,183,143,91,261,119,473,39
73,2,369,484,79,165,410,158,160,66,192,368
73,3,40,161,498,454,472,332,372,296,366,478
73,4,467,244,136,177,93,327,400,442,275,91
73,5,507,182,421,404,163,33,443,460,67,230
73,6,346,215,267,109,323,244,258,312,430,286
73,7,50,237,69,343,18,269,459,502,214,448
73,8,114,359,333,25,199,119,412,462,308,382
73,9,496,247,468,373,467,251,17,63,297,126
73,10,422,143,41,230,423,307,192,479,344,90
73,11,10,246,270,86,6,200,219,504,229,434
73,12,385,129,72,238,476,141,10,354,118,23
73,13,485,394,167,453,508,40,279,156,187,66
73,14,492,341,113,135,101,300,272,445,167,318
73,15,366,347,225,410,350,304,492,423,269,157
73,16,48,106,25,192,277,50,490,462,184,461
73,17,152,31,464,457,134,463,90,506,221,198
73,18,392,134,366,478,477,294,404,110,418,25
73,19,45,84,154,118,353,486,236,430,111,232
73,20,169,146,187,375,156,475,331,21,294,119
73,21,437,489,359,434,443,336,194,458,117,315
73,22,351,332,217,201,460,423,100,282,506,305
73,23,470,287,203,465,219,207,228,197,177,173
73,24,114,119,25,359,333,412,23,459,199,218
73,25,496,17,251,468,80,247,373,175,293,131
73,26,422,230,41,17,83,479,346,234,169,351
73,27,246,10,86,229,270,193,392,30,177,6
73,28,385,238,476,72,129,23,468,141,51,10
73,29,394,175,508,338,20,167,441,36,197,156
73,30,492,101,113,389,135,360,262,272,151,394
73,31,347,366,225,247,504,47,269,0,309,374
73,32,25,192,48,50,72,473,461,116,176,277
73,33,152,464,31,198,373,506,46,457,417,221
73,34,392,366,404,477,418,478,110,294,134,7
73,35,45,56,154,287,84,420,353,251,111,468
73,36,169,146,375,187,110,425,344,112,156,421
73,37,437,489,359,434,117,336,443,293,244,458
73,38,351,201,305,332,217,394,506,406,423,222
73,39,287,470,219,228,177,465,203,197,457,324
73,40,229,502,320,102,235,268,66,52,425,232
73,41,366,333,189,100,168,19,117,146,446,345
73,42,21,249,364,42,381,108,396,496,55,390
73,43,319,508,430,243,400,156,147,188,302,428
73,44,249,24,143,190,444,364,227,103,483,124
73,45,214,229,24,357,244,248,249,49,176,324
73,46,260,378,30,404,427,232,296,69,496,381
73,47,337,230,351,458,148,388,452,255,456,242
74,0,406,337,5,265,199,378,307,17,269,172
74,1,18,286,228,398,298,265,441,473,96,208
74,2,380,250,469,369,192,494,160,408,484,165
74,3,40,161,454,332,498,171,58,472,268,160
74,4,63,81,438,417,17,244,467,177,440,275
74,5,507,163,421,34,460,350,336,366,258,182
74,6,99,244,180,452,323,215,267,305,166,109
74,7,50,237,69,329,446,269,486,151,78,201
74,8,114,359,333,25,412,382,199,101,473,354
74,9,496,468,475,467,373,247,80,251,510,231
74,10,422,143,83,218,230,365,21,322,70,113
74,11,10,246,436,86,229,219,45,30,392,226
74,12,238,36,141,72,385,10,463,236,23,216
74,13,253,485,365,508,250,441,511,40,453,167
74,14,492,101,113,135,254,299,327,162,318,64
74,15,347,366,309,122,277,269,504,410,340,332
74,16,25,48,116,192,438,106,72,462,456,184
74,17,464,90,234,31,152,296,256,401,218,129
74,18,419,477,392,409,440,110,332,366,65,137
74,19,486,111,420,364,350,169,426,154,234,305
74,20,169,21,146,156,486,112,197,375,187,110
74,21,437,117,489,329,445,359,200,376,265,406
74,22,217,39,351,27,100,332,460,506,443,380
74,23,203,290,177,219,287,440,498,7,50,349
74,24,114,101,477,93,20,333,267,199,473,25
74,25,467,375,107,130,468,505,89,96,496,208
74,26,366,422,218,222,248,399,234,462,83,169
74,27,10,379,471,45,126,207,30,229,510,366
74,28,281,80,489,73,494,236,192,402,36,189
74,29,334,370,441,139,342,184,508,175,364,511
74,30,299,327,254,58,135,492,368,64,233,162
74,31,347,309,277,160,269,238,366,272,506,2
74,32,25,438,116,192,424,91,174,228,48,109
74,33,464,296,137,132,410,378,276,152,148,273
74,34,419,179,256,110,39,375,347,289,7,350
74,35,420,426,350,486,154,7,111,393,45,233
74,36,169,146,375,21,110,112,425,256,300,380
74,37,437,359,130,489,200,329,445,117,202,376
74,38,39,332,460,351,217,352,487,478,27,368
74,39,287,104,228,219,470,177,203,465,197,235
74,40,229,52,386,102,502,235,300,268,48,51
74,41,366,333,168,54,368,103,117,21,71,108
74,42,272,9,273,249,25,42,106,35,496,181
74,43,319,4,302,430,393,508,188,338,495,475
74,44,143,227,190,24,278,141,493,483,105,103
74,45,229,214,24,357,178,248,90,99,452,249
74,46,260,427,404,112,147,292,232,381,419,205
74,47,362,230,351,255,388,459,391,452,42,11
75,0,404,147,138,338,434,386,352,293,414,161
75,1,286,441,243,298,465,183,429,181,279,45
75,2,484,368,158,66,160,3,192,213,165,408
75,3,161,40,454,372,53,332,58,343,498,478
75,4,385,136,467,466,177,442,244,58,448,16
75,5,507,182,163,443,34,460,404,393,19,300
75,6,323,99,244,271,273,109,305,43,346,312
75,7,309,448,50,459,237,329,511,151,486,292
75,8,114,333,359,199,25,101,20,391,473,119
75,9,496,126,274,175,468,251,16,467,198,419
75,10,422,143,169,83,70,41,218,230,21,90
75,11,246,310,10,200,229,45,259,219,6,433
75,12,385,129,72,36,216,141,402,476,236,314
75,13,175,485,453,167,198,467,156,370,40,365
75,14,341,84,492,300,113,101,135,462,35,272
75,15,347,366,122,504,269,410,309,340,473,505
75,16,48,25,192,106,116,72,50,63,64,184
75,17,31,457,464,90,152,234,256,137,480,361
75,18,366,110,402,418,477,442,7,379,478,404
75,19,154,45,378,111,486,420,468,169,430,211
75,20,169,146,112,225,375,197,486,187,48,21
75,21,437,376,359,117,130,398,293,489,342,53
75,22,332,410,460,217,506,11,351,478,159,346
75,23,177,219,287,203,470,290,7,50,440,197
75,24,114,199,93,101,333,268,473,267,359,477
75,25,126,467,96,496,251,274,468,107,175,375
75,26,422,83,143,114,26,69,218,70,399,236
75,27,45,246,379,310,207,10,229,259,502,226
75,28,216,36,385,236,281,189,129,141,429,10
75,29,175,370,167,304,453,372,368,151,198,420
75,30,374,135,492,341,327,300,299,142,226,136
75,31,347,309,238,269,277,504,473,25,125,100
75,32,192,116,50,25,438,136,424,417,239,341
75,33,31,464,137,457,256,266,480,334,506,270
75,34,402,366,442,72,110,132,416,418,63,240
75,35,468,385,378,350,420,154,233,111,393,234
75,36,169,146,21,112,110,375,486,256,225,344
75,37,398,264,130,329,437,117,376,445,214,442
75,38,332,500,11,346,377,217,478,410,201,367
75,39,287,177,219,290,203,470,440,17,324,235
75,40,229,52,48,102,235,386,423,194,22,124
75,41,366,54,146,185,149,232,436,455,353,168
75,42,273,25,9,42,249,205,286,495,22,133
75,43,393,4,475,142,165,315,369,495,48,188
75,44,143,227,124,45,451,386,170,483,318,508
75,45,477,178,357,510,295,99,182,251,406,183
75,46,87,274,419,162,142,427,404,125,156,303
75,47,491,444,485,329,297,395,230,1,340,311
76,0,329,31,180,69,1,35,240,335,157,251
76,1,166,451,181,464,108,462,132,356,0,208
76,2,268,464,424,346,469,95,467,282,305,261
76,3,171,402,381,11,161,246,332,328,454,3
76,4,25,34,5,92,238,283,223,62,95,23
76,5,247,501,46,459,374,80,312,93,195,37
76,6,352,326,149,244,346,510,493,263,508,208
76,7,113,135,410,378,436,329,123,11,155,167
76,8,93,378,442,114,101,471,30,109,477,333
76,9,467,505,375,464,463,107,45,130,34,318
76,10,274,26,83,218,114,399,422,192,230,80
76,11,45,246,207,30,310,379,200,502,413,482
76,12,306,78,305,432,236,294,135,192,366,181
76,13,175,370,304,351,368,36,372,453,160,282
76,14,299,374,327,226,492,205,135,202,162,254
76,15,347,309,277,269,238,366,272,194,122,25
76,16,116,192,25,438,136,50,239,48,424,337
76,17,464,31,457,137,334,412,256,176,246,480
76,18,132,63,233,485,248,164,72,273,336,375
76,19,385,378,420,468,234,233,350,111,408,106
76,20,169,146,124,112,486,256,238,21,73,325
76,21,21,214,130,163,74,445,329,202,467,398
76,22,42,377,343,472,56,509,387,465,473,281
76,23,177,203,440,290,252,219,498,349,211,287
76,24,378,30,93,109,442,114,101,383,33,471
76,25,464,45,34,467,505,107,375,167,59,53
76,26,26,274,403,129,114,10,65,220,441,399
76,27,45,413,3,321,378,207,379,502,69,243
76,28,306,305,432,288,78,135,294,181,236,228
76,29,160,370,372,351,157,291,304,438,234,441
76,30,15,438,124,317,65,486,388,90,135,327
76,31,309,347,277,269,449,194,287,150,374,422
76,32,192,116,507,136,239,50,265,90,48,25
76,33,137,246,10,294,334,464,321,43,362,374
76,34,63,485,132,164,375,120,85,336,447,137
76,35,385,408,233,234,106,420,111,287,407,110
76,36,146,169,112,110,344,375,421,197,486,439
76,37,445,214,376,21,130,163,414,329,202,462
76,38,42,377,343,56,472,509,387,465,367,281
76,39,287,219,177,324,203,290,197,440,235,207
76,40,229,48,102,52,386,421,339,183,466,423
76,41,366,54,161,19,401,189,146,457,168,421
76,42,273,49,85,194,91,25,369,286,352,84
76,43,142,188,147,508,302,393,475,369,400,237
76,44,227,143,483,141,451,111,281,124,274,486
76,45,357,295,24,510,196,178,477,248,273,406
76,46,162,274,404,256,303,156,325,125,142,381
76,47,487,369,329,1,311,452,450,152,390,302
77,0,44,506,485,334,17,304,342,416,384,309
77,1,80,456,176,242,68,155,331,136,200,257
77,2,268,363,464,200,442,162,402,11,109,387
77,3,465,384,178,496,51,330,161,165,39,129
77,4,388,25,24,119,237,23,463,89,249,122
77,5,501,46,215,113,471,196,154,413,182,63
77,6,208,349,162,326,216,439,181,352,40,317
77,7,469,36,396,186,378,390,436,182,342,473
77,8,378,93,471,442,230,223,171,414,205,377
77,9,464,463,467,53,505,89,139,478,375,45
77,10,370,65,26,218,313,441,274,220,10,413
77,11,378,474,3,171,297,69,207,77,402,45
77,12,181,135,453,432,306,343,93,271,305,206
77,13,26,370,420,21,234,351,304,9,232,472
77,14,401,368,374,326,196,486,388,90,188,236
77,15,150,160,156,19,309,496,169,347,25,6
77,16,174,115,116,424,442,438,91,311,129,108
77,17,159,172,196,82,371,422,410,17,118,73
77,18,63,416,248,233,275,234,486,276,326,156
77,19,371,66,285,331,47,16,184,469,420,206
77,20,124,315,345,290,436,297,252,469,366,225
77,21,74,461,442,293,345,206,220,311,467,282
77,22,371,473,11,141,415,446,159,432,171,110
77,23,290,401,155,104,214,203,406,404,49,142
77,24,378,471,93,356,205,233,230,442,304,154
77,25,464,171,160,62,89,439,471,161,155,232
77,26,65,313,370,10,220,26,129,273,274,348
77,27,378,3,415,12,363,294,474,402,297,471
77,28,288,429,228,453,181,143,113,218,306,432
77,29,370,128,420,26,195,168,412,329,220,102
77,30,388,368,90,486,401,188,74,69,196,92
77,31,160,150,66,226,58,6,175,306,486,169
77,32,174,115,368,438,299,424,108,225,116,442
77,33,172,343,196,17,484,324,430,73,82,422
77,34,63,234,233,497,416,248,6,72,275,256
77,35,207,212,371,66,510,59,88,331,469,285
77,36,124,413,290,297,228,486,315,112,507,215
77,37,220,474,345,423,337,442,462,11,293,329
77,38,371,11,473,446,415,171,470,445,159,110
77,39,115,95,403,498,390,127,462,406,401,465
77,40,407,471,270,229,185,39,423,440,52,222
77,41,353,293,385,435,62,404,85,441,245,132
77,42,9,25,273,97,166,64,58,181,22,286
77,43,315,64,207,385,142,85,369,125,375,475
77,44,276,142,338,37,248,386,92,267,207,173
77,45,182,168,449,356,507,339,431,446,237,22
77,46,87,246,232,281,162,72,362,404,346,61
77,47,263,242,485,231,50,491,388,331,395,345
78,0,318,183,31,69,35,482,251,182,445,168
78,1,276,462,129,63,57,440,166,310,52,125
78,2,467,195,37,107,236,268,109,461,496,511
78,3,330,39,398,108,496,3,107,210,465,188
78,4,388,73,346,452,325,294,357,92,465,506
78,5,196,154,113,74,471,294,137,110,68,56
78,6,435,259,439,292,352,66,335,326,126,181
78,7,469,182,436,316,276,33,229,329,139,351
78,8,155,477,101,356,171,191,113,93,496,307
78,9,464,89,389,375,467,505,395,107,129,130
78,10,218,370,65,273,188,10,202,129,400,60
78,11,471,378,126,207,3,474,308,297,78,277
78,12,220,457,284,143,287,462,301,249,202,113
78,13,370,195,128,457,420,119,329,355,26,246
78,14,401,461,388,486,90,74,196,18,94,160
78,15,160,309,347,150,6,346,169,156,37,25
78,16,174,424,116,199,91,333,299,90,108,283
78,17,172,118,410,196,296,17,378,73,39,430
78,18,233,63,497,248,76,503,156,483,510,95
78,19,469,175,371,47,184,285,88,66,127,356
78,20,124,297,345,93,315,506,413,436,290,252
78,21,220,345,74,474,264,242,293,11,464,340
78,22,470,11,171,415,78,366,473,500,495,283
78,23,401,155,498,81,96,316,372,89,462,95
78,24,356,304,402,233,205,191,154,138,503,389
78,25,63,89,395,171,232,129,62,160,168,464
78,26,65,29,273,488,129,10,60,370,305,424
78,27,471,12,131,415,498,379,277,255,3,363
78,28,113,288,220,228,246,459,249,475,218,143
78,29,370,128,412,195,246,168,100,252,105,241
78,30,486,388,69,461,74,323,90,127,188,196
78,31,6,226,209,160,128,66,306,58,427,410
78,32,174,203,231,470,35,424,146,108,368,34
78,33,172,17,196,484,74,324,73,422,430,343
78,34,6,497,510,503,57,248,127,95,483,49
78,35,212,469,88,175,289,14,207,225,510,286
78,36,413,228,215,47,290,366,93,58,507,41
78,37,220,18,474,337,464,54,242,287,456,147
78,38,470,11,264,283,78,366,415,43,171,495
78,39,316,498,238,511,69,416,398,390,95,124
78,40,482,407,471,198,244,222,223,203,171,389
78,41,435,434,358,94,414,494,146,226,385,259
78,42,365,287,181,476,471,428,496,296,167,62
78,43,207,217,267,92,15,486,369,509,93,377
78,44,276,338,440,124,213,300,393,183,51,295
78,45,168,356,42,289,468,398,158,301,138,121
78,46,374,346,372,88,25,232,56,18,33,58
78,47,254,445,79,242,148,424,59,398,207,453
79,0,20,165,169,109,435,90,395,380,315,213
79,1,74,389,36,235,51,383,32,158,466,505
79,2,37,270,295,59,109,257,372,0,89,27
79,3,249,205,496,293,335,269,403,408,507,196
79,4,325,465,506,357,410,294,389,346,252,233
79,5,100,154,482,468,58,226,236,250,188,263
79,6,468,185,126,164,505,158,181,13,237,394
79,7,242,316,399,10,158,489,303,191,8,141
79,8,356,191,11,304,87,160,503,35,205,477
79,9,139,111,395,154,68,45,161,464,71,506
79,10,400,65,488,10,273,119,129,125,107,424
79,11,422,163,371,273,84,108,250,511,350,471
79,12,37,288,228,459,113,220,390,150,246,301
79,13,387,22,128,97,91,458,385,273,338,329
79,14,486,212,138,506,127,90,243,80,233,117
79,15,346,375,494,6,178,199,306,209,193,169
79,16,23,429,140,480,74,26,278,441,91,231
79,17,372,422,499,389,467,166,50,305,365,324
79,18,347,49,264,510,497,471,26,184,483,127
79,19,426,453,14,377,434,47,222,225,31,349
79,20,15,78,507,366,413,45,457,16,228,290
79,21,379,220,255,33,100,474,340,337,242,44
79,22,41,205,293,264,57,287,261,86,24,267
79,23,498,372,390,316,260,238,354,338,242,336
79,24,356,191,87,11,477,503,175,319,304,389
79,25,111,346,68,361,442,502,129,58,132,139
79,26,107,213,71,48,488,10,393,506,335,432
79,27,273,49,48,165,422,197,511,84,250,163
79,28,459,113,228,390,288,37,96,220,246,277
79,29,387,22,288,184,385,97,221,50,128,426
79,30,136,80,314,233,138,212,14,486,117,506
79,31,375,306,346,426,193,68,37,169,6,347
79,32,278,26,23,140,51,91,74,480,163,58
79,33,50,389,305,372,422,499,105,324,120,12
79,34,347,49,471,350,184,119,510,264,497,26
79,35,426,453,96,174,434,377,222,169,349,509
79,36,485,16,248,15,55,78,348,219,300,210
79,37,379,255,46,44,41,100,10,33,150,453
79,38,205,41,86,293,30,81,264,261,57,223
79,39,334,389,450,260,430,244,323,272,390,36
79,40,138,178,172,508,278,173,471,209,91,87
79,41,240,65,385,445,226,491,391,198,59,353
79,42,140,272,322,366,393,301,151,220,212,168
79,43,278,162,337,86,413,207,45,185,388,499
79,44,350,87,105,433,399,276,207,172,229,216
79,45,237,51,63,22,47,484,303,198,168,118
79,46,88,297,388,292,346,60,280,324,341,271
79,47,143,122,233,401,141,244,227,153,242,55
80,0,143,436,151,453,449,29,20,90,287,84
80,1,202,66,469,186,339,364,60,231,38,432
80,2,320,37,46,358,322,19,188,295,122,257
80,3,225,54,29,381,496,403,13,511,405,408
80,4,390,403,307,198,190,131,469,118,66,492
80,5,188,100,228,392,112,140,339,26,154,471
80,6,158,309,468,181,125,164,321,126,394,274
80,7,113,112,76,489,399,414,333,415,120,202
80,8,402,87,115,471,442,330,378,191,160,111
80,9,471,45,232,34,139,39,122,167,140,214
80,10,65,400,77,436,10,441,129,488,396,492
80,11,99,181,243,234,428,402,481,339,38,59
80,12,324,140,288,228,432,42,217,475,206,234
80,13,9,157,291,34,160,128,415,329,234,280
80,14,486,20,124,65,127,438,448,275,90,388
80,15,6,66,375,58,346,226,237,410,486,209
80,16,203,90,152,174,35,438,129,325,459,368
80,17,246,321,196,145,81,286,276,422,359,172
80,18,120,42,305,85,485,164,497,331,49,248
80,19,503,408,110,175,255,67,407,332,51,280
80,20,124,5,345,325,366,167,198,418,93,47
80,21,305,333,56,220,257,163,40,214,54,337
80,22,313,270,381,264,24,42,195,78,293,149
80,23,453,238,498,486,316,402,377,398,511,52
80,24,115,87,402,378,191,442,471,151,241,189
80,25,45,232,471,167,34,168,89,122,140,39
80,26,65,410,441,77,488,10,180,492,129,396
80,27,99,76,243,481,255,390,53,428,296,287
80,28,324,140,288,42,228,432,217,475,143,292
80,29,9,415,34,160,157,291,105,55,234,370
80,30,486,20,254,448,124,65,334,305,487,127
80,31,6,410,309,209,226,306,347,58,160,427
80,32,283,174,90,116,368,438,325,203,424,224
80,33,246,321,81,296,163,286,355,197,422,196
80,34,120,85,485,42,305,164,331,91,497,361
80,35,456,286,67,469,503,175,332,408,110,14
80,36,124,5,214,58,75,93,112,366,198,511
80,37,305,56,163,40,333,28,414,257,107,337
80,38,313,270,381,24,264,78,373,293,77,42
80,39,498,316,440,398,124,238,416,453,354,486
80,40,198,227,85,223,203,146,350,323,357,25
80,41,151,358,168,49,414,259,438,19,94,444
80,42,139,482,114,394,304,355,137,91,123,177
80,43,15,267,92,369,486,178,49,149,481,104
80,44,237,55,28,372,473,212,54,156,346,405
80,45,230,104,365,470,332,454,359,70,189,290
80,46,214,141,351,147,199,469,57,477,390,185
80,47,360,11,270,54,280,31,122,458,142,263
81,0,482,389,372,192,408,385,111,261,28,296
81,1,469,202,60,186,67,339,38,181,353,446
81,2,41,199,277,81,386,326,242,488,246,111
81,3,225,54,381,29,394,205,496,507,293,161
81,4,403,3,500,307,306,502,322,439,296,317
81,5,188,369,26,438,281,44,425,51,356,48
81,6,125,345,321,474,309,284,19,445,410,439
81,7,437,112,327,323,202,492,243,113,299,8
81,8,477,361,471,230,101,318,497,402,76,296
81,9,395,464,89,204,129,232,505,478,467,122
81,10,410,65,180,119,207,46,66,488,507,342
81,11,471,428,339,379,255,126,258,78,288,371
81,12,140,445,234,324,80,47,217,505,510,317
81,13,415,34,261,9,248,457,441,119,339,509
81,14,20,461,192,254,162,33,77,196,94,18
81,15,309,347,160,340,410,193,280,277,156,506
81,16,116,90,438,25,48,174,192,325,283,199
81,17,187,296,464,256,410,194,378,137,297,81
81,18,137,331,308,108,120,85,284,132,90,164
81,19,308,364,469,67,175,356,92,223,225,80
81,20,124,112,214,58,64,5,93,508,75,56
81,21,40,56,305,376,333,257,41,142,182,162
81,22,381,317,435,186,237,125,469,374,467,373
81,23,498,316,124,440,398,453,219,238,349,382
81,24,477,101,155,191,422,359,496,201,307,114
81,25,89,395,145,301,107,208,375,468,49,496
81,26,119,215,410,305,488,60,92,77,65,280
81,27,379,36,78,428,131,436,53,471,258,328
81,28,80,288,48,462,324,107,445,281,505,32
81,29,415,457,467,370,36,55,105,100,441,241
81,30,461,254,162,486,396,196,160,77,20,305
81,31,309,347,160,410,209,6,25,340,37,302
81,32,283,174,116,438,90,25,223,424,325,48
81,33,296,187,410,81,197,440,286,477,39,285
81,34,361,331,307,414,58,56,199,85,419,390
81,35,67,469,308,286,456,332,175,33,92,51
81,36,214,5,75,112,124,58,173,64,508,41
81,37,305,56,40,78,164,376,281,192,354,28
81,38,317,381,186,469,435,373,270,343,77,405
81,39,498,124,440,316,398,453,238,219,349,481
81,40,198,223,505,330,102,229,227,85,95,146
81,41,168,151,358,259,19,414,49,145,508,438
81,42,139,482,394,304,137,114,355,85,177,448
81,43,267,369,15,92,49,486,149,104,178,185
81,44,237,55,28,372,473,212,346,280,54,156
81,45,230,104,365,332,470,454,359,70,189,290
81,46,141,214,351,147,199,469,390,57,477,185
81,47,270,11,280,54,222,142,31,492,298,320
82,0,270,98,62,401,99,316,9,501,272,176
82,1,304,60,293,34,62,366,240,353,67,320
82,2,263,315,439,310,360,418,185,393,211,491
82,3,168,265,161,507,406,332,228,454,205,297
82,4,308,96,67,299,38,166,177,136,110,174
82,5,458,131,425,485,487,120,25,280,505,357
82,6,383,73,42,335,471,264,234,255,329,142
82,7,86,108,154,219,43,329,501,41,323,117
82,8,101,477,482,191,11,311,201,189,151,498
82,9,77,89,301,395,168,349,145,49,232,154
82,10,488,490,37,215,119,380,92,180,410,65
82,11,379,481,78,428,115,85,279,407,398,188
82,12,303,48,307,223,502,286,251,401,120,426
82,13,415,248,467,457,100,9,292,499,105,55
82,14,351,461,254,162,396,18,305,196,486,275
82,15,309,6,347,410,340,494,346,209,25,160
82,16,116,283,325,90,174,438,25,424,199,48
82,17,187,296,214,81,410,197,464,286,505,39
82,18,246,168,341,58,326,373,84,62,95,414
82,19,308,469,175,223,255,292,67,332,286,20
82,20,445,136,112,214,124,64,58,140,167,41
82,21,268,502,354,470,419,208,376,312,292,11
82,22,499,349,253,444,434,435,374,242,17,441
82,23,498,124,316,440,398,238,24,410,214,453
82,24,101,477,201,191,482,20,151,311,349,402
82,25,89,77,301,145,168,395,375,107,468,49
82,26,488,215,119,305,236,380,410,92,29,65
82,27,379,36,428,131,53,481,78,287,11,115
82,28,48,288,303,307,286,223,426,502,107,47
82,29,467,415,370,9,55,105,100,248,457,167
82,30,351,254,162,461,486,196,213,76,396,305
82,31,309,347,410,6,427,209,25,160,496,2
82,32,283,116,438,90,325,174,424,35,25,223
82,33,187,505,214,81,296,197,410,286,39,156
82,34,246,341,168,58,122,84,373,361,62,472
82,35,308,67,33,469,223,286,332,242,46,327
82,36,445,214,136,112,64,140,41,122,124,58
82,37,268,470,502,354,419,78,208,119,292,376
82,38,349,499,253,441,444,17,434,374,52,328
82,39,498,316,124,440,410,398,453,219,53,238
82,40,198,505,223,0,85,102,156,43,229,95
82,41,168,259,499,175,19,220,146,170,475,147
82,42,62,362,491,268,78,23,216,508,261,222
82,43,369,280,106,49,149,256,164,458,137,427
82,44,220,346,364,224,127,479,492,104,273,439
82,45,145,401,33,249,447,49,232,70,3,104
82,46,185,325,390,329,128,218,464,129,381,110
82,47,292,458,321,234,39,175,390,269,446,452
83,0,46,160,330,79,219,2,54,505,70,474
83,1,71,112,483,447,110,492,87,323,397,485
83,2,10,101,310,185,315,488,142,189,266,97
83,3,510,216,265,161,507,297,454,129,332,205
83,4,417,495,329,41,177,499,174,306,136,359
83,5,258,373,425,273,25,280,120,266,449,506
83,6,476,198,335,354,136,396,383,210,189,337
83,7,231,170,329,8,108,118,437,486,334,219
83,8,101,477,307,11,370,191,325,361,155,422
83,9,395,89,375,467,130,468,129,301,464,154
83,10,119,488,60,280,215,507,37,207,298,100
83,11,379,10,78,36,471,436,339,126,428,197
83,12,351,463,80,457,47,48,502,504,484,272
83,13,457,415,441,35,427,119,250,487,467,261
83,14,254,461,396,94,77,33,162,351,327,275
83,15,347,309,366,340,160,277,506,181,280,156
83,16,116,25,48,91,438,192,90,174,333,480
83,17,187,464,296,86,194,137,469,273,256,143
83,18,434,137,213,284,108,308,330,90,472,272
83,19,364,308,223,486,92,434,175,388,356,420
83,20,112,64,138,56,94,146,421,508,214,192
83,21,154,376,208,119,271,419,447,32,162,211
83,22,150,479,192,374,177,422,441,507,435,48
83,23,440,498,124,219,316,78,214,119,177,349
83,24,477,101,191,155,114,359,422,210,161,307
83,25,395,89,375,208,496,107,468,467,443,130
83,26,280,153,422,279,60,77,119,507,207,296
83,27,78,258,379,471,36,10,444,86,436,201
83,28,489,288,80,48,73,351,32,72,457,281
83,29,457,334,441,415,370,241,103,467,71,508
83,30,254,205,461,160,492,396,319,486,275,162
83,31,347,309,160,340,277,269,366,2,37,410
83,32,25,116,438,174,48,91,90,424,192,283
83,33,187,296,464,410,378,81,405,256,152,132
83,34,434,213,330,419,361,472,92,108,354,220
83,35,444,469,223,483,308,286,327,486,337,364
83,36,214,64,112,508,41,138,94,180,192,75
83,37,271,154,119,208,459,376,447,58,301,32
83,38,479,150,374,192,48,441,177,435,422,507
83,39,440,124,498,316,410,349,219,453,186,53
83,40,198,223,102,505,229,95,85,0,43,421
83,41,264,168,19,146,259,499,170,220,421,261
83,42,403,379,268,508,23,113,222,424,95,163
83,43,369,280,256,49,458,149,106,147,286,137
83,44,374,364,224,346,479,492,273,247,156,439
83,45,114,447,401,249,3,232,49,70,26,104
83,46,455,325,185,464,128,390,431,381,323,186
83,47,88,166,269,45,8,357,89,226,131,175
84,0,360,173,392,184,19,272,338,386,293,242
84,1,405,237,403,65,160,499,179,182,251,48
84,2,210,36,371,481,226,382,251,211,370,134
84,3,161,265,406,454,297,332,40,185,274,396
84,4,177,136,38,299,174,216,166,264,113,450
84,5,346,25,425,161,266,324,357,505,404,61
84,6,335,476,365,354,312,291,459,136,396,44
84,7,329,219,206,228,71,353,156,108,200,501
84,8,477,101,307,331,482,201,20,11,370,163
84,9,89,301,375,467,107,505,129,208,49,285
84,10,215,87,60,488,119,92,282,507,145,236
84,11,379,428,471,131,126,503,78,53,498,370
84,12,155,404,48,327,266,355,457,221,413,269
84,13,467,71,457,415,292,499,370,100,167,84
84,14,461,254,196,18,351,162,396,327,142,77
84,15,309,347,427,25,160,410,2,277,209,506
84,16,116,283,90,174,325,438,192,35,424,199
84,17,187,296,197,81,505,410,464,256,440,0
84,18,500,283,34,229,213,220,165,326,482,381
84,19,223,82,308,469,316,175,482,364,252,20
84,20,445,112,347,64,214,138,508,18,58,94
84,21,253,154,409,301,119,376,447,354,48,271
84,22,316,193,422,111,66,384,177,507,419,137
84,23,498,440,124,316,78,407,199,238,349,462
84,24,101,477,331,307,61,201,20,422,191,155
84,25,89,145,301,107,375,395,285,208,436,468
84,26,215,236,87,119,29,305,60,92,488,2
84,27,428,379,131,53,36,503,481,471,115,407
84,28,155,404,327,48,288,369,252,269,107,266
84,29,467,370,241,167,415,457,55,71,246,100
84,30,351,254,162,213,142,461,484,196,345,34
84,31,309,347,427,160,496,209,464,25,410,2
84,32,116,283,438,90,174,424,25,325,223,192
84,33,187,296,505,81,464,410,214,409,123,440
84,34,500,229,34,482,283,437,381,165,220,213
84,35,223,308,482,82,20,469,286,129,486,242
84,36,445,112,214,64,508,347,94,138,117,421
84,37,301,154,119,409,253,11,459,354,376,447
84,38,316,193,384,177,422,111,66,419,192,435
84,39,440,498,124,219,349,410,316,78,407,177
84,40,198,229,95,102,505,0,223,421,466,52
84,41,264,168,146,259,499,289,170,2,19,147
84,42,403,436,237,59,424,222,210,268,389,95
84,43,369,256,458,280,49,149,400,106,147,164
84,44,364,224,339,479,346,273,492,500,465,47
84,45,435,114,249,3,145,193,214,49,447,70
84,46,325,128,381,390,412,464,185,431,186,121
84,47,89,321,88,357,8,45,390,269,166,452
85,0,446,173,68,133,19,211,414,360,492,404
85,1,182,499,65,403,405,237,135,48,179,351
85,2,165,70,427,371,289,313,100,319,369,415
85,3,265,161,454,332,40,297,406,338,412,60
85,4,136,177,166,174,327,264,299,493,213,38
85,5,425,25,120,404,220,346,357,333,450,266
85,6,335,480,316,267,396,121,433,459,422,431
85,7,329,501,156,71,228,108,234,219,213,206
85,8,101,477,331,20,217,307,161,11,163,422
85,9,89,157,49,107,168,464,301,467,505,130
85,10,87,311,236,487,282,67,488,215,305,119
85,11,379,428,10,308,36,471,256,78,229,370
85,12,327,404,155,48,331,302,281,413,32,369
85,13,467,71,292,441,241,167,415,499,457,367
85,14,254,77,461,18,142,231,196,396,162,275
85,15,347,309,410,340,25,160,2,496,366,269
85,16,116,325,283,25,90,174,48,438,192,424
85,17,187,296,464,410,440,256,132,197,97,81
85,18,500,34,229,69,252,283,213,437,165,482
85,19,223,82,364,308,469,20,337,328,434,374
85,20,445,112,508,96,140,147,192,347,421,298
85,21,253,376,409,119,447,154,301,115,32,48
85,22,384,316,111,193,51,498,66,422,115,368
85,23,498,124,440,219,78,316,349,214,24,238
85,24,101,477,217,331,155,422,307,20,191,351
85,25,89,168,107,468,496,375,395,355,157,301
85,26,87,305,67,119,236,488,92,60,207,494
85,27,36,10,428,379,53,255,78,436,131,6
85,28,404,327,155,288,48,331,302,281,369,32
85,29,467,415,241,246,457,441,292,71,367,370
85,30,162,77,254,461,142,18,484,196,327,243
85,31,309,347,25,410,496,160,340,427,150,277
85,32,174,116,25,311,124,424,283,438,48,442
85,33,187,296,464,93,285,410,409,0,39,286
85,34,34,500,229,437,252,354,482,69,326,403
85,35,223,469,20,308,82,364,486,482,129,286
85,36,445,112,508,214,138,421,140,347,64,94
85,37,409,301,253,119,11,459,376,154,447,58
85,38,384,316,111,193,498,66,177,51,422,507
85,39,440,498,124,349,219,177,78,205,316,287
85,40,198,229,95,102,466,0,52,421,165,145
85,41,168,289,146,264,259,170,2,147,303,19
85,42,403,59,237,436,235,424,490,141,95,222
85,43,369,458,256,49,149,147,412,400,438,75
85,44,364,224,500,339,288,47,492,465,27,479
85,45,249,435,3,193,214,114,49,24,70,104
85,46,128,325,381,121,244,185,186,390,435,35
85,47,89,8,357,88,45,390,452,185,9,226
86,0,348,403,349,95,308,360,338,327,75,61
86,1,65,179,135,212,381,182,441,491,48,58
86,2,313,117,165,351,168,265,28,211,370,173
86,3,161,265,40,454,332,297,406,180,396,60
86,4,136,177,166,174,38,467,264,327,299,502
86,5,425,120,25,317,357,220,404,358,191,130
86,6,480,431,393,296,347,138,24,335,396,353
86,7,329,101,501,461,2,28,413,235,108,8
86,8,101,477,155,307,191,210,161,422,217,283
86,9,468,89,496,375,130,208,395,107,115,360
86,10,487,78,280,60,361,236,119,354,279,507
86,11,78,86,379,10,471,205,328,370,258,201
86,12,331,372,48,32,75,497,127,360,345,51
86,13,457,64,241,250,71,119,35,487,167,311
86,14,396,254,160,268,94,461,142,509,275,18
86,15,309,347,277,160,269,366,340,506,25,280
86,16,25,438,116,91,424,325,48,333,223,283
86,17,296,187,378,464,211,147,410,143,349,86
86,18,170,252,207,394,25,80,67,117,235,416
86,19,73,308,445,469,364,486,388,246,286,356
86,20,112,506,56,125,86,508,214,64,421,359
86,21,400,223,442,206,376,11,154,59,58,345
86,22,269,230,468,51,142,295,414,305,369,379
86,23,498,440,124,316,73,238,349,78,382,263
86,24,101,477,155,217,422,307,191,161,496,20
86,25,375,395,89,107,468,208,130,496,239,115
86,26,280,361,60,119,487,346,78,67,408,501
86,27,78,379,86,36,328,258,10,471,28,322
86,28,345,48,331,32,372,75,288,51,91,177
86,29,457,355,292,246,467,370,64,415,420,241
86,30,509,461,142,254,396,262,504,305,162,160
86,31,160,309,6,347,410,209,150,25,427,340
86,32,174,283,438,90,424,146,325,223,116,109
86,33,187,371,118,409,296,285,81,74,207,410
86,34,117,416,67,156,394,25,506,487,170,373
86,35,16,445,73,184,469,373,175,286,59,308
86,36,315,297,506,214,436,41,75,112,124,198
86,37,400,345,442,206,311,11,223,199,59,354
86,38,295,269,230,305,51,142,414,468,379,500
86,39,498,124,81,316,440,117,96,401,398,155
86,40,6,198,165,136,418,227,171,0,215,77
86,41,12,505,168,306,125,380,245,259,494,438
86,42,97,67,138,133,257,479,22,365,187,45
86,43,94,369,486,387,84,181,267,178,149,378
86,44,294,224,500,474,337,173,472,495,191,364
86,45,201,119,104,3,126,330,249,297,149,70
86,46,161,248,128,325,446,138,390,244,499,381
86,47,29,89,181,12,33,357,125,321,17,76
87,0,312,418,267,362,265,76,39,301,430,218
87,1,61,226,316,76,230,3,402,410,189,182
87,2,271,452,105,249,490,211,185,257,370,338
87,3,265,454,161,283,332,396,489,297,228,247
87,4,87,175,310,74,265,110,267,449,177,17
87,5,255,125,54,425,245,25,415,120,350,272
87,6,382,87,383,161,3,224,480,175,291,335
87,7,267,164,449,470,101,108,305,219,329,282
87,8,496,101,155,477,32,169,307,173,201,191
87,9,89,284,340,301,335,375,168,49,88,395
87,10,446,362,215,119,60,488,65,487,380,29
87,11,148,428,78,379,258,131,115,481,328,471
87,12,379,267,278,400,243,48,416,284,457,505
87,13,457,303,292,415,100,233,280,370,9,82
87,14,461,484,489,94,275,254,302,396,273,305
87,15,309,347,156,150,506,160,340,25,280,6
87,16,283,90,116,174,438,424,368,224,325,223
87,17,187,296,440,426,214,39,410,464,81,101
87,18,43,183,390,255,326,373,249,198,343,414
87,19,142,20,62,507,308,396,175,292,33,469
87,20,112,136,214,508,93,58,192,64,226,41
87,21,113,354,183,111,419,470,376,277,459,292
87,22,221,416,428,434,334,303,444,440,243,441
87,23,440,498,443,124,4,214,205,316,81,174
87,24,32,101,386,173,477,169,155,422,126,20
87,25,284,89,375,335,88,340,107,467,300,395
87,26,362,446,215,305,60,119,77,409,231,462
87,27,148,343,322,36,379,471,255,258,10,76
87,28,267,379,243,400,288,278,380,47,484,48
87,29,233,303,441,82,457,292,415,277,316,486
87,30,275,162,254,273,196,489,103,76,344,461
87,31,309,347,160,150,496,25,277,156,2,269
87,32,116,438,283,174,25,216,90,192,48,424
87,33,187,440,296,156,426,123,0,464,132,403
87,34,183,43,330,122,108,390,255,361,198,364
87,35,142,20,129,364,33,396,308,507,62,469
87,36,136,112,214,198,64,508,41,58,421,47
87,37,113,419,183,111,354,376,459,216,208,201
87,38,221,416,428,334,303,434,48,440,444,328
87,39,498,124,440,257,119,349,219,53,316,410
87,40,198,505,95,229,366,215,223,43,0,145
87,41,168,448,259,499,146,175,220,19,264,147
87,42,50,62,216,23,268,362,261,379,40,214
87,43,369,280,164,498,149,106,49,256,458,509
87,44,364,224,346,468,479,233,492,156,465,333
87,45,249,33,3,401,447,70,49,214,134,193
87,46,128,325,218,381,412,464,186,329,390,323
87,47,292,458,39,175,452,234,131,357,87,390
88,0,46,330,160,505,149,407,3,375,306,115
88,1,71,59,112,251,250,9,134,455,483,412
88,2,10,271,226,142,101,105,490,354,97,277
88,3,510,161,216,454,265,297,360,2,332,255
88,4,417,495,359,87,177,499,110,174,260,306
88,5,125,373,258,25,425,266,273,255,449,233
88,6,382,476,354,198,224,189,335,87,236,161
88,7,231,267,170,329,164,470,305,51,8,19
88,8,101,307,477,422,173,386,114,459,473,20
88,9,468,88,335,467,107,375,284,505,208,89
88,10,60,119,215,462,120,77,448,422,325,146
88,11,379,10,471,148,256,36,166,258,343,436
88,12,351,457,463,484,243,47,504,380,80,272
88,13,441,457,250,233,487,427,82,338,103,508
88,14,275,254,33,327,205,492,268,94,162,101
88,15,347,309,366,277,340,160,269,181,122,506
88,16,192,116,48,25,438,424,174,269,90,50
88,17,187,464,137,296,86,374,256,194,347,273
88,18,434,213,330,108,284,90,137,183,198,272
88,19,364,486,223,420,388,123,142,356,328,308
88,20,112,64,146,94,508,428,421,192,180,169
88,21,154,376,419,271,208,119,459,113,425,162
88,22,374,479,441,150,177,276,48,417,422,192
88,23,440,498,124,219,119,214,177,349,4,203
88,24,101,477,114,307,386,359,191,422,210,473
88,25,89,464,53,208,107,467,496,375,468,424
88,26,60,77,153,422,207,84,507,279,100,280
88,27,258,471,379,444,10,36,436,256,463,35
88,28,489,80,73,457,288,351,48,72,281,236
88,29,441,457,370,334,71,241,508,377,103,467
88,30,319,205,254,461,251,38,275,77,160,492
88,31,309,347,160,340,277,150,496,366,2,269
88,32,116,174,438,25,48,90,91,192,109,424
88,33,187,296,464,81,410,256,132,148,194,86
88,34,434,213,330,361,183,419,354,220,472,122
88,35,483,135,223,129,364,308,20,337,420,327
88,36,112,64,94,508,421,214,192,136,180,41
88,37,271,154,459,119,376,208,113,419,447,58
88,38,479,374,150,48,441,177,276,192,422,419
88,39,440,498,124,349,219,119,177,410,186,257
88,40,198,229,505,95,52,0,421,466,102,389
88,41,264,168,146,499,19,220,259,158,303,170
88,42,403,379,268,508,23,55,222,113,95,396
88,43,369,458,256,280,147,164,149,106,137,49
88,44,364,247,479,224,346,465,233,273,492,156
88,45,508,114,249,3,214,401,447,193,49,376
88,46,128,325,412,431,464,381,186,323,390,121
88,47,88,8,357,89,166,269,45,452,390,131
89,0,360,67,49,338,289,349,14,149,403,95
89,1,405,179,65,93,482,273,319,47,352,415
89,2,161,110,432,443,347,165,273,427,271,297
89,3,40,161,454,185,265,297,472,406,498,343
89,4,467,136,177,132,244,174,38,479,264,400
89,5,404,33,182,123,443,125,130,450,18,25
89,6,121,267,393,197,327,433,228,135,481,316
89,7,2,508,214,395,329,472,511,195,69,6
89,8,412,359,25,355,281,114,101,333,199,75
89,9,496,468,373,403,412,247,146,339,65,228
89,10,365,422,369,361,317,113,511,178,499,234
89,11,10,86,6,229,471,436,344,194,168,301
89,12,72,372,281,11,51,413,504,302,0,177
89,13,344,338,167,441,119,457,435,250,508,301
89,14,101,492,471,187,185,272,268,254,113,275
89,15,366,347,395,122,277,181,340,350,410,69
89,16,48,106,25,63,184,462,508,192,64,116
89,17,361,464,106,36,27,463,221,86,141,254
89,18,80,403,69,154,134,280,201,209,247,436
89,19,486,211,364,430,330,305,313,156,270,195
89,20,421,235,13,428,187,76,310,146,231,469
89,21,376,48,479,437,243,489,336,459,393,154
89,22,252,355,351,51,302,14,310,511,356,389
89,23,219,203,124,431,324,214,207,440,235,262
89,24,412,114,25,359,355,101,429,333,75,199
89,25,496,468,373,403,510,471,358,65,257,247
89,26,422,365,153,234,279,357,317,113,369,511
89,27,10,86,229,6,471,270,36,168,344,392
89,28,489,72,80,302,281,238,385,288,504,73
89,29,334,119,378,508,441,457,103,385,179,487
89,30,492,101,283,38,471,319,294,254,192,193
89,31,366,347,340,122,395,410,69,47,351,309
89,32,48,25,106,333,184,462,91,192,456,72
89,33,464,221,90,361,152,377,364,296,129,86
89,34,419,80,69,473,154,213,201,465,25,403
89,35,430,486,138,364,211,428,270,502,483,169
89,36,112,225,94,421,369,146,76,258,284,298
89,37,48,479,115,129,376,154,381,113,271,370
89,38,355,51,511,356,302,123,252,310,389,305
89,39,440,219,498,349,124,287,324,414,105,465
89,40,28,229,421,466,183,95,52,0,198,391
89,41,100,384,196,168,146,333,421,457,505,161
89,42,235,490,59,403,396,141,39,391,381,55
89,43,369,147,380,458,400,188,75,150,85,277
89,44,472,283,364,73,143,444,34,159,224,108
89,45,149,3,429,249,214,233,49,25,510,24
89,46,161,325,221,381,35,128,435,68,185,164
89,47,486,61,76,42,392,452,469,8,390,302
90,0,326,7,479,139,0,64,350,403,254,290
90,1,179,210,405,441,429,65,143,39,498,352
90,2,165,410,192,369,287,168,313,161,415,427
90,3,40,454,161,297,498,265,472,412,221,343
90,4,467,136,177,174,244,132,213,133,38,309
90,5,404,405,33,497,25,182,443,123,6,18
90,6,267,423,245,121,197,433,365,327,399,170
90,7,2,472,195,486,329,343,511,214,50,69
90,8,114,412,355,359,101,25,333,422,20,345
90,9,468,496,247,373,107,17,403,67,510,65
90,10,365,152,361,422,234,267,222,119,279,113
90,11,10,471,229,86,177,194,193,392,412,6
90,12,281,372,51,318,466,504,11,177,189,69
90,13,344,250,435,167,441,338,177,421,508,241
90,14,492,262,5,268,254,19,300,101,187,341
90,15,347,366,309,277,122,269,410,181,69,340
90,16,48,25,106,116,438,192,300,64,239,461
90,17,102,457,464,67,128,296,187,215,152,143
90,18,80,82,154,252,69,25,106,280,418,201
90,19,138,486,142,483,430,428,364,124,211,118
90,20,421,284,94,146,298,112,231,349,428,506
90,21,376,479,115,48,154,253,113,211,370,459
90,22,51,123,449,351,115,102,230,310,252,239
90,23,219,440,124,498,324,235,177,349,78,287
90,24,101,114,49,355,422,307,359,20,331,333
90,25,67,17,468,496,89,447,107,53,373,375
90,26,361,152,365,222,422,448,60,146,85,120
90,27,471,86,229,10,379,412,205,322,177,36
90,28,177,281,372,302,457,489,51,494,189,425
90,29,435,177,226,441,113,355,127,457,29,250
90,30,5,19,262,268,254,492,249,374,160,180
90,31,347,309,277,366,269,156,506,100,2,374
90,32,438,116,25,48,490,192,304,300,141,277
90,33,187,102,464,67,132,159,409,457,296,274
90,34,69,473,34,80,403,252,25,213,154,482
90,35,223,364,428,308,129,138,483,486,259,502
90,36,112,94,421,508,298,225,252,369,146,8
90,37,154,115,253,459,479,376,113,119,409,11
90,38,51,123,102,356,316,305,503,310,384,96
90,39,440,219,498,124,349,177,287,324,105,205
90,40,229,198,95,52,28,466,0,102,421,183
90,41,168,146,505,83,333,196,366,303,19,421
90,42,59,235,141,490,403,55,39,396,237,381
90,43,458,369,147,400,256,75,149,243,150,412
90,44,364,283,224,288,233,444,492,108,143,465
90,45,3,249,214,24,114,49,429,193,143,263
90,46,325,381,128,244,185,435,186,35,205,121
90,47,89,8,76,357,45,452,390,226,302,42
91,0,63,68,7,12,64,19,233,100,92,360
91,1,441,65,179,381,279,119,95,135,48,183
91,2,424,165,117,369,289,192,66,368,313,256
91,3,161,40,265,454,332,297,372,472,412,318
91,4,136,177,174,467,295,166,38,264,479,427
91,5,25,425,125,266,404,182,357,130,449,120
91,6,455,335,431,296,267,170,26,291,138,316
91,7,329,250,486,2,148,501,472,219,162,450
91,8,101,307,477,422,173,277,20,114,381,473
91,9,107,468,467,375,67,89,496,462,389,129
91,10,448,60,361,78,77,215,67,365,462,162
91,11,86,10,379,205,256,229,30,429,308,177
91,12,457,91,32,372,136,147,331,359,345,504
91,13,250,355,177,222,441,508,64,241,338,457
91,14,327,268,275,254,162,420,492,142,97,511
91,15,309,347,277,25,269,366,287,150,238,280
91,16,192,116,438,424,25,283,50,136,48,269
91,17,187,464,256,102,349,296,132,143,176,469
91,18,25,117,416,80,76,506,170,67,408,201
91,19,364,308,388,420,434,486,414,89,285,356
91,20,112,506,225,508,252,192,56,170,86,64
91,21,400,206,442,376,345,461,311,146,58,162
91,22,503,468,269,258,10,25,369,217,201,389
91,23,498,440,124,349,177,219,287,407,316,42
91,24,477,101,422,155,307,355,20,49,359,210
91,25,467,107,63,89,208,466,375,130,468,238
91,26,448,60,361,77,119,215,78,462,280,346
91,27,86,78,379,229,126,36,205,258,10,322
91,28,91,345,372,177,32,302,457,281,489,402
91,29,355,241,420,457,435,177,441,377,401,356
91,30,461,327,420,162,275,268,509,142,34,262
91,31,160,309,25,6,150,347,496,169,209,37
91,32,174,283,116,63,338,424,311,199,438,442
91,33,118,187,371,172,74,296,410,500,285,81
91,34,117,67,416,156,76,25,234,487,80,248
91,35,184,469,59,510,175,445,66,16,331,286
91,36,506,124,297,315,436,214,41,58,290,413
91,37,400,345,442,474,333,11,311,223,220,206
91,38,295,503,269,415,136,468,414,10,369,305
91,39,81,498,124,401,316,238,96,155,440,117
91,40,6,165,198,215,136,223,366,418,171,357
91,41,12,168,245,259,494,353,380,94,394,438
91,42,138,97,365,67,257,479,22,133,438,45
91,43,369,267,486,149,15,94,370,387,84,181
91,44,294,474,173,4,191,337,495,224,270,471
91,45,201,126,119,104,297,3,351,249,132,49
91,46,325,25,446,128,161,248,30,499,381,266
91,47,181,29,125,33,297,463,17,89,80,254
92,0,412,251,319,168,235,205,109,431,371,148
92,1,440,57,125,389,383,446,181,95,475,310
92,2,107,496,257,511,37,444,207,137,436,109
92,3,293,496,507,196,405,205,403,335,249,408
92,4,73,346,357,325,294,199,465,344,506,423
92,5,56,74,68,110,154,294,250,112,26,137
92,6,259,118,68,292,435,168,291,269,111,397
92,7,351,316,33,302,139,276,489,8,333,92
92,8,356,191,304,477,189,138,101,496,402,11
92,9,89,395,168,301,111,232,340,208,139,140
92,10,65,2,215,424,60,488,119,129,29,84
92,11,428,379,471,3,131,115,78,59,53,258
92,12,220,246,218,287,143,301,37,113,462,228
92,13,370,467,304,457,128,415,246,499,195,372
92,14,461,486,388,74,94,160,213,254,231,127
92,15,6,160,309,156,58,226,340,169,347,66
92,16,90,174,35,283,203,424,116,325,438,133
92,17,172,196,81,17,296,118,187,430,73,422
92,18,503,497,510,248,127,483,282,475,385,388
92,19,184,210,469,47,175,66,331,255,177,88
92,20,124,413,297,290,228,507,345,366,436,315
92,21,220,474,18,242,464,456,337,74,54,264
92,22,470,283,78,43,264,261,171,86,77,281
92,23,401,96,69,155,95,390,363,404,327,242
92,24,304,356,205,233,154,138,402,503,191,389
92,25,232,62,89,171,168,210,154,301,122,471
92,26,65,2,29,129,10,273,488,114,305,125
92,27,3,255,415,363,379,59,12,53,481,390
92,28,288,113,220,246,143,228,218,174,462,459
92,29,370,128,195,412,372,304,168,467,246,415
92,30,486,388,323,74,90,69,188,175,254,45
92,31,6,226,66,410,58,160,209,128,494,306
92,32,174,148,203,227,108,438,442,306,459,182
92,33,172,196,17,430,484,324,73,422,14,343
92,34,72,503,510,497,127,6,248,483,49,282
92,35,207,212,14,59,469,225,66,289,88,255
92,36,413,215,290,366,228,507,47,198,423,15
92,37,220,18,474,464,287,337,147,456,242,91
92,38,470,283,78,264,43,77,86,181,171,281
92,39,390,238,416,363,146,95,316,69,486,511
92,40,59,407,203,116,357,471,244,323,215,186
92,41,435,226,259,434,385,94,67,353,145,414
92,42,365,287,301,476,428,123,119,294,303,471
92,43,207,217,377,509,185,2,15,180,92,486
92,44,189,51,158,440,276,338,43,277,4,405
92,45,282,34,406,479,365,48,22,232,289,359
92,46,25,77,469,239,372,256,171,432,189,49
92,47,254,79,142,445,424,59,280,11,207,438
93,0,351,315,333,109,395,249,435,90,20,214
93,1,32,97,383,74,235,505,88,130,306,400
93,2,357,89,372,37,295,0,84,322,171,27
93,3,249,293,507,269,305,205,408,182,496,335
93,4,465,325,28,222,506,198,156,389,410,252
93,5,482,292,154,468,112,236,226,263,100,446
93,6,185,394,13,164,237,126,260,505,165,112
93,7,158,489,177,316,242,199,425,141,191,351
93,8,356,191,304,138,503,87,233,11,189,402
93,9,471,232,161,171,140,111,139,62,154,132
93,10,65,370,2,129,220,10,488,348,125,313
93,11,415,273,234,71,371,59,3,363,294,402
93,12,246,459,228,475,37,220,113,288,218,253
93,13,128,412,329,195,372,304,387,286,52,370
93,14,486,74,388,90,127,188,497,212,368,461
93,15,6,375,346,494,66,58,306,289,486,226
93,16,174,441,35,148,203,231,129,368,146,272
93,17,172,196,422,430,73,484,70,372,324,17
93,18,127,510,471,483,49,497,42,248,6,503
93,19,47,212,289,207,225,66,255,376,210,63
93,20,413,507,366,290,228,215,15,47,345,464
93,21,18,464,340,54,474,337,242,100,220,33
93,22,77,78,81,264,293,30,223,86,181,41
93,23,363,390,146,416,95,69,163,327,486,384
93,24,87,191,356,304,503,389,233,189,138,205
93,25,471,232,171,161,299,62,140,132,168,89
93,26,65,10,370,129,488,348,313,273,125,29
93,27,12,294,234,273,363,415,422,59,206,17
93,28,288,246,459,220,228,37,217,113,475,253
93,29,128,195,52,412,102,426,329,370,387,220
93,30,486,388,74,127,69,90,188,323,383,92
93,31,6,128,306,375,226,66,58,237,209,178
93,32,174,26,442,227,368,108,231,438,459,203
93,33,422,172,196,484,17,324,72,73,430,267
93,34,127,510,471,386,497,49,503,483,42,6
93,35,207,14,212,289,225,255,383,59,47,26
93,36,215,413,366,228,290,507,58,335,15,47
93,37,464,18,287,337,91,340,474,456,147,33
93,38,78,77,293,81,264,181,30,86,223,401
93,39,416,390,146,238,69,316,363,486,95,511
93,40,203,407,59,244,357,471,215,323,116,186
93,41,435,226,434,94,259,67,385,414,304,145
93,42,428,287,119,476,301,303,123,472,87,393
93,43,217,207,509,377,92,2,15,185,370,180
93,44,189,51,440,158,43,4,277,471,276,54
93,45,282,34,406,48,479,365,359,28,232,230
93,46,372,77,239,469,256,171,188,141,388,340
93,47,280,142,11,78,272,85,424,59,65,451
94,0,416,320,464,458,264,132,485,470,219,346
94,1,130,209,157,60,434,174,152,320,225,128
94,2,286,321,87,454,89,405,414,171,393,304
94,3,283,507,426,323,249,293,384,496,237,403
94,4,371,471,292,152,199,168,324,87,386,237
94,5,5,509,11,257,187,20,76,340,53,112
94,6,22,285,234,179,188,324,112,416,329,78
94,7,174,220,172,132,357,154,95,275,105,333
94,8,116,497,363,470,191,162,337,451,189,449
94,9,232,140,299,152,139,132,395,39,208,471
94,10,349,46,92,488,314,10,173,490,270,5
94,11,277,491,235,234,337,129,17,336,390,154
94,12,434,470,475,231,493,227,288,317,481,33
94,13,62,201,244,348,42,336,147,445,297,109
94,14,486,132,127,450,333,461,381,293,251,192
94,15,6,66,150,375,237,58,226,160,346,427
94,16,35,174,459,203,227,146,325,438,368,199
94,17,14,74,81,500,276,422,87,240,410,383
94,18,125,223,340,109,81,386,96,287,326,307
94,19,104,255,207,289,225,469,59,88,47,332
94,20,366,260,215,501,167,290,335,47,413,58
94,21,384,287,91,147,481,198,337,148,340,83
94,22,59,181,339,307,69,408,328,179,467,401
94,23,146,416,486,363,69,443,52,237,95,238
94,24,363,497,191,189,78,116,389,337,162,241
94,25,140,340,168,152,299,204,89,232,39,439
94,26,349,46,92,314,327,10,488,173,440,490
94,27,491,255,235,277,129,59,390,39,335,53
94,28,434,288,470,475,493,228,231,317,340,33
94,29,297,62,244,336,42,234,348,201,147,109
94,30,486,132,77,381,333,366,196,450,437,127
94,31,6,226,237,160,58,66,209,410,427,36
94,32,182,442,174,26,227,203,325,338,470,459
94,33,500,14,93,240,117,422,276,379,411,407
94,34,223,340,125,96,361,109,386,307,287,81
94,35,104,469,289,88,33,14,59,440,411,332
94,36,260,215,335,198,58,413,366,433,290,418
94,37,287,384,83,147,91,277,481,294,33,148
94,38,69,339,181,408,307,328,59,401,467,446
94,39,486,416,238,316,146,78,336,511,363,354
94,40,357,203,215,136,227,505,323,146,463,59
94,41,259,94,425,151,364,304,145,467,46,49
94,42,16,119,303,428,261,473,190,123,355,382
94,43,370,185,15,178,92,49,498,217,509,481
94,44,4,225,156,55,473,237,120,440,212,136
94,45,282,351,104,70,2,470,200,230,454,232
94,46,504,329,185,218,325,390,169,42,71,81
94,47,80,446,175,39,234,48,458,292,152,369
95,0,188,485,123,495,234,79,286,409,381,88
95,1,437,434,261,281,336,174,414,130,106,104
95,2,457,494,135,321,387,436,379,189,454,81
95,3,35,342,507,86,52,496,357,310,283,238
95,4,431,191,128,329,168,249,488,471,340,292
95,5,75,399,340,11,180,172,290,20,509,122
95,6,151,74,285,188,416,47,441,142,498,130
95,7,18,437,175,295,176,245,119,275,172,220
95,8,119,189,363,505,191,389,132,497,296,370
95,9,293,40,340,191,140,154,145,100,506,168
95,10,469,314,102,300,328,163,255,308,95,92
95,11,451,501,230,188,111,491,256,129,59,251
95,12,377,438,7,111,103,434,257,480,476,33
95,13,390,244,374,18,373,313,129,270,336,137
95,14,231,305,43,435,28,219,268,6,34,486
95,15,6,226,178,150,209,346,306,199,10,289
95,16,133,26,231,442,182,203,227,272,480,199
95,17,460,14,117,273,93,243,68,500,454,260
95,18,260,223,304,326,477,450,478,331,287,241
95,19,469,59,273,104,255,175,225,332,88,389
95,20,448,260,501,198,167,58,10,177,366,5
95,21,198,239,136,281,294,147,434,83,307,164
95,22,413,469,65,186,39,494,69,255,125,20
95,23,486,336,238,416,176,511,354,453,257,372
95,24,189,191,363,296,505,318,119,51,389,78
95,25,340,140,154,168,508,40,293,145,506,301
95,26,314,469,92,163,488,46,102,176,305,207
95,27,111,322,255,442,172,39,103,491,235,256
95,28,438,377,288,103,7,82,111,257,434,470
95,29,390,129,336,373,244,57,297,201,313,234
95,30,77,192,219,82,435,305,132,486,231,437
95,31,6,226,160,150,237,432,58,209,36,66
95,32,182,442,26,325,133,470,199,203,174,320
95,33,460,117,500,407,93,197,14,273,68,411
95,34,199,304,223,241,260,306,287,307,450,361
95,35,273,469,104,389,332,175,136,51,440,88
95,36,448,198,260,433,177,5,58,75,93,214
95,37,239,136,281,294,67,56,164,198,78,434
95,38,413,65,186,469,125,39,494,69,20,255
95,39,336,238,257,416,316,486,511,354,498,176
95,40,505,203,463,136,357,323,215,223,227,498
95,41,364,259,49,151,220,36,304,164,46,145
95,42,16,448,304,20,342,355,480,473,482,410
95,43,185,481,15,178,92,370,49,416,267,486
95,44,446,55,473,237,120,272,372,156,212,134
95,45,2,351,470,84,104,230,454,70,232,189
95,46,66,181,185,211,378,57,322,199,392,193
95,47,320,149,326,336,480,337,492,379,270,281
96,0,316,167,384,98,401,282,470,427,10,376
96,1,281,62,420,293,238,130,302,56,336,483
96,2,404,197,491,367,263,439,333,436,185,109
96,3,507,451,18,496,274,171,342,310,265,205
96,4,287,166,67,299,168,393,488,249,69,339
96,5,275,5,204,90,485,131,391,487,160,81
96,6,84,73,495,446,201,47,498,142,417,42
96,7,245,101,132,20,154,108,275,117,61,315
96,8,363,296,189,191,337,275,51,389,329,318
96,9,508,168,191,157,340,483,421,40,154,184
96,10,314,328,378,490,135,255,92,95,46,126
96,11,334,255,491,111,103,59,197,91,322,188
96,12,103,98,223,299,286,227,313,303,245,247
96,13,244,373,336,129,390,57,313,234,270,445
96,14,77,231,435,305,192,82,219,201,55,34
96,15,6,226,209,66,346,178,58,237,150,327
96,16,182,442,133,26,227,203,231,320,480,129
96,17,68,14,117,173,260,500,273,93,460,407
96,18,152,326,223,507,62,241,414,306,304,168
96,19,469,59,136,104,255,175,332,225,273,433
96,20,140,198,167,65,344,339,433,25,260,477
96,21,294,198,331,268,369,171,192,470,354,88
96,22,8,321,215,52,463,349,499,172,304,69
96,23,257,105,336,443,238,486,146,24,453,32
96,24,318,296,189,275,191,78,363,51,184,131
96,25,340,508,168,355,154,506,483,157,89,100
96,26,314,490,305,92,29,207,170,497,378,245
96,27,111,322,255,172,442,491,343,39,319,59
96,28,265,288,103,299,286,223,98,395,168,162
96,29,129,373,336,234,244,57,427,280,490,375
96,30,77,192,82,219,435,437,334,132,486,366
96,31,432,226,6,12,496,160,36,237,150,209
96,32,182,320,325,480,63,442,283,216,489,199
96,33,68,117,156,407,202,0,197,173,93,500
96,34,354,199,358,507,62,100,361,287,108,414
96,35,136,433,315,110,382,104,113,129,78,225
96,36,258,74,344,477,25,140,65,214,93,76
96,37,294,369,331,80,192,268,470,354,86,266
96,38,215,8,321,349,499,52,410,413,328,175
96,39,257,105,336,498,445,354,146,174,238,440
96,40,315,87,227,85,463,190,40,505,77,223
96,41,445,340,364,168,302,306,175,198,118,294
96,42,3,49,62,362,83,491,222,352,296,105
96,43,226,49,162,87,267,203,15,94,2,369
96,44,405,250,213,220,156,143,227,344,4,440
96,45,406,28,232,465,200,472,171,239,359,104
96,46,314,188,471,177,477,340,256,419,336,457
96,47,369,360,36,479,218,270,458,313,452,292
97,0,199,476,157,74,269,480,423,329,217,397
97,1,215,470,229,386,130,228,445,281,269,90
97,2,306,469,402,334,147,91,434,404,172,132
97,3,507,115,171,178,496,139,205,310,51,441
97,4,283,342,81,249,66,472,50,119,83,488
97,5,454,204,478,167,368,502,492,185,348,379
97,6,201,84,446,137,66,417,281,392,47,147
97,7,239,80,350,245,263,202,93,499,325,61
97,8,296,189,318,51,191,363,131,329,227,389
97,9,508,154,478,506,463,340,53,40,100,443
97,10,314,170,207,142,328,305,92,29,255,417
97,11,322,111,255,343,59,197,319,425,172,491
97,12,265,162,103,168,97,82,234,21,273,227
97,13,129,373,244,346,336,234,280,292,57,313
97,14,192,77,435,82,329,231,381,94,219,249
97,15,226,6,160,150,340,156,309,12,496,209
97,16,182,325,442,63,199,174,283,116,133,489
97,17,156,68,117,351,477,14,173,296,93,500
97,18,100,326,358,354,261,199,108,37,287,223
97,19,433,136,315,382,175,332,113,469,104,255
97,20,258,65,344,74,25,93,477,95,167,192
97,21,369,294,80,192,331,57,459,189,466,86
97,22,410,405,149,49,321,381,345,309,175,483
97,23,257,105,174,435,443,4,498,511,297,336
97,24,318,296,462,131,191,365,183,275,477,426
97,25,17,452,119,355,395,156,154,63,89,88
97,26,305,314,231,170,60,119,29,92,461,298
97,27,322,319,111,255,498,343,36,471,258,379
97,28,265,162,288,395,234,82,178,97,48,21
97,29,129,346,246,280,336,36,162,292,8,454
97,30,82,196,77,94,192,292,500,334,508,407
97,31,432,160,150,12,309,25,156,496,340,6
97,32,182,320,216,283,325,480,116,63,174,109
97,33,117,68,156,0,403,454,39,93,197,351
97,34,100,354,358,361,287,47,199,261,326,108
97,35,433,136,129,315,382,443,10,434,454,113
97,36,258,74,65,25,76,344,477,214,112,168
97,37,369,80,294,178,163,471,57,86,192,189
97,38,410,405,49,149,483,281,309,321,435,275
97,39,105,257,445,498,440,465,336,174,338,415
97,40,315,190,40,424,198,85,229,356,87,125
97,41,340,445,168,443,364,424,302,146,198,261
97,42,3,62,249,87,85,194,496,49,222,322
97,43,226,162,87,49,15,267,4,369,203,60
97,44,405,129,213,344,143,227,156,250,174,119
97,45,28,359,406,232,169,249,472,104,200,338
97,46,177,314,188,340,477,119,336,390,214,325
97,47,272,270,414,36,218,292,78,152,85,289
98,0,46,309,160,505,340,17,80,280,224,223
98,1,398,71,215,131,500,157,447,397,414,194
98,2,10,101,305,142,159,363,75,149,403,300
98,3,510,161,216,229,265,454,111,507,405,476
98,4,349,495,417,499,118,306,359,447,110,14
98,5,204,373,420,379,46,180,258,104,273,202
98,6,189,476,40,201,198,409,354,84,27,147
98,7,231,341,170,194,455,329,280,93,119,390
98,8,307,101,365,191,477,462,236,81,296,422
98,9,89,53,375,467,439,154,355,301,17,129
98,10,60,305,170,29,357,314,142,8,350,92
98,11,322,131,389,474,471,343,319,188,35,2
98,12,351,463,366,457,505,265,343,372,249,82
98,13,246,292,346,280,36,264,241,71,127,384
98,14,19,292,196,94,461,424,249,160,34,262
98,15,150,309,6,160,340,506,156,25,496,346
98,16,174,325,283,424,116,199,428,470,216,438
98,17,187,403,351,39,81,0,156,193,440,454
98,18,213,310,366,354,94,111,384,22,201,89
98,19,433,223,175,129,136,454,483,308,315,440
98,20,258,112,232,25,167,272,351,214,182,293
98,21,369,154,271,459,419,466,192,471,294,78
98,22,479,374,410,483,276,150,435,252,192,419
98,23,257,105,4,435,174,498,440,60,214,465
98,24,462,307,81,191,365,432,202,215,183,236
98,25,242,395,119,17,452,156,375,63,508,160
98,26,60,305,170,361,231,8,119,29,314,50
98,27,322,131,53,2,319,437,471,188,379,126
98,28,366,351,288,457,372,343,82,48,508,439
98,29,246,292,346,36,162,241,373,71,127,129
98,30,196,262,292,82,77,192,94,407,461,19
98,31,432,160,12,150,496,340,309,36,156,6
98,32,182,320,470,325,35,174,90,438,311,116
98,33,0,351,81,117,39,407,403,156,68,187
98,34,366,213,80,418,22,47,94,354,54,220
98,35,433,136,140,223,129,288,315,482,483,20
98,36,258,74,25,182,330,168,256,65,146,8
98,37,271,369,154,294,423,57,336,471,192,119
98,38,479,483,252,410,374,150,422,276,192,177
98,39,105,257,440,498,445,465,177,219,287,60
98,40,190,229,198,356,52,424,270,459,398,466
98,41,264,340,377,168,146,364,302,11,261,443
98,42,249,403,402,3,296,235,9,208,396,181
98,43,4,226,162,508,369,85,400,458,444,451
98,44,247,143,227,364,213,228,447,233,224,154
98,45,508,249,114,199,49,214,510,24,3,327
98,46,78,419,128,186,325,36,381,404,232,121
98,47,88,8,444,89,357,403,376,452,388,265
99,0,360,492,68,386,73,403,327,289,129,466
99,1,405,351,179,398,114,65,369,181,319,48
99,2,289,427,415,319,165,153,313,192,369,290
99,3,161,454,40,265,406,498,396,297,332,80
99,4,136,213,177,467,174,38,264,479,244,166
99,5,404,405,425,25,6,123,402,104,218,220
99,6,267,316,433,121,365,197,480,476,49,403
99,7,508,329,341,472,2,395,69,501,486,156
99,8,355,345,331,333,365,101,236,20,307,114
99,9,17,89,129,468,49,67,107,375,464,510
99,10,222,50,152,311,365,305,87,178,170,218
99,11,471,322,229,86,169,412,18,379,177,10
99,12,372,145,281,494,302,327,366,11,147,177
99,13,36,250,441,335,246,178,127,334,411,330
99,14,249,254,19,160,0,262,192,135,268,428
99,15,347,309,2,166,160,366,350,277,333,506
99,16,438,116,48,25,109,239,349,304,106,50
99,17,464,132,296,90,82,148,159,480,216,152
99,18,80,403,69,349,379,111,401,451,201,203
99,19,420,138,282,225,207,486,59,498,321,328
99,20,112,180,428,284,252,147,64,65,229,298
99,21,479,48,154,129,471,271,369,346,376,115
99,22,252,423,123,51,511,355,399,258,410,352
99,23,440,349,219,199,498,214,177,126,342,26
99,24,462,333,365,101,355,422,331,345,81,477
99,25,464,89,467,107,375,270,129,505,17,67
99,26,207,314,188,488,222,391,305,119,296,92
99,27,471,379,78,498,126,207,442,308,255,366
99,28,80,462,281,494,107,302,288,82,365,189
99,29,370,241,467,334,246,225,180,46,441,292
99,30,196,77,461,319,102,486,213,55,254,381
99,31,160,309,150,347,2,67,287,25,427,19
99,32,174,116,35,63,199,438,424,31,311,108
99,33,82,276,410,338,93,39,0,81,74,14
99,34,57,179,419,256,199,248,213,443,444,391
99,35,175,207,469,225,263,289,110,14,88,498
99,36,413,215,112,64,93,290,366,47,507,136
99,37,288,320,376,337,329,294,54,287,384,147
99,38,6,252,423,123,511,483,217,406,292,202
99,39,119,498,440,511,316,124,214,416,390,100
99,40,171,229,198,482,222,244,407,146,52,136
99,41,435,158,499,358,94,438,414,494,434,168
99,42,113,62,332,496,379,123,296,130,382,268
99,43,15,207,267,92,486,481,509,280,369,217
99,44,350,213,227,143,419,124,295,76,257,154
99,45,249,168,229,357,24,324,49,3,178,510
99,46,112,232,346,261,325,162,381,292,128,357
99,47,399,486,376,42,153,392,452,398,465,302
100,0,64,446,68,7,414,211,492,314,105,92
100,1,405,179,429,114,351,65,398,441,48,182
100,2,289,165,504,352,70,319,415,369,427,260
100,3,161,40,454,265,332,406,297,498,476,80
100,4,136,177,174,467,213,264,415,309,38,327
100,5,405,404,6,25,220,425,123,176,300,104
100,6,316,267,433,197,423,389,335,480,365,39
100,7,329,472,2,501,341,148,486,71,66,69
100,8,355,101,345,20,331,365,199,477,236,422
100,9,17,89,468,496,107,375,274,49,467,510
100,10,222,311,50,152,365,307,366,405,305,87
100,11,229,471,412,379,18,10,177,201,86,308
100,12,281,372,494,302,51,147,216,189,366,327
100,13,241,167,36,250,321,29,465,335,246,397
100,14,262,5,300,19,254,135,492,64,500,187
100,15,347,309,366,2,277,269,221,225,51,350
100,16,48,116,25,50,438,192,106,304,239,325
100,17,464,132,432,457,296,102,187,152,351,256
100,18,69,80,379,349,418,165,366,384,201,408
100,19,138,420,337,55,140,486,147,483,364,361
100,20,112,180,147,284,187,146,428,298,72,169
100,21,479,154,115,376,369,336,48,271,370,471
100,22,252,423,51,123,352,399,268,102,230,503
100,23,440,219,349,177,498,124,324,287,186,211
100,24,355,345,331,333,101,462,114,20,365,307
100,25,17,467,107,89,67,468,375,496,464,510
100,26,50,311,222,152,111,170,361,371,422,178
100,27,18,322,229,308,379,412,177,201,10,471
100,28,302,334,372,281,147,366,177,494,51,189
100,29,250,177,241,321,435,36,335,178,397,29
100,30,262,19,327,64,135,268,213,0,5,162
100,31,309,347,156,2,269,277,287,506,100,366
100,32,116,438,192,50,304,311,239,109,490,336
100,33,351,67,464,187,229,152,283,132,274,330
100,34,80,94,69,366,349,379,217,403,213,280
100,35,433,506,443,502,129,428,136,140,420,102
100,36,258,256,252,182,225,112,506,76,380,74
100,37,369,400,294,275,154,320,471,286,364,328
100,38,252,483,423,410,226,503,123,102,396,7
100,39,105,257,440,445,338,498,177,349,203,60
100,40,190,165,229,356,440,424,270,27,418,269
100,41,306,302,168,440,85,146,421,261,217,336
100,42,9,249,67,3,402,22,235,133,479,190
100,43,4,226,162,201,321,369,508,488,433,462
100,44,270,143,292,227,213,418,105,196,215,394
100,45,249,201,248,357,441,386,468,49,489,4
100,46,419,404,232,325,36,128,260,261,112,381
100,47,486,403,376,89,444,398,465,255,388,242
101,0,68,63,7,64,12,92,386,19,327,338
101,1,179,65,441,405,183,135,398,182,381,48
101,2,424,165,369,117,289,66,153,368,136,256
101,3,161,265,40,332,454,412,297,498,372,476
101,4,136,177,174,166,38,427,264,415,467,213
101,5,425,25,266,405,220,404,130,120,357,449
101,6,296,335,431,267,455,291,26,316,170,138
101,7,329,341,250,486,501,472,2,66,219,194
101,8,307,101,477,365,236,422,355,20,345,462
101,9,17,467,107,375,115,468,67,89,301,389
101,10,346,78,50,60,361,222,296,215,462,305
101,11,379,308,322,86,126,18,41,30,229,471
101,12,91,372,457,32,302,136,331,147,51,192
101,13,36,241,64,250,181,441,397,177,338,264
101,14,19,262,327,268,420,162,511,275,135,254
101,15,309,347,25,277,287,150,2,269,506,160
101,16,192,116,438,50,283,424,136,25,174,109
101,17,187,464,132,440,349,159,403,256,67,102
101,18,80,25,506,117,94,67,201,366,408,170
101,19,73,420,364,140,138,433,308,129,434,136
101,20,252,112,506,258,351,508,192,225,428,182
101,21,369,400,271,154,286,471,223,473,376,206
101,22,503,295,369,252,410,201,305,10,483,269
101,23,440,105,257,498,349,214,4,177,174,26
101,24,307,462,101,477,365,81,355,236,422,171
101,25,17,464,63,467,107,53,89,67,375,115
101,26,60,50,361,346,111,305,296,119,170,67
101,27,308,322,498,86,379,471,126,93,18,366
101,28,366,91,345,372,177,334,457,302,51,147
101,29,241,246,177,36,346,441,292,355,127,280
101,30,262,196,19,509,77,251,344,94,428,420
101,31,160,309,347,410,340,150,427,496,156,25
101,32,63,174,116,311,325,283,182,338,438,109
101,33,0,500,187,118,351,403,39,409,453,93
101,34,366,80,117,67,487,25,94,54,416,217
101,35,506,445,59,140,331,469,136,73,175,433
101,36,256,315,258,436,433,506,25,297,260,290
101,37,294,369,320,311,400,471,345,442,192,473
101,38,483,410,252,295,503,498,369,136,305,3
101,39,257,336,105,96,404,238,155,401,498,174
101,40,463,190,56,356,59,165,77,6,198,136
101,41,364,259,245,36,306,12,168,46,16,94
101,42,9,249,45,190,3,22,67,187,97,257
101,43,4,294,370,481,369,378,94,320,84,162
101,44,270,294,474,173,489,292,337,196,471,191
101,45,201,126,132,232,104,167,119,351,140,5
101,46,419,87,261,359,492,248,446,30,232,245
101,47,491,444,12,297,372,29,181,125,126,289
102,0,329,1,172,31,69,445,273,5,506,240
102,1,166,462,276,464,228,142,52,63,389,37
102,2,467,469,32,508,107,95,197,305,236,461
102,3,398,171,507,139,229,51,423,178,127,149
102,4,472,452,243,283,92,370,81,73,384,119
102,5,459,204,196,478,368,297,454,348,63,442
102,6,292,326,66,149,403,118,397,195,510,313
102,7,436,182,378,341,194,325,329,193,167,469
102,8,191,296,318,81,307,189,365,462,236,178
102,9,17,355,439,194,53,89,2,154,42,375
102,10,29,314,170,305,60,274,142,8,222,103
102,11,322,255,471,59,329,389,319,172,152,193
102,12,366,202,457,410,82,172,273,505,369,284
102,13,246,373,280,346,292,241,36,234,263,336
102,14,262,77,19,82,192,94,196,504,428,381
102,15,160,309,150,66,496,58,67,340,410,327
102,16,174,442,470,182,311,325,63,368,338,21
102,17,93,175,81,351,39,500,187,0,409,172
102,18,233,326,156,416,76,248,366,223,54,354
102,19,469,59,175,136,440,331,140,255,332,213
102,20,256,315,506,260,436,25,433,198,167,65
102,21,294,311,345,74,192,286,320,442,369,198
102,22,366,473,171,3,415,500,273,269,11,495
102,23,257,404,96,81,401,155,336,478,174,238
102,24,318,191,296,189,81,462,363,51,138,183
102,25,17,355,508,171,340,156,306,194,452,330
102,26,314,29,305,274,330,231,8,170,207,212
102,27,172,322,255,53,437,39,442,389,111,319
102,28,288,202,366,82,143,218,410,172,228,475
102,29,373,336,129,246,375,292,234,244,57,171
102,30,77,437,192,82,406,504,486,55,262,462
102,31,432,12,237,58,226,6,36,160,66,327
102,32,182,320,442,470,35,325,227,203,311,459
102,33,407,500,14,351,73,93,411,17,172,477
102,34,233,326,248,156,416,223,321,391,199,450
102,35,469,59,331,445,51,332,440,136,175,157
102,36,433,260,198,256,436,315,290,25,366,93
102,37,294,320,345,442,311,199,337,192,354,88
102,38,366,473,3,415,269,171,273,495,500,10
102,39,336,238,257,404,96,56,453,155,124,174
102,40,463,223,56,323,59,136,77,254,6,227
102,41,364,259,36,16,245,94,331,484,67,46
102,42,45,190,187,257,267,97,22,325,495,3
102,43,294,94,49,370,481,46,178,378,15,181
102,44,294,270,471,474,489,346,173,293,43,313
102,45,132,119,232,126,104,297,162,447,167,259
102,46,446,185,455,193,359,390,499,492,343,248
102,47,372,29,400,125,17,126,487,12,171,297
103,0,456,17,74,217,212,248,496,335,265,128
103,1,190,386,14,213,475,406,394,172,5,249
103,2,300,4,236,107,200,32,508,197,109,469
103,3,178,204,507,163,171,115,441,496,229,202
103,4,24,20,302,199,114,249,130,73,138,333
103,5,348,368,47,213,101,478,204,185,63,37
103,6,195,326,292,208,149,52,162,66,403,176
103,7,444,93,115,186,167,410,166,378,80,325
103,8,318,377,126,296,191,51,363,189,337,471
103,9,2,152,17,508,478,463,330,194,355,53
103,10,314,265,362,29,170,305,330,274,207,255
103,11,322,255,172,171,111,59,39,25,336,249
103,12,507,289,97,410,218,143,475,432,506,444
103,13,244,303,234,373,129,336,280,313,375,3
103,14,381,77,192,86,82,500,231,406,498,55
103,15,432,12,327,226,6,283,209,66,496,110
103,16,182,489,320,442,267,338,355,480,129,470
103,17,14,407,351,477,495,500,93,165,117,411
103,18,249,276,178,100,326,388,223,233,248,336
103,19,469,136,255,331,59,332,175,157,184,213
103,20,260,315,198,25,290,433,167,436,256,366
103,21,294,454,178,163,192,456,337,467,460,198
103,22,462,465,74,3,308,23,171,281,321,292
103,23,257,336,453,238,478,96,24,155,401,402
103,24,377,318,51,189,126,353,78,363,296,471
103,25,508,17,2,230,330,452,156,478,264,355
103,26,314,29,305,362,265,231,212,207,274,497
103,27,172,322,53,255,111,437,39,171,336,319
103,28,507,289,97,288,410,506,143,432,218,201
103,29,129,373,375,336,244,234,303,57,313,162
103,30,192,77,406,437,381,500,82,86,292,407
103,31,432,12,58,496,6,237,160,209,226,327
103,32,320,182,35,470,442,325,311,489,480,3
103,33,407,500,495,477,351,156,14,0,93,411
103,34,276,249,100,178,361,199,388,233,326,37
103,35,469,136,327,440,288,332,315,110,213,411
103,36,433,25,260,93,198,65,10,180,366,13
103,37,294,454,178,163,456,107,467,88,192,218
103,38,465,462,74,308,281,23,3,321,171,45
103,39,336,257,238,174,453,56,498,124,351,156
103,40,463,223,505,254,59,315,25,227,136,198
103,41,364,36,259,445,94,168,224,304,46,164
103,42,194,85,3,62,130,268,45,113,222,123
103,43,49,46,164,106,178,369,509,435,280,294
103,44,129,346,489,293,104,43,196,59,4,479
103,45,449,232,28,359,162,200,259,26,104,351
103,46,340,455,177,188,372,314,446,185,390,67
103,47,272,36,218,414,425,152,166,280,92,501
104,0,186,321,36,132,107,44,291,309,340,224
104,1,80,14,115,164,85,9,5,503,3,157
104,2,437,97,300,294,303,359,493,311,44,333
104,3,279,507,441,264,252,229,265,489,495,496
104,4,85,14,161,371,24,17,175,310,267,292
104,5,370,509,233,255,54,146,348,213,204,11
104,6,207,22,324,224,326,52,3,195,161,162
104,7,51,422,283,186,115,248,220,172,61,439
104,8,51,353,242,318,116,169,337,189,32,177
104,9,508,284,119,478,2,434,330,463,53,152
104,10,314,497,402,146,362,207,226,265,170,255
104,11,171,373,322,255,172,59,111,491,66,355
104,12,38,231,181,278,289,14,416,507,267,506
104,13,303,126,234,62,122,244,42,270,109,353
104,14,381,77,231,82,192,301,219,273,500,452
104,15,432,12,209,226,6,283,327,50,110,311
104,16,182,489,480,320,442,26,272,428,179,61
104,17,407,14,351,495,370,113,426,148,260,84
104,18,249,265,276,43,481,326,198,109,307,178
104,19,136,469,104,507,255,315,59,328,213,225
104,20,29,433,25,468,94,93,198,90,18,65
104,21,294,201,216,183,79,454,192,467,178,471
104,22,334,325,48,416,297,446,428,434,375,279
104,23,336,257,238,24,357,128,78,176,121,464
104,24,51,353,318,78,189,242,462,183,169,296
104,25,230,508,452,156,330,119,478,17,264,23
104,26,497,314,402,352,212,226,170,231,362,305
104,27,111,172,322,171,437,319,249,312,66,255
104,28,38,181,278,416,289,231,201,6,395,267
104,29,129,373,292,375,246,454,36,162,76,57
104,30,292,407,500,77,192,82,86,437,381,327
104,31,432,12,50,209,496,327,6,309,25,248
104,32,320,182,480,325,63,489,470,3,244,283
104,33,407,156,351,113,0,165,426,39,148,193
104,34,265,43,249,276,122,361,199,81,326,481
104,35,469,136,507,327,288,315,213,501,339,440
104,36,29,433,25,94,90,65,93,112,258,243
104,37,294,183,216,201,79,218,470,111,354,192
104,38,325,334,416,48,446,297,428,375,498,279
104,39,336,257,238,56,357,78,156,174,453,351
104,40,463,223,505,254,40,25,347,36,153,315
104,41,448,364,36,259,224,43,168,304,402,146
104,42,207,24,62,25,216,391,3,387,261,23
104,43,127,340,220,49,46,164,106,369,280,185
104,44,106,468,346,59,156,122,104,228,291,361
104,45,313,232,162,259,200,185,421,66,447,26
104,46,162,353,123,455,9,56,67,491,115,185
104,47,394,24,178,315,501,92,268,145,205,232
105,0,291,253,120,12,203,411,222,24,246,187
105,1,401,452,160,14,499,445,244,115,149,131
105,2,191,382,79,70,72,18,42,399,421,503
105,3,507,274,265,441,406,338,364,161,102,18
105,4,166,287,96,132,136,16,420,177,270,2
105,5,161,391,346,204,283,52,90,187,275,2
105,6,69,459,131,49,422,358,207,27,235,312
105,7,503,61,324,395,367,108,353,5,186,200
105,8,51,353,318,270,189,183,134,66,110,331
105,9,230,508,452,478,432,23,140,412,456,50
105,10,497,8,389,231,234,317,226,88,402,212
105,11,172,171,322,53,111,474,66,131,469,239
105,12,404,181,224,50,14,165,229,155,327,275
105,13,162,454,373,246,472,346,76,232,293,367
105,14,407,82,77,500,292,86,437,260,280,386
105,15,432,12,486,436,6,209,248,351,50,327
105,16,182,320,480,489,277,61,130,244,179,267
105,17,407,351,500,165,93,463,81,243,359,461
105,18,403,229,283,34,276,353,437,459,326,280
105,19,136,482,82,469,165,213,140,483,501,315
105,20,25,180,298,433,347,140,96,251,63,358
105,21,294,465,467,448,409,466,347,153,218,452
105,22,498,511,111,15,384,300,66,292,193,350
105,23,336,238,351,151,121,477,418,24,199,158
105,24,51,353,331,318,236,66,110,339,270,363
105,25,230,508,452,156,23,330,478,17,83,140
105,26,88,212,236,311,29,497,231,305,314,234
105,27,172,53,322,111,171,66,437,255,319,249
105,28,404,181,327,494,288,369,6,165,155,125
105,29,167,373,246,375,419,162,129,292,57,460
105,30,407,500,142,77,86,5,437,292,82,258
105,31,432,12,50,327,110,248,496,486,215,36
105,32,320,182,35,489,3,480,470,311,130,325
105,33,407,461,351,409,207,164,463,500,165,266
105,34,437,403,229,482,276,326,252,34,384,283
105,35,482,140,373,124,82,136,469,316,165,213
105,36,433,25,347,298,244,89,180,218,251,339
105,37,294,465,409,467,218,206,153,312,129,370
105,38,498,511,111,193,384,316,15,66,300,356
105,39,336,238,351,257,56,174,59,100,128,182
105,40,463,315,254,223,282,153,143,36,40,114
105,41,364,289,224,132,36,205,259,439,58,107
105,42,25,391,237,235,59,3,490,278,381,436
105,43,49,46,270,483,18,185,256,79,366,458
105,44,509,106,104,47,447,490,27,228,287,364
105,45,185,264,162,232,259,174,346,313,280,440
105,46,54,455,429,123,185,491,9,244,390,503
105,47,458,433,448,92,307,394,178,157,231,145
106,0,19,291,446,495,414,187,272,12,503,24
106,1,160,452,403,395,244,237,14,499,500,117
106,2,191,382,79,215,210,2,36,481,371,432
106,3,507,274,265,441,406,364,18,384,161,102
106,4,2,420,166,287,132,274,177,16,39,411
106,5,204,346,161,283,52,391,275,90,404,222
106,6,69,131,459,422,478,312,480,325,403,27
106,7,71,61,457,108,324,503,194,353,404,206
106,8,331,51,318,110,183,236,353,270,66,227
106,9,230,508,452,156,17,23,140,337,355,316
106,10,8,231,234,317,88,305,212,314,207,92
106,11,322,131,53,172,474,14,469,66,239,503
106,12,404,327,165,155,181,224,394,369,355,399
106,13,246,162,36,382,384,373,241,292,460,346
106,14,292,407,500,77,82,196,386,437,254,192
106,15,432,12,150,309,160,347,496,351,209,410
106,16,182,320,325,480,277,489,269,490,311,63
106,17,0,93,351,81,500,286,187,193,407,39
106,18,229,403,280,283,176,437,482,418,13,321
106,19,140,136,469,482,213,223,373,165,315,82
106,20,25,180,433,347,140,289,65,251,298,358
106,21,294,206,465,311,442,467,471,369,74,409
106,22,498,15,193,384,111,316,435,300,66,11
106,23,257,336,174,404,498,155,199,238,177,78
106,24,318,331,51,462,296,53,189,191,270,307
106,25,242,439,160,452,316,355,306,204,156,89
106,26,305,29,92,231,207,60,317,8,369,139
106,27,131,322,53,474,255,172,471,188,36,428
106,28,404,453,6,369,327,417,288,165,82,355
106,29,246,382,373,36,241,292,280,336,106,129
106,30,196,82,77,328,262,500,407,292,258,118
106,31,160,150,58,36,12,309,432,237,340,6
106,32,182,470,320,325,174,199,311,21,220,63
106,33,81,351,0,461,73,192,172,407,500,430
106,34,229,321,416,437,176,276,418,248,326,482
106,35,469,59,140,373,331,210,16,445,501,184
106,36,433,25,315,436,290,198,298,464,63,260
106,37,294,465,409,442,467,320,218,206,311,146
106,38,498,193,384,316,111,15,300,11,66,390
106,39,336,257,96,351,56,238,121,174,59,128
106,40,463,315,254,56,223,114,121,440,36,153
106,41,364,224,289,36,259,306,439,129,270,433
106,42,25,237,235,45,490,22,9,59,190,436
106,43,49,46,378,79,256,185,380,459,370,315
106,44,47,509,27,104,364,59,500,228,270,224
106,45,162,435,232,259,346,145,280,233,465,3
106,46,185,455,151,244,128,246,390,200,405,503
106,47,89,92,231,226,45,42,485,76,308,374
107,0,302,164,349,400,403,360,348,327,386,68
107,1,135,143,65,429,179,342,48,84,58,279
107,2,177,351,191,265,153,100,290,273,128,28
107,3,507,441,265,338,274,406,229,500,214,26
107,4,39,2,274,166,420,382,327,299,249,25
107,5,204,222,335,405,120,321,94,463,376,147
107,6,69,455,296,24,384,480,423,392,131,93
107,7,61,194,108,277,186,404,457,82,235,225
107,8,318,51,183,236,296,189,353,191,66,81
107,9,230,508,452,330,264,456,292,23,17,156
107,10,78,346,212,487,282,314,231,88,8,142
107,11,322,111,172,53,171,66,469,319,255,239
107,12,181,6,355,136,62,369,172,18,404,366
107,13,246,373,162,346,241,36,460,472,375,384
107,14,407,77,142,500,82,86,292,357,462,36
107,15,432,12,327,209,50,496,110,486,6,248
107,16,182,320,480,489,267,61,277,129,179,262
107,17,461,407,409,351,371,165,175,93,270,500
107,18,416,506,394,280,13,418,487,379,326,170
107,19,136,469,140,213,331,501,59,157,373,315
107,20,315,25,433,436,256,89,63,260,198,65
107,21,294,146,442,311,74,206,400,467,218,320
107,22,15,414,498,11,305,500,269,369,142,133
107,23,336,404,96,155,257,401,238,121,406,32
107,24,318,189,51,363,296,236,66,317,353,270
107,25,508,230,452,340,478,330,17,168,156,23
107,26,29,314,212,88,327,346,497,78,305,207
107,27,172,255,39,322,53,171,3,111,66,59
107,28,181,453,288,82,6,369,202,136,355,172
107,29,373,375,168,420,195,252,246,129,382,336
107,30,504,328,77,45,407,142,118,55,483,486
107,31,432,12,58,237,6,66,226,36,128,327
107,32,182,320,442,35,227,470,203,459,311,330
107,33,192,73,407,430,172,196,500,351,411,17
107,34,416,248,321,276,156,326,117,233,170,82
107,35,331,469,59,16,445,66,51,289,14,88
107,36,198,260,290,436,413,366,315,215,335,433
107,37,294,320,337,442,147,175,400,311,345,384
107,38,11,500,415,414,269,498,273,142,171,15
107,39,336,404,238,146,155,96,95,257,416,486
107,40,56,323,463,59,407,227,244,136,215,254
107,41,364,245,94,259,36,484,67,435,164,438
107,42,25,45,9,190,97,22,17,133,187,205
107,43,315,370,294,378,15,481,178,4,460,486
107,44,270,489,173,474,337,59,43,471,440,386
107,45,126,232,104,171,351,456,119,465,145,132
107,46,246,87,446,185,455,221,343,161,438,248
107,47,231,485,491,29,125,203,297,369,321,65
108,0,180,31,183,69,251,172,35,445,182,126
108,1,172,451,276,462,52,368,475,129,394,132
108,2,195,346,391,377,467,107,508,236,308,116
108,3,507,426,441,282,39,293,323,496,269,150
108,4,199,370,223,346,73,114,357,294,212,332
108,5,257,442,93,113,374,196,80,112,244,459
108,6,292,66,435,181,326,397,310,403,69,259
108,7,469,122,496,357,436,316,167,94,333,378
108,8,189,318,51,138,363,191,296,356,78,448
108,9,508,171,478,230,256,168,340,139,405,355
108,10,273,29,314,10,327,129,436,212,305,92
108,11,322,255,172,53,171,59,39,336,239,390
108,12,510,363,284,218,87,475,143,95,220,82
108,13,373,205,336,195,234,246,412,382,252,280
108,14,77,45,328,504,192,74,118,486,196,388
108,15,6,66,237,58,226,36,160,410,150,340
108,16,182,470,325,227,35,459,203,442,320,9
108,17,73,192,172,196,430,104,81,175,351,93
108,18,38,391,233,248,363,326,497,386,103,96
108,19,255,289,331,469,59,207,332,225,175,51
108,20,260,198,413,290,335,215,366,47,423,167
108,21,337,294,320,384,147,91,92,198,287,74
108,22,181,343,472,401,59,339,465,171,74,281
108,23,404,146,69,486,96,416,327,238,155,363
108,24,189,318,138,304,363,389,191,356,233,448
108,25,340,171,168,256,508,140,62,316,89,439
108,26,10,29,327,305,314,129,273,46,502,488
108,27,53,255,172,59,39,235,129,363,287,3
108,28,288,363,143,510,228,475,218,87,82,284
108,29,205,336,195,234,373,412,382,201,252,168
108,30,328,486,388,118,77,69,504,45,74,188
108,31,6,237,58,66,306,128,226,36,160,209
108,32,182,227,470,442,174,9,35,203,90,108
108,33,196,192,104,240,73,172,422,17,359,173
108,34,38,391,497,363,386,103,233,248,199,96
108,35,207,469,289,14,51,59,225,88,217,255
108,36,215,413,366,198,335,260,290,47,423,93
108,37,287,384,91,337,147,320,294,107,33,454
108,38,343,472,181,401,339,281,465,59,77,292
108,39,238,416,146,69,336,486,316,363,511,124
108,40,215,323,203,59,407,56,227,244,463,157
108,41,259,94,435,500,51,164,77,364,67,151
108,42,119,303,85,194,190,428,123,16,197,287
108,43,178,217,509,15,92,207,498,370,481,460
108,44,4,489,440,189,43,158,212,471,136,237
108,45,282,104,232,167,351,230,406,26,200,401
108,46,504,71,446,185,390,57,265,323,128,325
108,47,80,487,152,65,175,234,39,171,9,424
109,0,485,188,123,495,44,234,286,409,127,381
109,1,172,434,437,261,115,225,130,68,272,412
109,2,457,377,135,494,321,262,304,171,81,436
109,3,35,507,342,86,238,52,357,323,494,310
109,4,191,431,370,128,199,168,329,292,249,365
109,5,75,340,399,180,442,20,290,11,172,257
109,6,272,151,310,207,359,498,74,142,430,47
109,7,437,122,295,176,175,18,119,492,245,208
109,8,487,322,451,189,448,119,318,132,191,215
109,9,256,168,293,508,145,340,100,191,483,300
109,10,469,196,444,314,328,53,102,300,163,95
109,11,230,451,501,188,255,256,335,162,235,14
109,12,377,438,111,510,7,480,257,227,312,22
109,13,390,491,205,374,239,18,454,129,270,336
109,14,118,77,43,28,305,68,264,333,192,328
109,15,150,6,160,306,309,226,178,10,25,302
109,16,199,191,133,428,26,203,9,231,182,325
109,17,460,93,81,500,14,477,296,454,260,355
109,18,260,326,331,304,477,38,306,241,219,287
109,19,469,59,273,255,51,175,332,225,88,389
109,20,501,198,260,448,167,5,177,10,58,366
109,21,239,307,136,281,147,294,67,198,92,434
109,22,65,255,186,39,469,494,20,125,413,224
109,23,486,176,336,416,402,238,511,478,453,69
109,24,318,487,189,451,78,275,296,119,191,389
109,25,340,140,154,168,40,301,506,145,191,349
109,26,305,488,469,314,92,196,95,119,12,328
109,27,255,11,188,103,235,442,322,230,129,59
109,28,438,288,377,82,47,22,111,312,476,395
109,29,390,336,129,297,280,491,427,374,292,454
109,30,305,77,82,486,192,118,132,461,243,94
109,31,6,150,306,160,58,226,237,209,66,410
109,32,199,174,182,325,283,203,133,231,227,9
109,33,477,460,81,197,351,93,39,104,296,240
109,34,199,260,306,241,331,304,287,450,219,38
109,35,273,51,332,389,469,263,175,207,440,498
109,36,448,177,198,260,5,93,75,47,41,10
109,37,239,67,281,136,307,56,78,294,164,434
109,38,65,186,469,255,20,39,125,494,23,224
109,39,416,511,486,238,316,336,69,498,53,176
109,40,323,203,215,498,227,171,136,223,59,146
109,41,32,151,164,259,49,46,220,216,418,352
109,42,16,448,20,342,410,480,304,355,419,197
109,43,178,15,481,92,416,486,370,460,185,93
109,44,446,473,55,237,372,120,272,95,136,212
109,45,84,351,104,470,290,230,2,503,111,232
109,46,66,181,57,378,185,392,193,322,199,214
109,47,320,202,337,326,336,270,31,480,150,492
110,0,384,34,190,378,316,138,288,470,427,463
110,1,203,102,293,18,378,280,370,265,336,236
110,2,495,321,30,377,333,451,367,311,262,436
110,3,13,1,505,86,507,342,274,35,150,404
110,4,399,311,54,393,292,468,168,199,51,24
110,5,391,133,160,430,290,89,20,340,437,112
110,6,250,498,142,73,151,285,47,5,272,74
110,7,168,374,176,275,208,295,72,18,328,154
110,8,420,487,178,189,78,451,191,311,448,275
110,9,256,168,483,245,508,340,457,232,191,145
110,10,444,95,53,328,196,305,490,31,350,135
110,11,335,76,255,129,235,342,390,59,337,339
110,12,495,313,401,154,227,438,481,312,22,288
110,13,9,205,48,491,201,348,234,336,390,280
110,14,118,328,192,77,486,406,450,333,55,43
110,15,6,58,66,150,237,226,306,178,375,209
110,16,9,227,133,182,203,35,442,231,368,174
110,17,460,93,477,173,104,14,240,500,411,260
110,18,224,395,326,219,331,287,306,260,304,241
110,19,51,273,207,255,332,469,59,110,175,225
110,20,501,198,177,167,5,260,47,124,448,171
110,21,307,239,281,136,164,294,67,198,56,305
110,22,429,469,255,224,186,125,65,20,121,453
110,23,486,416,453,52,476,511,69,402,176,377
110,24,420,178,78,189,275,318,487,389,451,311
110,25,340,168,256,140,483,299,245,508,457,391
110,26,305,10,31,95,490,444,173,502,196,507
110,27,235,76,335,255,129,59,172,287,337,390
110,28,495,313,288,154,401,47,395,475,228,438
110,29,9,348,48,234,336,427,491,201,280,205
110,30,77,118,192,328,333,450,334,486,132,305
110,31,150,6,237,226,58,160,66,306,178,209
110,32,182,199,9,203,470,174,133,442,231,325
110,33,460,477,240,81,173,197,495,156,93,359
110,34,224,395,199,306,219,331,241,361,304,287
110,35,51,273,110,469,207,389,332,175,498,33
110,36,177,93,5,198,47,13,214,75,58,41
110,37,281,239,164,307,78,136,56,67,305,354
110,38,429,186,125,469,224,255,65,453,121,20
110,39,511,416,316,486,498,238,354,53,336,176
110,40,215,203,323,227,498,171,223,505,198,254
110,41,151,220,32,49,259,216,164,46,352,418
110,42,448,137,355,304,342,139,419,394,480,482
110,43,178,416,92,481,15,137,267,435,486,185
110,44,473,55,237,446,372,28,156,120,272,212
110,45,84,470,104,351,454,230,70,290,189,232
110,46,336,57,185,322,214,392,199,193,323,272
110,47,320,326,336,270,480,298,31,492,349,150
111,0,427,316,138,384,167,98,201,198,474,401
111,1,203,420,293,240,62,238,302,102,478,336
111,2,185,367,491,310,495,451,333,439,38,404
111,3,505,507,175,274,18,450,342,265,174,13
111,4,287,399,311,168,67,339,468,393,69,96
111,5,160,275,391,5,485,505,131,245,133,414
111,6,73,495,142,498,417,255,47,132,250,307
111,7,322,168,134,275,352,117,154,72,245,48
111,8,178,275,420,366,189,487,296,78,256,227
111,9,340,483,508,154,232,256,300,140,100,457
111,10,305,95,53,196,490,488,444,269,328,92
111,11,235,76,129,255,287,188,481,91,59,342
111,12,401,223,312,313,50,286,98,495,227,502
111,13,9,280,48,491,427,486,374,124,390,239
111,14,192,302,207,201,328,305,334,70,264,68
111,15,6,150,309,10,346,160,25,178,209,226
111,16,424,283,199,325,133,368,224,35,231,438
111,17,156,81,477,173,296,460,74,429,68,208
111,18,395,62,199,326,306,414,58,219,168,246
111,19,292,110,46,51,396,469,207,255,175,332
111,20,339,5,136,214,93,75,167,41,58,124
111,21,266,470,354,268,192,294,307,78,88,86
111,22,8,320,429,434,349,444,424,328,225,499
111,23,486,316,398,498,453,511,24,317,402,238
111,24,275,366,178,78,420,296,311,487,318,477
111,25,340,129,395,89,154,140,301,300,349,54
111,26,305,490,65,119,196,29,488,53,12,269
111,27,76,343,255,11,188,287,131,481,279,103
111,28,401,312,395,223,288,47,313,286,48,502
111,29,427,9,280,234,292,486,491,105,206,328
111,30,461,192,302,334,435,305,207,20,94,254
111,31,150,6,309,160,209,37,156,302,25,347
111,32,424,283,199,325,174,90,438,470,368,460
111,33,156,81,0,296,173,197,477,214,378,429
111,34,395,58,199,414,361,62,95,246,390,319
111,35,110,33,292,207,286,469,498,456,175,80
111,36,339,214,75,93,136,5,41,58,124,140
111,37,266,470,354,78,268,419,192,331,28,277
111,38,8,320,349,453,215,424,444,429,328,499
111,39,316,498,511,440,124,263,53,354,398,416
111,40,227,505,198,482,223,85,203,43,500,450
111,41,151,168,175,170,94,259,417,427,414,499
111,42,62,362,216,137,261,491,23,394,50,286
111,43,509,369,49,92,280,106,149,498,267,15
111,44,440,250,220,35,224,225,156,346,237,55
111,45,405,104,70,33,401,232,496,249,143,447
111,46,218,504,329,390,128,325,185,381,323,119
111,47,234,39,175,292,48,361,461,509,390,131
112,0,234,188,123,79,485,427,286,420,282,117
112,1,261,437,483,420,471,447,75,323,215,102
112,2,135,436,185,367,333,310,411,457,404,44
112,3,342,507,35,505,403,175,18,496,174,310
112,4,431,168,191,311,287,399,329,417,63,184
112,5,160,75,487,399,172,273,414,112,275,391
112,6,417,151,255,142,74,47,498,311,441,188
112,7,295,168,437,322,275,117,154,245,48,352
112,8,366,485,178,119,162,189,256,311,296,447
112,9,145,349,191,301,100,293,154,129,222,340
112,10,488,469,92,53,269,305,490,126,119,20
112,11,481,425,279,17,188,76,379,255,287,103
112,12,377,312,438,401,48,111,33,223,313,480
112,13,390,280,374,9,18,8,124,177,491,264
112,14,461,305,43,34,28,94,162,486,370,231
112,15,6,346,494,309,209,25,226,178,289,427
112,16,283,199,424,231,325,133,174,191,146,26
112,17,296,243,460,197,454,81,410,209,93,285
112,18,319,241,331,58,306,414,395,326,260,219
112,19,273,469,175,286,78,225,255,389,51,332
112,20,448,5,214,93,58,75,167,477,124,41
112,21,305,266,239,56,281,164,136,40,28,354
112,22,186,424,494,495,39,255,125,469,413,429
112,23,398,316,498,176,402,486,317,511,238,154
112,24,366,477,191,275,296,201,178,311,101,389
112,25,395,145,301,168,154,77,129,140,349,89
112,26,488,305,119,469,92,490,269,380,425,77
112,27,36,131,78,481,255,103,379,11,76,17
112,28,312,438,401,288,48,377,47,33,313,395
112,29,427,390,292,105,234,280,9,415,147,457
112,30,461,305,196,34,43,254,486,243,207,162
112,31,6,209,309,150,410,160,37,346,494,280
112,32,283,174,325,90,424,116,223,224,191,438
112,33,81,460,197,296,156,410,0,39,477,355
112,34,241,58,331,319,395,199,306,414,390,361
112,35,456,273,389,292,175,498,469,286,332,207
112,36,214,5,75,93,448,124,58,41,177,13
112,37,305,78,164,239,56,281,266,40,28,354
112,38,186,495,494,424,125,39,469,453,429,255
112,39,498,316,398,440,416,238,124,511,263,205
112,40,505,227,198,498,171,330,203,223,450,85
112,41,151,358,49,414,168,494,175,216,424,508
112,42,137,482,71,394,139,355,304,114,448,177
112,43,267,92,15,486,178,369,49,93,149,104
112,44,237,55,28,372,212,473,280,446,250,54
112,45,405,104,470,230,290,454,189,70,401,232
112,46,214,199,57,392,322,390,185,336,41,325
112,47,458,360,270,480,31,336,54,52,298,349
113,0,267,190,362,186,430,218,3,306,88,78
113,1,203,189,477,402,96,253,483,323,277,215
113,2,185,367,436,105,198,310,44,38,495,404
113,3,175,505,507,383,342,371,385,414,424,174
113,4,311,399,152,310,168,286,70,278,107,322
113,5,160,290,493,487,230,133,411,202,279,201
113,6,471,417,338,73,255,250,311,151,125,5
113,7,437,168,245,322,275,117,295,243,380,258
113,8,366,275,189,296,178,162,311,482,132,447
113,9,89,395,129,140,301,154,145,77,168,508
113,10,305,488,53,65,92,29,269,119,298,507
113,11,379,188,255,131,471,425,59,481,63,76
113,12,312,401,47,33,154,438,313,505,272,395
113,13,427,9,292,486,234,491,105,280,391,8
113,14,461,254,196,192,94,77,33,396,18,386
113,15,309,160,347,150,6,156,340,25,209,226
113,16,174,116,325,90,438,283,199,424,192,25
113,17,187,296,81,410,197,93,0,39,378,440
113,18,331,395,390,361,241,58,199,343,326,319
113,19,469,308,175,51,364,64,225,223,434,292
113,20,214,5,112,75,93,124,58,198,167,192
113,21,56,305,40,281,136,354,294,192,198,239
113,22,186,125,424,469,429,467,303,435,65,255
113,23,316,498,398,124,402,238,453,440,317,511
113,24,477,101,155,496,296,366,201,191,422,275
113,25,89,395,355,145,49,301,375,306,83,63
113,26,305,119,29,60,207,215,8,488,231,92
113,27,53,36,379,131,428,78,366,471,240,258
113,28,48,288,80,395,312,47,33,401,438,505
113,29,467,36,457,334,370,246,292,105,9,234
113,30,461,196,254,396,162,243,77,94,351,424
113,31,309,347,410,160,209,156,6,496,150,346
113,32,283,174,116,90,325,223,438,424,199,25
113,33,296,81,378,410,477,187,197,0,285,351
113,34,361,58,390,331,241,395,414,199,95,364
113,35,469,456,498,92,292,286,175,308,396,129
113,36,214,75,5,93,112,41,64,177,58,124
113,37,305,56,40,78,281,164,354,192,28,239
113,38,186,424,469,125,429,435,467,453,303,121
113,39,498,316,440,398,124,238,205,263,453,349
113,40,198,505,223,171,227,330,146,95,85,450
113,41,151,358,168,414,438,49,508,424,499,494
113,42,137,394,139,482,114,304,448,355,177,62
113,43,267,15,92,369,486,49,178,149,104,93
113,44,237,55,28,372,473,212,446,280,301,54
113,45,104,470,230,290,454,189,70,401,232,84
113,46,214,336,57,199,390,392,322,185,325,193
113,47,270,480,336,31,54,298,320,326,349,492
114,0,320,416,34,464,149,458,384,473,427,334
114,1,102,262,240,134,293,483,190,264,189,62
114,2,399,310,185,333,200,215,379,321,436,44
114,3,13,507,505,381,175,364,274,162,384,404
114,4,507,428,130,324,237,24,314,399,152,311
114,5,133,493,284,391,424,160,37,509,89,5
114,6,250,471,73,255,142,441,417,338,498,147
114,7,390,5,275,181,168,492,154,77,322,374
114,8,471,239,366,402,442,275,178,189,311,78
114,9,471,483,340,232,140,168,89,457,508,145
114,10,65,31,53,196,305,425,269,444,253,490
114,11,76,71,481,188,277,255,342,339,390,59
114,12,93,234,401,313,495,343,47,312,33,505
114,13,9,280,26,391,234,491,124,292,8,79
114,14,283,192,334,20,68,118,497,207,275,94
114,15,6,237,226,66,58,36,166,150,375,10
114,16,470,325,203,199,35,133,129,182,9,152
114,17,145,265,81,286,156,0,359,460,39,296
114,18,326,95,395,150,219,468,224,331,48,241
114,19,51,175,110,255,498,469,332,396,207,273
114,20,124,13,5,198,93,167,511,260,391,10
114,21,305,354,76,56,192,281,266,164,239,40
114,22,453,386,358,110,186,432,429,469,381,163
114,23,486,453,511,402,398,316,238,24,498,317
114,24,471,239,402,366,178,275,78,442,189,420
114,25,471,140,232,168,89,39,154,340,395,145
114,26,65,31,305,400,10,269,490,488,53,507
114,27,76,71,343,255,59,172,428,481,287,181
114,28,234,288,93,495,47,313,506,343,228,312
114,29,9,26,427,234,225,328,105,348,101,486
114,30,20,334,283,461,132,207,302,192,196,435
114,31,150,6,25,209,160,309,237,58,66,37
114,32,174,199,325,283,424,90,31,470,182,368
114,33,81,265,0,145,355,296,460,156,123,286
114,34,95,395,361,331,468,150,241,219,58,390
114,35,110,469,175,456,286,51,498,396,207,292
114,36,124,214,75,5,93,58,13,41,511,177
114,37,305,76,56,354,40,281,164,192,28,78
114,38,110,453,386,186,358,429,432,435,469,163
114,39,498,316,440,398,238,205,124,511,416,453
114,40,505,85,227,198,43,223,146,171,136,203
114,41,151,358,414,168,49,146,438,216,175,259
114,42,137,482,139,394,62,355,114,448,304,177
114,43,15,92,267,178,369,486,149,49,255,481
114,44,237,28,55,372,212,473,280,446,156,346
114,45,104,470,230,454,290,189,70,401,84,232
114,46,214,199,57,336,390,392,185,322,325,193
114,47,270,480,336,31,54,298,326,349,320,492
115,0,98,308,270,501,10,401,316,207,359,403
115,1,62,240,304,293,34,291,420,302,134,410
115,2,263,185,310,439,360,436,411,491,315,367
115,3,507,450,265,168,274,141,161,18,228,231
115,4,308,67,299,96,420,166,508,264,26,136
115,5,485,505,131,487,90,415,81,425,52,347
115,6,73,102,42,471,495,113,454,472,255,383
115,7,108,86,43,282,41,256,207,117,427,219
115,8,201,482,366,471,496,402,349,447,113,101
115,9,439,77,160,89,140,395,145,471,154,100
115,10,65,269,488,253,380,12,400,92,490,145
115,11,481,131,277,188,498,78,258,85,2,17
115,12,223,286,303,120,48,401,496,198,251,307
115,13,391,292,280,8,9,430,71,100,486,264
115,14,196,94,18,461,254,283,34,264,77,305
115,15,150,6,309,166,25,496,280,156,160,226
115,16,174,424,325,224,470,199,368,191,116,283
115,17,81,214,39,286,0,296,156,197,193,410
115,18,246,227,58,95,168,84,341,326,414,373
115,19,175,469,51,223,396,62,292,80,255,332
115,20,339,122,136,124,93,214,140,91,167,196
115,21,354,268,419,502,470,78,312,11,177,2
115,22,499,435,444,349,253,52,434,306,17,215
115,23,498,316,410,440,238,174,398,402,154,511
115,24,496,201,366,477,101,482,311,402,349,471
115,25,439,77,160,89,395,145,140,232,54,168
115,26,65,305,60,488,400,380,29,269,12,162
115,27,131,481,36,343,2,428,11,76,255,85
115,28,223,286,288,303,48,120,307,198,426,47
115,29,467,9,370,292,100,105,71,246,486,457
115,30,196,254,461,76,94,18,142,435,87,77
115,31,150,309,160,6,25,347,496,209,280,287
115,32,174,31,424,116,90,368,199,325,438,470
115,33,81,0,403,214,156,123,193,296,39,197
115,34,341,95,246,168,58,227,122,84,414,255
115,35,223,62,396,33,242,135,469,482,286,160
115,36,122,339,140,136,214,124,112,93,64,58
115,37,354,268,419,502,78,470,266,331,261,111
115,38,499,349,444,253,435,52,306,215,17,434
115,39,119,498,440,316,124,174,410,263,117,214
115,40,198,505,145,95,330,227,389,229,77,6
115,41,158,475,175,168,146,220,259,499,264,170
115,42,62,362,78,23,491,216,261,379,508,113
115,43,280,106,369,256,458,94,137,427,149,509
115,44,256,220,364,228,346,465,224,492,479,104
115,45,401,447,3,249,188,33,49,390,26,104
115,46,110,323,325,128,185,218,412,431,464,329
115,47,292,234,458,175,269,39,131,390,9,452
116,0,160,46,505,330,54,79,117,407,32,375
116,1,71,483,112,447,251,291,277,216,323,457
116,2,10,101,185,310,263,491,142,211,402,293
116,3,216,510,265,161,507,450,332,297,454,100
116,4,495,417,499,329,359,177,118,439,434,154
116,5,373,273,258,284,352,438,230,505,487,120
116,6,476,354,136,472,198,102,337,335,189,137
116,7,231,170,329,274,160,8,257,108,299,134
116,8,101,307,477,496,113,4,482,447,20,155
116,9,439,89,464,395,424,467,375,160,208,107
116,10,65,60,207,153,298,488,413,92,202,507
116,11,498,207,277,471,255,378,379,63,131,258
116,12,351,463,457,484,343,505,47,380,144,462
116,13,71,138,457,441,169,313,486,370,292,9
116,14,196,401,102,273,94,319,461,327,251,192
116,15,309,150,347,25,160,156,100,272,166,19
116,16,174,116,311,199,424,192,438,31,35,90
116,17,403,159,378,39,410,0,296,286,440,93
116,18,213,434,227,95,330,122,373,246,326,220
116,19,223,135,175,420,469,483,242,160,396,51
116,20,112,124,64,93,214,58,136,272,138,289
116,21,419,154,208,271,119,354,459,376,447,78
116,22,435,479,374,177,192,507,150,48,419,422
116,23,214,498,440,316,119,4,124,174,306,177
116,24,477,386,101,155,422,307,20,496,427,4
116,25,464,395,89,467,107,208,389,375,505,129
116,26,60,119,65,305,488,188,391,29,501,506
116,27,126,308,78,471,498,379,366,428,194,188
116,28,48,351,288,457,249,343,107,281,463,80
116,29,370,467,457,241,441,246,100,144,203,138
116,30,461,251,196,94,319,102,273,401,327,162
116,31,309,347,150,160,25,272,2,287,100,37
116,32,174,116,192,199,424,438,50,311,460,136
116,33,464,403,159,378,132,440,296,410,82,148
116,34,330,213,434,220,227,361,122,130,95,472
116,35,135,223,327,420,469,253,483,486,321,160
116,36,64,112,138,214,41,47,94,8,180,422
116,37,154,271,208,119,354,447,459,376,78,261
116,38,479,374,435,177,192,150,419,48,422,507
116,39,119,440,498,124,410,349,214,219,177,453
116,40,198,229,505,95,466,52,145,0,330,389
116,41,264,158,146,168,220,499,259,170,303,147
116,42,403,379,508,113,268,23,55,222,389,95
116,43,280,256,369,458,106,137,149,150,107,427
116,44,247,364,479,224,465,346,228,156,273,233
116,45,401,114,508,447,249,3,294,49,214,346
116,46,323,128,431,412,325,464,185,381,121,390
116,47,88,166,269,89,357,8,131,45,226,390
117,0,360,446,19,211,376,272,338,68,414,207
117,1,237,405,244,403,251,483,160,499,291,16
117,2,481,226,36,210,483,382,368,402,290,211
117,3,161,332,265,406,454,297,244,372,274,500
117,4,136,177,50,166,358,225,174,117,38,299
117,5,450,161,25,425,346,120,505,283,61,52
117,6,365,459,476,312,354,335,84,119,44,480
117,7,206,329,228,353,134,71,503,274,34,396
117,8,101,307,333,68,113,171,477,496,20,155
117,9,464,390,89,107,467,505,424,53,439,375
117,10,87,223,222,207,153,60,65,488,105,154
117,11,207,498,277,442,379,308,126,247,88,503
117,12,419,266,155,60,457,404,369,242,327,462
117,13,292,467,71,113,370,178,84,47,441,180
117,14,196,401,58,251,102,142,5,254,213,77
117,15,309,150,347,25,160,496,2,287,100,269
117,16,116,199,174,192,136,50,239,424,438,311
117,17,440,403,159,378,93,0,464,132,39,505
117,18,500,229,283,213,34,461,326,323,165,220
117,19,223,135,82,420,337,469,20,482,396,167
117,20,64,347,112,117,422,252,73,140,428,232
117,21,301,253,409,354,154,447,119,71,271,459
117,22,316,193,435,66,111,507,422,384,177,192
117,23,498,214,440,78,119,316,124,349,177,306
117,24,307,101,68,331,333,155,171,477,496,113
117,25,464,390,89,424,53,107,395,467,375,439
117,26,223,87,60,65,236,305,501,67,162,222
117,27,277,308,205,498,503,207,471,442,194,126
117,28,419,155,266,288,60,327,457,399,404,242
117,29,370,138,467,292,167,144,246,178,100,367
117,30,251,401,196,58,142,5,77,135,254,0
117,31,309,160,347,150,25,496,269,2,123,287
117,32,116,192,174,136,239,438,424,50,311,63
117,33,403,159,123,464,187,409,132,412,378,0
117,34,500,461,229,34,283,220,213,165,227,326
117,35,223,482,420,396,135,82,20,469,486,449
117,36,112,117,347,252,64,8,140,508,422,138
117,37,354,301,154,409,253,119,11,447,376,459
117,38,316,193,435,66,111,384,177,422,507,419
117,39,440,498,119,124,349,219,177,214,100,78
117,40,229,198,466,95,52,0,102,6,165,145
117,41,168,146,158,264,289,252,259,175,147,366
117,42,59,436,237,286,403,389,222,55,205,235
117,43,458,369,256,75,149,280,400,243,438,106
117,44,364,47,224,288,465,444,479,228,233,227
117,45,435,249,114,3,49,214,346,145,232,25
117,46,325,128,185,244,381,121,412,266,35,431
117,47,89,361,45,88,226,357,8,390,269,407
118,0,20,234,360,46,338,188,111,391,150,87
118,1,135,179,405,264,183,483,311,493,161,305
118,2,251,226,101,10,494,363,457,135,483,215
118,3,161,35,332,52,288,265,397,216,454,488
118,4,128,314,495,58,499,340,329,177,349,110
118,5,215,399,273,373,172,296,270,450,425,25
118,6,119,24,138,472,335,480,74,136,323,476
118,7,176,329,390,82,34,175,250,437,274,119
118,8,101,307,113,477,277,4,191,171,496,239
118,9,464,389,467,424,242,439,53,89,107,505
118,10,102,153,65,60,207,413,487,29,103,218
118,11,498,379,308,207,277,471,126,378,442,255
118,12,7,343,462,457,221,271,95,192,107,453
118,13,370,246,180,355,71,241,144,292,84,457
118,14,196,213,401,461,94,327,77,254,98,18
118,15,6,150,226,25,156,309,169,346,160,347
118,16,174,90,424,199,35,31,116,223,370,192
118,17,409,118,296,39,403,410,378,93,286,371
118,18,304,156,416,67,227,95,213,216,321,117
118,19,469,175,51,285,286,373,440,88,454,332
118,20,315,124,506,252,297,293,436,351,89,214
118,21,345,400,442,354,206,11,74,311,299,398
118,22,500,163,495,435,269,468,432,295,273,201
118,23,81,401,404,155,316,498,511,96,402,486
118,24,402,477,307,496,155,427,505,329,471,366
118,25,447,395,389,129,54,154,160,232,89,122
118,26,65,29,60,305,380,400,488,119,77,346
118,27,131,471,255,3,428,481,103,59,308,78
118,28,288,107,345,91,343,95,7,202,249,369
118,29,370,467,9,100,246,241,420,225,105,45
118,30,461,213,94,486,142,305,69,45,275,374
118,31,6,150,160,37,209,58,66,178,25,346
118,32,174,424,231,31,470,199,368,108,133,225
118,33,81,266,371,172,118,409,74,355,461,285
118,34,67,416,156,53,117,321,505,95,248,227
118,35,184,506,286,445,469,378,16,88,127,175
118,36,75,124,213,315,214,297,436,41,58,391
118,37,398,345,354,442,305,266,400,40,311,11
118,38,163,495,500,269,295,273,136,468,435,415
118,39,498,316,81,440,155,124,401,139,96,205
118,40,6,227,198,136,171,482,146,85,165,330
118,41,12,475,168,245,380,500,94,151,494,175
118,42,286,205,257,138,97,22,267,71,67,479
118,43,15,267,94,92,486,178,149,369,255,93
118,44,294,474,173,4,237,55,372,293,191,270
118,45,104,126,119,201,405,230,454,290,132,70
118,46,446,499,57,199,325,41,390,492,193,42
118,47,125,29,33,126,372,297,12,181,54,17
119,0,305,224,379,208,196,465,184,178,358,150
119,1,242,477,176,108,202,331,190,423,323,365
119,2,162,452,200,50,112,261,257,11,293,197
119,3,13,29,381,199,430,507,383,255,459,150
119,4,428,130,114,507,34,199,296,317,367,14
119,5,416,153,475,47,37,312,26,27,63,257
119,6,253,140,176,208,288,119,292,397,342,118
119,7,492,166,123,155,410,65,496,323,113,308
119,8,471,402,111,442,366,482,349,378,241,126
119,9,34,439,232,45,471,160,140,39,100,457
119,10,65,441,29,305,269,77,53,380,12,10
119,11,243,481,99,115,76,277,3,59,188,255
119,12,206,378,432,78,135,218,294,401,284,87
119,13,157,9,339,351,280,391,292,234,34,79
119,14,20,65,124,448,438,94,275,334,77,486
119,15,6,58,66,237,226,150,36,375,128,340
119,16,90,174,325,470,368,182,129,133,231,35
119,17,246,81,145,163,321,39,443,296,462,286
119,18,164,435,485,85,326,331,336,307,178,443
119,19,407,503,67,175,255,51,408,280,332,469
119,20,124,5,167,198,345,325,47,321,511,214
119,21,305,163,414,56,21,354,337,40,214,192
119,22,40,381,162,42,435,387,509,186,469,358
119,23,486,453,398,402,316,511,238,416,296,317
119,24,471,111,442,402,366,241,378,178,383,357
119,25,34,340,471,140,45,232,167,39,204,154
119,26,65,441,305,180,410,269,77,10,53,425
119,27,99,343,76,243,481,255,59,172,115,71
119,28,206,378,288,432,135,78,294,47,324,340
119,29,9,415,34,157,351,339,234,105,280,225
119,30,20,448,65,486,334,254,435,461,132,196
119,31,6,309,150,237,347,160,209,302,280,410
119,32,283,438,90,368,174,325,116,224,35,223
119,33,81,246,296,460,197,145,74,163,0,123
119,34,164,485,435,336,331,361,85,307,58,178
119,35,503,407,67,33,51,469,456,332,175,292
119,36,124,214,5,75,58,41,112,47,198,173
119,37,414,305,163,21,56,354,40,28,78,192
119,38,40,162,381,509,387,42,435,186,469,373
119,39,498,124,316,440,398,453,416,238,481,410
119,40,198,85,227,330,505,43,498,171,223,203
119,41,151,168,358,175,49,216,220,494,508,414
119,42,91,139,482,355,394,304,137,114,448,62
119,43,267,92,369,15,178,486,149,49,137,104
119,44,237,55,28,372,473,446,346,212,4,156
119,45,470,230,104,454,189,290,70,3,351,232
119,46,214,336,57,390,185,392,199,325,322,381
119,47,270,336,480,54,31,298,320,349,326,492
120,0,98,270,401,62,316,99,203,9,474,501
120,1,162,62,304,293,34,240,456,6,366,302
120,2,263,315,185,360,491,439,310,418,459,411
120,3,168,265,161,454,332,297,507,406,231,228
120,4,308,177,67,96,136,166,38,299,41,420
120,5,458,131,425,485,487,120,25,505,337,266
120,6,383,73,42,264,471,335,255,495,113,234
120,7,86,323,108,219,329,43,501,427,41,334
120,8,471,101,59,201,482,477,366,349,402,311
120,9,77,89,301,497,206,8,145,349,375,436
120,10,215,65,180,410,488,37,380,119,298,305
120,11,379,481,428,188,343,115,425,85,78,407
120,12,303,307,48,223,502,286,401,426,316,120
120,13,415,351,467,248,370,9,391,457,339,292
120,14,461,254,196,351,275,213,94,18,396,34
120,15,6,309,150,347,209,25,346,427,160,496
120,16,283,325,90,116,35,174,438,424,199,224
120,17,296,81,214,187,505,197,0,39,410,123
120,18,246,341,168,58,326,84,414,395,373,122
120,19,308,469,292,67,175,223,396,468,62,51
120,20,445,136,124,214,112,64,41,93,167,140
120,21,354,268,502,470,312,419,78,376,208,177
120,22,435,499,349,253,444,434,17,374,52,242
120,23,498,124,440,316,410,53,238,398,24,453
120,24,101,477,59,201,366,402,471,482,215,20
120,25,89,77,145,301,54,395,375,107,168,349
120,26,65,305,2,119,29,114,215,380,60,488
120,27,205,428,481,36,53,379,343,131,115,366
120,28,307,48,303,288,286,223,426,502,107,372
120,29,467,370,415,351,248,241,55,9,100,105
120,30,351,254,162,461,213,196,142,76,435,34
120,31,309,347,410,160,6,150,209,2,496,340
120,32,116,283,438,325,90,174,424,223,25,216
120,33,505,187,123,81,296,214,74,197,0,156
120,34,341,246,58,168,122,84,414,437,373,361
120,35,308,468,33,223,396,67,62,327,469,242
120,36,445,214,136,41,124,64,112,122,140,93
120,37,354,268,502,470,419,78,208,292,201,119
120,38,435,499,349,253,444,52,17,441,434,328
120,39,124,498,440,410,316,53,453,398,156,257
120,40,198,505,43,85,223,0,6,330,95,156
120,41,168,175,499,259,220,147,427,146,380,475
120,42,362,62,491,23,268,78,508,216,261,379
120,43,280,369,256,458,106,149,49,137,427,498
120,44,220,346,224,364,492,479,465,181,256,127
120,45,401,33,447,3,249,232,49,145,26,143
120,46,218,325,185,128,323,390,329,381,464,431
120,47,292,234,39,175,458,131,269,390,321,452
121,0,20,234,46,188,79,111,54,201,464,150
121,1,325,483,264,71,321,251,447,162,237,161
121,2,251,101,10,363,215,457,135,503,483,185
121,3,216,35,397,265,52,332,161,288,176,507
121,4,495,128,314,499,329,237,340,447,431,58
121,5,373,273,399,215,301,172,270,202,266,284
121,6,136,383,74,335,476,472,354,480,431,291
121,7,176,450,437,329,390,82,323,175,119,426
121,8,101,307,477,505,215,317,471,59,20,161
121,9,89,467,375,206,301,119,439,464,505,389
121,10,102,215,60,65,37,326,410,2,298,180
121,11,379,205,471,428,152,36,416,188,366,78
121,12,7,457,221,48,445,343,326,351,438,22
121,13,457,71,415,370,499,422,467,355,100,344
121,14,254,461,196,401,94,327,396,162,275,268
121,15,347,309,160,506,340,150,156,366,496,277
121,16,116,174,192,283,91,438,25,424,90,48
121,17,187,296,464,371,410,297,409,256,137,81
121,18,156,304,416,213,321,373,58,70,216,67
121,19,308,364,469,356,388,434,373,73,420,223
121,20,112,214,506,124,293,315,297,436,64,192
121,21,400,206,354,154,442,345,11,271,199,311
121,22,163,435,432,495,269,295,273,160,468,419
121,23,498,81,440,316,401,124,155,263,117,74
121,24,477,101,505,307,422,155,191,325,427,496
121,25,395,89,447,208,352,511,375,301,107,111
121,26,60,119,280,65,102,2,215,326,361,488
121,27,78,36,379,366,63,471,444,258,86,126
121,28,48,288,7,453,32,489,457,73,91,281
121,29,370,241,304,467,457,415,246,282,372,355
121,30,486,461,254,69,213,162,388,160,231,77
121,31,309,6,160,209,410,347,226,494,306,150
121,32,174,283,203,438,35,227,116,442,148,108
121,33,172,74,371,118,81,461,430,338,422,410
121,34,416,156,234,321,486,256,248,117,304,67
121,35,468,66,469,184,59,371,210,510,88,373
121,36,124,413,41,436,290,315,366,58,293,297
121,37,474,345,311,400,442,337,199,206,242,11
121,38,163,495,295,269,435,273,160,107,468,432
121,39,81,401,390,95,316,498,155,238,96,354
121,40,6,198,165,424,156,366,77,227,440,357
121,41,380,12,475,168,175,245,259,435,494,500
121,42,257,479,22,97,267,138,325,78,389,45
121,43,94,181,369,149,387,486,15,267,435,378
121,44,294,173,256,474,293,440,191,495,4,270
121,45,119,201,126,132,297,5,188,104,26,166
121,46,446,110,359,492,325,185,499,193,390,455
121,47,372,125,463,126,29,181,12,501,33,54
122,0,412,251,168,319,235,205,431,109,148,371
122,1,440,125,57,475,383,446,412,216,88,151
122,2,496,107,511,37,444,436,207,109,342,89
122,3,507,293,249,496,196,269,205,305,335,408
122,4,325,465,199,357,73,346,294,344,506,222
122,5,68,74,56,112,154,110,482,185,10,294
122,6,68,397,435,259,237,292,255,182,185,176
122,7,316,33,139,302,489,177,351,333,92,242
122,8,138,471,366,189,356,402,304,178,447,191
122,9,471,140,340,171,154,100,232,62,439,139
122,10,65,370,92,305,220,29,488,10,425,53
122,11,71,481,59,3,363,255,415,131,76,188
122,12,218,246,475,287,228,37,301,220,143,113
122,13,280,195,412,9,304,234,252,391,128,329
122,14,74,486,45,388,497,323,188,368,90,69
122,15,6,66,58,375,226,237,128,306,150,178
122,16,129,174,470,148,203,227,133,368,231,459
122,17,172,430,196,73,17,70,422,267,81,324
122,18,282,503,127,510,497,248,483,388,385,49
122,19,210,289,255,184,47,66,207,376,469,225
122,20,413,366,290,215,507,228,47,345,464,198
122,21,18,337,456,464,474,242,340,54,287,107
122,22,77,283,78,181,43,401,281,292,122,86
122,23,95,390,327,146,416,69,96,363,163,401
122,24,304,138,233,356,189,503,389,178,191,471
122,25,471,340,140,171,232,62,168,299,161,132
122,26,65,10,370,273,305,129,348,125,29,488
122,27,363,59,415,255,390,3,12,71,235,294
122,28,288,246,228,220,218,37,475,459,143,253
122,29,195,412,128,252,168,102,336,329,225,220
122,30,486,388,74,69,188,323,90,497,45,368
122,31,6,226,128,66,58,306,375,237,178,209
122,32,174,227,26,459,442,108,470,231,182,203
122,33,172,196,17,430,422,73,484,324,343,14
122,34,503,127,497,510,282,386,483,385,391,248
122,35,207,289,14,212,225,469,59,383,88,255
122,36,215,413,228,366,290,335,58,507,47,198
122,37,287,464,18,337,91,456,147,474,340,242
122,38,283,78,43,77,181,401,281,264,86,292
122,39,416,390,146,238,69,316,354,95,511,363
122,40,407,203,244,59,471,215,397,357,323,482
122,41,435,226,434,94,67,259,385,484,145,414
122,42,119,428,287,303,476,123,472,301,457,365
122,43,207,217,509,92,15,377,185,178,2,370
122,44,189,440,158,51,43,4,471,212,237,54
122,45,282,406,365,332,48,230,359,232,104,70
122,46,469,77,372,239,147,141,351,504,199,390
122,47,142,280,11,424,222,65,183,54,329,204
123,0,188,485,342,286,28,123,80,44,222,324
123,1,128,434,437,130,261,225,157,60,170,41
123,2,436,286,457,135,171,321,89,81,143,308
123,3,35,342,290,305,201,267,387,307,425,319
123,4,191,168,431,292,184,199,322,447,409,68
123,5,11,75,112,180,340,20,259,487,399,244
123,6,151,179,359,285,47,272,78,280,234,112
123,7,437,174,295,357,333,175,208,220,119,325
123,8,116,191,470,162,497,397,132,414,492,372
123,9,145,232,140,132,502,208,191,58,39,100
123,10,349,488,46,126,469,92,10,350,328,255
123,11,234,154,17,163,189,371,337,425,59,166
123,12,438,470,377,475,312,253,340,459,218,288
123,13,390,387,286,121,436,201,265,338,431,105
123,14,486,127,305,231,461,69,212,340,506,138
123,15,346,178,375,6,209,289,494,199,486,306
123,16,480,424,299,231,441,26,23,75,272,140
123,17,422,467,372,381,499,296,72,389,243,365
123,18,241,331,306,260,109,287,444,391,185,219
123,19,47,469,225,286,255,14,273,388,356,377
123,20,366,345,5,434,15,167,448,47,58,260
123,21,239,136,147,340,281,28,86,198,67,54
123,22,255,125,65,179,186,225,469,39,59,373
123,23,498,398,316,238,486,354,176,242,154,416
123,24,191,151,477,389,189,162,497,116,87,414
123,25,301,129,111,395,89,145,130,40,508,168
123,26,488,46,92,280,10,119,77,424,506,349
123,27,78,273,17,154,234,197,63,379,287,422
123,28,288,459,470,228,438,475,312,253,48,401
123,29,387,286,390,105,385,347,445,423,121,147
123,30,486,127,461,69,305,160,254,231,212,243
123,31,6,306,209,226,37,346,494,309,347,375
123,32,299,424,174,438,283,231,223,26,23,470
123,33,422,81,276,410,72,296,381,172,460,196
123,34,241,306,109,444,219,331,58,287,199,307
123,35,14,207,273,456,263,286,175,225,217,469
123,36,366,5,177,47,58,448,167,41,93,441
123,37,239,78,281,136,67,56,305,86,28,33
123,38,255,125,65,186,179,225,469,373,494,59
123,39,416,316,511,498,238,398,69,486,354,53
123,40,203,323,498,215,482,171,227,146,222,136
123,41,418,151,220,414,358,49,243,145,494,216
123,42,16,448,123,304,480,20,355,342,482,114
123,43,15,92,486,178,267,481,255,416,93,104
123,44,473,55,237,54,372,446,212,136,120,272
123,45,84,470,104,454,230,351,189,290,2,381
123,46,66,181,378,57,392,199,214,322,323,185
123,47,320,337,202,326,336,480,31,270,492,349
124,0,384,167,316,98,320,282,401,222,470,495
124,1,209,130,102,123,420,293,62,483,303,272
124,2,436,321,405,286,333,404,280,171,311,30
124,3,507,86,274,342,505,18,496,237,249,426
124,4,292,168,287,399,184,199,324,51,393,502
124,5,391,5,275,11,257,20,112,90,133,89
124,6,498,47,285,142,234,272,441,73,137,74
124,7,132,181,134,328,220,154,174,352,333,503
124,8,116,162,191,189,389,497,451,420,178,78
124,9,157,232,299,145,168,457,132,208,245,39
124,10,46,349,488,95,350,490,92,507,210,173
124,11,277,335,337,17,154,59,496,234,76,43
124,12,313,495,401,299,227,475,82,481,223,470
124,13,201,48,42,336,348,390,445,116,121,147
124,14,450,486,132,127,201,34,461,328,20,340
124,15,6,375,66,58,237,128,150,226,178,486
124,16,174,227,129,203,35,459,438,368,9,441
124,17,240,276,173,422,338,81,14,460,74,364
124,18,125,287,219,306,109,241,326,307,199,324
124,19,207,255,225,289,263,51,47,217,332,469
124,20,47,413,366,167,215,335,507,198,423,290
124,21,384,91,351,331,287,86,340,198,337,147
124,22,255,8,181,339,59,225,401,328,408,215
124,23,69,416,146,237,52,327,363,398,95,410
124,24,162,116,178,389,189,191,497,151,78,420
124,25,232,299,168,457,89,39,340,140,152,132
124,26,46,349,173,10,507,488,92,490,502,31
124,27,277,337,76,287,235,59,17,234,154,335
124,28,288,495,313,470,401,475,228,299,510,227
124,29,348,201,42,147,48,234,336,105,286,390
124,30,486,450,132,127,20,461,293,365,254,192
124,31,6,160,150,237,66,226,58,209,306,375
124,32,174,438,203,470,227,35,442,26,368,325
124,33,422,240,74,276,81,173,381,410,364,495
124,34,287,199,125,219,109,386,307,324,58,306
124,35,207,14,289,469,51,217,225,263,110,327
124,36,215,47,413,41,58,335,366,5,198,167
124,37,287,384,337,91,331,78,33,351,86,83
124,38,255,8,181,339,401,225,408,328,59,215
124,39,416,316,498,69,53,410,398,124,238,511
124,40,482,389,198,407,227,223,505,171,215,203
124,41,435,500,94,220,151,358,499,494,67,434
124,42,119,303,428,62,261,123,190,394,114,482
124,43,92,509,217,15,486,280,267,178,107,106
124,44,4,237,189,158,55,250,212,372,440,54
124,45,230,104,401,454,189,470,282,290,70,381
124,46,504,71,199,57,390,392,185,322,323,218
124,47,65,175,80,336,480,54,446,234,39,152
125,0,71,32,278,160,130,330,409,79,221,257
125,1,215,427,434,112,471,104,414,71,172,336
125,2,380,250,494,436,321,171,143,488,278,81
125,3,354,357,272,216,267,5,507,425,101,371
125,4,196,245,440,322,248,439,46,298,367,176
125,5,180,456,96,11,391,258,50,252,173,172
125,6,452,6,189,151,258,285,272,441,498,284
125,7,327,268,437,220,269,170,476,174,8,100
125,8,3,301,224,178,497,191,189,132,162,389
125,9,89,139,464,258,140,424,439,395,168,299
125,10,314,46,507,163,207,488,92,210,251,502
125,11,277,255,59,378,63,335,287,471,496,17
125,12,406,248,409,317,470,493,227,82,463,510
125,13,201,48,336,105,176,70,390,297,427,300
125,14,127,461,365,366,450,192,77,334,132,319
125,15,6,226,160,346,150,156,169,306,309,347
125,16,174,424,438,199,116,325,442,191,223,26
125,17,296,81,74,410,381,276,148,243,44,39
125,18,464,196,199,434,96,386,340,307,287,219
125,19,207,469,118,225,263,255,1,175,356,332
125,20,451,497,47,138,413,41,366,335,214,215
125,21,3,98,147,43,104,447,175,340,294,277
125,22,422,461,426,150,112,471,276,507,115,126
125,23,316,410,237,238,124,398,498,78,363,317
125,24,477,497,191,101,224,3,339,151,189,389
125,25,395,89,129,301,349,54,168,140,154,424
125,26,488,119,92,222,46,305,248,507,8,473
125,27,78,287,379,103,36,126,17,406,471,63
125,28,48,248,288,406,409,80,22,73,463,317
125,29,297,457,336,385,334,206,461,137,105,370
125,30,461,254,160,486,243,127,162,485,396,366
125,31,160,309,209,347,37,6,150,410,340,346
125,32,174,438,203,199,116,325,424,460,432,146
125,33,74,296,85,81,276,410,208,240,364,422
125,34,464,196,434,340,109,337,199,287,307,450
125,35,327,118,469,504,263,1,207,51,217,262
125,36,451,497,41,138,47,198,58,94,64,214
125,37,3,104,78,98,43,447,279,83,247,294
125,38,422,461,426,150,507,112,471,126,276,115
125,39,410,53,78,124,237,238,316,498,317,416
125,40,425,223,482,389,198,355,46,357,503,145
125,41,499,283,259,501,220,2,147,427,168,500
125,42,426,56,113,225,424,163,508,23,55,379
125,43,280,106,391,256,137,156,438,185,369,458
125,44,79,33,364,156,479,145,181,288,500,465
125,45,401,447,452,232,70,114,172,294,280,390
125,46,196,323,185,390,493,128,121,464,325,244
125,47,88,166,188,269,357,45,131,226,278,54
126,0,293,338,369,473,34,234,149,391,464,416
126,1,493,244,465,16,487,264,483,237,130,209
126,2,210,135,226,321,405,333,481,483,436,399
126,3,162,364,507,384,274,371,183,397,404,150
126,4,349,358,499,329,314,86,340,399,480,216
126,5,283,391,11,180,187,133,398,278,161,266
126,6,119,247,258,27,220,285,234,354,459,441
126,7,206,34,352,274,134,228,5,154,412,353
126,8,224,178,301,339,337,162,189,191,132,389
126,9,424,439,232,89,299,160,46,464,208,503
126,10,223,507,31,488,210,135,37,173,92,46
126,11,277,337,496,76,287,342,491,59,335,378
126,12,419,227,266,93,399,495,22,155,47,343
126,13,201,48,348,62,70,487,336,176,300,105
126,14,365,450,192,251,406,351,196,206,334,451
126,15,6,150,160,375,66,309,166,190,237,209
126,16,325,35,174,203,438,199,227,424,34,459
126,17,74,81,276,296,14,42,199,156,85,240
126,18,286,199,196,340,326,220,244,150,384,283
126,19,327,207,255,223,263,469,175,332,217,51
126,20,138,47,251,41,64,347,167,401,117,366
126,21,356,98,301,69,351,43,152,78,208,447
126,22,115,126,422,192,386,507,125,419,23,413
126,23,317,237,410,52,69,398,100,119,316,453
126,24,339,224,162,420,78,191,189,178,185,337
126,25,46,89,168,300,424,232,140,49,129,348
126,26,507,488,223,92,31,502,494,222,490,173
126,27,277,235,287,380,110,496,491,76,59,337
126,28,419,227,288,93,266,22,47,495,470,343
126,29,62,297,348,201,239,109,336,332,147,234
126,30,183,450,484,461,486,437,406,254,251,132
126,31,160,209,150,6,309,287,237,25,67,302
126,32,174,203,438,325,227,199,219,432,306,460
126,33,85,208,199,74,296,240,81,487,364,42
126,34,286,340,384,109,219,283,92,361,150,244
126,35,327,469,51,254,46,504,144,292,217,14
126,36,41,251,47,138,64,58,180,347,177,226
126,37,78,356,351,69,98,301,43,167,48,247
126,38,126,386,115,192,422,125,419,507,163,92
126,39,410,316,453,398,53,317,498,124,100,354
126,40,43,482,223,355,198,503,389,85,445,330
126,41,499,220,32,500,216,508,264,427,164,352
126,42,68,351,113,163,389,394,508,23,382,484
126,43,167,137,280,106,256,278,427,369,149,435
126,44,181,99,156,293,364,427,479,291,346,288
126,45,401,26,447,134,294,104,89,114,70,232
126,46,323,390,464,431,325,35,185,409,381,412
126,47,54,166,269,501,278,178,131,281,357,88
127,0,62,198,233,19,400,272,258,167,24,201
127,1,493,487,244,160,483,237,499,363,16,113
127,2,451,382,481,310,72,333,153,222,154,185
127,3,450,507,274,384,505,265,406,18,175,168
127,4,402,287,480,508,299,358,488,184,270,272
127,5,161,245,52,505,79,187,402,283,143,61
127,6,119,247,214,459,258,27,113,220,365,422
127,7,326,200,352,353,317,206,154,228,117,457
127,8,224,339,189,178,185,191,420,461,162,11
127,9,498,349,191,313,49,154,232,340,129,300
127,10,488,223,92,507,51,494,227,354,87,332
127,11,235,287,277,481,398,110,496,76,81,503
127,12,60,50,269,242,48,419,227,266,399,155
127,13,201,206,374,455,48,30,480,35,419,276
127,14,305,70,461,201,472,6,119,264,396,34
127,15,6,10,375,346,289,209,494,199,306,150
127,16,203,432,199,26,231,227,325,174,219,306
127,17,208,429,85,199,460,355,81,276,74,364
127,18,286,461,229,384,500,326,196,34,58,244
127,19,263,469,373,51,255,223,80,316,144,47
127,20,47,494,347,57,138,41,167,318,117,180
127,21,98,351,277,409,78,266,253,447,301,43
127,22,422,115,111,193,316,192,507,384,66,113
127,23,78,316,398,317,100,410,486,372,263,363
127,24,339,224,191,420,461,185,389,189,366,351
127,25,498,232,313,40,301,349,129,168,140,300
127,26,488,494,92,223,507,502,51,112,332,236
127,27,235,287,76,78,503,110,398,154,277,17
127,28,60,50,242,288,269,48,419,266,228,401
127,29,201,390,336,286,129,234,109,367,147,487
127,30,486,305,461,365,450,127,142,437,34,183
127,31,6,306,209,375,10,346,66,58,128,178
127,32,174,26,470,424,227,231,34,219,368,203
127,33,208,355,81,74,85,147,276,422,199,410
127,34,286,461,384,500,229,34,219,62,244,196
127,35,263,51,14,223,469,482,207,245,483,255
127,36,347,138,58,117,494,41,47,154,226,180
127,37,98,409,351,301,266,253,354,78,447,43
127,38,193,422,111,316,507,66,192,115,384,386
127,39,78,316,410,100,398,354,317,53,498,238
127,40,482,355,223,503,145,198,6,357,227,425
127,41,2,243,264,147,499,259,289,427,508,306
127,42,237,436,424,417,389,478,205,367,403,163
127,43,256,458,137,25,167,438,185,278,106,149
127,44,288,47,500,364,156,181,479,224,465,427
127,45,435,114,166,70,104,401,232,466,143,134
127,46,244,185,373,121,390,128,319,325,35,323
127,47,89,226,357,45,88,76,431,321,131,269
128,0,305,224,208,178,379,218,217,200,3,245
128,1,477,493,108,176,242,487,311,323,277,411
128,2,112,162,452,50,226,391,81,361,98,266
128,3,199,29,381,402,371,430,5,277,220,255
128,4,296,130,507,114,428,34,430,190,30,317
128,5,475,153,416,27,312,37,15,47,333,125
128,6,176,140,119,247,288,180,253,459,349,214
128,7,258,123,353,155,115,352,410,206,36,236
128,8,224,339,442,337,111,185,178,68,192,301
128,9,498,191,232,168,457,46,348,363,313,89
128,10,288,51,488,223,441,507,141,87,222,362
128,11,243,496,287,277,235,110,491,398,81,59
128,12,506,432,206,78,135,378,288,340,47,87
128,13,339,157,62,455,201,276,70,206,109,348
128,14,448,406,351,183,65,437,461,119,344,454
128,15,6,375,427,209,346,25,150,410,309,128
128,16,203,325,227,174,438,146,35,306,199,459
128,17,85,74,81,199,145,208,296,487,462,440
128,18,435,336,286,164,384,326,178,331,396,196
128,19,327,407,255,46,510,469,503,292,408,175
128,20,47,41,321,401,138,64,2,226,366,157
128,21,21,69,414,48,388,208,163,98,214,167
128,22,126,162,40,387,115,509,42,74,23,113
128,23,317,237,52,398,453,316,124,119,53,69
128,24,339,442,111,224,351,185,383,420,337,236
128,25,46,89,168,300,348,498,8,349,129,301
128,26,488,288,112,362,92,441,507,494,222,223
128,27,287,496,243,235,110,380,59,398,491,277
128,28,506,288,432,206,78,47,135,378,228,340
128,29,339,62,348,157,297,206,276,201,332,455
128,30,448,183,461,486,254,450,406,437,351,119
128,31,160,150,209,6,309,427,410,346,25,494
128,32,174,438,325,203,199,227,432,219,424,460
128,33,85,208,296,199,74,81,145,383,462,410
128,34,336,435,164,361,178,286,396,384,142,249
128,35,327,469,407,510,262,88,254,311,144,46
128,36,41,64,47,58,321,214,249,226,180,138
128,37,21,69,414,167,163,48,388,356,78,214
128,38,126,162,40,509,387,42,23,74,115,113
128,39,453,410,53,316,398,498,317,124,354,238
128,40,43,85,482,355,223,198,503,389,65,330
128,41,499,220,32,508,216,500,494,164,352,147
128,42,91,394,113,351,484,508,163,382,23,130
128,43,167,280,137,278,106,427,256,369,149,435
128,44,181,99,293,479,156,364,427,291,346,224
128,45,401,26,447,134,294,104,49,89,70,114
128,46,464,323,390,431,325,35,128,185,186,381
128,47,54,166,269,278,501,131,357,281,226,45
129,0,62,291,98,175,304,176,270,272,401,10
129,1,499,487,160,244,6,237,493,456,113,162
129,2,418,72,382,341,481,430,153,370,451,222
129,3,406,265,161,18,274,507,244,141,251,412
129,4,508,96,299,186,166,136,445,358,488,174
129,5,79,161,505,402,52,61,119,120,25,357
129,6,459,113,247,365,119,214,44,234,335,220
129,7,353,190,281,326,200,457,206,71,108,318
129,8,339,461,224,477,351,101,20,185,11,314
129,9,191,89,8,349,498,38,129,54,395,73
129,10,326,222,112,95,223,332,507,87,494,248
129,11,287,496,398,110,503,277,32,235,81,126
129,12,269,242,60,48,50,419,497,266,429,399
129,13,455,206,339,419,395,227,304,326,367,276
129,14,254,119,305,6,425,58,142,461,162,396
129,15,150,209,309,6,346,347,302,25,178,494
129,16,203,438,325,199,424,174,9,116,460,79
129,17,296,85,208,81,199,207,405,355,74,505
129,18,486,461,286,229,500,326,384,34,244,142
129,19,469,316,223,262,373,337,255,144,311,292
129,20,41,347,494,64,138,57,47,94,180,117
129,21,98,351,447,409,253,277,301,78,212,43
129,22,115,422,111,113,384,316,193,507,192,66
129,23,78,498,410,398,124,100,53,316,317,354
129,24,339,224,461,477,351,191,420,185,236,178
129,25,89,129,395,301,349,54,498,191,38,8
129,26,326,223,494,222,112,488,236,332,87,95
129,27,287,235,496,110,277,398,503,76,59,46
129,28,242,269,60,288,429,419,50,48,266,399
129,29,304,206,167,419,455,109,234,373,201,367
129,30,461,142,486,254,305,365,127,34,351,58
129,31,209,150,37,160,6,309,302,347,346,25
129,32,438,174,203,424,402,9,227,283,35,34
129,33,85,296,208,81,487,74,199,147,422,276
129,34,461,286,486,384,229,34,500,244,196,220
129,35,263,223,51,482,469,14,207,356,483,20
129,36,347,138,117,41,47,58,180,214,94,226
129,37,98,301,409,351,253,447,78,354,43,279
129,38,193,111,316,422,507,113,115,192,384,66
129,39,78,410,316,100,498,354,398,317,263,238
129,40,355,223,503,482,145,198,227,6,366,425
129,41,2,264,147,243,168,289,259,427,499,252
129,42,237,436,424,417,389,403,367,478,163,490
129,43,25,256,458,137,185,167,438,278,149,49
129,44,288,364,500,47,156,479,465,224,181,104
129,45,435,114,70,166,104,232,143,233,466,49
129,46,244,185,373,121,390,128,325,319,35,186
129,47,89,226,357,45,88,431,76,59,461,131
130,0,290,176,415,349,348,403,9,338,404,360
130,1,135,491,48,383,212,305,224,493,454,483
130,2,287,74,168,449,222,351,370,313,211,393
130,3,507,18,274,496,265,205,394,310,45,237
130,4,299,166,488,272,508,445,225,402,249,306
130,5,159,279,81,109,328,357,317,115,491,192
130,6,119,24,138,431,112,335,347,417,26,17
130,7,101,108,117,413,235,250,200,34,35,438
130,8,224,191,189,339,11,477,366,185,301,461
130,9,191,187,40,301,154,73,349,129,511,168
130,10,488,487,92,227,77,119,249,78,380,506
130,11,481,78,63,287,103,17,429,197,91,154
130,12,48,75,360,286,386,127,32,269,91,345
130,13,286,390,397,35,137,445,222,177,105,211
130,14,305,486,127,231,461,105,6,117,370,473
130,15,346,375,6,178,289,199,494,156,209,399
130,16,480,231,26,75,299,441,191,278,272,74
130,17,296,273,349,285,422,187,355,467,243,410
130,18,286,170,117,394,414,428,384,298,416,260
130,19,263,469,47,286,73,356,373,308,445,255
130,20,494,318,508,506,58,167,190,47,41,10
130,21,98,279,496,59,351,212,412,354,281,78
130,22,20,142,468,269,413,379,369,295,273,130
130,23,478,100,498,176,69,372,398,242,238,354
130,24,191,224,477,339,389,366,189,307,151,420
130,25,301,40,129,73,191,508,130,187,58,168
130,26,488,92,487,280,77,506,173,46,251,53
130,27,273,78,17,63,197,287,154,59,234,379
130,28,75,288,48,360,228,91,127,331,60,401
130,29,286,390,105,222,147,6,387,177,137,265
130,30,486,127,461,305,231,105,117,365,254,335
130,31,6,346,306,375,226,209,37,178,494,424
130,32,424,299,174,438,283,231,223,26,470,23
130,33,422,81,410,276,349,296,273,442,72,187
130,34,170,286,199,298,428,117,260,58,331,394
130,35,263,14,51,207,332,255,175,469,373,510
130,36,366,58,5,249,47,57,93,167,190,226
130,37,98,266,351,59,67,496,281,28,136,354
130,38,20,142,295,269,469,379,273,468,230,369
130,39,69,316,100,478,238,117,416,498,398,53
130,40,6,482,171,227,222,136,223,366,157,355
130,41,408,306,12,494,500,164,394,505,32,352
130,42,478,342,410,133,20,480,232,197,16,417
130,43,486,387,178,15,92,267,255,460,167,509
130,44,446,134,223,136,270,292,337,212,191,372
130,45,84,104,290,126,119,405,111,503,230,15
130,46,181,124,185,272,57,104,446,421,499,390
130,47,202,29,144,125,326,336,54,338,199,480
131,0,378,138,190,384,463,34,282,316,281,509
131,1,203,370,18,294,378,102,280,363,236,293
131,2,495,30,106,493,436,333,444,367,321,109
131,3,505,1,507,13,150,212,274,384,237,86
131,4,399,393,311,199,54,339,370,395,468,24
131,5,493,391,160,290,133,430,424,37,414,20
131,6,119,145,168,220,247,318,24,142,250,118
131,7,168,352,72,374,20,322,93,120,134,200
131,8,224,420,178,275,189,191,366,185,162,389
131,9,232,424,256,457,498,132,439,340,443,391
131,10,223,488,77,51,10,46,141,173,92,370
131,11,277,76,287,234,235,154,481,320,59,337
131,12,401,154,395,227,313,312,475,284,288,495
131,13,48,201,105,205,348,147,286,336,234,427
131,14,365,486,96,461,334,127,328,201,20,293
131,15,375,6,150,58,66,346,237,128,160,190
131,16,424,174,203,35,470,438,34,325,90,129
131,17,296,81,422,156,276,381,196,466,495,74
131,18,395,199,286,331,326,62,98,93,287,306
131,19,207,263,255,110,332,396,175,469,498,225
131,20,5,13,167,366,345,93,47,177,434,95
131,21,266,496,98,56,351,281,40,67,305,88
131,22,224,429,453,121,424,469,20,23,320,435
131,23,398,402,316,69,486,118,238,511,453,317
131,24,275,191,389,151,366,420,487,224,189,448
131,25,232,443,395,89,129,39,132,152,424,439
131,26,10,173,46,488,29,424,92,77,507,490
131,27,277,287,59,76,234,337,78,154,481,17
131,28,288,395,401,228,475,312,154,234,459,313
131,29,427,105,147,234,48,348,286,336,100,201
131,30,486,461,20,127,334,254,132,305,33,319
131,31,6,37,150,160,346,209,347,309,237,58
131,32,424,174,470,90,223,438,299,283,325,231
131,33,81,422,410,381,156,265,296,355,495,276
131,34,199,395,58,62,331,306,219,324,361,56
131,35,207,14,456,110,286,175,332,469,292,225
131,36,5,214,93,75,58,41,366,177,47,441
131,37,266,305,28,56,40,281,351,496,354,164
131,38,224,429,121,215,469,424,125,373,435,320
131,39,316,498,238,511,398,440,416,354,124,176
131,40,505,227,198,482,146,136,171,450,203,223
131,41,358,151,306,494,414,408,49,94,500,168
131,42,137,139,342,482,478,197,71,114,260,480
131,43,486,267,15,92,255,178,369,509,460,280
131,44,134,28,372,223,446,237,54,292,212,250
131,45,104,290,84,230,405,454,189,470,401,111
131,46,336,272,41,214,57,392,199,324,185,378
131,47,458,298,320,186,31,242,326,165,54,336
132,0,21,463,378,337,462,427,406,420,245,336
132,1,370,378,203,18,420,53,277,216,367,323
132,2,63,493,444,30,106,436,228,38,310,222
132,3,507,505,212,265,450,274,394,18,175,161
132,4,24,399,63,393,311,54,256,199,286,317
132,5,493,37,424,278,279,5,379,29,366,336
132,6,168,125,220,112,119,284,145,285,318,247
132,7,202,93,120,168,72,132,322,437,8,352
132,8,189,275,191,477,162,224,497,101,11,366
132,9,395,191,40,129,168,232,443,140,130,154
132,10,488,119,46,507,92,502,249,53,380,126
132,11,197,78,371,277,63,443,103,59,379,234
132,12,395,234,154,312,80,401,47,22,510,48
132,13,105,427,35,292,234,457,48,286,137,336
132,14,461,127,486,94,160,243,396,33,34,268
132,15,160,169,156,150,309,347,346,37,306,340
132,16,91,199,333,480,174,424,23,109,299,116
132,17,381,296,378,410,422,454,143,464,93,68
132,18,199,284,92,331,358,108,361,21,122,137
132,19,388,225,469,356,92,175,110,263,329,207
132,20,93,56,214,112,75,58,109,15,508,13
132,21,56,40,266,6,116,305,28,167,182,470
132,22,35,453,424,435,215,45,429,224,373,8
132,23,316,498,440,398,238,73,118,124,214,382
132,24,477,191,155,101,422,497,151,359,496,509
132,25,395,129,63,111,375,89,130,239,301,467
132,26,119,280,60,473,488,211,92,506,240,422
132,27,78,126,258,103,273,36,197,366,406,471
132,28,48,288,80,459,395,82,234,18,228,73
132,29,457,119,427,356,385,105,508,35,250,334
132,30,160,461,319,486,127,396,243,105,424,254
132,31,309,347,160,37,169,346,209,25,269,156
132,32,91,174,223,116,424,25,438,299,109,480
132,33,410,296,285,187,81,381,464,276,378,105
132,34,199,58,419,361,331,122,390,108,92,395
132,35,286,207,456,175,469,92,332,308,498,486
132,36,214,5,75,93,112,64,41,58,136,177
132,37,305,40,266,56,28,78,470,167,116,376
132,38,215,35,8,435,373,424,45,224,453,429
132,39,498,316,440,124,398,238,382,354,119,511
132,40,198,505,146,223,136,171,227,482,330,229
132,41,358,168,151,414,499,494,418,170,438,49
132,42,482,71,137,382,260,394,139,130,114,355
132,43,267,15,486,92,369,255,481,49,178,93
132,44,237,55,372,28,212,54,280,250,473,196
132,45,230,104,405,290,470,189,454,70,401,249
132,46,214,199,57,41,392,390,322,336,325,193
132,47,458,270,360,54,31,336,480,52,349,492
133,0,267,190,362,258,186,430,218,306,345,210
133,1,203,370,402,85,61,477,215,226,316,410
133,2,44,493,310,198,472,500,451,105,436,185
133,3,175,383,505,507,174,18,414,362,310,450
133,4,152,310,311,399,168,317,74,265,87,468
133,5,493,160,424,487,82,366,20,5,97,172
133,6,471,338,220,142,112,285,417,255,168,324
133,7,168,437,322,259,245,164,120,202,117,267
133,8,275,482,366,189,151,191,311,162,349,361
133,9,191,232,395,443,77,40,498,129,349,140
133,10,253,488,490,380,37,53,77,429,444,173
133,11,481,343,277,76,287,443,59,398,367,17
133,12,312,33,401,47,395,234,166,434,510,272
133,13,427,105,48,121,211,348,292,486,336,206
133,14,461,33,334,305,20,127,34,486,96,18
133,15,6,346,375,150,289,37,226,156,306,25
133,16,424,174,199,283,299,231,90,191,91,325
133,17,296,81,285,273,381,156,410,420,214,276
133,18,331,199,58,395,326,306,390,21,414,284
133,19,207,175,469,255,225,498,332,396,286,110
133,20,93,214,5,13,75,345,167,58,366,112
133,21,305,56,40,28,281,354,116,266,198,6
133,22,424,186,469,125,467,381,373,453,429,303
133,23,316,398,498,402,317,486,511,453,238,440
133,24,477,482,151,275,191,101,389,349,311,487
133,25,395,89,129,145,232,63,54,77,301,140
133,26,488,60,92,46,119,473,29,173,490,380
133,27,78,277,471,379,36,131,2,17,343,63
133,28,288,48,312,234,395,33,401,47,228,154
133,29,427,105,457,147,100,234,415,292,370,6
133,30,461,319,486,294,196,127,334,33,20,366
133,31,309,37,347,150,160,6,496,156,346,2
133,32,174,116,424,223,299,438,283,199,90,368
133,33,296,81,410,276,381,285,355,156,202,323
133,34,58,331,199,361,306,395,390,219,56,414
133,35,286,456,207,175,469,332,14,498,356,273
133,36,214,5,75,93,58,112,64,41,177,366
133,37,305,56,40,78,28,281,354,164,239,116
133,38,186,424,469,125,467,373,429,453,303,435
133,39,498,316,440,124,398,416,238,511,119,382
133,40,198,505,146,330,171,223,227,136,203,95
133,41,151,358,168,414,494,499,418,49,438,216
133,42,114,137,394,139,482,304,355,448,177,62
133,43,267,15,92,486,369,255,178,93,481,104
133,44,55,237,372,28,212,54,473,301,280,446
133,45,230,104,470,290,454,189,70,401,351,232
133,46,214,57,199,392,390,336,322,193,185,325
133,47,270,336,480,54,31,298,492,349,326,320
134,0,62,167,176,98,401,211,272,198,291,10
134,1,34,240,304,134,62,293,287,366,483,410
134,2,211,263,360,418,185,439,310,404,449,470
134,3,18,161,507,265,274,237,332,205,141,496
134,4,166,299,308,96,177,225,67,508,290,287
134,5,90,131,415,275,5,505,81,425,120,487
134,6,279,73,417,42,471,113,335,422,495,383
134,7,101,245,108,117,282,118,132,427,8,334
134,8,477,191,101,155,496,482,422,11,296,162
134,9,77,129,395,349,301,360,398,191,40,140
134,10,253,119,490,488,380,145,507,248,269,473
134,11,78,103,343,148,379,126,279,398,371,287
134,12,48,303,299,286,307,372,223,269,262,120
134,13,457,292,100,250,35,211,246,422,105,356
134,14,396,18,461,305,509,6,268,160,254,243
134,15,309,346,347,209,6,160,156,340,169,280
134,16,199,424,333,438,174,91,325,223,116,25
134,17,378,296,285,214,410,381,67,143,147,273
134,18,168,341,58,414,108,326,255,373,62,84
134,19,62,469,175,292,396,92,20,242,286,332
134,20,140,75,93,136,214,445,112,56,173,58
134,21,470,419,502,268,354,292,338,11,312,331
134,22,349,444,17,253,215,434,328,52,499,242
134,23,498,316,443,440,214,238,124,118,73,354
134,24,477,155,191,101,422,496,151,215,275,482
134,25,395,77,129,130,301,89,111,306,375,349
134,26,119,253,490,361,494,67,488,380,103,378
134,27,78,148,86,343,103,126,379,36,322,69
134,28,48,303,288,299,307,372,286,223,161,426
134,29,457,292,234,367,105,177,427,241,246,147
134,30,509,461,396,192,160,489,127,254,251,486
134,31,309,347,160,150,37,25,2,427,287,209
134,32,424,174,116,325,438,216,199,31,35,223
134,33,156,214,378,296,410,39,202,0,381,276
134,34,341,168,108,122,58,255,246,414,199,62
134,35,110,207,135,62,242,92,469,160,327,286
134,36,140,64,136,112,93,214,138,47,445,75
134,37,470,268,502,419,331,292,111,338,376,354
134,38,349,444,17,215,253,52,434,328,499,435
134,39,440,498,119,124,263,316,214,349,177,257
134,40,505,198,77,229,95,330,0,223,52,466
134,41,168,499,175,146,158,170,147,424,243,259
134,42,62,491,362,216,261,23,379,369,508,387
134,43,280,369,427,106,107,498,458,256,94,49
134,44,319,364,224,220,164,250,249,273,228,225
134,45,447,401,249,3,472,33,49,390,193,232
134,46,323,128,325,381,464,218,431,412,329,162
134,47,446,292,234,39,458,175,390,131,269,9
135,0,46,160,505,330,218,117,235,407,306,375
135,1,71,483,251,447,112,215,385,338,471,53
135,2,10,101,211,142,483,185,226,284,354,216
135,3,510,216,161,265,332,454,2,511,98,255
135,4,495,417,499,349,359,329,110,118,248,177
135,5,273,373,258,352,366,425,266,233,336,337
135,6,476,354,136,279,137,335,337,84,189,396
135,7,231,170,118,245,117,101,160,108,8,329
135,8,307,155,477,101,191,496,422,386,361,325
135,9,395,89,129,88,208,375,335,464,398,154
135,10,60,501,119,253,488,507,298,188,37,215
135,11,343,471,78,277,148,258,379,442,188,498
135,12,351,457,463,484,48,47,380,272,243,343
135,13,71,82,138,292,457,105,113,486,35,509
135,14,461,319,273,489,94,196,254,396,127,18
135,15,309,150,347,160,156,37,100,272,506,166
135,16,116,174,91,424,199,192,299,333,223,194
135,17,296,156,378,410,137,214,464,187,381,159
135,18,213,434,122,108,330,255,326,246,373,284
135,19,223,483,160,135,207,175,469,110,396,234
135,20,64,136,93,112,214,138,56,428,58,75
135,21,419,154,271,208,119,376,120,447,354,201
135,22,479,374,177,150,435,276,48,192,422,441
135,23,214,119,498,440,4,316,124,78,453,349
135,24,307,477,386,155,101,191,239,432,113,496
135,25,395,89,464,63,88,467,375,107,208,284
135,26,60,501,119,488,29,153,473,188,65,92
135,27,277,471,498,379,78,126,343,36,366,207
135,28,351,288,457,463,484,48,343,47,380,395
135,29,370,82,457,441,71,105,234,138,100,147
135,30,319,251,461,196,486,273,254,58,327,162
135,31,309,160,347,150,277,2,272,269,25,100
135,32,116,174,438,192,424,199,50,136,239,25
135,33,464,137,410,296,156,82,378,440,148,132
135,34,213,434,330,361,122,58,108,220,246,472
135,35,327,135,223,483,420,469,321,262,253,337
135,36,64,112,41,47,138,422,214,94,180,421
135,37,271,154,376,208,459,119,447,78,419,201
135,38,479,374,150,177,48,422,276,192,441,435
135,39,119,440,498,124,214,349,410,177,453,219
135,40,198,505,229,95,466,330,52,355,0,9
135,41,264,499,158,168,146,220,259,216,147,508
135,42,403,379,113,508,268,23,55,163,222,332
135,43,280,369,256,106,458,107,137,427,150,149
135,44,247,364,224,273,228,479,346,181,465,492
135,45,401,447,508,114,249,3,49,294,390,232
135,46,323,464,325,431,128,185,381,412,409,390
135,47,88,166,269,89,8,357,131,390,45,278
136,0,360,138,34,338,473,19,147,149,272,384
136,1,237,405,244,403,160,16,483,499,251,445
136,2,135,210,36,399,481,226,483,211,215,370
136,3,161,265,183,454,406,332,244,180,507,451
136,4,358,136,270,216,177,166,503,493,16,502
136,5,161,283,391,450,505,425,120,52,402,398
136,6,45,476,459,354,365,84,312,335,44,234
136,7,206,395,353,228,503,134,5,329,160,334
136,8,307,68,339,155,171,177,113,408,496,110
136,9,464,89,439,46,390,129,395,160,462,505
136,10,87,223,60,222,51,501,488,31,188,494
136,11,442,498,410,277,126,343,503,366,471,207
136,12,419,266,457,155,60,93,399,404,242,48
136,13,370,292,113,211,138,180,71,467,105,246
136,14,196,213,437,461,251,254,344,18,218,58
136,15,150,160,6,25,309,226,237,66,375,427
136,16,199,174,31,35,424,325,90,116,438,432
136,17,74,39,296,440,410,378,81,199,164,505
136,18,283,213,34,500,326,220,461,244,229,95
136,19,223,135,469,82,175,483,255,327,332,88
136,20,347,64,117,251,96,47,422,140,75,41
136,21,48,154,301,271,354,119,459,447,409,253
136,22,390,386,308,126,422,66,355,193,507,316
136,23,119,214,316,498,317,124,440,237,398,4
136,24,307,68,477,113,101,110,171,331,155,191
136,25,89,464,395,439,390,129,46,349,160,301
136,26,29,60,87,488,223,222,305,282,369,188
136,27,428,410,287,498,442,194,471,126,277,503
136,28,288,419,266,155,107,457,242,327,399,369
136,29,370,421,241,246,467,234,100,144,105,206
136,30,251,213,461,486,437,504,196,254,18,183
136,31,160,150,309,6,427,237,287,128,58,25
136,32,174,199,325,203,31,194,116,438,34,424
136,33,74,187,296,410,85,378,440,164,81,39
136,34,283,229,34,500,461,213,244,482,220,165
136,35,223,482,82,469,135,88,327,373,420,483
136,36,64,347,117,112,251,140,422,41,47,138
136,37,48,154,409,301,376,253,271,119,354,447
136,38,390,126,115,386,308,193,111,422,355,316
136,39,440,498,119,124,214,349,410,316,100,177
136,40,198,229,466,95,330,355,505,52,482,102
136,41,158,168,216,499,146,264,147,220,366,12
136,42,351,237,403,436,391,59,379,508,389,394
136,43,369,256,458,280,267,380,106,435,150,495
136,44,364,224,228,99,503,143,444,492,121,451
136,45,26,249,3,114,447,49,294,131,401,149
136,46,164,162,325,314,323,412,128,381,185,35
136,47,501,61,210,178,458,36,302,54,390,278
137,0,400,167,376,272,322,258,66,461,233,19
137,1,237,405,499,403,244,251,326,160,483,487
137,2,226,481,154,402,210,433,264,290,483,110
137,3,161,454,265,332,451,406,476,488,185,101
137,4,166,177,136,50,216,225,358,38,327,117
137,5,450,161,391,90,346,425,505,275,25,220
137,6,423,84,459,476,312,354,365,24,44,45
137,7,206,503,134,228,329,353,160,71,274,466
137,8,101,307,477,68,155,171,191,113,496,333
137,9,464,89,505,395,390,375,157,467,107,83
137,10,87,60,223,153,222,188,488,501,494,507
137,11,207,442,126,498,379,88,277,256,78,471
137,12,419,155,266,457,299,404,48,60,418,269
137,13,113,441,71,370,467,138,180,186,292,58
137,14,401,196,58,299,102,135,251,18,319,254
137,15,309,347,150,160,25,100,277,269,156,272
137,16,116,192,174,199,424,50,136,438,25,239
137,17,159,378,440,464,93,132,412,410,137,143
137,18,500,229,213,34,461,283,220,326,165,323
137,19,223,135,82,420,20,321,498,337,482,167
137,20,64,112,347,140,422,138,117,252,73,428
137,21,301,253,409,447,154,459,119,376,354,492
137,22,316,193,66,422,177,384,115,435,507,192
137,23,214,440,498,119,78,316,124,4,177,100
137,24,307,101,477,155,68,171,333,113,422,191
137,25,464,390,89,467,395,505,375,107,424,53
137,26,60,87,223,153,188,506,501,162,222,207
137,27,207,308,498,277,379,471,126,194,93,442
137,28,419,155,457,288,266,299,60,372,404,327
137,29,370,441,71,167,113,138,119,457,103,241
137,30,319,251,58,327,135,299,401,102,435,38
137,31,309,347,150,160,277,194,269,2,287,242
137,32,116,192,50,136,438,239,424,174,311,25
137,33,159,464,123,187,132,412,505,403,378,296
137,34,500,229,213,34,461,220,165,283,244,216
137,35,420,135,223,20,482,321,82,203,327,486
137,36,64,112,347,140,117,252,422,138,41,94
137,37,301,409,154,376,459,253,447,119,11,354
137,38,316,193,384,66,177,422,111,435,115,419
137,39,119,440,498,124,214,349,410,177,219,100
137,40,229,198,466,95,505,52,355,102,0,330
137,41,158,168,146,264,499,21,147,259,2,220
137,42,436,59,403,237,55,389,424,268,379,332
137,43,369,256,458,280,106,427,150,400,149,75
137,44,364,224,47,288,333,233,273,500,465,503
137,45,249,435,114,3,401,49,447,24,214,376
137,46,128,325,323,381,464,121,244,266,35,431
137,47,89,8,88,357,269,390,45,265,166,185
138,0,173,19,338,386,392,68,360,272,441,492
138,1,135,403,405,237,65,179,16,48,182,499
138,2,226,110,481,424,210,290,36,371,168,368
138,3,161,129,265,454,40,332,406,244,498,476
138,4,136,177,327,174,264,38,213,244,160,454
138,5,450,425,25,404,346,120,52,182,13,161
138,6,24,365,480,335,459,138,228,312,119,316
138,7,329,228,206,353,71,261,156,486,200,510
138,8,333,307,101,477,217,171,20,331,191,224
138,9,464,467,89,505,146,107,390,468,375,53
138,10,222,87,487,369,236,120,267,152,223,60
138,11,207,150,379,88,308,126,93,194,442,18
138,12,266,155,236,404,419,60,281,327,27,214
138,13,467,167,441,367,113,21,397,226,292,58
138,14,135,327,58,0,64,162,401,254,38,202
138,15,347,309,2,25,277,366,225,269,166,160
138,16,239,116,438,50,192,136,25,424,48,63
138,17,464,412,132,312,159,261,256,148,176,137
138,18,283,165,39,461,500,34,213,384,437,229
138,19,420,223,337,82,321,135,482,316,138,111
138,20,64,112,428,117,347,252,213,445,187,73
138,21,154,400,146,206,447,376,301,299,442,253
138,22,305,66,269,193,111,295,316,369,384,123
138,23,440,214,498,177,124,349,100,155,119,219
138,24,333,477,101,307,331,217,20,155,171,224
138,25,464,467,89,146,107,375,424,505,390,53
138,26,222,236,369,60,67,87,487,501,494,223
138,27,277,207,308,379,471,93,150,126,378,498
138,28,155,236,266,288,327,419,404,281,457,494
138,29,370,441,167,119,367,103,71,144,457,467
138,30,251,142,135,58,218,202,319,327,254,299
138,31,160,309,347,150,194,269,2,242,277,67
138,32,116,174,239,192,50,438,424,136,31,199
138,33,371,74,412,409,187,378,252,159,487,464
138,34,416,165,67,283,437,117,482,213,461,394
138,35,373,73,321,420,16,469,223,285,510,20
138,36,252,315,112,297,64,117,213,41,445,436
138,37,146,345,311,206,400,442,11,376,154,299
138,38,305,66,295,193,111,269,316,500,495,384
138,39,155,498,440,119,401,81,124,96,214,316
138,40,198,6,95,157,418,229,466,165,356,482
138,41,168,12,146,494,158,380,306,245,402,289
138,42,479,257,97,22,438,45,67,68,237,133
138,43,94,387,369,378,458,181,486,84,267,178
138,44,270,294,474,173,47,364,224,191,196,4
138,45,249,126,119,49,3,201,132,297,114,145
138,46,128,325,446,381,193,245,266,244,499,186
138,47,89,29,199,357,390,33,8,12,185,297
139,0,274,4,180,162,126,228,235,217,294,356
139,1,451,108,394,368,475,0,182,391,405,257
139,2,236,346,391,107,452,112,444,200,424,277
139,3,402,108,29,381,282,161,349,328,246,310
139,4,223,114,199,130,34,5,73,212,131,68
139,5,374,80,93,47,312,153,247,37,348,26
139,6,288,140,208,176,118,119,292,168,335,24
139,7,167,65,410,166,316,94,123,496,155,329
139,8,307,126,138,191,477,356,155,304,482,113
139,9,395,439,129,89,139,154,160,389,349,301
139,10,29,60,488,119,501,424,305,380,65,413
139,11,277,410,3,59,78,481,471,442,115,126
139,12,363,218,410,432,87,78,143,457,284,95
139,13,370,292,457,246,180,252,234,324,422,105
139,14,461,147,213,18,388,74,77,504,254,486
139,15,6,160,66,346,150,156,37,375,58,237
139,16,424,174,199,31,35,90,403,116,191,223
139,17,172,196,371,17,296,410,39,430,118,74
139,18,103,178,385,388,282,497,248,95,326,132
139,19,184,469,255,210,331,66,16,47,285,175
139,20,345,315,297,413,436,366,290,464,47,124
139,21,454,107,456,337,178,163,74,40,56,175
139,22,343,465,472,74,381,292,281,387,56,171
139,23,155,401,96,81,317,316,404,69,402,327
139,24,138,126,304,356,233,482,389,191,205,189
139,25,63,395,232,129,89,171,424,439,301,210
139,26,29,60,10,129,488,424,273,65,413,380
139,27,277,12,363,471,59,3,415,428,379,481
139,28,363,410,288,87,228,143,432,218,220,475
139,29,370,195,412,128,252,234,168,100,105,246
139,30,486,388,323,74,461,504,90,188,69,432
139,31,160,6,150,37,128,346,209,58,306,66
139,32,174,424,438,203,31,231,368,199,470,34
139,33,17,172,196,74,430,371,410,422,81,73
139,34,103,178,385,497,388,282,248,391,249,331
139,35,14,510,469,88,286,184,210,66,127,16
139,36,41,366,315,413,297,58,436,215,2,75
139,37,454,178,337,456,107,163,40,28,33,56
139,38,343,465,472,292,281,74,23,381,373,435
139,39,316,155,498,238,69,95,401,416,398,124
139,40,407,482,244,171,423,157,146,198,136,6
139,41,51,435,484,494,94,180,500,67,146,358
139,42,85,45,194,438,114,472,91,22,123,286
139,43,294,378,486,15,92,509,84,267,178,420
139,44,489,474,43,95,196,372,237,495,4,212
139,45,167,132,104,230,503,290,406,401,26,249
139,46,446,64,71,57,325,119,193,323,381,492
139,47,487,17,152,65,171,54,281,336,329,480
140,0,219,70,44,23,468,505,485,267,148,114
140,1,80,394,423,23,115,3,5,68,174,85
140,2,387,294,454,311,444,107,493,359,321,200
140,3,283,23,426,384,507,459,197,323,252,255
140,4,14,237,471,199,152,371,114,130,386,292
140,5,76,47,509,257,5,244,97,54,259,340
140,6,391,207,324,22,425,188,208,416,162,142
140,7,166,473,492,267,220,115,132,357,439,119
140,8,126,322,363,497,116,366,138,78,242,162
140,9,152,300,299,232,439,168,313,245,457,395
140,10,265,29,362,327,502,92,53,135,10,305
140,11,277,380,481,235,287,496,59,468,336,154
140,12,434,33,340,218,289,284,493,143,231,475
140,13,239,297,303,313,201,370,48,348,206,234
140,14,504,251,484,301,381,55,183,437,333,293
140,15,160,237,6,58,66,150,128,36,375,10
140,16,35,174,199,459,203,34,325,306,227,9
140,17,74,14,199,338,296,410,208,487,34,85
140,18,396,178,326,125,249,96,386,81,1,21
140,19,255,469,289,157,88,59,331,510,327,210
140,20,215,229,47,401,413,290,335,41,366,260
140,21,454,337,384,91,287,76,178,147,175,107
140,22,307,181,401,339,358,408,69,334,328,467
140,23,69,237,317,95,316,146,363,416,52,119
140,24,497,363,322,126,353,116,78,389,189,242
140,25,152,300,89,168,439,349,299,301,140,232
140,26,265,29,112,362,327,488,92,10,95,369
140,27,380,277,110,235,287,336,442,255,247,129
140,28,434,33,340,288,47,493,289,228,218,143
140,29,239,297,206,348,201,303,336,42,455,234
140,30,251,183,196,437,504,461,486,333,254,484
140,31,160,150,6,209,309,25,237,10,306,58
140,32,199,325,174,219,35,227,34,438,9,460
140,33,74,14,199,85,296,240,383,208,82,410
140,34,178,396,125,386,96,249,361,109,307,287
140,35,88,289,469,495,33,104,67,51,217,167
140,36,215,41,47,58,2,413,75,198,335,229
140,37,76,287,277,384,91,454,337,83,107,147
140,38,307,401,69,408,339,181,358,328,334,77
140,39,316,69,416,498,398,410,363,124,511,317
140,40,407,482,157,215,171,198,227,223,389,43
140,41,494,435,500,94,164,425,259,444,46,484
140,42,303,119,428,123,261,16,114,138,197,222
140,43,121,217,178,486,509,420,498,15,460,464
140,44,225,4,95,156,346,158,134,292,212,446
140,45,282,104,503,351,230,294,249,26,290,232
140,46,504,71,42,506,390,325,218,128,57,265
140,47,80,175,65,39,234,48,466,152,364,390
141,0,381,416,79,468,219,464,70,485,149,188
141,1,174,434,23,437,262,80,414,471,215,162
141,2,387,321,379,454,294,494,457,311,44,142
141,3,288,52,323,384,216,197,357,86,371,426
141,4,128,340,191,329,292,14,499,199,152,349
141,5,172,180,399,76,340,96,11,509,20,122
141,6,416,74,391,272,188,207,441,151,324,53
141,7,119,437,175,220,268,176,208,275,122,473
141,8,322,363,182,451,505,116,353,78,497,162
141,9,258,300,348,393,152,89,503,256,439,53
141,10,502,102,497,141,189,163,135,222,1,507
141,11,277,380,416,287,496,110,251,336,337,32
141,12,22,7,493,33,340,221,227,434,47,258
141,13,239,206,137,297,313,42,332,129,300,348
141,14,504,251,485,254,437,58,454,419,461,484
141,15,160,150,309,347,25,2,166,395,67,381
141,16,199,174,325,424,438,116,460,432,35,203
141,17,378,74,296,410,440,199,208,93,175,487
141,18,337,260,331,326,450,98,1,307,38,343
141,19,469,175,254,88,139,510,255,46,332,292
141,20,332,41,401,64,2,47,18,75,226,10
141,21,77,175,496,247,67,56,40,281,69,147
141,22,432,20,65,408,23,469,69,358,74,255
141,23,317,316,119,498,214,398,237,69,124,363
141,24,322,182,451,505,363,353,63,351,477,487
141,25,89,395,464,300,349,129,54,63,258,319
141,26,112,102,188,252,119,462,488,369,189,269
141,27,126,380,442,110,498,471,287,416,277,188
141,28,22,7,493,227,258,47,33,340,195,288
141,29,239,206,297,332,370,201,455,137,373,205
141,30,461,251,485,419,328,504,183,484,34,196
141,31,160,150,309,6,209,25,287,347,302,324
141,32,199,174,325,116,219,438,460,424,203,227
141,33,85,199,74,208,296,487,440,104,285,180
141,34,331,337,450,260,98,361,109,304,307,58
141,35,254,469,51,504,33,88,327,46,144,157
141,36,41,2,47,75,332,249,64,198,401,177
141,37,77,496,67,247,281,56,78,69,40,277
141,38,432,23,65,20,408,469,255,69,358,74
141,39,316,69,410,317,416,398,498,53,124,117
141,40,482,43,389,171,223,157,503,198,215,227
141,41,494,500,164,32,220,216,352,508,499,259
141,42,197,16,480,342,20,410,478,114,260,138
141,43,486,178,460,71,119,420,137,106,149,15
141,44,95,446,134,223,181,372,4,212,120,136
141,45,84,503,290,111,104,15,189,401,351,134
141,46,181,421,57,272,124,392,390,185,42,325
141,47,338,326,336,337,144,54,349,202,480,492
142,0,316,98,459,401,58,167,99,384,62,96
142,1,378,370,238,293,23,302,287,294,336,363
142,2,470,439,387,311,472,105,454,367,263,30
142,3,168,404,174,265,507,384,274,337,323,406
142,4,96,339,402,393,287,67,69,508,502,299
142,5,505,485,143,131,414,90,52,202,82,415
142,6,129,383,220,53,132,498,145,495,142,417
142,7,86,429,258,352,20,72,317,122,48,282
142,8,363,322,451,420,182,461,78,468,162,487
142,9,300,348,256,349,498,89,168,313,393,257
142,10,3,112,457,507,502,497,490,1,189,102
142,11,110,287,380,416,398,32,496,277,481,325
142,12,258,502,98,303,22,227,47,48,193,15
142,13,206,239,332,348,455,313,227,14,454,42
142,14,70,437,183,485,419,484,461,251,87,425
142,15,150,6,10,160,190,346,209,375,25,309
142,16,199,325,174,424,432,203,438,460,35,79
142,17,208,429,296,199,85,74,180,410,104,487
142,18,343,62,319,326,168,246,58,152,1,142
142,19,33,46,469,292,510,327,175,255,332,482
142,20,41,2,75,64,47,157,278,122,27,140
142,21,277,69,502,470,268,354,94,78,351,67
142,22,499,320,349,192,328,52,434,23,16,8
142,23,317,316,398,237,498,410,238,52,124,24
142,24,322,420,451,468,351,78,461,363,182,487
142,25,300,395,89,129,349,256,168,140,498,313
142,26,3,112,507,92,488,354,490,189,332,494
142,27,110,287,380,398,503,126,416,496,442,78
142,28,502,258,47,288,303,48,227,223,98,286
142,29,206,239,455,486,297,227,332,14,348,454
142,30,70,437,183,461,485,251,396,192,196,419
142,31,160,309,209,150,6,347,25,287,346,302
142,32,199,325,174,438,432,460,424,370,35,219
142,33,429,85,199,296,285,208,74,378,0,104
142,34,343,62,319,246,361,168,58,142,326,84
142,35,33,469,46,292,327,88,144,80,51,62
142,36,41,75,122,64,58,47,278,2,27,136
142,37,277,69,78,470,94,502,354,268,351,250
142,38,499,320,349,328,52,434,8,23,16,192
142,39,316,498,398,317,410,124,263,440,416,238
142,40,482,498,227,223,43,503,450,198,65,215
142,41,427,417,467,499,147,259,508,151,168,2
142,42,362,491,163,216,394,367,62,261,369,23
142,43,280,464,106,509,137,256,369,427,149,278
142,44,35,127,181,220,273,164,479,224,156,465
142,45,401,496,33,447,134,244,232,70,49,104
142,46,464,218,390,431,373,504,323,185,128,186
142,47,175,269,39,234,166,357,509,109,45,131
143,0,234,79,188,495,123,485,201,282,149,409
143,1,261,437,447,471,323,281,53,434,272,336
143,2,135,457,494,470,387,367,436,38,105,44
143,3,35,342,507,174,168,274,18,52,404,141
143,4,431,191,329,128,402,168,192,339,287,46
143,5,75,399,485,505,331,273,160,414,258,172
143,6,417,129,151,383,132,74,311,498,142,495
143,7,18,48,295,429,176,175,117,352,86,437
143,8,461,119,314,185,451,182,189,311,505,256
143,9,349,293,498,145,300,154,483,100,282,40
143,10,469,112,332,102,95,457,300,314,20,488
143,11,230,451,188,501,110,324,129,416,235,481
143,12,377,438,111,7,502,47,258,257,22,48
143,13,227,374,206,390,18,14,278,491,454,316
143,14,43,467,70,28,425,268,461,34,478,302
143,15,150,6,25,306,160,309,10,302,178,156
143,16,199,79,368,133,460,424,9,108,219,174
143,17,460,208,199,429,296,85,454,81,355,74
143,18,319,304,343,241,58,478,326,477,414,246
143,19,273,469,389,80,292,349,46,286,255,505
143,20,75,41,448,278,58,136,167,501,64,2
143,21,78,307,69,470,434,94,268,208,250,388
143,22,494,495,39,434,192,320,255,16,413,23
143,23,316,317,398,486,498,511,237,410,263,372
143,24,119,461,311,505,451,113,420,314,487,351
143,25,300,395,140,145,377,349,301,129,54,40
143,26,469,332,112,92,269,12,119,196,3,488
143,27,188,110,103,131,255,146,279,442,380,230
143,28,438,377,48,502,288,47,111,7,258,223
143,29,206,374,14,227,239,486,297,454,316,491
143,30,461,70,302,196,485,183,34,467,425,43
143,31,150,209,160,309,6,25,10,306,302,37
143,32,199,174,424,460,368,438,370,116,325,79
143,33,429,199,85,285,296,378,208,74,460,81
143,34,241,343,58,246,304,319,188,361,414,62
143,35,46,292,327,144,469,33,80,187,286,88
143,36,64,75,41,278,136,47,448,177,138,58
143,37,78,69,470,94,354,192,208,502,268,250
143,38,494,495,434,320,39,192,16,23,113,349
143,39,498,316,440,410,124,317,398,263,453,511
143,40,498,43,482,198,223,450,503,505,171,330
143,41,427,417,499,168,220,147,508,259,151,2
143,42,362,62,367,394,508,369,163,23,216,261
143,43,280,369,137,106,256,149,427,509,278,49
143,44,127,35,224,181,220,479,156,465,364,273
143,45,33,401,447,496,134,249,244,49,294,70
143,46,464,390,431,323,218,128,325,185,186,381
143,47,234,175,269,166,357,292,109,131,39,54
144,0,464,234,79,416,188,258,384,473,201,58
144,1,71,447,483,189,237,264,285,215,323,16
144,2,406,101,10,139,44,367,185,379,153,500
144,3,288,274,265,161,404,362,406,86,507,450
144,4,495,58,329,237,499,128,340,314,16,391
144,5,79,505,373,273,172,391,296,414,258,485
144,6,441,417,476,354,472,132,136,142,416,198
144,7,352,48,390,200,119,429,108,345,117,461
144,8,461,307,468,328,317,314,451,224,182,185
144,9,89,349,300,498,439,168,340,483,129,395
144,10,112,189,248,457,409,354,196,507,3,37
144,11,287,110,398,324,481,380,188,416,32,496
144,12,227,351,93,48,457,47,33,343,22,271
144,13,206,227,486,14,332,239,454,491,480,455
144,14,344,70,196,484,437,461,425,207,485,406
144,15,150,6,160,25,346,10,209,309,302,324
144,16,199,325,460,174,79,424,9,432,203,283
144,17,199,429,296,440,42,208,74,85,156,180
144,18,58,213,319,98,343,326,390,304,219,188
144,19,292,327,80,469,175,46,73,254,135,332
144,20,41,75,64,167,391,278,47,58,214,2
144,21,154,271,354,250,400,69,78,351,201,266
144,22,163,295,126,408,489,495,192,23,369,269
144,23,316,263,398,117,317,498,237,24,511,416
144,24,307,461,317,113,328,468,420,419,351,177
144,25,395,300,89,349,54,129,377,301,439,140
144,26,112,409,60,189,269,196,494,332,354,488
144,27,110,442,287,126,188,380,503,498,496,78
144,28,48,47,351,33,227,93,457,127,343,288
144,29,206,455,486,239,227,14,332,276,71,297
144,30,344,251,437,461,196,406,183,370,425,484
144,31,150,160,309,25,209,347,6,302,287,410
144,32,199,174,325,116,219,460,438,424,9,370
144,33,440,199,285,154,85,429,42,74,93,208
144,34,58,98,213,242,361,319,390,343,142,219
144,35,254,46,292,33,392,144,327,88,51,187
144,36,75,391,41,58,47,64,198,177,511,249
144,37,354,271,69,78,201,250,351,154,192,400
144,38,126,163,408,295,23,489,192,469,369,495
144,39,117,511,498,263,440,316,416,398,453,410
144,40,215,43,498,171,6,389,198,482,85,330
144,41,12,306,220,216,146,151,508,394,499,352
144,42,138,130,67,394,303,382,508,23,202,71
144,43,280,435,137,106,369,178,149,84,427,387
144,44,99,293,4,181,495,224,156,346,291,122
144,45,401,26,447,405,89,294,201,104,134,49
144,46,390,431,464,323,325,42,185,128,412,381
144,47,269,166,54,80,131,357,281,2,501,278
145,0,19,173,347,272,258,68,242,474,392,360
145,1,244,160,403,487,237,189,499,285,363,405
145,2,406,36,382,481,139,215,371,210,153,211
145,3,406,265,274,161,507,18,244,454,102,207
145,4,166,508,16,299,177,136,117,93,327,487
145,5,346,161,52,79,61,402,283,505,187,91
145,6,459,480,447,44,147,422,472,354,113,247
145,7,200,353,352,457,206,156,108,324,326,345
145,8,339,461,307,477,201,317,236,20,155,113
145,9,395,129,140,349,168,89,49,300,154,301
145,10,112,354,248,507,103,488,494,145,189,409
145,11,503,110,398,131,287,78,471,247,481,65
145,12,48,404,266,269,209,419,242,155,326,227
145,13,206,227,419,455,14,71,246,332,457,391
145,14,437,142,461,196,396,18,484,254,485,425
145,15,150,346,6,10,160,309,209,166,190,271
145,16,325,199,174,424,370,432,35,368,438,79
145,17,199,296,74,378,42,429,85,208,410,371
145,18,229,461,321,416,283,58,384,326,54,142
145,19,469,373,82,316,292,88,252,429,80,482
145,20,347,75,218,41,445,140,278,64,167,57
145,21,206,354,442,250,311,351,465,400,69,201
145,22,111,500,66,273,269,468,495,489,113,193
145,23,263,316,117,174,398,317,24,498,124,74
145,24,339,461,317,307,328,236,173,419,201,351
145,25,395,89,140,300,168,54,49,129,301,508
145,26,112,409,488,236,29,354,103,494,92,223
145,27,503,110,287,131,53,442,277,78,398,380
145,28,404,269,266,48,288,242,155,419,327,209
145,29,206,455,227,419,14,71,167,246,316,332
145,30,142,484,461,437,183,196,344,419,70,18
145,31,209,160,6,150,309,306,10,346,347,166
145,32,199,325,174,438,432,370,368,424,9,35
145,33,199,207,440,85,74,425,371,429,266,296
145,34,461,229,283,437,321,54,150,384,416,394
145,35,373,316,469,292,184,16,73,33,505,88
145,36,75,347,41,391,58,64,47,125,140,57
145,37,206,311,354,250,400,351,266,465,69,442
145,38,111,500,468,66,273,113,489,269,292,369
145,39,511,263,316,498,117,440,398,214,124,205
145,40,85,215,43,6,171,482,198,355,450,498
145,41,12,508,151,306,494,49,289,414,216,146
145,42,205,237,67,71,479,138,45,97,22,394
145,43,387,369,280,435,178,149,92,486,267,84
145,44,47,270,181,4,293,495,99,224,237,136
145,45,405,104,26,447,126,401,49,249,119,201
145,46,323,390,325,41,446,185,128,42,186,381
145,47,125,29,54,33,181,80,458,48,131,269
146,0,305,224,208,178,379,218,217,200,306,245
146,1,477,108,176,242,423,277,191,323,424,299
146,2,162,112,452,391,50,406,423,278,344,326
146,3,29,199,381,402,281,371,3,304,307,24
146,4,130,296,507,34,114,428,155,367,190,19
146,5,475,416,153,47,27,37,312,366,333,15
146,6,176,140,180,288,253,459,247,147,208,403
146,7,258,123,155,352,65,353,166,496,410,48
146,8,111,339,442,461,126,307,357,314,177,328
146,9,498,349,46,89,300,313,168,213,508,108
146,10,112,288,441,457,196,409,336,248,37,362
146,11,110,287,243,398,3,496,503,268,443,46
146,12,432,206,78,87,506,340,135,378,218,428
146,13,206,455,227,339,157,486,239,14,276,348
146,14,448,406,251,437,65,485,183,344,70,461
146,15,150,160,6,10,346,25,166,309,209,190
146,16,199,325,174,460,402,438,424,9,432,203
146,17,85,462,199,74,296,208,246,145,440,410
146,18,435,178,336,164,331,326,388,142,385,1
146,19,327,46,407,469,88,408,292,510,245,255
146,20,41,321,64,75,47,2,401,157,391,167
146,21,163,21,414,107,69,214,208,167,388,337
146,22,40,126,387,74,162,23,509,381,42,469
146,23,316,317,398,237,498,214,119,453,124,24
146,24,442,111,177,339,126,357,351,322,113,461
146,25,89,46,395,349,300,129,301,168,464,390
146,26,112,288,362,488,252,441,222,137,51,332
146,27,126,496,110,503,287,442,243,103,32,247
146,28,47,432,206,78,506,288,340,378,87,135
146,29,339,206,455,486,157,239,276,14,297,348
146,30,448,251,461,183,406,18,344,485,437,196
146,31,160,150,309,347,287,25,427,209,2,302
146,32,199,174,116,219,438,460,325,424,333,402
146,33,462,85,199,285,440,378,296,154,74,208
146,34,435,336,178,242,164,361,142,331,58,249
146,35,254,88,327,407,46,392,469,33,144,504
146,36,41,75,64,58,47,321,391,198,177,249
146,37,414,21,163,69,167,107,307,201,78,388
146,38,126,40,162,387,74,23,509,381,42,469
146,39,498,511,440,453,410,316,124,119,398,214
146,40,85,43,482,198,171,355,389,503,65,498
146,41,216,220,32,146,508,499,352,500,494,168
146,42,91,394,382,130,260,508,484,113,23,163
146,43,280,435,369,137,106,149,178,267,92,256
146,44,99,293,181,495,224,122,156,291,95,212
146,45,26,401,447,104,49,294,134,249,89,244
146,46,323,464,431,390,325,412,128,35,381,42
146,47,54,166,269,152,278,131,281,357,501,390
147,0,19,392,203,425,289,272,9,258,473,474
147,1,244,6,487,456,403,160,499,237,113,162
147,2,36,406,382,481,210,139,153,273,72,62
147,3,406,185,265,161,274,102,454,364,244,507
147,4,166,136,177,16,493,327,508,117,467,174
147,5,346,283,79,161,391,61,402,52,404,505
147,6,459,327,147,44,480,312,234,422,220,135
147,7,190,156,206,353,352,457,200,213,171,501
147,8,339,351,101,412,20,236,317,307,43,270
147,9,89,168,395,355,8,319,257,464,468,49
147,10,103,326,189,248,357,112,305,488,145,231
147,11,503,247,498,442,287,53,126,207,398,379
147,12,266,404,155,413,327,48,369,418,242,326
147,13,206,455,14,419,246,227,326,457,339,144
147,14,437,196,18,344,254,142,461,396,185,370
147,15,160,309,150,410,25,347,427,166,6,2
147,16,174,325,199,116,63,35,283,424,438,146
147,17,440,378,74,93,296,410,199,39,461,505
147,18,229,283,416,321,54,486,461,58,326,384
147,19,82,373,88,469,252,316,223,292,482,144
147,20,347,64,218,422,180,147,167,41,445,198
147,21,206,465,201,354,442,351,311,250,78,23
147,22,390,111,193,273,269,66,468,113,386,489
147,23,117,498,24,263,214,124,316,174,317,398
147,24,351,339,101,412,454,331,171,155,294,317
147,25,89,168,464,395,301,319,49,377,107,375
147,26,326,103,29,488,494,92,51,305,112,236
147,27,503,442,428,498,53,205,110,126,103,131
147,28,327,404,369,155,266,288,418,48,269,326
147,29,455,206,246,420,14,467,370,419,144,241
147,30,142,18,196,437,183,461,344,213,485,484
147,31,160,410,309,150,427,25,302,347,209,6
147,32,174,325,199,35,116,227,219,438,283,460
147,33,74,371,199,461,440,425,207,118,429,309
147,34,229,486,416,321,461,283,54,482,156,384
147,35,373,184,16,210,66,469,33,392,157,88
147,36,315,75,41,58,347,57,436,140,218,391
147,37,250,311,206,442,465,400,354,345,351,266
147,38,111,390,273,489,193,500,269,66,468,386
147,39,511,117,263,316,498,155,401,398,440,174
147,40,6,482,215,171,227,498,203,198,450,43
147,41,289,12,151,49,508,306,494,252,414,175
147,42,479,71,237,45,22,67,97,138,438,257
147,43,387,92,15,267,486,149,178,369,93,435
147,44,339,47,270,4,173,237,294,474,55,447
147,45,405,104,126,119,70,201,230,26,454,132
147,46,446,151,57,499,325,390,504,185,492,42
147,47,125,29,33,80,181,54,463,48,12,52
148,0,412,251,168,319,235,431,205,262,148,218
148,1,440,125,57,475,88,505,383,446,310,140
148,2,496,511,37,89,436,109,207,107,444,171
148,3,249,293,196,507,205,408,496,335,269,305
148,4,325,346,357,465,73,294,199,344,506,389
148,5,68,74,56,510,482,112,471,154,110,294
148,6,185,435,68,237,397,292,259,168,182,442
148,7,316,33,139,302,489,177,276,242,351,191
148,8,304,356,138,189,191,233,461,162,366,389
148,9,232,395,168,191,171,161,439,100,208,139
148,10,10,29,488,92,273,348,327,129,126,103
148,11,277,363,59,415,3,154,481,235,234,294
148,12,246,218,287,113,37,228,301,220,73,288
148,13,412,252,195,128,370,234,336,292,105,329
148,14,486,74,461,388,127,90,323,188,383,147
148,15,375,66,6,346,306,58,226,178,150,237
148,16,174,35,424,299,129,90,199,231,23,133
148,17,172,196,430,17,324,70,422,73,72,381
148,18,510,503,127,282,497,388,483,248,49,385
148,19,210,184,66,47,255,376,331,289,212,127
148,20,413,345,366,228,290,297,507,215,247,464
148,21,242,464,337,474,18,456,340,54,74,107
148,22,78,283,77,43,401,292,281,181,122,86
148,23,155,401,95,390,96,327,146,384,69,363
148,24,304,138,356,233,503,389,189,191,154,205
148,25,232,161,62,171,63,210,395,132,439,424
148,26,29,10,273,424,488,125,348,129,46,92
148,27,277,363,12,415,59,294,234,3,206,422
148,28,288,228,246,220,37,459,143,218,475,410
148,29,370,128,412,195,252,102,168,52,329,147
148,30,486,388,74,323,69,188,90,319,383,127
148,31,306,226,6,375,160,150,66,58,128,486
148,32,174,299,368,424,231,108,225,129,438,26
148,33,172,196,17,430,422,324,484,343,73,72
148,34,503,510,497,127,282,483,385,386,388,248
148,35,14,110,212,207,289,225,234,66,383,63
148,36,215,413,228,366,507,290,335,58,423,47
148,37,464,456,337,18,287,242,91,474,54,33
148,38,283,78,77,43,401,292,281,181,86,264
148,39,390,416,498,95,119,69,440,511,177,214
148,40,244,407,471,203,423,229,215,397,59,278
148,41,435,226,94,434,484,385,67,146,180,414
148,42,287,428,476,123,119,303,301,472,365,457
148,43,207,509,217,475,87,377,142,180,2,369
148,44,189,51,158,440,43,4,276,196,471,143
148,45,406,282,48,365,332,200,249,295,359,86
148,46,469,77,239,141,162,147,303,315,125,351
148,47,142,280,11,222,329,1,424,369,154,390
149,0,28,340,80,399,342,223,354,324,280,118
149,1,128,225,266,501,60,157,130,335,255,303
149,2,181,480,349,149,260,169,492,276,477,86
149,3,161,332,454,265,183,498,274,297,372,40
149,4,136,177,433,475,280,160,174,503,179,249
149,5,182,393,352,443,230,256,404,425,157,25
149,6,105,169,179,18,443,155,39,38,101,120
149,7,329,114,151,508,336,218,294,104,403,337
149,8,93,191,333,354,267,470,101,110,49,148
149,9,258,464,467,505,53,107,427,130,185,462
149,10,349,497,413,163,173,10,202,399,194,216
149,11,378,207,277,410,200,69,498,234,93,59
149,12,145,236,43,436,257,36,261,189,162,350
149,13,70,270,234,370,42,155,171,129,147,257
149,14,251,381,374,196,319,249,403,401,486,58
149,15,150,160,309,347,496,242,25,2,19,6
149,16,174,116,442,424,129,438,91,199,115,299
149,17,276,495,422,137,86,410,82,14,338,488
149,18,450,267,185,340,477,326,442,102,7,401
149,19,207,234,110,255,378,225,263,321,502,420
149,20,366,47,401,64,190,112,167,507,413,345
149,21,117,286,279,466,43,212,166,147,329,130
149,22,301,279,346,400,371,399,486,504,116,380
149,23,119,214,498,69,177,440,100,290,252,410
149,24,93,354,470,191,330,267,497,101,333,477
149,25,464,424,89,395,53,258,232,439,63,152
149,26,349,413,10,497,173,399,163,29,488,194
149,27,277,378,169,59,379,410,471,234,337,126
149,28,145,288,228,475,168,261,350,36,470,82
149,29,370,147,234,70,42,105,445,441,472,6
149,30,319,486,251,249,254,381,58,218,77,127
149,31,160,150,309,347,70,66,58,226,306,37
149,32,174,116,438,424,192,442,199,136,239,489
149,33,276,137,338,34,202,82,74,14,410,412
149,34,473,267,450,196,442,278,39,260,402,401
149,35,378,321,502,420,207,428,234,347,110,113
149,36,112,401,146,169,213,486,384,47,190,64
149,37,117,130,376,368,286,466,200,279,212,166
149,38,301,279,346,399,27,371,116,506,123,486
149,39,177,119,338,115,211,498,440,219,197,470
149,40,229,300,52,382,386,270,48,356,34,208
149,41,54,366,384,495,436,185,227,115,44,383
149,42,402,272,496,181,64,296,66,0,271,63
149,43,338,475,142,385,495,165,253,48,428,508
149,44,202,142,227,300,143,249,217,124,105,451
149,45,66,293,356,510,339,357,268,99,322,273
149,46,162,228,91,299,288,362,404,334,18,458
149,47,420,334,263,0,388,49,256,195,106,398
150,0,28,459,322,399,118,359,238,308,342,201
150,1,266,10,501,298,310,13,181,42,303,122
150,2,64,169,260,230,484,163,487,446,165,480
150,3,498,332,40,161,454,244,296,366,295,372
150,4,475,136,177,467,280,179,244,313,230,205
150,5,182,393,404,256,405,443,352,123,157,120
150,6,105,18,38,439,284,155,169,101,299,39
150,7,329,151,114,448,336,510,337,104,508,358
150,8,267,333,382,355,199,354,114,101,49,435
150,9,406,356,467,274,107,468,126,505,496,251
150,10,399,58,83,192,218,343,50,422,152,365
150,11,200,310,93,246,207,10,410,379,229,169
150,12,236,36,43,10,145,436,473,261,281,189
150,13,370,453,40,441,167,368,141,253,508,103
150,14,135,299,249,202,300,492,452,327,415,297
150,15,347,225,366,309,194,277,269,242,2,401
150,16,50,116,192,25,239,48,438,262,424,362
150,17,464,31,506,51,457,480,137,90,256,412
150,18,267,477,442,39,289,335,440,7,80,465
150,19,420,111,378,25,123,486,154,328,45,502
150,20,112,169,197,428,225,146,48,73,486,362
150,21,117,130,368,376,212,286,166,352,459,390
150,22,346,371,400,301,27,486,116,123,367,399
150,23,177,211,498,219,440,349,197,214,126,173
150,24,333,267,382,93,101,49,20,114,355,477
150,25,467,505,464,406,130,53,104,375,107,96
150,26,399,83,422,431,218,274,244,194,207,480
150,27,410,45,93,207,169,379,150,246,310,83
150,28,236,36,281,372,350,189,494,10,216,288
150,29,370,441,167,175,70,40,453,467,103,508
150,30,299,135,202,327,249,213,251,218,0,492
150,31,347,309,194,225,231,269,2,242,277,444
150,32,50,192,116,239,31,136,438,424,25,311
150,33,412,506,464,31,457,51,480,256,176,351
150,34,442,267,39,473,80,477,289,478,278,335
150,35,420,428,378,502,111,123,154,328,45,347
150,36,146,112,169,197,384,375,21,48,35,486
150,37,117,368,130,376,437,390,286,445,352,212
150,38,371,346,400,27,486,123,399,460,332,301
150,39,177,211,215,287,197,115,454,470,364,403
150,40,229,300,382,52,420,270,466,34,48,356
150,41,366,54,253,231,495,227,115,172,463,185
150,42,496,402,42,296,166,285,235,74,154,381
150,43,495,475,338,385,54,253,142,339,375,430
150,44,142,300,249,451,485,227,143,202,415,105
150,45,510,356,42,40,268,273,22,339,477,29
150,46,362,294,142,162,378,6,208,91,263,303
150,47,263,195,334,139,388,0,140,420,358,49
151,0,192,318,102,296,389,459,482,372,28,205
151,1,10,297,310,266,501,13,136,181,163,303
151,2,169,64,260,230,480,68,446,424,400,401
151,3,332,165,161,498,454,366,296,243,180,131
151,4,3,475,249,136,486,500,177,179,280,94
151,5,393,182,256,443,352,404,401,277,449,425
151,6,284,439,105,38,155,18,125,490,299,282
151,7,329,508,114,151,2,218,336,303,337,152
151,8,333,101,359,267,114,477,422,93,191,382
151,9,130,496,464,468,505,467,71,395,375,104
151,10,218,422,365,280,366,202,176,23,153,27
151,11,10,197,9,207,93,511,270,379,234,200
151,12,80,72,73,236,103,489,504,10,273,90
151,13,427,253,103,139,441,508,378,119,490,271
151,14,299,33,135,492,452,101,38,408,254,202
151,15,366,347,225,69,277,492,350,410,269,395
151,16,25,106,48,462,50,333,116,262,63,184
151,17,464,273,296,90,152,234,377,361,53,221
151,18,419,332,477,179,358,137,468,272,361,284
151,19,486,25,156,123,420,111,211,270,258,434
151,20,334,48,112,13,64,170,169,428,331,421
151,21,376,329,288,130,117,243,437,274,462,489
151,22,6,346,486,27,317,22,371,378,456,351
151,23,177,124,219,498,173,431,211,440,203,50
151,24,359,101,114,25,412,382,75,477,20,119
151,25,496,468,358,247,130,251,419,440,403,353
151,26,422,143,499,366,41,211,473,279,153,218
151,27,246,10,93,270,201,9,197,229,86,181
151,28,80,72,10,489,216,36,150,236,192,73
151,29,334,253,119,378,139,40,441,508,103,271
151,30,492,299,101,135,294,452,254,38,297,283
151,31,225,366,347,492,409,444,69,277,350,47
151,32,25,48,116,462,106,64,184,50,262,490
151,33,464,152,234,129,296,33,3,506,46,273
151,34,419,477,407,179,39,332,358,272,3,465
151,35,486,111,123,420,236,328,25,270,147,350
151,36,112,327,331,197,428,294,35,450,421,169
151,37,376,288,130,468,373,162,462,405,277,437
151,38,6,456,317,346,89,27,289,217,344,458
151,39,219,211,177,173,197,203,498,324,431,479
151,40,410,229,466,423,320,356,328,69,385,474
151,41,366,504,53,189,478,386,168,129,146,215
151,42,312,55,49,396,222,65,75,268,92,496
151,43,212,400,147,159,302,369,54,356,424,163
151,44,503,300,190,444,350,364,103,249,221,170
151,45,24,510,86,56,324,178,267,105,49,214
151,46,357,274,290,303,142,125,378,266,156,162
151,47,399,195,230,139,329,362,1,263,506,303
152,0,138,481,147,434,26,352,427,367,119,15
152,1,501,266,10,298,255,13,118,335,154,279
152,2,446,163,484,152,218,329,165,169,349,487
152,3,40,498,454,296,332,295,244,161,396,265
152,4,136,280,467,177,244,179,313,230,455,454
152,5,393,182,404,352,405,443,425,230,123,120
152,6,18,105,101,284,38,413,155,294,270,169
152,7,329,448,151,510,336,104,2,389,435,148
152,8,267,101,333,382,52,355,20,359,477,114
152,9,274,468,406,130,496,505,126,467,356,440
152,10,399,422,143,83,21,70,365,366,50,218
152,11,310,200,10,379,207,93,229,246,259,194
152,12,236,36,10,281,216,189,436,344,257,72
152,13,453,167,253,485,271,370,40,441,508,368
152,14,135,136,341,300,299,2,180,492,202,282
152,15,225,347,366,350,309,2,242,410,164,361
152,16,50,116,25,262,48,192,106,239,438,362
152,17,51,412,480,506,31,90,464,256,152,273
152,18,477,442,267,80,110,402,478,39,418,335
152,19,420,111,25,154,123,486,328,418,169,321
152,20,112,48,428,169,197,73,225,146,35,64
152,21,117,376,130,286,212,279,239,162,423,390
152,22,346,201,332,116,123,20,340,399,285,380
152,23,177,219,211,406,498,197,235,124,440,349
152,24,333,382,267,101,355,20,114,199,135,52
152,25,274,505,440,126,406,467,130,89,318,468
152,26,399,422,83,143,366,21,431,218,50,365
152,27,207,246,310,93,83,369,200,379,10,201
152,28,36,236,216,281,10,189,257,436,494,344
152,29,453,40,253,141,370,485,368,441,167,139
152,30,135,341,492,299,136,202,300,361,327,254
152,31,347,309,225,221,444,194,2,269,366,350
152,32,116,50,239,192,262,438,25,136,48,290
152,33,412,31,464,256,51,506,480,176,129,457
152,34,442,39,267,477,80,110,478,401,335,482
152,35,420,111,123,113,154,486,328,321,378,163
152,36,112,146,197,64,169,190,448,401,48,384
152,37,117,130,376,239,67,286,212,437,279,466
152,38,346,332,123,201,116,399,39,202,506,380
152,39,177,119,498,440,214,211,219,470,124,287
152,40,229,466,300,505,418,382,52,198,146,485
152,41,116,168,146,366,157,495,189,149,457,54
152,42,42,364,55,379,49,59,496,222,478,16
152,43,369,508,267,400,142,475,147,163,156,159
152,44,227,249,143,485,364,24,503,224,196,170
152,45,357,225,229,465,49,249,425,24,447,248
152,46,378,30,438,162,404,6,303,325,185,128
152,47,230,337,395,458,73,302,163,297,452,296
153,0,5,406,329,199,157,1,69,337,269,476
153,1,18,228,265,356,286,181,96,463,501,198
153,2,380,250,91,424,494,469,442,368,361,462
153,3,161,332,197,52,454,171,265,366,354,252
153,4,63,417,438,440,81,249,443,17,177,95
153,5,350,331,258,75,20,180,182,55,393,11
153,6,352,99,452,155,105,335,180,493,305,50
153,7,329,481,268,66,148,459,337,90,114,194
153,8,93,101,337,333,477,267,114,191,20,432
153,9,467,53,475,104,505,258,375,107,464,130
153,10,421,202,274,399,194,172,480,58,173,413
153,11,207,378,83,379,93,256,498,126,343,234
153,12,463,406,409,261,236,199,103,479,257,377
153,13,70,370,103,472,441,234,270,378,171,186
153,14,299,327,58,385,251,254,319,202,135,162
153,15,347,309,25,225,242,2,166,277,269,374
153,16,116,50,192,438,239,424,25,91,337,362
153,17,464,102,273,457,137,412,44,176,31,480
153,18,39,409,477,196,450,434,326,401,478,330
153,19,113,420,123,163,328,378,234,106,25,110
153,20,112,146,169,64,401,48,448,332,73,197
153,21,130,459,212,376,104,117,447,43,279,437
153,22,39,276,461,112,304,422,177,368,169,32
153,23,498,440,177,214,119,124,197,211,349,235
153,24,101,93,114,330,477,333,135,191,386,49
153,25,53,467,375,464,115,475,463,505,130,104
153,26,274,480,194,207,413,422,83,399,192,233
153,27,378,246,379,93,207,343,169,45,277,126
153,28,288,261,236,463,168,10,202,409,73,228
153,29,370,70,441,472,40,119,234,103,324,82
153,30,299,327,249,251,202,135,374,162,58,205
153,31,347,309,194,225,277,269,243,366,374,242
153,32,192,50,116,239,424,136,438,489,25,13
153,33,176,412,464,457,137,480,234,31,44,152
153,34,39,409,358,330,196,434,401,332,477,268
153,35,420,113,328,111,123,163,321,486,234,106
153,36,112,169,146,197,344,35,375,187,448,384
153,37,130,376,437,104,212,462,459,447,445,221
153,38,39,276,112,461,368,422,32,177,433,471
153,39,177,219,211,197,440,498,470,287,235,349
153,40,229,300,466,52,102,356,382,328,414,505
153,41,168,366,146,50,189,457,495,363,333,227
153,42,49,364,55,379,381,465,222,332,108,396
153,43,369,508,400,147,444,142,163,162,159,302
153,44,227,143,364,141,170,483,503,333,33,228
153,45,357,24,249,465,3,295,49,86,248,425
153,46,404,162,266,325,303,283,381,185,419,128
153,47,369,82,302,497,88,230,296,390,163,506
154,0,199,476,17,157,74,329,480,269,404,335
154,1,386,470,286,229,159,465,228,48,96,181
154,2,424,306,469,91,147,151,402,434,224,281
154,3,171,161,115,332,454,178,139,40,366,500
154,4,283,342,81,66,249,95,102,309,500,50
154,5,454,167,478,182,204,492,348,352,368,425
154,6,201,99,493,169,335,84,66,281,352,446
154,7,114,239,263,80,329,350,202,66,499,358
154,8,114,93,101,477,473,337,96,33,254,184
154,9,467,130,463,115,104,53,505,375,449,443
154,10,194,480,192,170,202,422,329,58,110,228
154,11,83,246,207,379,201,10,93,504,30,482
154,12,162,261,265,168,103,467,97,504,170,192
154,13,40,271,103,379,508,70,472,338,186,368
154,14,299,327,135,441,317,492,329,162,205,202
154,15,347,309,225,277,366,194,242,269,25,2
154,16,50,192,116,25,262,424,223,48,239,438
154,17,464,234,84,31,480,176,3,102,273,61
154,18,100,358,39,47,465,7,273,289,87,201
154,19,328,420,123,25,111,45,113,71,434,486
154,20,112,169,146,197,344,225,170,48,375,142
154,21,130,80,459,445,376,437,212,471,117,489
154,22,49,410,405,149,217,478,309,109,189,252
154,23,498,177,440,211,197,219,349,173,287,240
154,24,101,477,114,382,359,333,135,20,93,473
154,25,130,467,375,505,463,238,107,301,287,468
154,26,274,365,280,83,202,422,27,207,506,188
154,27,9,246,379,256,207,201,197,126,78,10
154,28,73,236,288,489,150,36,192,189,103,281
154,29,441,40,241,370,186,435,119,139,334,461
154,30,299,327,160,461,374,105,420,254,381,486
154,31,347,309,269,277,194,242,2,37,25,225
154,32,174,91,424,192,438,337,239,50,25,116
154,33,410,464,273,378,276,480,93,102,105,234
154,34,419,100,80,39,47,350,268,379,289,332
154,35,420,111,25,486,328,45,426,502,169,7
154,36,169,197,146,225,344,375,112,35,65,262
154,37,437,80,130,489,445,462,376,373,342,265
154,38,49,410,405,478,149,217,189,109,456,411
154,39,177,197,219,211,470,287,235,324,115,465
154,40,229,300,466,356,48,102,239,382,52,414
154,41,366,455,457,189,54,495,363,333,257,261
154,42,402,249,49,108,155,21,181,413,415,496
154,43,444,302,508,147,142,188,495,400,54,240
154,44,227,143,483,486,111,22,141,508,213,29
154,45,357,412,24,248,295,249,416,455,465,170
154,46,404,162,303,256,507,232,346,408,433,313
154,47,296,409,85,272,403,255,388,82,507,450
155,0,71,309,32,130,437,286,221,25,324,279
155,1,398,181,91,86,298,286,208,266,68,335
155,2,380,424,477,13,143,400,475,61,75,246
155,3,354,161,40,332,454,296,272,409,171,318
155,4,349,196,440,275,17,177,500,367,245,502
155,5,182,404,352,393,230,300,66,70,434,64
155,6,493,189,346,123,452,201,284,18,244,96
155,7,114,341,50,329,170,7,231,184,263,303
155,8,114,354,359,473,333,382,25,101,477,422
155,9,468,496,130,467,124,373,505,510,31,353
155,10,422,365,27,218,366,198,230,431,401,50
155,11,10,246,270,197,6,93,511,369,436,226
155,12,72,80,261,248,315,463,238,265,236,10
155,13,253,92,139,334,427,40,485,103,508,271
155,14,101,408,272,492,135,167,361,113,297,202
155,15,225,366,492,347,47,304,179,409,243,157
155,16,462,490,25,106,48,262,64,89,184,50
155,17,152,36,339,182,335,129,377,33,296,256
155,18,477,419,332,358,407,281,90,301,15,348
155,19,486,211,119,156,258,350,305,25,236,111
155,20,294,331,475,21,43,48,334,450,169,312
155,21,376,162,288,437,329,405,462,489,117,328
155,22,6,217,351,276,426,27,410,372,341,365
155,23,431,219,211,173,203,24,482,181,197,50
155,24,25,359,119,412,382,114,75,199,321,333
155,25,251,496,297,247,468,497,285,353,191,358
155,26,422,143,493,41,192,469,154,359,434,463
155,27,501,10,246,451,230,6,93,102,201,200
155,28,72,10,216,80,257,476,69,36,504,129
155,29,253,92,334,485,40,103,340,141,275,338
155,30,492,101,135,341,113,167,272,193,225,299
155,31,225,366,347,69,47,122,350,492,423,78
155,32,25,490,48,262,478,106,462,64,184,72
155,33,152,33,271,182,224,51,129,464,36,506
155,34,477,419,407,358,179,39,332,478,418,392
155,35,486,236,111,119,211,123,430,232,328,420
155,36,331,294,327,35,169,112,65,475,156,197
155,37,288,373,510,376,468,437,336,473,162,393
155,38,6,282,456,147,27,406,426,218,276,410
155,39,219,211,173,431,203,177,197,479,235,324
155,40,410,229,300,315,423,356,320,382,325,466
155,41,366,504,103,189,53,227,478,495,411,129
155,42,312,49,55,396,222,8,21,466,285,418
155,43,302,356,159,212,54,400,424,444,430,34
155,44,503,103,190,232,364,213,350,444,486,155
155,45,452,24,324,86,56,214,280,510,153,101
155,46,357,404,290,381,196,274,427,303,266,186
155,47,399,391,388,255,302,362,507,55,452,382
156,0,67,293,369,338,15,49,14,95,348,289
156,1,243,465,91,398,181,298,16,93,273,357
156,2,161,110,165,347,443,415,427,152,477,356
156,3,40,498,296,244,161,332,193,295,179,366
156,4,467,244,132,454,177,502,160,136,351,280
156,5,33,182,404,393,230,43,405,384,465,130
156,6,393,135,121,267,258,346,228,43,433,56
156,7,50,69,508,88,214,31,269,343,341,472
156,8,412,359,355,199,382,25,114,333,75,321
156,9,496,247,373,468,403,412,257,17,297,510
156,10,422,365,50,143,307,511,369,178,361,344
156,11,10,6,229,270,313,86,301,384,246,472
156,12,72,216,10,36,51,302,238,69,385,129
156,13,485,40,92,253,156,167,344,435,301,453
156,14,341,101,300,492,135,1,408,167,272,361
156,15,225,366,304,492,444,336,350,423,17,164
156,16,106,48,490,262,462,25,501,250,444,64
156,17,152,335,339,27,106,221,102,36,9,170
156,18,281,418,348,332,392,419,301,366,467,3
156,19,431,211,236,486,195,493,430,216,314,232
156,20,65,294,322,257,419,421,450,169,320,330
156,21,437,489,330,288,275,376,336,156,65,488
156,22,310,252,217,351,394,389,423,352,14,342
156,23,219,173,255,141,228,456,211,235,197,10
156,24,412,199,321,359,355,467,25,382,114,75
156,25,247,470,496,297,274,3,373,428,468,257
156,26,422,365,143,41,266,307,372,344,511,168
156,27,6,10,246,229,313,102,369,86,201,270
156,28,10,72,216,69,302,129,36,51,504,385
156,29,253,485,92,40,435,344,334,275,377,141
156,30,341,492,463,101,300,171,343,193,272,391
156,31,366,225,350,492,304,381,164,69,379,277
156,32,48,490,106,262,508,25,501,64,250,29
156,33,152,335,221,102,339,182,36,457,129,158
156,34,419,418,25,407,332,442,80,301,487,477
156,35,431,236,430,486,111,211,232,364,84,363
156,36,327,65,419,421,428,225,146,144,369,257
156,37,437,288,286,129,359,468,130,166,277,117
156,38,147,217,423,252,351,332,394,342,80,372
156,39,219,197,173,211,24,203,324,235,444,479
156,40,229,317,410,300,325,499,54,425,356,367
156,41,343,330,103,395,204,209,345,215,283,201
156,42,42,8,249,396,256,49,65,9,55,108
156,43,147,302,400,243,477,372,408,369,395,354
156,44,350,24,73,213,466,227,190,103,486,472
156,45,149,3,24,452,457,46,39,357,324,196
156,46,357,427,260,290,404,221,161,143,292,346
156,47,399,362,388,153,230,486,507,376,117,242
157,0,326,7,440,352,492,64,54,105,161,350
157,1,243,441,298,210,181,91,465,16,357,467
157,2,267,484,410,355,165,158,329,213,348,218
157,3,498,296,40,193,47,454,244,332,366,295
157,4,467,244,454,502,177,479,280,93,136,313
157,5,182,507,404,476,393,405,352,33,300,130
157,6,393,267,43,314,109,135,433,244,346,450
157,7,50,448,69,329,510,502,343,88,151,7
157,8,114,359,199,382,412,355,473,101,25,333
157,9,274,496,126,468,130,467,297,247,17,251
157,10,422,143,41,150,90,50,365,116,344,83
157,11,246,10,270,379,229,93,194,310,86,6
157,12,72,216,10,36,236,189,504,238,425,69
157,13,485,40,253,156,453,271,508,167,92,175
157,14,341,492,101,300,135,84,361,272,113,297
157,15,225,347,366,423,69,409,492,444,194,361
157,16,25,48,262,106,50,64,462,116,490,508
157,17,234,31,152,457,102,129,464,273,335,480
157,18,366,418,442,110,379,402,25,7,80,477
157,19,486,25,111,45,154,195,211,420,328,81
157,20,169,294,170,35,146,112,421,428,197,48
157,21,437,376,359,130,286,489,117,477,225,53
157,22,332,389,503,290,217,394,410,351,357,3
157,23,177,219,211,197,228,203,173,287,479,324
157,24,114,199,382,412,359,25,355,101,43,473
157,25,274,496,468,297,126,247,251,130,305,510
157,26,422,143,365,41,429,90,50,150,434,366
157,27,246,10,310,229,201,86,93,270,412,207
157,28,10,216,72,36,236,189,51,281,129,23
157,29,485,253,453,40,508,271,156,435,139,338
157,30,341,492,135,300,2,101,136,297,361,445
157,31,347,225,366,194,309,409,423,269,350,277
157,32,262,25,116,48,50,192,490,277,106,462
157,33,31,464,457,152,102,234,129,480,176,256
157,34,418,442,366,80,110,25,379,76,487,240
157,35,25,420,486,378,328,154,111,321,81,331
157,36,401,112,64,10,190,197,73,47,256,315
157,37,67,130,286,376,117,279,496,212,466,175
157,38,332,20,3,346,217,389,201,503,290,233
157,39,119,214,498,440,124,177,117,74,69,100
157,40,418,229,157,466,356,461,198,330,300,171
157,41,500,158,146,168,408,32,220,40,494,495
157,42,42,478,410,9,249,232,342,20,197,419
157,43,267,178,369,4,460,481,163,486,15,387
157,44,24,196,227,134,446,170,223,120,143,95
157,45,357,386,425,126,375,249,182,447,2,49
157,46,87,419,261,346,296,260,404,325,281,472
157,47,491,444,242,230,388,465,255,400,327,510
158,0,329,1,172,31,69,445,240,5,273,199
158,1,166,462,181,356,228,208,276,464,136,441
158,2,424,467,469,95,107,214,259,195,21,425
158,3,161,332,454,171,398,40,265,366,129,296
158,4,452,283,92,472,81,95,243,73,502,177
158,5,459,196,297,182,454,404,478,20,481,425
158,6,493,244,326,149,352,346,66,357,335,510
158,7,378,329,182,50,436,469,148,193,2,341
158,8,93,114,101,477,333,191,359,382,473,49
158,9,130,496,467,505,468,375,107,318,53,38
158,10,422,83,274,218,50,202,192,431,361,230
158,11,246,10,410,379,207,93,30,126,310,45
158,12,202,236,462,372,10,72,444,36,504,350
158,13,370,40,441,171,175,271,139,324,368,156
158,14,299,327,504,374,254,135,452,202,361,101
158,15,347,225,309,366,269,242,277,194,2,243
158,16,25,116,50,438,192,48,424,239,262,333
158,17,464,457,31,273,102,234,296,72,3,412
158,18,233,428,80,418,76,442,260,379,240,7
158,19,25,378,420,328,111,486,140,331,123,71
158,20,112,64,401,225,170,213,48,73,190,428
158,21,175,286,67,212,130,147,496,279,412,74
158,22,20,366,332,473,3,11,469,201,290,133
158,23,498,119,440,214,124,177,316,74,417,211
158,24,101,477,93,49,330,114,333,191,382,355
158,25,130,464,375,53,89,467,107,505,468,496
158,26,274,83,422,361,399,218,207,431,27,192
158,27,246,45,379,207,93,229,310,10,378,126
158,28,202,236,36,281,216,494,288,189,10,366
158,29,370,171,441,324,40,175,167,368,119,139
158,30,374,251,299,504,213,254,77,218,202,58
158,31,160,309,347,242,269,194,2,67,231,58
158,32,239,174,116,424,438,199,192,50,333,311
158,33,412,487,175,74,14,338,312,457,148,34
158,34,450,233,260,428,248,442,331,117,487,240
158,35,321,378,469,254,327,328,504,217,167,420
158,36,401,64,47,41,112,10,190,366,73,226
158,37,67,496,281,247,78,376,466,136,351,56
158,38,20,366,23,469,332,201,65,473,10,346
158,39,119,214,498,100,440,124,410,69,416,117
158,40,330,198,389,418,157,171,136,466,229,35
158,41,500,32,158,220,352,164,146,494,216,168
158,42,419,410,342,478,20,197,480,16,232,133
158,43,178,460,267,486,280,481,369,137,107,106
158,44,196,134,446,95,223,120,293,228,503,333
158,45,447,84,49,2,111,126,357,249,104,294
158,46,323,325,272,181,421,124,69,185,381,266
158,47,202,400,144,338,29,326,297,465,54,336
159,0,463,17,378,337,406,265,245,375,21,158
159,1,265,370,378,294,18,56,356,277,98,315
159,2,63,106,30,424,95,404,442,228,143,91
159,3,212,1,197,161,23,332,86,454,265,288
159,4,393,199,63,54,370,498,437,243,322,490
159,5,278,20,379,290,430,493,196,350,122,50
159,6,145,352,5,149,326,335,250,493,52,220
159,7,72,374,20,208,378,329,119,66,437,380
159,8,448,93,191,78,101,389,397,294,170,291
159,9,46,464,391,53,503,258,424,467,89,71
159,10,274,349,497,413,202,173,172,393,218,10
159,11,378,277,380,337,496,207,59,69,498,336
159,12,154,227,284,98,444,22,82,502,166,475
159,13,370,270,129,445,171,234,232,239,348,373
159,14,251,374,504,484,454,381,406,58,77,486
159,15,160,150,309,25,347,242,166,2,66,208
159,16,174,116,438,424,442,199,50,460,239,362
159,17,487,412,175,338,74,477,14,82,86,276
159,18,92,98,260,428,326,331,450,152,93,287
159,19,255,327,321,254,217,225,469,167,135,223
159,20,401,64,47,366,167,177,10,180,98,41
159,21,67,167,175,247,412,78,92,164,147,351
159,22,23,126,35,224,320,469,45,121,125,453
159,23,119,237,214,316,498,410,317,100,69,124
159,24,448,389,191,170,236,162,78,93,224,101
159,25,464,424,89,46,391,395,439,390,232,299
159,26,274,10,413,497,507,131,222,349,172,207
159,27,277,496,378,380,287,337,207,336,471,88
159,28,154,288,227,98,22,47,82,475,444,502
159,29,239,370,332,232,348,147,201,297,129,234
159,30,251,454,58,406,486,484,254,196,504,77
159,31,160,309,150,347,67,25,287,269,2,237
159,32,174,116,199,239,438,424,192,304,203,460
159,33,487,412,34,477,74,312,82,148,464,14
159,34,92,98,152,361,93,109,384,331,260,432
159,35,321,327,167,217,469,254,504,420,328,337
159,36,64,180,112,98,177,47,73,187,41,401
159,37,78,167,67,351,192,247,164,376,88,354
159,38,35,224,23,126,45,121,320,469,255,328
159,39,119,214,100,498,410,440,124,416,177,349
159,40,198,466,229,389,505,330,418,355,95,300
159,41,158,32,220,352,500,146,168,259,216,499
159,42,382,260,113,419,130,62,202,23,222,508
159,43,280,137,435,369,106,107,481,256,178,84
159,44,293,99,228,495,503,196,364,346,120,479
159,45,294,447,26,49,89,390,249,401,24,232
159,46,323,185,412,381,325,431,446,409,464,128
159,47,234,446,2,269,501,131,281,166,292,175
160,0,71,258,130,32,160,278,330,117,221,437
160,1,370,71,427,53,113,378,497,265,112,417
160,2,380,153,250,142,63,424,226,483,354,81
160,3,272,212,354,216,23,161,332,288,454,229
160,4,245,440,196,349,340,490,498,322,243,154
160,5,278,379,20,456,29,50,96,48,40,252
160,6,452,6,220,258,189,198,352,403,284,166
160,7,269,34,72,170,268,208,329,280,119,249
160,8,224,236,358,448,3,101,294,78,291,20
160,9,424,464,53,467,505,391,89,46,463,375
160,10,172,207,225,202,210,329,218,507,393,413
160,11,277,380,378,207,88,18,337,496,63,416
160,12,409,463,227,22,248,444,47,98,406,82
160,13,332,239,129,300,397,232,441,122,139,234
160,14,299,135,454,202,38,251,0,327,64,254
160,15,347,225,309,2,366,194,166,78,350,444
160,16,50,116,239,192,25,48,438,262,136,304
160,17,412,487,464,90,480,152,351,312,256,268
160,18,384,92,464,332,98,434,152,492,343,93
160,19,420,321,328,486,25,111,361,147,167,123
160,20,428,64,73,112,451,187,98,497,401,180
160,21,3,78,67,104,167,208,192,376,152,247
160,22,126,426,276,461,112,150,192,507,422,45
160,23,214,119,100,498,124,440,177,410,349,211
160,24,224,236,333,20,101,3,382,358,363,161
160,25,464,89,424,505,146,375,107,467,287,71
160,26,225,172,218,431,207,215,486,222,502,463
160,27,207,277,93,18,88,369,380,150,379,510
160,28,409,227,463,22,47,248,236,288,444,406
160,29,397,332,239,141,441,122,139,129,253,300
160,30,454,299,202,135,251,0,484,38,327,77
160,31,347,309,225,269,277,194,2,444,366,221
160,32,239,116,50,192,304,48,136,438,25,349
160,33,412,487,464,90,42,312,256,480,351,129
160,34,384,464,92,434,361,109,332,286,152,98
160,35,321,420,361,337,328,223,327,147,118,111
160,36,112,187,180,451,64,497,98,73,428,138
160,37,78,3,104,221,192,447,376,208,167,201
160,38,126,276,426,461,112,150,192,422,507,115
160,39,100,119,440,498,214,124,410,177,349,186
160,40,229,425,198,466,505,330,300,35,95,52
160,41,158,283,501,146,168,259,220,499,419,147
160,42,55,113,56,426,379,225,332,508,163,222
160,43,391,256,156,369,137,243,280,400,106,150
160,44,364,79,479,145,503,33,444,228,465,122
160,45,294,447,452,24,49,390,3,249,401,232
160,46,196,323,381,185,128,325,464,121,186,266
160,47,88,226,8,188,269,357,166,131,45,351
161,0,8,119,425,369,14,338,293,358,19,360
161,1,16,493,465,401,56,23,160,403,273,499
161,2,153,70,481,251,226,168,503,382,36,42
161,3,406,161,244,454,274,40,265,102,384,488
161,4,136,186,16,93,480,358,177,349,47,264
161,5,52,379,61,161,391,324,346,120,296,402
161,6,459,258,480,44,49,348,220,335,119,365
161,7,269,134,228,329,206,353,34,395,5,69
161,8,224,236,20,339,358,333,101,408,51,78
161,9,424,89,464,53,355,194,505,375,503,83
161,10,494,225,222,31,131,507,172,207,357,218
161,11,88,277,18,380,207,496,32,503,442,378
161,12,266,227,209,419,269,176,155,55,60,404
161,13,332,129,397,373,48,114,239,270,146,232
161,14,454,251,58,484,77,351,301,254,38,196
161,15,309,160,2,347,67,166,225,150,340,496
161,16,116,239,438,311,174,50,136,25,304,109
161,17,487,412,42,505,260,464,440,14,296,261
161,18,384,283,326,461,500,34,150,62,286,152
161,19,337,223,321,20,396,420,255,118,167,361
161,20,64,187,180,98,347,251,428,112,445,138
161,21,78,301,458,409,351,253,336,376,192,48
161,22,66,511,316,111,507,192,193,422,384,498
161,23,214,100,124,119,498,410,440,78,53,177
161,24,224,236,339,20,333,101,78,170,162,191
161,25,464,424,89,53,355,306,503,375,83,467
161,26,494,225,222,507,172,223,131,31,103,207
161,27,277,88,18,207,380,496,32,442,287,343
161,28,266,419,227,209,288,47,155,269,60,82
161,29,397,332,486,129,239,233,373,232,441,122
161,30,484,454,251,351,58,77,196,254,0,38
161,31,309,160,347,2,269,150,277,67,194,287
161,32,239,116,192,438,304,50,216,136,424,199
161,33,487,412,505,464,42,123,132,159,296,148
161,34,384,461,283,500,34,286,150,220,229,244
161,35,20,337,321,396,420,223,147,469,482,361
161,36,112,347,180,64,187,428,98,445,284,422
161,37,301,409,376,351,78,221,458,354,253,459
161,38,66,111,511,316,192,193,384,507,115,422
161,39,440,498,119,100,214,124,177,349,219,410
161,40,229,466,198,505,95,0,300,130,52,35
161,41,158,146,168,205,58,264,252,259,147,386
161,42,55,237,391,436,59,403,424,332,417,56
161,43,256,369,400,458,438,34,25,37,147,243
161,44,364,287,490,503,288,233,333,500,47,479
161,45,185,249,114,103,264,49,87,7,214,24
161,46,54,429,325,9,123,128,381,337,491,121
161,47,433,458,307,357,452,351,59,390,302,88
162,0,19,173,198,358,187,14,24,120,418,317
162,1,16,493,160,403,465,244,499,237,487,23
162,2,153,481,226,210,70,36,402,382,341,503
162,3,406,161,265,454,384,244,102,332,274,396
162,4,480,349,177,490,136,270,358,186,438,425
162,5,379,52,161,61,391,346,324,505,120,283
162,6,459,258,480,220,335,119,354,44,346,476
162,7,228,134,206,269,329,353,34,5,200,473
162,8,224,236,101,20,333,294,477,358,339,161
162,9,464,53,89,424,505,130,395,300,467,14
162,10,222,507,225,218,172,207,494,202,502,166
162,11,18,207,88,277,496,380,32,378,10,379
162,12,266,227,419,55,47,444,209,155,176,129
162,13,253,441,397,239,332,92,139,277,427,129
162,14,254,135,492,38,485,299,101,452,0,202
162,15,366,225,347,350,395,304,340,69,410,492
162,16,106,48,25,508,239,116,63,349,39,325
162,17,296,464,90,335,152,351,92,412,221,348
162,18,384,332,108,455,500,492,419,220,142,343
162,19,486,147,211,328,111,420,270,156,321,430
162,20,428,187,112,64,421,138,284,98,197,94
162,21,376,447,301,253,409,211,221,459,119,492
162,22,316,422,177,66,384,193,192,115,507,137
162,23,219,124,440,214,479,498,177,186,24,203
162,24,412,114,43,101,359,382,333,20,355,467
162,25,496,468,510,247,305,412,373,434,297,419
162,26,422,365,41,307,218,463,344,225,248,357
162,27,10,229,471,86,510,369,177,392,6,246
162,28,10,281,80,413,236,72,69,129,302,489
162,29,334,441,253,139,397,119,92,429,435,280
162,30,492,485,299,254,38,0,452,192,283,101
162,31,366,347,395,225,492,340,69,353,67,277
162,32,25,48,239,106,508,116,290,438,349,63
162,33,464,152,296,159,92,90,351,234,401,129
162,34,384,419,500,286,455,92,220,332,330,108
162,35,20,420,321,147,223,337,113,486,111,203
162,36,112,284,428,64,180,94,187,86,347,422
162,37,459,376,221,301,447,336,208,409,119,78
162,38,316,66,384,193,111,192,177,507,115,422
162,39,440,498,214,124,119,100,177,219,349,197
162,40,229,466,198,95,505,300,0,365,52,102
162,41,146,168,158,264,19,386,343,259,53,73
162,42,55,436,237,59,424,268,403,56,379,332
162,43,256,369,400,458,147,243,150,37,438,34
162,44,364,503,479,233,288,500,333,224,465,47
162,45,435,294,249,114,49,3,24,376,214,447
162,46,128,325,381,121,186,35,435,266,323,464
162,47,88,89,357,8,45,452,131,390,351,431
163,0,67,338,49,289,14,349,92,64,400,326
163,1,16,135,493,243,65,233,351,319,47,267
163,2,161,110,153,427,415,443,165,273,347,278
163,3,40,161,454,265,498,244,332,406,102,185
163,4,467,136,177,132,244,479,174,454,16,327
163,5,33,404,182,123,147,43,405,18,130,465
163,6,121,267,393,433,197,327,135,228,481,56
163,7,69,214,509,472,2,508,6,395,50,329
163,8,412,355,199,333,359,25,114,236,217,382
163,9,496,373,468,247,403,510,412,305,3,228
163,10,365,361,422,369,307,317,152,344,178,231
163,11,10,229,6,471,86,205,177,269,392,344
163,12,10,72,177,51,281,302,372,318,413,69
163,13,92,441,167,344,435,40,397,253,119,485
163,14,101,492,254,272,343,262,0,167,187,452
163,15,366,225,395,492,69,350,304,157,410,347
163,16,106,48,508,25,63,444,462,490,64,501
163,17,27,140,361,152,351,335,106,348,53,0
163,18,467,419,332,502,455,303,80,403,69,214
163,19,195,430,486,211,111,44,97,156,202,190
163,20,428,197,386,421,235,103,187,48,184,310
163,21,376,288,479,330,437,336,221,115,493,328
163,22,355,14,51,252,302,403,356,310,431,351
163,23,479,214,219,203,24,124,326,197,173,63
163,24,412,281,43,359,355,199,467,382,347,114
163,25,305,412,496,510,468,434,228,471,297,257
163,26,422,369,143,41,161,115,307,153,197,463
163,27,10,6,229,168,71,471,125,232,474,93
163,28,10,72,216,413,69,281,80,238,504,370
163,29,334,253,92,441,119,26,398,179,467,377
163,30,492,283,101,497,185,254,297,343,0,171
163,31,366,225,347,395,423,350,69,340,164,67
163,32,25,106,48,508,64,397,116,444,63,262
163,33,401,152,234,464,53,129,16,92,90,323
163,34,419,80,455,467,69,154,384,403,473,41
163,35,486,430,502,428,138,195,211,337,169,55
163,36,112,225,284,428,369,187,298,421,94,146
163,37,479,376,48,129,115,221,336,381,194,286
163,38,355,51,123,356,302,511,351,305,506,14
163,39,440,219,498,124,214,177,235,287,328,197
163,40,28,229,466,257,198,391,0,365,421,102
163,41,100,168,196,146,333,386,457,505,421,161
163,42,59,235,490,141,39,396,55,332,381,237
163,43,369,147,400,380,458,243,256,188,34,113
163,44,472,364,444,24,283,224,73,34,288,204
163,45,149,429,3,249,214,49,233,24,229,105
163,46,161,35,325,381,128,221,435,164,319,260
163,47,76,61,42,226,392,8,452,486,469,153
164,0,326,7,479,139,0,64,350,403,358,254
164,1,210,135,441,143,342,39,243,65,429,498
164,2,410,165,192,369,287,153,168,161,415,313
164,3,40,454,161,498,296,265,332,221,244,200
164,4,467,136,177,244,454,351,327,91,479,502
164,5,404,405,33,182,497,120,123,465,43,384
164,6,267,423,245,121,197,433,327,393,365,148
164,7,329,472,343,69,195,2,50,214,486,510
164,8,355,412,382,114,359,20,333,236,101,199
164,9,468,496,17,247,373,67,510,318,297,384
164,10,365,422,152,222,361,307,357,218,431,41
164,11,10,86,229,471,177,510,18,412,30,194
164,12,51,281,10,69,177,466,372,302,318,192
164,13,397,167,344,441,177,241,435,250,247,419
164,14,262,492,135,254,64,19,299,38,300,142
164,15,347,366,225,309,2,350,69,0,269,277
164,16,48,239,106,25,116,438,262,50,277,192
164,17,102,457,464,90,412,351,152,487,463,215
164,18,82,80,154,106,384,252,25,69,418,280
164,19,138,321,430,361,486,337,111,420,55,147
164,20,428,284,187,349,112,421,225,86,154,231
164,21,479,376,115,447,221,253,48,336,211,370
164,22,51,449,115,310,230,239,123,431,102,498
164,23,219,177,235,440,100,124,324,498,228,214
164,24,355,101,382,333,114,412,20,236,359,199
164,25,17,496,468,373,247,510,297,464,80,467
164,26,361,422,365,152,225,431,222,218,486,41
164,27,86,369,18,10,229,510,471,177,322,201
164,28,177,10,281,51,302,372,69,494,238,192
164,29,397,241,177,167,441,344,435,238,355,474
164,30,262,5,254,299,38,19,135,0,454,374
164,31,347,366,309,269,277,225,2,160,340,51
164,32,239,25,48,116,438,192,50,300,290,262
164,33,412,464,487,102,409,256,132,296,159,457
164,34,384,69,154,252,34,25,80,286,473,54
164,35,321,223,420,259,138,486,337,20,55,147
164,36,112,428,94,187,180,508,64,252,298,421
164,37,376,221,479,253,115,459,206,409,447,458
164,38,51,123,102,230,305,356,449,503,96,316
164,39,440,498,124,100,219,177,214,349,119,197
164,40,229,466,198,28,95,102,52,0,330,502
164,41,168,146,158,505,333,196,259,366,386,147
164,42,59,141,235,490,55,237,332,39,403,424
164,43,369,458,256,400,147,150,75,34,243,137
164,44,364,444,224,288,503,500,465,24,143,233
164,45,3,249,24,49,214,114,357,233,294,105
164,46,128,325,381,244,185,435,186,35,121,104
164,47,89,8,76,357,226,45,390,302,452,265
165,0,63,68,7,64,12,19,233,100,338,92
165,1,441,65,135,279,381,243,119,182,45,342
165,2,424,153,165,117,369,256,289,226,66,313
165,3,161,40,454,332,265,366,498,296,372,244
165,4,136,177,174,454,166,467,327,479,16,502
165,5,425,404,25,182,266,120,405,449,130,218
165,6,335,455,296,138,431,267,170,480,119,291
165,7,329,250,34,2,501,269,66,486,472,457
165,8,224,236,101,20,477,381,333,422,339,365
165,9,464,424,89,467,53,67,505,468,130,375
165,10,222,78,357,218,172,346,487,225,162,365
165,11,18,30,207,86,379,510,277,126,10,471
165,12,91,136,453,302,331,192,75,345,32,177
165,13,397,420,441,252,474,355,129,241,263,373
165,14,254,58,504,38,77,142,262,299,196,135
165,15,347,309,160,459,2,166,150,19,506,242
165,16,438,116,239,192,109,174,50,136,25,424
165,17,412,371,487,409,464,425,159,102,42,187
165,18,384,416,117,25,67,506,170,156,286,76
165,19,321,420,373,25,445,16,328,337,486,210
165,20,428,112,64,73,315,197,506,235,225,187
165,21,206,311,299,442,223,74,221,458,400,351
165,22,10,269,503,468,369,159,273,295,305,414
165,23,100,214,119,96,401,155,498,440,124,74
165,24,236,224,101,20,477,339,170,333,381,191
165,25,464,89,424,467,375,505,53,390,130,71
165,26,172,346,78,225,222,361,103,131,487,223
165,27,277,88,3,496,18,207,471,93,126,379
165,28,453,91,288,345,73,136,82,75,202,331
165,29,420,252,397,370,373,168,441,195,355,455
165,30,251,504,58,299,142,254,77,432,374,202
165,31,160,309,150,347,242,67,100,58,395,371
165,32,174,239,116,438,199,424,402,63,136,479
165,33,371,412,487,74,425,430,17,73,270,461
165,34,384,416,117,286,156,321,67,487,248,170
165,35,321,66,16,210,373,469,167,510,376,328
165,36,315,73,112,436,226,64,401,428,413,422
165,37,311,337,442,206,299,351,400,221,223,130
165,38,500,269,273,503,369,295,468,415,10,305
165,39,214,119,498,100,440,124,155,96,117,401
165,40,418,157,6,198,171,466,366,95,165,88
165,41,245,494,146,12,158,500,168,40,94,216
165,42,479,22,97,45,67,133,138,237,187,205
165,43,387,267,378,178,369,294,481,435,486,84
165,44,270,191,196,173,120,495,4,337,43,134
165,45,126,201,119,249,49,210,2,104,5,447
165,46,446,325,128,381,41,323,30,343,162,161
165,47,125,463,29,297,33,181,17,203,199,340
166,0,412,251,168,319,235,431,205,262,109,294
166,1,440,125,57,446,181,475,310,88,505,136
166,2,37,496,511,107,207,342,444,137,109,89
166,3,196,249,293,205,408,269,197,496,82,335
166,4,199,357,346,325,73,465,294,506,389,410
166,5,56,68,74,112,154,110,471,244,482,510
166,6,292,68,435,397,237,185,182,259,403,119
166,7,33,316,351,139,302,177,489,92,242,333
166,8,138,356,236,191,224,304,93,233,503,414
166,9,424,171,464,71,161,139,53,395,62,89
166,10,10,273,29,393,218,129,424,348,48,202
166,11,277,378,363,12,3,59,415,234,207,442
166,12,218,246,287,73,220,37,301,113,228,143
166,13,412,370,195,252,128,329,373,168,234,193
166,14,188,74,374,486,461,388,90,127,323,383
166,15,37,160,156,346,169,66,347,150,340,6
166,16,299,91,424,116,174,480,333,199,223,192
166,17,172,196,17,324,72,430,422,73,484,70
166,18,503,510,282,127,497,385,388,483,248,49
166,19,66,210,47,376,127,331,255,184,212,469
166,20,413,366,228,290,345,247,215,507,464,297
166,21,456,337,464,242,18,474,54,340,107,74
166,22,283,78,43,77,401,281,292,181,122,86
166,23,390,95,96,327,384,401,146,404,416,69
166,24,138,304,233,356,503,389,191,154,205,93
166,25,395,171,232,62,424,161,89,132,306,464
166,26,10,29,273,129,274,348,125,413,488,424
166,27,12,277,378,415,363,294,59,3,471,206
166,28,246,288,228,220,218,143,37,113,475,459
166,29,370,128,195,412,102,168,252,220,52,329
166,30,486,388,74,188,323,90,69,140,92,374
166,31,160,37,6,226,150,306,66,346,375,58
166,32,174,424,299,438,129,225,223,470,116,108
166,33,17,343,324,196,172,484,430,422,73,267
166,34,503,497,127,510,483,282,85,385,248,49
166,35,14,127,383,212,289,66,225,234,63,47
166,36,228,413,366,215,247,58,290,423,335,167
166,37,337,464,456,18,287,91,242,474,107,54
166,38,283,43,78,292,77,281,401,181,86,264
166,39,390,416,95,498,511,316,146,119,440,260
166,40,471,244,407,397,203,222,186,215,59,423
166,41,435,385,226,484,434,94,149,67,146,180
166,42,287,476,428,123,301,472,119,365,303,322
166,43,207,509,217,377,87,475,142,180,2,393
166,44,189,158,51,440,43,4,276,54,471,196
166,45,406,282,48,365,332,477,359,510,295,22
166,46,469,77,239,141,25,147,351,504,125,315
166,47,142,280,11,222,329,1,424,204,369,390
167,0,34,173,272,458,19,233,473,384,416,470
167,1,209,123,128,130,242,157,60,225,303,175
167,2,321,286,405,87,304,399,503,311,333,171
167,3,13,29,384,507,426,459,274,450,265,249
167,4,324,24,199,428,292,507,14,296,399,130
167,5,257,187,509,11,346,5,112,391,26,136
167,6,272,179,235,22,309,285,78,234,142,208
167,7,181,492,220,174,442,333,154,120,357,5
167,8,116,230,471,111,241,402,330,189,442,470
167,9,471,232,39,45,34,299,167,132,185,139
167,10,349,65,410,497,10,84,269,31,216,77
167,11,288,337,77,76,378,390,243,468,99,59
167,12,206,252,340,510,495,4,14,475,218,432
167,13,116,9,34,261,415,31,234,201,42,348
167,14,20,124,486,381,450,275,65,127,461,448
167,15,375,6,150,66,58,226,160,178,346,156
167,16,174,90,424,129,203,368,470,231,438,459
167,17,246,276,422,81,321,196,338,145,410,82
167,18,324,307,85,326,386,381,248,340,219,125
167,19,110,255,127,51,36,67,408,47,407,234
167,20,366,124,47,413,345,215,167,507,335,325
167,21,337,320,384,91,340,466,287,163,414,76
167,22,181,358,59,292,401,386,339,373,225,40
167,23,146,416,95,69,390,327,402,155,316,237
167,24,116,230,471,189,111,389,241,470,151,442
167,25,232,34,45,471,167,39,299,439,395,89
167,26,65,349,410,10,46,180,77,92,84,507
167,27,288,99,337,243,76,59,378,77,390,339
167,28,288,206,228,252,475,340,432,510,495,324
167,29,34,9,348,147,234,415,261,157,160,105
167,30,486,20,124,319,65,349,450,69,254,334
167,31,150,160,226,6,70,306,309,66,58,347
167,32,174,438,90,116,424,470,203,108,442,265
167,33,321,246,81,422,276,82,34,196,410,163
167,34,324,307,85,386,125,381,219,391,109,96
167,35,110,14,234,289,127,469,175,67,36,217
167,36,215,413,124,366,58,335,47,41,5,325
167,37,337,287,384,91,76,320,33,163,414,340
167,38,358,181,292,339,401,386,59,373,225,40
167,39,416,498,511,146,390,316,69,95,440,486
167,40,203,407,244,215,222,227,198,423,146,171
167,41,435,94,151,434,414,67,494,358,180,484
167,42,190,303,428,119,123,62,16,472,91,351
167,43,509,217,142,15,92,475,267,207,486,178
167,44,440,189,4,143,158,227,225,196,124,43
167,45,477,510,273,282,295,357,249,406,131,171
167,46,41,162,504,303,125,142,325,274,315,404
167,47,203,360,1,329,458,424,452,164,450,80
168,0,228,274,4,156,162,356,306,294,3,200
168,1,172,209,130,475,198,310,0,336,253,136
168,2,41,304,405,277,423,377,81,199,87,326
168,3,13,426,29,399,246,341,150,507,381,282
168,4,212,223,370,199,24,322,367,157,304,249
168,5,257,93,5,188,11,442,463,339,416,187
168,6,493,125,272,310,284,425,19,309,162,31
168,7,492,327,357,202,220,93,181,94,396,333
168,8,230,471,93,497,241,330,402,361,189,294
168,9,464,89,45,395,443,467,39,505,204,232
168,10,65,410,24,84,180,207,202,218,334,66
168,11,339,378,379,77,428,288,471,207,340,126
168,12,510,234,317,206,80,324,363,272,203,82
168,13,261,415,34,234,9,55,160,116,147,351
168,14,20,319,124,492,192,33,135,317,38,334
168,15,347,309,160,2,166,150,277,269,193,272
168,16,116,90,192,424,174,25,91,438,50,199
168,17,137,464,294,86,321,234,296,202,246,334
168,18,137,386,324,307,85,96,358,125,37,326
168,19,234,110,106,420,207,36,67,280,408,113
168,20,64,112,169,124,325,486,507,215,413,146
168,21,287,91,376,337,384,329,130,147,320,116
168,22,401,472,181,77,343,435,59,339,373,78
168,23,214,177,440,498,119,219,349,203,124,252
168,24,93,101,230,114,333,477,471,497,33,267
168,25,464,467,89,505,107,53,375,395,206,96
168,26,410,65,2,180,422,413,399,46,84,202
168,27,45,378,340,379,207,126,471,288,343,277
168,28,288,324,234,445,80,73,261,510,206,317
168,29,34,160,370,441,261,415,60,351,55,234
168,30,319,317,124,38,135,254,202,492,20,251
168,31,309,347,277,160,366,269,2,272,194,505
168,32,116,192,25,438,48,50,90,239,424,136
168,33,137,464,202,90,82,132,276,256,296,321
168,34,358,375,324,307,137,85,468,361,386,164
168,35,420,234,110,233,350,106,113,36,280,203
168,36,169,64,112,146,21,486,110,375,136,421
168,37,287,376,261,384,329,337,147,91,130,163
168,38,472,343,401,181,339,77,373,281,59,381
168,39,177,219,287,290,324,203,440,197,235,328
168,40,229,48,52,386,102,466,300,194,423,339
168,41,366,54,185,149,161,455,168,146,401,172
168,42,428,119,62,16,303,194,369,85,261,287
168,43,393,165,475,495,142,188,237,147,369,253
168,44,451,440,124,189,158,4,143,300,227,419
168,45,477,178,295,510,273,357,406,191,409,249
168,46,162,504,274,71,125,142,325,303,493,128
168,47,80,1,329,39,152,222,175,424,450,390
169,0,188,485,286,123,222,324,80,203,472,387
169,1,172,434,437,261,209,225,130,336,162,489
169,2,457,135,436,321,377,286,304,159,81,171
169,3,342,35,290,219,86,507,51,255,13,365
169,4,191,168,431,292,184,370,278,322,113,434
169,5,75,11,112,340,180,487,399,257,442,187
169,6,272,151,310,285,359,142,162,441,498,234
169,7,437,295,174,492,333,357,175,220,275,208
169,8,230,162,119,116,492,241,497,189,151,310
169,9,145,293,208,395,349,232,54,191,154,129
169,10,469,488,126,92,65,504,119,24,77,14
169,11,451,379,371,17,189,501,200,197,59,192
169,12,377,438,312,510,470,480,257,178,103,317
169,13,390,415,105,116,121,261,234,193,431,509
169,14,486,127,461,231,305,506,243,162,268,94
169,15,346,178,6,289,375,306,199,347,209,156
169,16,480,424,231,199,299,91,26,133,283,23
169,17,296,381,422,410,285,84,467,273,355,243
169,18,241,331,306,260,307,109,444,219,38,58
169,19,469,286,47,225,388,356,349,14,9,255
169,20,345,5,58,448,366,124,434,214,75,467
169,21,136,239,340,147,281,56,28,305,40,86
169,22,65,255,125,186,39,494,179,373,469,225
169,23,498,316,238,372,354,398,242,440,511,486
169,24,477,191,389,151,230,101,497,189,11,414
169,25,395,301,129,130,111,89,40,511,508,145
169,26,488,280,119,92,65,506,10,46,425,77
169,27,273,78,379,36,471,17,86,258,371,250
169,28,288,438,459,312,48,228,80,470,113,73
169,29,415,34,105,370,9,508,261,46,115,387
169,30,486,461,127,69,20,349,254,427,305,160
169,31,6,306,226,309,347,375,209,410,37,150
169,32,90,174,283,231,35,438,223,203,224,116
169,33,276,410,321,81,422,163,355,296,381,74
169,34,306,241,219,419,307,331,58,109,444,324
169,35,14,273,286,456,332,175,51,469,177,67
169,36,5,366,124,58,448,177,41,214,75,167
169,37,136,239,281,305,78,56,67,40,28,164
169,38,255,125,186,65,469,225,494,373,179,39
169,39,498,316,416,440,511,238,398,124,354,53
169,40,203,498,198,146,215,171,136,323,227,330
169,41,151,358,414,49,418,494,220,216,243,145
169,42,16,448,482,304,355,20,480,342,123,114
169,43,267,92,15,486,178,93,369,255,481,416
169,44,237,55,473,372,136,54,446,212,272,280
169,45,230,470,454,104,84,189,290,351,70,2
169,46,181,392,66,57,214,199,378,322,185,390
169,47,202,320,337,336,326,480,492,54,270,31
170,0,384,378,34,138,190,427,463,316,288,282
170,1,203,102,18,209,293,130,483,420,280,378
170,2,495,436,451,321,30,377,333,310,38,367
170,3,1,13,342,505,175,507,86,35,290,450
170,4,399,311,168,54,393,292,184,431,468,460
170,5,160,133,391,290,487,430,11,493,112,20
170,6,255,498,142,250,73,151,272,47,310,441
170,7,168,374,295,322,437,208,275,333,154,117
170,8,230,420,311,402,419,241,162,471,151,116
170,9,232,145,39,471,100,204,208,349,168,457
170,10,425,65,410,77,24,488,84,490,92,269
170,11,481,76,288,77,337,59,115,428,339,390
170,12,401,312,313,154,495,438,98,227,252,481
170,13,9,415,261,116,348,201,105,390,121,234
170,14,20,275,334,192,486,132,461,43,124,450
170,15,375,6,346,178,150,58,226,66,306,209
170,16,174,424,90,203,231,129,199,438,470,224
170,17,81,145,276,321,296,39,410,286,156,460
170,18,395,331,306,241,219,326,307,324,224,287
170,19,110,255,51,175,67,273,332,469,36,47
170,20,124,5,511,345,167,93,366,47,13,177
170,21,305,56,136,281,239,40,164,198,86,340
170,22,429,255,186,125,469,225,424,224,121,320
170,23,316,511,402,453,398,498,238,416,486,237
170,24,230,151,482,420,389,311,116,275,487,189
170,25,395,232,145,89,471,39,129,439,206,262
170,26,410,65,10,46,425,180,488,77,507,24
170,27,76,288,168,337,287,339,340,59,77,343
170,28,312,288,401,154,313,438,495,228,47,445
170,29,415,9,34,348,105,147,261,234,60,427
170,30,20,461,349,334,192,486,254,124,448,305
170,31,37,6,150,309,347,209,346,160,302,25
170,32,470,174,424,90,223,283,224,368,438,231
170,33,81,296,410,321,355,285,276,145,460,442
170,34,306,331,395,219,241,58,307,199,361,224
170,35,110,286,456,469,332,14,175,67,273,36
170,36,5,214,75,58,93,511,124,41,177,112
170,37,305,78,56,281,40,164,239,136,28,354
170,38,429,186,125,424,469,255,224,225,121,65
170,39,498,316,440,416,398,511,124,354,238,119
170,40,198,146,498,330,203,227,505,223,171,136
170,41,151,358,414,494,49,168,216,220,418,438
170,42,137,114,139,482,448,394,355,304,177,62
170,43,267,15,486,92,178,369,93,255,481,104
170,44,55,237,28,372,473,212,54,280,446,272
170,45,230,470,454,104,290,189,70,351,401,84
170,46,214,392,336,57,322,199,390,185,325,193
170,47,270,480,336,31,54,298,320,349,492,326
171,0,98,401,270,62,427,316,99,9,474,176
171,1,240,62,293,304,34,366,287,483,420,292
171,2,263,360,436,439,310,491,185,418,451,393
171,3,168,265,161,507,332,412,406,454,451,297
171,4,308,96,67,177,299,166,38,136,41,117
171,5,458,131,487,485,425,120,505,25,357,280
171,6,383,73,42,255,264,335,495,142,471,113
171,7,86,108,219,43,329,501,41,427,245,154
171,8,101,477,482,311,201,402,361,230,189,349
171,9,77,89,145,301,349,395,168,497,375,467
171,10,215,488,380,37,65,425,77,410,490,119
171,11,379,481,428,115,343,78,76,425,471,194
171,12,303,48,307,223,502,401,286,120,462,426
171,13,415,467,9,457,100,370,261,292,55,105
171,14,461,254,275,196,162,213,396,351,18,34
171,15,6,309,347,346,150,156,160,410,209,340
171,16,116,283,174,90,325,424,35,438,199,25
171,17,296,187,81,410,214,39,197,505,464,286
171,18,246,168,341,326,58,395,373,241,84,306
171,19,308,469,175,255,223,67,332,51,292,396
171,20,445,136,214,112,124,64,41,167,58,93
171,21,354,268,502,470,419,312,208,376,78,11
171,22,435,499,349,253,434,444,374,17,242,52
171,23,498,316,124,440,238,398,410,53,24,214
171,24,101,477,482,215,402,201,311,330,151,59
171,25,89,77,145,395,301,375,232,107,54,168
171,26,410,65,29,215,2,488,77,380,425,282
171,27,428,379,481,53,205,36,471,287,131,115
171,28,288,303,48,307,286,107,223,350,426,502
171,29,415,370,9,55,261,105,467,234,100,147
171,30,254,351,461,162,213,486,164,20,196,275
171,31,309,347,160,6,410,209,150,427,302,496
171,32,283,116,438,174,90,223,424,35,325,368
171,33,187,410,81,296,214,74,39,123,156,197
171,34,246,341,58,168,122,373,361,84,414,326
171,35,308,67,469,33,327,223,332,286,62,51
171,36,445,136,214,64,41,112,124,140,122,58
171,37,354,268,502,470,419,78,208,119,292,376
171,38,349,253,499,435,444,17,434,52,441,328
171,39,498,124,440,316,53,410,398,453,349,219
171,40,198,505,0,223,95,330,102,156,43,500
171,41,168,499,175,259,220,146,170,19,475,147
171,42,362,62,268,491,23,216,78,379,508,261
171,43,280,369,106,256,149,427,49,458,137,107
171,44,220,224,346,364,492,479,127,181,273,465
171,45,447,401,33,249,49,3,232,390,143,26
171,46,323,185,325,464,218,128,390,381,329,431
171,47,292,234,458,175,39,131,269,390,452,9
172,0,46,160,330,306,2,219,79,218,375,3
172,1,71,483,112,447,323,492,148,455,412,275
172,2,10,101,277,189,266,67,488,330,143,81
172,3,510,216,161,265,332,297,500,231,469,87
172,4,417,495,499,41,359,177,430,457,439,447
172,5,258,373,273,352,425,25,266,280,230,463
172,6,476,198,335,354,136,396,395,383,284,500
172,7,231,170,329,7,243,8,334,437,498,118
172,8,101,307,477,6,473,370,361,325,230,482
172,9,89,375,395,467,468,130,511,464,505,154
172,10,119,60,215,37,507,207,100,65,280,438
172,11,379,10,471,36,436,339,428,78,126,378
172,12,351,463,47,484,80,457,502,504,272,409
172,13,415,441,457,119,427,261,71,487,486,338
172,14,254,33,275,461,319,492,38,205,192,135
172,15,347,309,366,340,160,277,269,181,156,122
172,16,48,25,116,91,90,192,438,333,174,424
172,17,464,137,187,86,296,273,194,374,256,297
172,18,137,434,213,108,284,308,90,358,181,330
172,19,486,364,36,223,110,420,92,308,123,388
172,20,64,112,138,94,428,56,146,86,170,421
172,21,154,376,271,119,208,419,211,447,162,32
172,22,150,479,374,192,177,435,507,276,48,422
172,23,440,124,498,219,214,316,119,177,349,78
172,24,101,477,114,155,191,307,359,93,161,422
172,25,395,375,89,468,496,443,107,53,467,306
172,26,422,280,153,60,84,279,119,207,77,507
172,27,471,10,258,78,379,36,444,366,201,436
172,28,489,288,48,80,351,73,463,72,192,281
172,29,457,415,370,441,71,103,261,508,55,445
172,30,254,461,319,205,486,351,492,162,275,160
172,31,347,309,160,340,277,366,269,410,506,2
172,32,438,116,25,174,48,90,91,424,192,333
172,33,187,296,410,464,81,256,148,74,378,276
172,34,434,213,361,419,330,58,92,246,373,472
172,35,223,444,327,469,483,308,262,337,486,420
172,36,64,41,214,112,508,94,138,180,75,192
172,37,271,154,119,208,459,376,58,447,354,78
172,38,479,374,150,435,177,192,48,441,507,422
172,39,124,440,498,410,316,349,53,453,219,119
172,40,198,229,223,102,95,0,43,466,330,485
172,41,264,168,499,146,19,170,259,220,421,303
172,42,403,379,268,508,23,113,424,163,222,95
172,43,369,280,256,458,149,49,147,106,137,286
172,44,374,364,224,479,346,492,465,273,181,247
172,45,447,114,249,3,401,49,26,232,390,104
172,46,455,323,325,464,128,431,381,185,390,121
172,47,166,269,88,131,8,357,45,390,226,89
173,0,360,173,392,184,19,386,272,338,293,242
173,1,405,237,403,179,65,160,499,182,251,483
173,2,210,226,36,371,251,481,382,134,503,205
173,3,161,265,454,406,332,297,40,396,185,244
173,4,177,136,38,299,166,174,264,2,327,216
173,5,346,25,425,161,324,357,266,505,120,61
173,6,335,476,365,354,312,459,291,136,396,44
173,7,329,206,219,228,71,353,156,108,200,365
173,8,101,477,307,331,482,201,20,61,370,230
173,9,89,467,375,129,301,107,208,505,285,154
173,10,215,87,60,119,488,282,145,37,24,103
173,11,379,428,471,503,53,131,126,370,78,425
173,12,155,404,48,327,266,355,372,457,369,462
173,13,467,457,370,71,415,292,509,100,499,441
173,14,254,461,213,351,162,275,396,18,196,327
173,15,309,347,427,160,25,277,506,150,2,464
173,16,116,174,90,438,283,35,325,424,25,192
173,17,187,296,410,81,505,464,256,0,197,261
173,18,500,283,34,229,213,326,220,482,165,381
173,19,223,308,82,482,252,469,316,175,123,420
173,20,445,112,64,347,138,214,508,298,94,18
173,21,154,253,354,409,119,301,447,376,271,206
173,22,193,316,422,111,435,384,507,66,177,115
173,23,498,440,78,124,316,407,214,199,349,238
173,24,101,477,331,307,20,61,422,402,155,207
173,25,89,375,107,145,395,301,306,285,208,83
173,26,215,119,87,60,29,361,236,92,305,162
173,27,428,379,131,53,36,436,471,126,78,503
173,28,155,404,327,288,48,372,107,494,369,281
173,29,467,370,415,241,457,167,246,55,441,100
173,30,254,213,461,162,351,142,34,345,196,5
173,31,309,347,160,427,410,209,302,464,6,496
173,32,116,283,438,174,90,424,223,325,25,368
173,33,187,296,74,505,409,410,81,123,378,256
173,34,500,229,34,482,283,437,213,165,381,220
173,35,223,482,308,82,469,20,483,286,373,486
173,36,445,64,112,214,508,347,41,94,315,138
173,37,154,301,11,354,253,409,119,206,311,459
173,38,316,193,384,435,111,66,422,177,507,419
173,39,440,498,124,410,219,349,78,316,53,407
173,40,198,95,102,229,0,505,330,466,223,421
173,41,168,264,146,289,499,259,170,147,2,19
173,42,403,237,436,59,424,222,389,235,95,141
173,43,369,256,458,280,149,49,106,438,400,147
173,44,364,224,339,465,479,500,288,492,47,273
173,45,3,435,114,249,193,447,49,214,104,401
173,46,325,128,381,431,464,121,185,323,244,390
173,47,89,357,88,45,269,8,166,390,226,131
174,0,20,234,46,338,360,188,111,358,87,150
174,1,179,405,182,135,483,264,71,491,161,237
174,2,251,101,226,363,10,457,494,135,24,215
174,3,35,161,52,332,288,216,397,265,454,488
174,4,495,128,340,499,314,237,349,58,431,177
174,5,399,215,273,266,373,172,270,296,425,25
174,6,291,119,335,74,24,136,138,431,296,480
174,7,176,329,82,175,119,390,34,261,274,437
174,8,101,307,477,230,61,277,317,217,505,370
174,9,89,467,375,242,464,130,107,154,505,389
174,10,102,60,215,487,84,119,346,37,65,408
174,11,379,471,428,126,78,36,416,10,77,366
174,12,7,221,457,48,271,343,252,453,355,75
174,13,457,71,241,415,370,355,499,441,422,137
174,14,461,254,275,196,401,160,94,396,509,424
174,15,347,309,160,340,156,150,506,37,325,193
174,16,174,91,116,283,480,424,90,192,299,223
174,17,187,371,296,409,410,464,118,86,256,137
174,18,416,156,304,213,67,117,326,216,321,381
174,19,469,308,36,286,373,364,388,420,71,486
174,20,297,315,112,506,124,436,214,252,345,226
174,21,400,206,345,442,311,354,74,154,11,417
174,22,163,435,269,432,295,468,273,495,500,369
174,23,401,155,81,498,96,316,440,74,124,404
174,24,477,101,307,505,230,389,61,191,155,402
174,25,395,89,447,208,232,389,375,54,63,306
174,26,65,29,2,60,102,77,10,119,84,488
174,27,379,471,428,36,366,126,59,78,194,3
174,28,288,453,7,107,462,75,91,48,345,174
174,29,370,415,9,55,100,304,225,222,246,420
174,30,504,486,461,183,254,213,142,374,293,69
174,31,160,6,150,209,309,58,306,237,66,427
174,32,174,438,203,306,227,35,90,283,224,459
174,33,74,371,172,461,81,410,118,175,383,199
174,34,156,416,117,321,67,248,394,505,487,76
174,35,469,445,373,510,16,184,14,66,51,210
174,36,41,124,436,2,58,315,297,226,75,366
174,37,345,311,442,400,199,206,337,354,11,351
174,38,163,273,269,468,295,500,495,415,136,435
174,39,316,53,81,124,498,401,155,238,96,69
174,40,482,6,198,171,157,227,366,136,223,165
174,41,494,12,245,380,500,171,259,475,168,94
174,42,22,479,97,257,67,45,138,267,71,133
174,43,378,486,94,15,294,420,178,267,181,369
174,44,474,173,294,270,472,191,374,495,4,447
174,45,119,103,104,126,201,297,149,132,456,213
174,46,446,325,499,248,53,164,185,161,128,381
174,47,125,29,33,17,463,181,372,126,61,12
175,0,412,251,168,319,235,431,205,109,294,371
175,1,440,125,57,475,446,310,216,323,191,136
175,2,496,511,137,37,436,444,107,308,207,109
175,3,196,249,293,269,305,205,82,335,223,150
175,4,346,357,199,325,73,294,344,465,423,389
175,5,56,68,74,112,110,482,154,471,510,185
175,6,68,397,435,237,292,291,259,255,182,168
175,7,33,139,316,302,177,351,489,276,333,92
175,8,138,402,230,471,356,304,482,189,389,330
175,9,471,232,62,161,132,439,497,100,206,171
175,10,65,2,425,77,10,24,29,410,84,92
175,11,428,59,481,115,468,363,3,390,238,415
175,12,218,246,113,287,301,475,220,37,96,228
175,13,370,9,304,415,195,372,412,234,499,225
175,14,486,74,175,388,275,45,461,90,188,323
175,15,375,66,6,58,150,306,237,160,226,346
175,16,90,174,35,424,129,438,148,224,338,368
175,17,172,430,196,73,70,17,81,422,39,267
175,18,503,282,127,510,483,248,497,385,388,49
175,19,210,66,47,255,289,376,184,177,225,14
175,20,413,366,345,228,215,290,507,47,464,124
175,21,337,464,18,474,242,456,340,54,107,147
175,22,283,78,43,470,77,401,292,281,122,181
175,23,390,95,327,416,69,384,146,363,425,163
175,24,138,304,233,356,503,389,154,189,230,471
175,25,232,471,62,171,299,161,89,132,210,122
175,26,65,10,2,29,273,129,77,348,125,220
175,27,363,415,59,390,206,3,428,12,294,468
175,28,246,288,228,220,113,218,475,37,143,287
175,29,195,412,370,128,304,372,336,415,225,252
175,30,486,69,388,74,323,188,175,45,90,293
175,31,226,375,6,306,66,128,58,237,160,209
175,32,174,148,26,108,438,459,227,442,368,470
175,33,172,196,324,17,430,484,343,422,73,267
175,34,503,127,510,497,483,282,49,248,385,386
175,35,14,212,289,225,207,383,66,59,255,469
175,36,215,413,228,366,290,58,15,167,335,423
175,37,464,287,18,337,456,91,340,474,147,33
175,38,283,78,43,77,401,181,281,470,264,86
175,39,390,416,146,95,238,511,69,260,354,316
175,40,407,203,244,59,186,471,397,222,215,357
175,41,435,226,434,94,385,67,484,145,445,304
175,42,365,428,287,119,476,123,472,303,301,457
175,43,217,207,509,2,377,87,180,15,92,185
175,44,189,51,158,440,43,4,276,471,54,405
175,45,282,22,406,48,365,332,34,359,459,232
175,46,25,469,77,239,372,141,147,351,504,64
175,47,142,280,204,11,222,424,254,1,329,369
176,0,435,315,114,395,351,249,90,333,109,20
176,1,130,32,74,128,505,235,97,51,383,88
176,2,89,475,357,4,295,37,0,27,372,171
176,3,249,205,305,269,293,408,182,496,82,335
176,4,325,465,28,156,506,410,389,252,222,423
176,5,482,468,292,112,263,236,185,100,98,471
176,6,164,185,13,505,165,394,112,233,468,237
176,7,141,489,158,242,191,425,316,199,173,333
176,8,19,87,356,191,503,35,335,11,132,449
176,9,161,132,171,214,232,111,37,502,68,346
176,10,10,348,432,240,488,125,97,48,393,129
176,11,163,371,154,234,294,422,415,273,84,500
176,12,288,459,37,228,246,475,253,390,113,9
176,13,387,128,286,52,329,412,385,426,102,273
176,14,486,90,127,138,212,335,69,117,92,506
176,15,375,6,346,494,178,486,289,199,209,426
176,16,441,23,278,299,26,272,391,140,129,243
176,17,372,422,324,499,172,467,72,196,166,389
176,18,471,49,510,127,483,42,264,184,497,248
176,19,47,212,66,63,14,174,376,383,210,289
176,20,507,366,228,413,15,290,215,464,457,345
176,21,340,464,18,474,54,242,337,100,33,287
176,22,77,293,78,223,30,81,41,264,86,345
176,23,390,163,146,95,363,416,327,260,425,242
176,24,87,503,356,389,335,35,304,233,138,189
176,25,161,132,232,111,214,171,346,37,299,502
176,26,348,10,488,424,335,48,125,129,273,432
176,27,273,294,250,422,48,12,206,234,154,415
176,28,459,288,228,113,246,37,220,9,390,217
176,29,128,387,426,52,195,102,412,22,286,115
176,30,486,69,90,127,188,427,388,74,92,80
176,31,6,306,375,226,178,128,494,209,346,486
176,32,26,23,278,441,299,51,174,231,368,129
176,33,422,324,172,196,484,372,267,343,499,17
176,34,471,127,510,49,42,483,497,503,184,386
176,35,212,14,225,383,207,289,47,255,174,63
176,36,228,366,413,15,215,507,290,167,58,247
176,37,464,18,337,340,33,287,474,54,91,100
176,38,293,78,77,264,81,30,86,223,181,41
176,39,390,416,146,260,238,511,95,69,363,316
176,40,407,203,244,471,186,397,59,323,215,357
176,41,226,435,434,385,94,445,67,304,145,414
176,42,287,301,428,476,123,472,87,119,393,322
176,43,217,207,509,180,377,2,185,87,92,506
176,44,189,440,158,51,43,277,276,4,405,471
176,45,34,406,282,479,48,365,359,28,265,280
176,46,77,469,239,256,171,372,388,188,141,504
176,47,280,142,11,272,424,85,78,451,329,218
177,0,485,384,138,470,103,316,282,342,44,310
177,1,130,209,157,152,60,225,434,128,123,38
177,2,89,286,87,171,308,405,393,280,436,321
177,3,342,249,505,403,175,507,405,150,205,293
177,4,168,292,184,198,222,367,399,51,37,431
177,5,487,420,11,187,112,160,20,259,71,5
177,6,234,112,285,179,47,272,63,233,498,329
177,7,174,95,168,357,333,117,220,322,437,438
177,8,116,151,162,87,470,449,414,316,279,191
177,9,232,132,395,140,502,208,145,393,360,214
177,10,349,488,350,92,5,481,10,429,240,46
177,11,17,154,337,234,425,59,163,238,371,268
177,12,312,253,475,251,470,401,182,459,288,313
177,13,286,121,42,31,105,6,147,431,201,255
177,14,486,127,461,450,69,34,340,383,305,425
177,15,375,6,178,346,209,226,306,150,25,486
177,16,441,299,129,424,368,174,231,283,438,130
177,17,422,276,72,81,467,296,372,410,431,196
177,18,319,306,109,287,58,444,185,219,331,241
177,19,207,47,255,225,14,263,456,80,273,452
177,20,5,167,366,345,15,47,441,58,457,75
177,21,305,56,340,40,116,28,86,54,281,266
177,22,125,225,255,59,424,373,186,429,469,485
177,23,398,511,416,154,316,498,486,176,402,242
177,24,162,151,389,116,191,470,189,87,449,482
177,25,232,395,132,145,140,349,393,89,301,502
177,26,488,46,349,10,92,173,77,5,424,467
177,27,17,337,154,234,277,59,78,288,63,189
177,28,312,401,228,470,288,251,253,475,313,459
177,29,286,147,42,348,6,105,121,201,31,234
177,30,486,127,461,69,450,366,20,294,319,132
177,31,6,375,226,209,306,346,150,178,25,271
177,32,174,299,438,424,368,283,108,26,231,442
177,33,422,276,81,410,79,72,381,196,460,296
177,34,306,58,109,319,219,241,331,444,199,287
177,35,14,207,286,456,217,175,332,469,255,47
177,36,5,58,366,167,75,214,93,41,177,441
177,37,305,78,56,116,40,28,340,281,86,33
177,38,125,255,373,186,225,469,424,429,59,65
177,39,416,498,511,316,398,238,354,440,53,486
177,40,330,498,203,171,482,136,323,505,198,223
177,41,151,414,358,243,220,49,494,424,304,145
177,42,394,137,304,139,482,114,355,123,448,177
177,43,92,486,15,267,178,255,93,185,481,71
177,44,372,55,237,54,28,212,280,473,446,186
177,45,454,230,470,189,104,290,70,381,351,84
177,46,214,336,392,199,322,504,57,185,390,193
177,47,458,360,31,480,270,336,320,298,349,54
178,0,188,234,79,123,485,282,277,149,286,495
178,1,209,261,437,130,272,123,338,303,397,157
178,2,135,436,495,89,286,393,280,405,457,308
178,3,342,35,205,74,388,403,255,266,463,175
178,4,168,431,184,292,278,191,306,322,37,439
178,5,487,187,160,75,420,11,112,20,352,259
178,6,112,125,285,234,47,498,151,63,80,272
178,7,437,295,357,117,168,438,118,8,174,95
178,8,497,151,191,162,361,325,359,449,132,414
178,9,395,111,132,208,145,154,360,398,130,140
178,10,488,280,92,119,202,46,126,211,456,298
178,11,78,197,371,273,63,234,366,127,9,511
178,12,470,312,438,510,80,459,82,317,73,253
178,13,385,35,423,311,411,50,286,119,250,387
178,14,127,160,461,486,383,94,396,105,243,231
178,15,169,346,347,309,160,209,22,193,37,185
178,16,91,333,480,299,199,23,223,25,424,405
178,17,381,72,378,61,499,84,68,422,305,467
178,18,179,284,272,291,419,308,347,316,468,181
178,19,145,434,225,356,388,26,469,129,64,313
178,20,56,407,15,170,112,109,258,344,346,55
178,21,70,376,155,379,288,243,275,142,338,428
178,22,125,373,424,186,255,97,485,458,456,429
178,23,498,316,440,124,238,177,214,338,73,349
178,24,477,283,191,155,422,101,11,175,509,496
178,25,111,395,360,443,130,89,376,501,375,361
178,26,424,280,119,296,279,211,456,488,506,365
178,27,78,9,86,258,197,273,126,201,371,250
178,28,459,48,288,80,150,11,113,290,192,73
178,29,457,385,364,435,387,311,423,356,119,463
178,30,160,461,233,383,127,396,212,486,105,254
178,31,347,37,309,169,346,209,156,100,283,269
178,32,480,91,223,23,299,174,424,25,479,399
178,33,50,105,422,499,305,372,410,296,464,72
178,34,419,179,347,444,58,306,350,241,199,239
178,35,426,388,207,420,234,434,14,469,92,286
178,36,214,5,112,56,15,93,75,109,64,441
178,37,305,56,40,116,78,376,239,28,54,281
178,38,125,186,255,373,469,424,429,225,494,65
178,39,498,440,316,124,382,445,238,177,214,349
178,40,229,146,136,423,171,223,198,450,330,107
178,41,499,168,151,243,414,358,170,424,418,494
178,42,394,137,482,114,304,448,139,355,177,123
178,43,486,92,267,15,369,255,178,93,49,475
178,44,55,372,237,28,54,212,473,280,446,186
178,45,454,470,230,104,189,290,70,351,401,381
178,46,214,336,392,199,322,57,185,390,193,252
178,47,270,31,480,320,336,298,349,492,54,326
179,0,316,459,384,98,427,401,470,10,79,99
179,1,62,304,240,130,483,293,209,287,34,420
179,2,436,263,185,393,449,310,280,439,405,411
179,3,274,507,342,174,168,450,150,496,405,183
179,4,67,485,168,184,299,96,308,460,386,488
179,5,82,485,487,187,505,112,131,470,202,81
179,6,368,234,73,47,42,112,498,495,142,113
179,7,86,95,117,43,14,154,438,333,281,196
179,8,162,151,256,349,311,316,482,201,389,372
179,9,132,232,77,457,395,145,497,208,131,140
179,10,488,92,380,490,325,481,350,135,37,46
179,11,277,17,344,337,481,63,59,425,154,405
179,12,223,198,120,401,251,303,370,227,48,15
179,13,201,105,176,193,147,121,480,286,255,48
179,14,127,486,461,201,34,237,450,207,334,430
179,15,375,6,150,178,472,254,209,346,212,25
179,16,129,424,368,231,224,299,438,174,35,3
179,17,81,156,276,410,505,296,313,422,460,359
179,18,490,58,84,306,444,199,168,241,246,227
179,19,207,263,255,396,47,110,225,332,469,14
179,20,167,91,366,122,318,345,339,47,136,93
179,21,268,78,116,88,86,470,340,266,164,199
179,22,160,52,225,499,404,28,215,306,253,23
179,23,410,154,290,498,237,416,398,316,507,511
179,24,275,162,151,389,189,482,191,349,361,477
179,25,232,439,89,395,457,443,393,77,424,132
179,26,46,92,10,488,173,29,507,270,490,77
179,27,277,337,59,17,154,73,287,234,343,63
179,28,223,198,288,303,251,228,395,286,502,120
179,29,147,286,105,427,48,234,348,201,336,6
179,30,486,127,319,20,461,334,192,365,254,132
179,31,6,226,375,150,347,306,237,37,160,209
179,32,424,174,223,299,438,116,470,35,283,442
179,33,156,202,381,410,81,276,422,296,495,214
179,34,58,199,490,62,227,122,168,109,246,84
179,35,110,14,207,175,332,469,286,113,225,396
179,36,136,339,214,58,93,140,122,91,494,318
179,37,268,470,78,116,266,331,419,354,201,502
179,38,52,499,160,225,28,215,306,424,321,328
179,39,498,316,238,440,511,416,124,398,119,354
179,40,505,136,198,330,171,146,482,223,423,227
179,41,475,175,151,499,358,414,494,168,49,259
179,42,62,349,267,325,491,261,369,78,394,23
179,43,509,267,92,15,486,255,498,94,280,93
179,44,256,212,237,55,372,144,164,293,250,468
179,45,188,230,104,200,454,401,249,61,119,189
179,46,41,71,359,110,325,390,162,199,57,185
179,47,65,136,458,360,54,292,329,1,336,480
180,0,264,321,305,430,312,79,209,267,36,132
180,1,209,62,130,34,483,304,240,293,287,402
180,2,307,436,303,20,393,310,185,333,263,405
180,3,450,507,495,274,150,323,342,505,394,371
180,4,192,310,168,24,386,67,405,74,184,265
180,5,82,487,415,146,424,37,493,485,255,187
180,6,368,444,301,73,47,495,112,42,498,255
180,7,134,154,95,282,259,200,128,86,117,438
180,8,162,189,151,275,191,349,482,389,361,224
180,9,132,232,395,439,457,139,145,77,424,208
180,10,488,46,92,350,507,380,53,29,77,377
180,11,277,337,17,59,63,481,154,343,425,378
180,12,198,223,17,401,400,251,395,379,227,303
180,13,147,105,48,201,176,286,193,491,336,445
180,14,334,127,365,486,319,461,192,20,87,476
180,15,6,375,150,66,346,226,237,25,309,178
180,16,424,174,35,129,299,438,490,116,283,3
180,17,156,81,276,296,410,123,495,125,505,214
180,18,227,199,122,246,108,58,62,326,168,81
180,19,207,110,396,255,332,263,225,234,175,113
180,20,136,167,93,345,95,366,90,138,394,112
180,21,470,268,233,116,266,78,208,292,354,340
180,22,434,215,48,428,328,440,435,321,225,297
180,23,316,498,453,237,214,78,238,410,402,398
180,24,275,162,191,477,151,389,482,101,189,239
180,25,395,89,439,443,232,424,464,152,375,467
180,26,46,29,488,173,92,10,413,507,77,490
180,27,343,277,73,379,471,378,59,337,194,78
180,28,288,395,198,400,168,234,17,484,379,48
180,29,427,147,370,105,234,82,441,100,6,415
180,30,319,486,461,20,127,334,435,273,327,254
180,31,309,347,37,150,160,25,156,496,287,2
180,32,116,424,174,192,223,299,199,216,25,438
180,33,137,202,156,410,381,296,276,464,148,123
180,34,108,199,122,361,81,358,21,58,227,330
180,35,110,207,113,14,234,123,469,286,420,175
180,36,136,214,112,64,93,75,5,58,41,95
180,37,470,111,233,419,116,331,376,183,268,266
180,38,215,428,434,328,48,320,307,440,444,467
180,39,498,316,440,124,214,119,398,238,177,511
180,40,505,198,229,146,171,423,223,52,136,95
180,41,358,499,168,494,151,414,170,438,49,243
180,42,62,50,216,214,261,362,139,369,114,23
180,43,267,92,15,280,369,486,509,498,107,93
180,44,372,237,212,55,225,280,35,224,250,319
180,45,104,230,454,401,189,470,200,249,447,70
180,46,390,57,71,199,392,325,218,185,323,128
180,47,65,175,336,480,54,292,492,39,349,1
181,0,62,98,167,175,176,401,211,198,272,291
181,1,34,240,304,62,134,366,287,482,293,483
181,2,263,211,185,360,418,449,436,310,439,393
181,3,18,507,161,265,274,332,205,488,237,412
181,4,166,299,308,96,67,290,41,306,26,177
181,5,90,119,131,275,415,505,81,487,120,357
181,6,471,279,27,73,417,113,422,42,335,383
181,7,282,117,108,101,245,427,118,194,41,43
181,8,477,191,162,275,101,482,296,422,402,189
181,9,129,77,395,349,154,301,360,40,191,139
181,10,253,380,119,488,490,361,92,162,305,507
181,11,78,343,103,148,63,481,471,379,17,367
181,12,48,303,286,299,307,223,269,120,372,262
181,13,292,105,421,457,100,193,280,509,445,422
181,14,461,305,18,396,6,127,509,243,435,254
181,15,346,6,309,169,156,37,347,209,100,193
181,16,199,424,91,223,174,325,333,299,480,116
181,17,296,214,378,410,285,156,273,381,276,39
181,18,341,168,326,58,108,414,255,106,373,246
181,19,62,469,396,292,175,207,20,110,255,242
181,20,140,136,75,112,214,445,93,173,508,90
181,21,502,470,354,419,268,312,292,116,376,11
181,22,349,253,444,17,434,328,52,215,499,242
181,23,498,316,214,443,440,238,124,118,73,354
181,24,477,191,155,215,101,275,482,151,496,296
181,25,395,129,77,89,301,130,83,54,375,467
181,26,253,119,29,92,490,488,280,305,473,380
181,27,343,148,78,379,471,36,126,103,59,428
181,28,48,288,303,307,299,223,286,426,161,82
181,29,234,427,147,292,105,457,370,421,100,467
181,30,461,489,509,435,319,396,127,76,486,334
181,31,309,347,37,160,150,25,156,287,427,272
181,32,424,174,216,116,31,223,199,192,438,325
181,33,214,156,378,410,296,39,137,381,123,285
181,34,122,341,108,168,255,58,246,199,414,330
181,35,110,113,207,135,62,234,242,123,420,14
181,36,140,136,112,64,93,214,445,122,56,169
181,37,470,268,502,419,111,376,331,292,329,338
181,38,349,444,253,17,328,434,52,215,499,8
181,39,440,119,498,177,124,263,214,349,316,257
181,40,229,505,52,423,198,77,466,95,330,300
181,41,168,146,366,175,499,158,170,147,424,475
181,42,62,362,216,261,491,23,369,379,387,508
181,43,280,369,475,142,498,107,106,427,458,256
181,44,364,143,220,227,224,319,249,164,503,250
181,45,447,249,401,200,357,3,49,33,510,472
181,46,162,323,128,325,381,218,464,303,125,329
181,47,292,446,39,1,175,234,329,154,222,369
182,0,46,160,505,330,218,407,375,117,235,452
182,1,71,483,447,251,215,112,509,385,59,364
182,2,10,101,142,211,483,185,269,277,361,284
182,3,510,216,161,332,265,2,414,462,511,98
182,4,495,417,499,349,359,439,70,329,118,306
182,5,373,273,258,352,366,266,336,337,308,280
182,6,354,476,136,137,198,189,335,337,84,382
182,7,231,170,329,118,8,117,437,160,245,243
182,8,307,477,155,101,191,422,496,361,325,459
182,9,395,464,88,89,208,467,335,375,129,304
182,10,60,501,253,119,507,280,188,488,153,298
182,11,343,78,471,258,63,366,126,379,207,378
182,12,351,457,463,484,48,243,380,47,272,343
182,13,71,82,119,234,113,105,138,35,103,509
182,14,319,461,127,401,273,486,489,327,334,428
182,15,309,347,156,150,160,25,242,166,2,37
182,16,91,116,174,192,424,333,299,50,25,223
182,17,378,123,137,464,86,410,381,296,159,156
182,18,213,434,330,108,122,326,255,284,373,220
182,19,223,483,110,207,234,135,160,420,175,498
182,20,64,112,93,136,214,138,146,56,508,428
182,21,154,271,419,208,119,376,459,447,116,354
182,22,479,374,150,177,276,48,435,192,507,422
182,23,214,498,119,440,4,124,316,118,78,453
182,24,307,386,477,155,101,191,215,239,397,427
182,25,395,464,89,88,242,375,467,284,63,208
182,26,60,488,153,92,501,65,29,207,119,473
182,27,297,471,343,379,36,277,498,78,126,366
182,28,351,288,463,457,484,48,343,47,82,395
182,29,82,71,147,370,234,457,105,441,138,292
182,30,319,461,251,196,486,273,254,351,127,162
182,31,309,347,160,150,277,25,269,287,2,156
182,32,116,174,438,424,90,199,192,25,136,442
182,33,410,296,81,187,156,464,381,276,148,39
182,34,213,434,330,122,361,58,108,246,220,472
182,35,327,483,223,135,469,207,262,420,486,308
182,36,64,112,138,94,41,214,47,136,180,508
182,37,271,154,208,376,459,119,447,419,261,201
182,38,479,374,150,177,48,276,192,422,507,441
182,39,119,440,498,124,214,349,410,316,53,177
182,40,198,505,229,95,466,52,0,145,330,223
182,41,264,499,158,168,146,220,147,170,259,90
182,42,403,379,508,113,268,23,55,163,312,424
182,43,280,369,256,458,106,427,107,149,137,400
182,44,247,364,273,224,465,228,479,346,503,181
182,45,447,508,114,401,249,3,49,390,24,232
182,46,323,464,128,431,325,381,412,185,409,390
182,47,88,166,269,357,8,89,131,390,45,265
183,0,360,138,34,338,147,473,19,149,384,272
183,1,405,237,244,403,16,160,499,48,483,65
183,2,135,36,210,399,226,481,483,211,205,277
183,3,161,265,183,406,244,507,454,294,162,180
183,4,358,136,216,177,270,503,16,178,166,117
183,5,450,283,161,391,505,425,120,402,187,449
183,6,476,459,45,365,354,84,312,335,18,480
183,7,395,206,353,228,329,503,134,5,160,334
183,8,307,68,191,110,339,200,361,408,113,414
183,9,464,270,492,390,439,53,46,368,89,241
183,10,87,60,306,331,223,429,222,501,246,298
183,11,169,59,442,471,498,366,277,343,63,126
183,12,419,155,266,457,404,93,60,399,372,369
183,13,370,421,292,138,234,105,172,113,246,71
183,14,213,461,249,251,98,254,401,428,196,18
183,15,6,226,156,150,160,375,427,399,25,506
183,16,174,31,35,199,424,403,129,325,146,90
183,17,410,74,296,39,93,440,378,81,276,123
183,18,213,34,283,500,461,220,229,244,13,326
183,19,223,82,135,483,469,255,175,88,396,225
183,20,347,64,117,96,251,140,422,167,138,229
183,21,154,48,301,459,271,119,409,447,253,354
183,22,390,422,308,386,66,355,193,419,126,511
183,23,214,498,316,119,440,372,306,454,4,434
183,24,307,215,68,331,171,477,110,191,389,101
183,25,464,89,270,395,439,447,129,480,160,168
183,26,29,60,87,488,305,361,282,222,51,223
183,27,428,205,59,410,194,471,442,287,277,481
183,28,288,419,266,155,327,404,107,457,369,399
183,29,370,421,241,147,467,246,100,234,292,105
183,30,213,461,486,251,437,504,254,218,147,196
183,31,160,150,6,226,237,427,128,58,306,25
183,32,174,31,424,325,194,35,199,438,182,116
183,33,74,187,410,164,381,296,81,371,39,0
183,34,283,213,229,500,34,220,461,482,244,165
183,35,223,82,482,483,135,14,469,420,88,337
183,36,64,347,112,117,140,96,251,138,8,180
183,37,154,301,409,48,376,253,271,119,447,11
183,38,390,111,193,422,386,115,316,66,126,308
183,39,440,119,498,124,214,349,410,177,199,100
183,40,198,229,466,95,52,102,330,355,300,0
183,41,158,264,168,499,146,216,147,220,366,436
183,42,351,237,403,59,436,391,389,379,490,508
183,43,369,256,458,280,380,106,267,495,188,75
183,44,364,224,228,503,99,451,143,444,288,333
183,45,249,26,3,49,114,447,24,131,294,214
183,46,164,162,325,128,323,412,314,381,185,431
183,47,61,458,501,178,210,302,131,54,390,36
184,0,400,376,167,272,322,258,66,461,19,233
184,1,237,405,499,403,244,160,326,251,487,483
184,2,481,226,154,402,210,433,264,290,483,110
184,3,161,454,332,265,451,406,488,244,500,507
184,4,177,50,166,136,216,225,358,117,38,411
184,5,450,161,391,90,425,505,346,25,275,283
184,6,423,84,476,459,312,354,365,24,45,44
184,7,206,503,329,228,134,353,160,71,274,466
184,8,101,307,68,477,113,191,171,333,155,20
184,9,464,505,390,53,89,467,83,395,375,107
184,10,87,60,223,153,222,429,494,507,488,501
184,11,207,442,126,498,379,366,471,335,277,308
184,12,419,155,266,457,404,372,48,299,60,369
184,13,113,71,441,421,370,138,186,292,172,397
184,14,196,58,401,251,102,18,461,299,135,344
184,15,309,150,25,347,160,156,506,242,100,424
184,16,116,174,199,192,50,136,424,270,239,438
184,17,159,378,440,93,410,505,132,464,187,296
184,18,500,213,229,34,461,283,326,220,323,39
184,19,223,135,82,20,483,420,337,482,469,396
184,20,64,140,347,112,138,422,428,117,96,252
184,21,301,253,409,154,447,459,119,354,376,271
184,22,316,422,193,66,177,384,115,507,435,419
184,23,214,498,440,119,78,316,4,124,306,100
184,24,307,477,68,101,155,171,215,331,191,224
184,25,464,89,390,467,395,505,375,107,146,53
184,26,60,87,153,223,501,162,67,188,361,331
184,27,308,207,498,297,194,343,126,379,471,277
184,28,419,155,288,266,457,372,299,404,327,60
184,29,71,370,138,441,421,113,467,457,292,167
184,30,319,401,251,435,196,327,135,58,489,38
184,31,309,347,150,277,269,2,194,287,242,25
184,32,116,192,50,136,239,424,216,174,438,341
184,33,159,187,464,132,137,403,123,505,148,378
184,34,500,213,229,34,461,220,283,165,39,216
184,35,223,420,135,482,20,82,483,203,327,486
184,36,64,112,347,140,117,252,138,94,41,508
184,37,154,301,409,253,447,376,11,119,459,206
184,38,316,193,384,66,177,422,111,435,115,507
184,39,440,119,498,124,214,349,177,410,219,26
184,40,229,198,466,505,95,52,102,145,0,355
184,41,264,168,158,146,499,21,147,259,2,289
184,42,59,436,403,237,55,389,235,424,332,222
184,43,369,458,256,280,106,438,400,427,75,149
184,44,364,224,288,47,500,503,465,273,333,233
184,45,249,435,3,114,49,24,447,214,401,232
184,46,128,325,381,323,244,121,464,431,266,162
184,47,89,8,88,357,269,166,390,45,265,131
185,0,173,19,392,338,386,360,68,272,441,492
185,1,135,65,403,405,179,16,48,182,237,491
185,2,226,110,481,424,290,153,168,36,210,371
185,3,161,129,454,332,265,40,406,244,498,185
185,4,177,136,327,174,264,117,454,90,503,213
185,5,450,425,25,120,346,182,404,52,218,13
185,6,24,335,365,480,138,459,119,312,431,228
185,7,329,2,228,206,486,261,200,353,457,34
185,8,307,333,477,101,191,113,422,171,155,217
185,9,464,467,505,89,390,146,107,375,468,238
185,10,60,487,501,222,67,162,331,153,78,357
185,11,207,308,442,471,126,379,150,498,18,251
185,12,266,155,372,236,404,457,419,60,327,281
185,13,370,113,292,467,421,441,71,103,355,509
185,14,401,135,213,327,162,461,58,254,243,142
185,15,309,347,25,156,150,160,2,166,506,287
185,16,116,192,174,50,239,424,31,199,136,438
185,17,409,371,378,159,464,252,132,164,410,143
185,18,165,416,283,39,213,461,67,437,252,384
185,19,420,223,82,73,285,373,445,469,482,71
185,20,252,117,64,112,315,347,445,225,56,506
185,21,146,206,400,154,311,442,345,11,74,299
185,22,66,305,269,193,369,111,123,468,295,201
185,23,155,401,214,440,81,498,96,404,177,100
185,24,307,217,477,331,155,101,171,333,505,191
185,25,464,89,389,395,467,424,63,375,53,505
185,26,60,67,29,78,487,501,361,448,162,331
185,27,308,277,205,471,379,410,194,126,428,251
185,28,288,327,494,155,107,91,457,281,404,266
185,29,370,421,355,241,144,292,441,467,252,457
185,30,486,504,461,401,142,213,218,327,432,319
185,31,160,150,309,347,37,272,422,486,226,25
185,32,174,424,116,299,438,192,31,199,223,115
185,33,371,74,410,172,81,381,409,187,461,276
185,34,67,416,117,156,76,165,248,482,170,321
185,35,14,16,373,445,210,510,469,285,286,73
185,36,315,297,41,436,366,506,112,47,64,167
185,37,146,345,311,442,400,206,337,11,199,376
185,38,305,66,269,273,295,111,495,193,415,201
185,39,155,498,440,81,316,401,119,124,69,214
185,40,6,198,482,157,418,407,95,171,423,165
185,41,494,500,380,245,168,12,94,146,435,306
185,42,257,22,479,97,438,45,237,133,67,472
185,43,378,94,387,369,181,15,178,486,267,420
185,44,270,294,474,173,196,224,471,4,191,47
185,45,119,126,249,357,3,132,406,49,297,201
185,46,128,446,325,343,381,193,499,162,323,266
185,47,89,29,199,33,125,357,390,297,126,12
186,0,297,240,74,239,493,335,212,442,166,144
186,1,394,386,313,475,130,57,249,215,423,389
186,2,444,107,236,469,300,200,436,280,342,109
186,3,178,496,249,507,202,108,237,269,205,335
186,4,333,379,199,114,506,73,325,81,389,24
186,5,348,110,101,47,185,112,354,37,353,98
186,6,168,292,195,68,208,118,162,176,119,397
186,7,83,93,167,260,202,325,166,129,316,65
186,8,191,138,126,307,356,389,304,162,482,189
186,9,395,152,439,2,210,139,232,53,443,71
186,10,29,10,265,424,60,488,362,46,77,92
186,11,277,251,59,154,234,481,337,17,367,238
186,12,410,218,289,143,228,475,340,82,288,220
186,13,370,147,292,234,105,303,252,280,193,246
186,14,381,504,486,461,127,360,147,432,45,77
186,15,375,237,66,6,58,150,160,128,226,346
186,16,35,174,31,403,424,129,203,438,231,199
186,17,196,172,495,17,430,74,73,466,422,276
186,18,398,178,388,103,282,497,326,248,249,385
186,19,210,255,110,331,184,234,469,47,225,14
186,20,413,366,345,315,297,215,290,47,167,507
186,21,178,454,337,456,163,107,91,74,340,287
186,22,32,281,465,309,74,181,472,401,122,77
186,23,155,69,95,401,390,96,416,327,363,146
186,24,138,126,389,356,191,353,189,304,233,162
186,25,152,2,232,395,443,439,210,63,89,160
186,26,10,29,265,424,488,92,77,60,46,362
186,27,277,59,378,337,234,154,17,73,471,194
186,28,410,288,289,228,218,143,475,234,220,340
186,29,370,147,234,379,105,303,6,286,412,348
186,30,319,486,381,383,127,476,365,388,461,69
186,31,150,160,226,37,496,347,306,6,309,375
186,32,174,424,116,299,438,192,223,129,442,3
186,33,137,495,196,422,172,202,276,410,72,17
186,34,398,178,388,282,386,103,497,385,249,358
186,35,110,234,14,113,207,225,217,263,233,321
186,36,366,413,112,215,47,146,64,167,41,169
186,37,337,454,178,456,287,107,33,376,163,91
186,38,281,465,32,309,472,74,401,181,77,373
186,39,177,498,440,119,390,214,416,211,290,349
186,40,229,244,52,423,505,300,386,48,278,407
186,41,366,94,435,180,54,484,149,146,226,51
186,42,123,85,194,472,428,303,261,119,287,322
186,43,475,509,142,87,369,393,217,188,162,178
186,44,249,158,143,227,43,4,196,440,300,274
186,45,357,510,406,295,200,273,477,191,86,249
186,46,162,303,125,504,315,325,404,369,128,381
186,47,152,1,369,329,222,39,80,154,175,487
187,0,340,399,80,223,28,15,354,33,280,118
187,1,266,181,501,313,229,489,42,91,392,298
187,2,181,480,149,260,349,169,492,424,446,477
187,3,161,332,454,498,366,40,296,372,55,265
187,4,433,475,136,177,280,179,91,459,365,174
187,5,393,182,404,256,352,443,425,230,157,395
187,6,105,169,18,38,120,155,443,284,101,39
187,7,114,329,151,336,508,218,294,337,104,83
187,8,267,333,354,93,353,49,101,114,382,52
187,9,505,467,53,104,130,463,251,185,107,464
187,10,194,399,421,58,497,152,343,192,110,202
187,11,207,93,200,378,83,379,256,473,310,169
187,12,145,236,257,43,261,436,372,36,473,344
187,13,472,370,103,441,118,378,234,119,421,70
187,14,249,299,19,374,444,385,135,501,180,213
187,15,347,309,231,242,225,277,19,194,272,496
187,16,192,116,50,91,110,25,405,31,403,424
187,17,137,457,86,464,506,31,234,3,381,105
187,18,267,477,39,442,80,473,7,289,401,478
187,19,420,378,502,123,113,45,328,428,234,350
187,20,169,146,112,225,439,21,486,197,202,375
187,21,130,117,459,376,368,445,329,202,390,437
187,22,346,301,371,486,27,116,400,279,367,123
187,23,177,211,498,440,349,290,126,197,240,28
187,24,93,49,267,354,333,477,101,114,435,330
187,25,270,464,53,185,104,505,467,130,463,71
187,26,194,399,274,244,413,29,207,361,480,83
187,27,169,378,205,45,59,93,277,69,366,207
187,28,288,145,494,36,281,236,189,372,436,43
187,29,370,472,441,421,119,241,167,321,234,103
187,30,249,213,218,374,486,299,251,202,135,319
187,31,231,309,347,496,242,194,150,19,160,2
187,32,174,116,192,239,424,31,50,194,489,311
187,33,457,164,137,410,412,464,31,276,381,86
187,34,473,267,442,39,102,278,482,477,80,7
187,35,420,502,378,428,45,321,328,154,140,123
187,36,146,169,112,384,197,439,225,486,375,84
187,37,117,130,368,376,200,437,445,286,166,390
187,38,346,301,27,486,371,116,399,279,123,506
187,39,177,115,211,197,338,215,470,240,290,219
187,40,229,300,382,52,270,48,34,356,386,466
187,41,366,54,495,384,185,231,227,436,115,383
187,42,496,402,296,285,42,64,74,271,181,0
187,43,338,475,495,385,54,142,165,393,237,48
187,44,202,300,142,249,227,124,217,451,143,485
187,45,66,356,293,510,268,42,339,273,99,322
187,46,162,362,299,91,208,228,404,349,288,458
187,47,420,334,263,388,0,195,49,256,4,106
188,0,28,459,322,399,238,118,359,342,308,201
188,1,266,10,310,181,298,13,501,42,83,357
188,2,64,169,260,230,163,487,446,473,165,480
188,3,498,332,296,161,40,244,454,295,366,47
188,4,475,177,136,467,280,179,21,353,313,244
188,5,182,393,404,256,405,443,352,123,157,401
188,6,105,18,38,439,284,155,169,101,299,39
188,7,114,151,329,448,336,510,337,104,159,358
188,8,267,333,382,114,101,359,199,354,355,456
188,9,468,496,406,297,467,130,373,510,356,107
188,10,365,422,366,399,21,218,83,50,204,234
188,11,10,6,200,197,93,36,246,310,392,109
188,12,72,36,10,236,80,315,46,43,216,489
188,13,253,92,334,485,508,441,365,271,139,290
188,14,101,408,492,135,113,297,272,361,167,480
188,15,225,366,409,361,444,47,492,414,164,395
188,16,48,25,64,106,508,490,262,461,184,462
188,17,129,377,46,271,152,451,182,92,239,97
188,18,419,358,301,332,317,477,468,311,77,455
188,19,195,211,486,119,41,111,430,328,156,278
188,20,310,65,421,13,331,469,428,273,146,294
188,21,393,288,373,162,437,376,329,397,493,368
188,22,371,6,372,27,234,346,55,197,394,400
188,23,219,203,173,479,324,197,383,211,41,287
188,24,412,43,25,199,333,359,382,289,119,75
188,25,471,496,305,468,297,419,257,3,355,440
188,26,422,143,41,351,499,463,169,472,161,307
188,27,10,6,246,229,71,157,168,369,93,313
188,28,10,72,216,80,36,69,315,504,385,281
188,29,253,334,92,179,485,242,441,377,119,508
188,30,492,101,341,283,297,300,348,113,503,497
188,31,225,366,409,423,414,67,350,164,347,69
188,32,48,25,64,508,106,116,490,184,461,311
188,33,129,53,264,271,464,92,90,152,359,46
188,34,419,407,455,358,39,179,477,332,134,77
188,35,195,106,486,211,364,111,234,232,4,350
188,36,327,65,310,419,13,146,294,169,331,421
188,37,288,373,393,445,376,166,329,423,437,117
188,38,6,371,346,372,394,445,271,501,50,456
188,39,219,173,203,324,197,479,211,177,41,287
188,40,410,385,229,114,356,79,287,466,353,150
188,41,189,366,485,257,99,71,246,386,194,345
188,42,49,55,312,396,378,65,84,331,75,299
188,43,147,302,400,424,243,356,159,113,444,125
188,44,350,258,45,413,190,503,249,401,228,221
188,45,24,510,178,105,267,142,133,40,146,86
188,46,357,290,274,378,303,142,288,208,266,362
188,47,263,334,463,337,395,299,190,329,195,303
189,0,192,318,102,389,296,372,459,205,482,371
189,1,310,297,10,501,181,13,266,163,136,446
189,2,169,64,260,230,68,424,480,446,401,163
189,3,165,332,161,498,296,454,366,179,40,243
189,4,3,475,486,122,300,11,177,484,452,179
189,5,277,178,503,397,287,467,182,412,359,403
189,6,284,439,105,511,386,38,128,125,369,18
189,7,127,204,508,102,454,17,68,179,303,384
189,8,456,181,439,450,114,282,495,379,370,325
189,9,71,96,87,368,321,68,80,142,203,442
189,10,107,322,71,422,14,379,366,213,473,243
189,11,84,511,371,49,422,350,270,444,166,273
189,12,96,228,37,150,459,390,277,73,72,491
189,13,387,22,508,458,288,338,91,417,253,250
189,14,212,138,486,80,492,233,314,506,136,135
189,15,346,169,426,375,193,288,199,494,449,347
189,16,23,278,91,480,391,140,26,272,58,429
189,17,389,372,305,50,422,499,84,467,488,419
189,18,347,49,264,26,184,471,350,465,335,460
189,19,426,434,377,453,14,364,31,222,414,413
189,20,78,457,45,485,15,344,16,109,127,348
189,21,379,255,142,418,100,376,25,176,46,44
189,22,41,205,287,57,261,86,456,345,267,351
189,23,338,498,390,372,356,260,115,219,325,407
189,24,11,191,356,87,319,160,13,175,425,477
189,25,111,346,361,376,142,442,502,139,58,132
189,26,213,107,71,335,330,14,471,506,48,488
189,27,49,48,273,163,511,250,197,165,84,422
189,28,113,459,37,390,228,96,288,246,150,220
189,29,22,288,387,184,97,385,221,273,426,50
189,30,233,136,80,314,212,486,138,14,284,506
189,31,375,306,346,426,193,68,37,347,169,288
189,32,26,278,23,140,91,51,480,74,243,58
189,33,50,389,372,422,305,499,105,324,120,467
189,34,347,49,184,471,119,510,350,264,497,250
189,35,426,453,96,222,169,377,434,509,174,486
189,36,16,485,348,248,159,78,243,55,324,291
189,37,117,46,376,379,130,437,462,468,397,95
189,38,41,317,86,205,346,264,283,27,261,371
189,39,115,177,470,299,450,334,157,236,110,197
189,40,229,138,48,300,508,52,382,34,208,356
189,41,54,366,217,421,440,495,44,231,115,261
189,42,272,42,496,140,294,84,296,166,235,271
189,43,385,495,475,339,430,48,373,444,508,20
189,44,249,227,143,300,485,286,124,217,451,184
189,45,510,477,40,357,273,356,178,409,268,42
189,46,162,142,303,362,337,378,438,208,274,232
189,47,195,139,230,450,362,329,334,154,388,358
190,0,138,481,147,434,26,352,427,367,119,15
190,1,501,266,10,13,298,255,118,357,279,335
190,2,446,163,152,484,218,329,165,169,349,487
190,3,498,296,40,332,454,295,244,396,161,366
190,4,136,280,177,467,244,179,454,502,503,479
190,5,393,404,182,352,405,443,425,123,230,120
190,6,18,105,284,101,38,413,155,294,443,169
190,7,329,448,151,510,336,2,104,389,435,218
190,8,267,101,52,382,333,359,20,477,114,355
190,9,274,468,406,130,496,505,126,467,356,142
190,10,399,422,365,143,21,83,70,50,361,58
190,11,310,200,10,93,207,379,246,259,229,511
190,12,236,36,216,10,281,189,436,344,72,257
190,13,271,453,253,508,167,40,321,485,441,368
190,14,135,341,136,299,300,361,202,492,452,4
190,15,225,347,366,350,2,309,423,269,361,194
190,16,50,25,116,262,48,192,438,106,362,239
190,17,51,480,31,464,506,90,273,256,234,152
190,18,477,442,267,80,335,110,39,478,418,289
190,19,420,111,25,123,486,154,328,418,434,169
190,20,112,48,169,197,428,225,146,486,170,35
190,21,130,376,117,286,194,390,423,329,437,471
190,22,346,201,332,123,116,340,285,380,367,398
190,23,177,211,219,498,440,197,124,406,173,235
190,24,382,101,267,333,114,20,355,477,199,359
190,25,130,406,505,467,126,440,318,468,274,496
190,26,399,422,83,365,50,366,143,21,431,361
190,27,246,310,207,93,201,10,379,83,200,256
190,28,236,36,281,216,10,189,372,494,46,192
190,29,40,453,370,141,167,103,508,441,421,368
190,30,299,135,327,202,341,361,492,300,205,136
190,31,347,225,309,194,444,269,366,277,409,2
190,32,50,192,116,239,25,262,48,424,136,13
190,33,31,464,176,256,480,506,234,457,412,152
190,34,442,267,39,80,477,401,110,482,478,7
190,35,420,111,328,123,486,154,113,25,378,163
190,36,112,146,197,169,344,384,448,225,48,332
190,37,117,130,376,437,462,115,286,239,445,390
190,38,346,332,123,201,116,39,399,506,478,217
190,39,177,498,440,119,211,470,219,124,287,197
190,40,229,466,300,382,418,505,52,461,198,356
190,41,366,168,146,495,116,189,54,157,149,118
190,42,42,364,55,49,59,379,496,465,235,222
190,43,369,508,400,475,142,163,54,267,162,147
190,44,227,249,143,24,485,364,503,224,333,196
190,45,357,465,49,425,225,229,249,248,24,477
190,46,378,404,438,162,30,6,303,281,142,301
190,47,337,230,458,73,296,395,242,302,255,388
191,0,5,406,329,1,199,157,69,269,337,476
191,1,18,228,265,181,286,356,96,501,463,479
191,2,380,250,91,424,469,494,442,368,361,464
191,3,161,332,197,52,171,265,366,454,252,296
191,4,63,417,438,81,440,17,249,443,95,122
191,5,350,331,258,182,20,75,55,425,393,300
191,6,352,99,335,452,105,155,493,180,305,276
191,7,329,66,481,268,148,337,114,83,335,336
191,8,101,93,477,114,267,432,333,353,342,20
191,9,467,104,53,505,475,375,130,107,449,463
191,10,194,421,202,274,480,167,497,58,399,413
191,11,207,83,93,378,379,343,256,9,200,126
191,12,463,261,409,406,236,199,73,168,444,377
191,13,472,103,370,441,119,378,186,368,271,172
191,14,299,444,327,385,360,268,319,476,135,249
191,15,347,309,25,225,185,242,277,352,100,287
191,16,91,192,110,116,50,333,25,424,299,270
191,17,464,102,273,67,234,143,381,84,105,474
191,18,409,39,477,434,330,401,478,267,80,7
191,19,113,328,420,123,163,71,25,234,140,118
191,20,112,169,146,225,332,448,197,73,375,439
191,21,130,459,376,104,117,447,437,445,462,440
191,22,39,276,112,461,304,177,422,435,32,368
191,23,440,177,498,211,214,197,349,126,240,233
191,24,101,477,114,93,386,191,333,135,49,184
191,25,463,53,375,467,464,104,115,130,475,505
191,26,274,480,194,207,57,110,202,192,280,233
191,27,9,126,201,379,78,246,504,93,366,444
191,28,288,261,463,73,236,168,202,409,192,162
191,29,441,370,119,241,472,51,103,40,127,378
191,30,299,327,381,461,273,205,432,251,476,374
191,31,309,347,277,194,225,25,269,287,242,427
191,32,192,50,116,239,489,424,377,311,136,13
191,33,137,464,176,457,234,412,374,224,31,480
191,34,409,39,358,330,477,268,434,401,7,350
191,35,420,113,328,111,123,163,321,486,382,234
191,36,197,169,146,112,344,375,225,384,439,35
191,37,130,376,437,104,459,462,445,447,221,117
191,38,39,276,112,461,368,32,422,433,177,478
191,39,177,219,211,197,440,498,470,287,235,119
191,40,229,300,466,52,382,356,461,102,328,505
191,41,168,366,189,146,50,495,363,457,333,261
191,42,49,364,55,379,465,222,332,381,108,235
191,43,369,508,400,147,444,142,162,163,159,302
191,44,227,143,364,141,483,503,333,170,228,33
191,45,357,24,249,465,49,3,295,248,425,86
191,46,404,266,162,303,325,283,381,419,128,185
191,47,369,82,497,88,302,296,390,450,230,351
192,0,199,476,157,17,74,480,269,329,404,423
192,1,470,386,286,229,228,159,181,465,96,95
192,2,306,424,469,91,151,147,434,402,305,224
192,3,171,161,115,332,454,178,113,124,500,139
192,4,283,342,66,81,249,95,102,50,8,309
192,5,454,167,478,204,182,492,185,368,348,326
192,6,201,493,169,99,335,84,66,281,96,446
192,7,239,263,114,80,329,350,499,66,202,83
192,8,114,473,477,101,33,93,96,184,342,287
192,9,467,463,130,104,53,115,505,375,449,443
192,10,194,192,480,170,202,329,422,228,343,167
192,11,246,197,10,93,207,201,83,379,30,504
192,12,265,261,162,168,467,103,72,192,97,359
192,13,40,271,103,508,379,368,472,338,186,20
192,14,299,327,135,441,162,492,324,105,274,294
192,15,347,225,366,309,242,269,277,194,25,243
192,16,25,50,116,192,262,424,48,223,283,89
192,17,464,234,273,61,72,3,31,296,480,474
192,18,358,100,477,284,465,39,87,289,7,268
192,19,486,328,25,420,111,123,434,350,341,26
192,20,112,48,197,169,170,428,142,407,21,35
192,21,130,80,376,459,445,437,489,117,329,471
192,22,49,410,405,252,149,217,478,109,309,233
192,23,498,211,440,177,124,219,173,431,73,122
192,24,101,477,114,359,382,20,25,497,135,139
192,25,130,468,496,358,467,375,38,353,443,407
192,26,422,473,280,211,79,434,172,176,401,307
192,27,10,9,201,181,246,197,379,78,93,21
192,28,80,150,10,444,489,288,192,73,103,236
192,29,334,40,119,311,441,253,487,202,378,449
192,30,299,254,294,452,160,383,101,327,105,135
192,31,347,225,366,309,269,47,340,492,277,243
192,32,25,48,462,116,424,478,89,192,269,50
192,33,464,272,234,72,296,129,467,61,273,33
192,34,419,179,477,272,350,332,100,362,41,268
192,35,111,420,486,25,328,426,388,45,236,154
192,36,197,169,146,225,112,344,87,439,194,375
192,37,437,130,80,445,489,376,462,373,117,95
192,38,49,410,405,478,149,217,411,252,189,456
192,39,177,211,470,197,219,465,287,203,324,235
192,40,229,300,466,356,52,382,141,326,402,239
192,41,366,189,495,294,455,74,54,257,261,363
192,42,402,249,21,49,108,155,181,42,285,415
192,43,302,444,508,147,163,142,188,54,159,400
192,44,227,143,483,486,141,22,111,213,29,331
192,45,357,412,248,24,295,170,416,238,455,388
192,46,404,507,232,303,162,346,256,55,408,374
192,47,296,409,85,82,403,255,507,272,388,450
193,0,71,309,32,130,437,221,279,25,286,336
193,1,181,398,91,86,286,298,208,266,335,118
193,2,380,424,477,13,143,453,400,475,488,189
193,3,354,161,332,40,454,296,272,409,165,436
193,4,349,196,440,275,17,91,245,500,177,367
193,5,182,404,352,393,230,300,66,434,456,64
193,6,189,493,452,123,346,201,284,244,281,443
193,7,114,341,50,170,231,7,184,329,111,263
193,8,114,473,354,359,495,25,3,0,456,457
193,9,468,496,124,224,373,353,461,192,130,467
193,10,422,365,198,191,249,359,27,401,489,499
193,11,10,6,197,270,33,246,93,341,311,36
193,12,72,80,315,248,238,463,46,406,265,261
193,13,253,92,334,427,409,485,139,103,141,271
193,14,101,408,272,492,135,167,361,113,297,202
193,15,225,366,492,409,347,47,69,157,312,438
193,16,462,25,64,106,48,184,490,262,89,508
193,17,234,182,377,36,152,339,129,271,335,46
193,18,419,358,332,477,407,301,179,317,468,348
193,19,119,486,211,195,156,258,97,305,423,236
193,20,450,294,43,132,257,156,331,239,421,334
193,21,288,405,329,105,437,376,489,277,328,275
193,22,6,351,217,426,252,276,410,372,394,344
193,23,173,203,219,424,304,479,50,211,474,41
193,24,25,412,119,359,75,321,485,114,382,168
193,25,496,247,428,358,468,353,251,191,305,419
193,26,422,359,41,511,237,401,493,143,472,380
193,27,10,6,313,301,433,315,103,451,232,93
193,28,72,80,10,216,315,257,236,476,36,353
193,29,334,253,119,92,179,213,485,508,441,141
193,30,101,272,167,193,492,225,113,294,178,403
193,31,347,225,366,47,492,202,69,381,312,462
193,32,25,462,48,478,279,184,283,490,54,262
193,33,33,36,271,182,129,464,234,506,296,152
193,34,477,419,407,179,39,478,130,41,332,267
193,35,486,350,119,211,111,236,97,258,123,364
193,36,331,327,294,21,169,35,146,421,320,450
193,37,288,376,405,477,329,142,510,373,437,162
193,38,6,456,406,27,282,426,458,351,83,421
193,39,219,173,211,431,479,203,177,197,482,181
193,40,410,229,423,320,466,300,356,382,69,328
193,41,366,504,478,189,215,103,53,257,386,481
193,42,312,55,396,285,222,49,62,379,8,256
193,43,302,212,400,356,159,147,163,430,54,424
193,44,190,503,350,103,232,227,364,213,444,155
193,45,452,24,324,214,510,86,56,46,172,267
193,46,357,404,290,196,303,266,381,427,205,260
193,47,399,391,388,255,302,507,188,452,195,55
194,0,67,293,369,338,15,49,14,95,289,348
194,1,243,465,398,91,181,16,298,93,273,357
194,2,161,110,347,165,443,427,499,477,415,152
194,3,40,296,498,244,332,161,295,179,193,366
194,4,244,467,132,160,177,454,502,479,351,91
194,5,404,33,182,43,384,230,130,465,393,405
194,6,393,135,121,258,267,346,56,228,43,380
194,7,50,69,508,88,214,269,31,343,341,502
194,8,412,359,355,199,25,382,114,333,321,75
194,9,496,247,373,468,403,257,297,412,428,305
194,10,422,365,143,50,511,361,369,307,178,289
194,11,10,6,270,313,229,140,301,384,493,246
194,12,72,216,10,36,69,238,51,274,302,177
194,13,485,253,92,40,156,334,435,167,275,344
194,14,341,101,408,167,300,272,1,492,361,463
194,15,225,492,366,304,444,336,17,164,157,423
194,16,490,106,48,262,462,444,29,501,64,277
194,17,152,335,339,36,170,434,27,316,358,431
194,18,348,419,332,301,281,191,436,407,477,467
194,19,236,431,486,211,119,493,156,216,363,430
194,20,294,257,322,421,450,48,493,326,134,130
194,21,288,58,156,437,376,275,449,330,65,329
194,22,6,252,217,351,310,394,342,483,389,22
194,23,141,219,456,255,173,203,197,436,228,235
194,24,321,25,359,412,122,152,199,168,114,382
194,25,470,247,428,496,336,358,226,297,468,497
194,26,422,266,143,365,41,168,359,511,186,329
194,27,6,313,10,465,246,369,301,31,448,140
194,28,10,72,69,216,121,80,247,415,504,425
194,29,253,92,275,141,334,485,40,179,506,87
194,30,463,193,101,492,167,223,341,178,372,294
194,31,366,225,379,492,304,164,350,444,381,157
194,32,490,48,64,160,29,485,25,106,262,250
194,33,152,335,339,358,256,129,36,316,481,221
194,34,419,407,332,179,348,39,301,418,477,487
194,35,431,236,123,147,486,211,216,111,430,441
194,36,327,421,257,326,294,65,428,450,263,322
194,37,288,130,156,437,181,468,477,433,225,65
194,38,6,147,351,342,369,100,456,394,217,463
194,39,219,173,203,444,207,235,211,479,197,185
194,40,317,300,54,477,274,119,475,390,114,365
194,41,343,330,204,395,386,3,459,201,209,481
194,42,9,42,249,386,396,62,285,49,13,108
194,43,147,400,302,395,267,354,233,408,372,243
194,44,350,24,103,260,227,213,190,422,466,76
194,45,324,357,149,3,457,39,168,386,24,481
194,46,357,427,346,260,292,404,290,143,374,161
194,47,399,388,230,362,153,486,117,242,453,207
195,0,326,7,440,352,492,64,54,105,161,350
195,1,243,441,298,210,181,465,91,16,357,398
195,2,267,484,410,355,158,165,213,329,348,3
195,3,498,296,40,193,47,244,454,332,366,295
195,4,244,467,454,502,177,479,280,93,136,160
195,5,182,507,404,476,405,393,352,300,33,130
195,6,393,267,43,109,314,135,244,433,346,380
195,7,50,448,69,329,502,510,88,343,7,269
195,8,359,114,199,382,412,473,355,25,101,477
195,9,274,496,468,126,130,467,297,247,17,453
195,10,422,143,41,150,365,90,116,21,83,344
195,11,246,10,270,86,93,6,379,194,310,511
195,12,72,216,36,10,236,189,51,69,274,504
195,13,485,40,253,271,156,453,508,92,167,148
195,14,341,492,135,101,84,300,361,272,136,408
195,15,225,347,366,423,361,444,69,409,492,164
195,16,25,48,262,106,50,64,462,490,116,277
195,17,152,234,31,102,129,457,464,273,335,221
195,18,366,418,442,110,379,80,477,25,408,7
195,19,486,25,154,45,111,328,420,211,195,81
195,20,169,294,155,112,197,35,48,146,170,142
195,21,437,376,130,359,286,489,117,477,53,225
195,22,332,217,410,503,389,394,290,159,351,357
195,23,177,219,211,197,228,173,203,287,324,185
195,24,114,199,382,359,25,101,412,473,355,20
195,25,274,496,468,297,126,130,247,467,251,510
195,26,422,143,365,41,90,150,429,83,361,434
195,27,246,10,310,201,86,93,229,270,412,369
195,28,10,216,72,36,236,189,177,281,51,238
195,29,485,40,453,253,508,271,156,435,148,338
195,30,341,492,135,300,2,101,136,297,361,299
195,31,347,225,194,309,269,409,366,423,444,2
195,32,116,50,192,25,262,239,48,490,462,269
195,33,457,31,464,152,480,234,102,176,129,256
195,34,442,418,366,416,110,80,25,76,240,379
195,35,25,378,328,420,486,140,154,321,16,331
195,36,401,315,112,297,436,366,64,225,41,47
195,37,130,442,376,206,117,337,311,345,286,466
195,38,332,11,3,346,415,201,217,133,10,500
195,39,119,214,498,440,124,155,74,69,81,316
195,40,418,6,157,229,171,356,482,198,107,77
195,41,245,500,494,40,408,146,490,168,220,380
195,42,42,9,22,245,478,249,232,45,257,472
195,43,178,267,378,4,460,486,481,94,387,369
195,44,270,196,24,134,446,191,173,95,223,474
195,45,386,126,182,375,132,425,357,84,119,249
195,46,87,419,343,261,346,30,421,296,274,492
195,47,491,444,400,297,230,340,144,127,242,465
196,0,329,1,172,31,69,445,240,5,199,273
196,1,166,462,181,228,276,208,356,464,191,95
196,2,424,467,469,95,62,214,107,344,266,246
196,3,332,161,398,171,454,296,330,129,128,265
196,4,452,283,92,472,95,81,73,243,249,365
196,5,459,196,297,182,236,368,481,454,113,326
196,6,244,493,352,149,326,346,335,357,510,66
196,7,378,329,182,50,436,2,469,148,66,193
196,8,93,101,114,477,191,333,359,422,49,473
196,9,130,467,496,505,468,375,53,318,38,115
196,10,422,274,83,361,218,50,365,202,192,194
196,11,10,246,379,9,197,207,126,93,511,366
196,12,202,372,236,72,444,504,462,359,73,192
196,13,40,370,441,271,103,324,171,368,119,139
196,14,299,504,135,374,327,254,452,492,101,202
196,15,347,225,366,309,269,277,242,185,340,160
196,16,25,116,333,438,48,50,91,192,424,239
196,17,72,464,273,31,102,61,296,3,234,457
196,18,233,80,76,418,379,442,240,416,428,156
196,19,25,420,486,331,328,378,140,111,123,71
196,20,225,112,64,170,256,401,506,48,213,56
196,21,130,442,286,74,206,345,311,376,212,175
196,22,366,473,332,3,171,11,415,500,269,290
196,23,498,440,119,177,214,316,124,211,238,81
196,24,477,101,93,49,191,114,330,333,359,155
196,25,130,89,464,375,395,53,505,107,185,71
196,26,274,83,361,280,422,424,399,207,10,27
196,27,471,93,379,9,207,126,45,246,10,229
196,28,202,288,36,236,494,189,281,73,489,228
196,29,370,441,119,168,324,421,171,378,6,241
196,30,374,213,486,461,504,299,254,432,251,218
196,31,160,347,309,37,231,150,58,66,242,226
196,32,174,424,438,116,333,199,299,239,192,223
196,33,410,371,74,175,457,409,270,296,172,17
196,34,233,156,416,248,76,442,240,117,428,482
196,35,469,321,14,510,378,16,262,445,140,286
196,36,401,41,47,64,366,315,436,167,297,226
196,37,442,337,67,345,466,311,206,286,33,496
196,38,366,415,269,473,20,332,495,201,11,10
196,39,119,214,498,316,69,124,440,416,410,117
196,40,482,157,171,418,215,330,6,198,389,77
196,41,500,494,331,245,32,220,164,408,158,12
196,42,478,22,232,245,257,45,42,133,342,197
196,43,178,486,460,378,267,481,369,94,387,294
196,44,196,134,270,446,95,223,191,173,43,474
196,45,126,84,132,169,375,111,447,15,104,290
196,46,343,124,421,181,446,272,325,323,64,499
196,47,29,400,202,144,297,125,338,12,326,17
197,0,297,240,17,74,493,239,335,69,241,265
197,1,313,386,394,276,166,181,356,208,389,462
197,2,107,236,467,469,508,424,346,95,91,502
197,3,330,108,178,202,269,197,205,11,398,496
197,4,333,379,199,114,73,212,223,370,290,81
197,5,196,47,348,101,368,113,80,154,93,185
197,6,352,326,66,149,195,292,181,244,335,448
197,7,469,167,436,182,83,65,378,316,166,173
197,8,126,191,356,93,138,101,307,477,113,294
197,9,395,119,389,467,185,360,375,53,111,129
197,10,274,194,10,273,29,424,129,413,202,497
197,11,277,59,378,12,126,234,471,63,456,78
197,12,284,410,363,218,143,220,87,287,202,82
197,13,370,234,292,193,119,246,509,324,105,128
197,14,374,461,486,504,127,388,90,213,484,74
197,15,346,37,6,25,66,150,226,156,375,347
197,16,174,424,199,116,299,35,333,223,192,91
197,17,371,172,196,17,192,175,296,381,410,378
197,18,233,178,103,497,248,156,398,385,388,331
197,19,469,331,255,16,285,66,210,47,329,356
197,20,315,297,345,506,436,401,366,226,64,225
197,21,345,454,107,456,74,311,337,175,40,442
197,22,465,472,366,32,415,171,74,343,495,23
197,23,401,81,316,155,498,317,96,237,398,238
197,24,126,138,191,389,356,233,482,477,304,205
197,25,395,129,89,232,63,171,119,210,62,389
197,26,29,10,273,274,488,129,436,424,265,125
197,27,12,277,471,363,59,415,78,379,154,428
197,28,288,410,284,143,228,218,220,363,87,459
197,29,370,412,195,128,252,168,100,220,147,457
197,30,486,388,461,432,504,323,90,74,127,374
197,31,6,160,37,209,346,150,226,306,178,25
197,32,424,174,203,438,199,299,182,470,231,223
197,33,17,196,410,74,371,172,381,422,430,79
197,34,233,497,178,103,385,388,156,282,248,398
197,35,14,286,469,510,16,127,88,66,262,210
197,36,41,366,58,47,75,315,297,64,401,214
197,37,337,454,107,456,178,345,33,199,163,311
197,38,465,472,32,281,366,292,74,343,309,23
197,39,316,498,238,81,214,119,124,69,237,416
197,40,482,407,6,244,171,215,77,223,146,357
197,41,484,51,494,435,94,380,245,500,180,499
197,42,45,257,194,85,472,22,97,123,114,325
197,43,378,486,94,294,15,509,92,267,387,178
197,44,294,196,474,489,43,471,4,495,191,158
197,45,132,167,104,119,406,126,249,401,297,447
197,46,446,64,185,323,325,499,193,492,359,390
197,47,171,487,17,152,372,125,29,126,12,54
198,0,416,320,464,458,44,264,132,485,219,346
198,1,80,313,115,174,423,434,157,130,131,3
198,2,454,294,311,321,436,414,405,493,379,300
198,3,283,507,426,384,323,150,237,197,249,288
198,4,471,152,14,371,199,292,267,114,237,324
198,5,47,509,5,257,54,340,76,20,97,244
198,6,324,22,207,188,326,40,441,352,479,391
198,7,166,132,275,220,469,267,105,492,439,328
198,8,363,126,162,242,497,322,189,32,191,389
198,9,152,439,300,395,232,424,299,89,139,208
198,10,265,436,362,497,29,92,146,10,269,76
198,11,277,337,154,17,481,235,59,343,380,287
198,12,434,33,284,340,231,493,218,267,227,82
198,13,297,239,303,313,348,201,232,206,234,42
198,14,251,504,484,381,333,183,435,486,450,132
198,15,6,150,160,237,66,58,375,209,128,427
198,16,35,174,199,203,227,459,325,438,34,9
198,17,74,14,199,81,296,383,338,410,240,34
198,18,125,326,178,81,249,96,21,287,386,1
198,19,255,104,469,289,510,88,59,327,157,46
198,20,47,215,366,401,167,501,413,290,335,260
198,21,384,287,91,337,481,147,454,148,175,83
198,22,307,181,401,339,358,408,69,328,467,59
198,23,237,69,363,95,119,316,146,416,317,214
198,24,363,497,116,126,322,389,353,189,78,162
198,25,152,439,299,89,168,300,232,140,395,160
198,26,265,29,92,436,327,10,488,502,497,362
198,27,277,235,110,380,287,337,496,59,336,255
198,28,434,33,288,340,493,47,228,82,475,289
198,29,239,297,201,348,206,303,42,232,336,455
198,30,251,183,437,196,333,486,504,450,381,461
198,31,160,6,237,150,209,58,66,306,226,128
198,32,174,227,199,35,325,34,442,219,203,402
198,33,74,14,199,240,383,85,173,410,500,82
198,34,125,386,178,96,361,109,249,223,287,307
198,35,104,289,469,88,14,217,495,167,33,510
198,36,215,41,413,366,47,335,198,58,64,401
198,37,287,384,91,277,337,83,33,147,481,148
198,38,307,69,408,339,401,181,358,328,59,467
198,39,119,69,416,214,316,498,124,238,440,95
198,40,215,407,157,482,171,505,198,203,136,389
198,41,494,94,435,259,500,46,425,164,220,180
198,42,303,119,16,428,123,222,261,114,197,138
198,43,217,178,486,15,509,498,370,420,92,460
198,44,4,225,134,95,446,196,372,156,292,223
198,45,282,104,351,503,2,111,230,290,15,249
198,46,504,71,325,42,218,323,57,381,128,185
198,47,80,175,39,65,446,234,48,152,390,364
199,0,495,485,188,79,234,286,409,282,158,88
199,1,437,434,174,281,336,414,106,438,323,90
199,2,457,454,494,387,321,81,135,189,423,246
199,3,35,288,52,197,357,323,86,161,414,136
199,4,128,191,431,14,329,471,328,152,199,447
199,5,399,340,180,290,20,172,122,430,366,66
199,6,74,416,151,188,441,324,500,425,359,413
199,7,437,119,176,175,208,295,275,79,243,492
199,8,363,497,505,322,101,170,353,477,243,20
199,9,89,348,467,395,464,152,53,375,505,130
199,10,102,163,172,497,210,131,222,502,202,436
199,11,207,496,380,379,126,277,471,88,336,378
199,12,22,7,33,493,47,438,444,434,227,154
199,13,239,441,129,171,427,348,297,332,313,137
199,14,251,504,254,299,58,485,38,33,406,37
199,15,347,309,160,225,2,166,366,269,277,340
199,16,239,116,438,109,48,50,25,174,192,424
199,17,412,487,464,273,296,477,90,312,378,102
199,18,260,304,331,450,98,361,223,326,92,1
199,19,321,420,25,486,469,327,254,440,135,245
199,20,64,401,428,112,10,73,41,226,229,177
199,21,496,175,67,281,56,247,40,412,92,147
199,22,20,65,23,469,39,224,432,255,69,125
199,23,119,214,498,317,124,316,440,74,100,69
199,24,363,497,101,20,505,322,477,170,333,191
199,25,89,464,424,348,505,375,467,395,300,71
199,26,172,225,163,222,102,131,207,431,369,218
199,27,380,277,88,496,93,207,150,126,379,336
199,28,22,227,7,288,33,47,438,493,444,178
199,29,239,297,373,441,206,129,332,370,122,313
199,30,251,58,454,485,254,327,504,0,202,406
199,31,309,160,347,2,269,150,277,194,67,242
199,32,239,116,174,199,438,304,192,63,50,424
199,33,487,412,74,85,312,42,477,296,464,82
199,34,304,331,98,361,260,450,109,223,307,432
199,35,321,254,327,469,504,420,217,440,167,328
199,36,64,401,41,112,10,47,73,177,2,198
199,37,67,496,281,78,247,164,56,175,376,192
199,38,65,23,20,255,224,469,69,39,125,186
199,39,214,119,498,440,124,100,317,117,410,69
199,40,157,330,198,418,171,505,466,389,229,35
199,41,494,32,158,500,352,164,216,220,408,438
199,42,16,260,20,197,410,419,480,342,478,232
199,43,178,486,267,460,481,369,280,137,107,119
199,44,134,446,223,95,196,120,372,292,249,181
199,45,2,84,447,111,104,49,503,290,249,294
199,46,378,181,272,211,323,421,325,57,381,193
199,47,337,144,149,202,326,338,54,336,320,480
