-13,0,339,211,304,340,215,37,334,367,237,309
-12,0,167,62,176,401,211,272,270,198,347,98
-11,0,32,278,160,130,330,71,226,109,79,170
-10,0,369,348,95,349,308,293,338,259,443,61
-9,0,361,301,101,76,293,265,21,314,369,195
-8,0,46,160,330,505,149,195,227,130,414,361
-7,0,360,492,386,68,73,289,129,338,349,426
-6,0,64,446,68,7,492,414,211,105,314,92
-5,0,63,68,7,64,338,12,92,386,392,19
-4,0,132,36,312,264,321,197,265,430,209,166
-3,0,67,49,289,14,348,95,349,149,403,426
-2,0,326,7,479,64,139,0,254,501,350,105
-1,0,109,251,319,168,371,205,475,506,431,148
-13,1,157,320,225,19,86,60,165,131,128,442
-12,1,320,157,225,19,304,442,60,34,86,293
-11,1,320,427,112,471,53,442,410,447,215,71
-10,1,491,58,320,212,410,243,65,156,48,16
-9,1,410,58,250,226,320,61,230,48,366,65
-8,1,251,71,320,112,250,58,59,410,9,215
-7,1,405,179,351,65,320,48,58,319,415,183
-6,1,65,48,405,179,474,429,114,351,320,58
-5,1,65,48,179,183,441,405,135,381,182,320
-4,1,226,410,76,5,405,3,320,61,56,95
-3,1,504,4,415,39,65,93,47,95,320,104
-2,1,504,210,342,39,441,65,143,429,93,498
-1,1,440,57,423,383,125,320,95,181,446,389
-13,2,75,12,209,286,257,87,492,84,181,338
-12,2,211,75,257,87,286,370,185,209,84,403
-11,2,483,211,257,370,84,185,403,75,338,87
-10,2,370,211,351,313,168,196,265,28,117,76
-9,2,370,211,196,257,483,351,354,168,185,490
-8,2,257,370,490,226,10,211,354,142,83,84
-7,2,427,289,415,165,319,313,370,192,117,369
-6,2,165,289,370,369,352,415,117,313,70,427
-5,2,424,369,165,117,370,289,83,66,368,313
-4,2,257,249,370,303,424,493,211,185,83,84
-3,2,161,370,110,415,443,83,427,165,265,440
-2,2,165,410,161,287,370,192,168,369,83,415
-1,2,257,211,370,84,403,137,209,185,12,83
-13,3,405,205,143,470,293,315,132,403,253,294
-12,3,405,205,293,403,88,465,153,253,470,190
-11,3,354,216,405,465,272,253,293,357,205,88
-10,3,405,265,295,186,316,253,152,503,40,161
-9,3,405,454,265,161,253,366,332,297,205,435
-8,3,265,405,237,335,205,253,249,182,454,161
-7,3,40,454,297,161,396,336,265,498,186,470
-6,3,40,405,237,454,335,265,297,310,161,249
-5,3,161,40,265,454,332,476,297,405,253,498
-4,3,161,265,495,454,405,253,476,237,40,297
-3,3,40,498,161,454,472,265,478,102,467,185
-2,3,40,454,161,498,472,297,265,55,179,185
-1,3,265,335,405,161,253,205,237,394,454,293
-13,4,309,252,110,447,290,469,488,24,106,410
-12,4,110,309,252,168,308,488,102,166,469,290
-11,4,245,110,309,196,102,252,440,488,123,275
-10,4,309,110,252,166,136,102,488,117,177,244
-9,4,252,110,265,175,309,449,102,166,410,17
-8,4,252,495,309,417,110,359,499,410,488,349
-7,4,136,309,213,467,177,252,244,174,479,38
-6,4,309,136,252,467,174,177,244,68,213,38
-5,4,136,177,174,309,467,252,166,482,110,244
-4,4,252,110,267,74,102,265,310,175,309,68
-3,4,467,244,132,136,177,174,309,503,482,252
-2,4,467,177,244,136,132,503,309,174,400,482
-1,4,252,68,294,346,357,496,110,389,506,410
-13,5,420,71,115,236,122,446,216,410,26,224
-12,5,71,90,26,220,236,5,420,275,131,487
-11,5,456,71,26,96,350,220,483,273,236,90
-10,5,425,120,25,220,317,44,483,358,321,387
-9,5,425,206,120,296,350,25,220,37,317,44
-8,5,373,425,25,206,258,44,273,220,120,296
-7,5,404,220,25,405,425,402,120,218,6,123
-6,5,404,405,220,25,6,425,123,130,372,134
-5,5,25,404,425,220,266,130,405,120,182,352
-4,5,26,415,54,350,236,354,146,272,37,79
-3,5,33,404,182,465,443,147,405,18,393,230
-2,5,404,33,405,182,497,470,443,119,18,465
-1,5,26,236,294,56,74,110,185,68,354,468
-13,6,223,33,283,359,179,162,63,256,112,329
-12,6,223,33,283,279,179,329,234,80,285,63
-11,6,452,33,6,223,80,166,283,279,63,258
-10,6,33,480,347,121,80,431,396,234,44,393
-9,6,480,382,236,347,175,396,431,33,87,353
-8,6,382,236,480,396,175,476,431,87,393,354
-7,6,316,267,121,433,365,197,476,480,33,346
-6,6,267,316,423,433,197,121,480,365,476,85
-5,6,296,431,335,455,26,267,138,291,33,170
-4,6,3,479,224,175,87,243,335,396,447,33
-3,6,121,267,327,346,393,433,135,197,124,316
-2,6,267,245,423,327,170,365,197,121,368,433
-1,6,149,292,118,259,68,510,396,267,196,316
-13,7,174,26,346,303,432,252,439,84,452,242
-12,7,26,346,118,357,303,101,132,117,438,432
-11,7,26,346,303,357,118,170,432,29,437,169
-10,7,26,28,501,461,108,346,303,392,269,217
-9,7,28,26,101,470,461,303,501,108,269,346
-8,7,231,470,108,28,501,170,305,101,303,26
-7,7,329,508,472,303,346,395,486,148,501,69
-6,7,329,148,472,303,346,66,501,486,69,50
-5,7,329,250,148,501,472,486,303,66,346,101
-4,7,329,282,101,449,470,134,429,501,72,305
-3,7,69,6,214,346,440,50,472,401,303,67
-2,7,472,214,343,195,346,69,50,401,247,143
-1,7,302,33,26,329,351,303,139,50,101,242
-13,8,456,308,175,181,263,439,422,302,370,495
-12,8,175,456,11,439,308,283,325,263,477,318
-11,8,456,439,318,283,175,11,325,210,3,370
-10,8,210,477,101,318,283,148,170,11,155,20
-9,8,283,210,477,101,318,155,496,148,11,170
-8,8,307,477,155,101,496,210,325,365,422,283
-7,8,101,307,114,355,359,333,422,477,11,345
-6,8,101,307,11,477,355,114,422,333,20,359
-5,8,307,101,477,11,422,114,148,210,355,52
-4,8,307,101,32,477,177,422,210,11,20,359
-3,8,412,110,359,114,355,25,281,43,333,369
-2,8,412,359,114,355,25,333,199,43,101,110
-1,8,101,422,477,359,307,114,325,20,345,454
-13,9,368,96,275,411,321,495,203,192,325,445
-12,9,360,111,462,68,154,506,142,139,376,321
-11,9,360,462,111,68,314,291,142,344,380,321
-10,9,360,462,468,496,375,89,318,111,38,238
-9,9,360,462,111,468,68,318,375,89,321,238
-8,9,462,360,89,284,335,111,395,122,68,375
-7,9,468,510,462,496,107,68,466,89,49,375
-6,9,468,496,68,89,462,510,107,17,321,375
-5,9,467,462,468,68,107,89,130,360,375,505
-4,9,462,360,68,506,468,111,89,122,130,208
-3,9,468,496,510,373,412,247,403,65,339,228
-2,9,468,247,496,373,510,403,65,3,321,107
-1,9,468,462,129,89,496,375,68,321,130,107
-13,10,325,461,107,322,246,148,508,495,229,164
-12,10,325,461,299,203,296,508,495,107,322,279
-11,10,325,461,299,495,264,203,508,296,364,204
-10,10,279,299,325,296,461,203,255,354,456,280
-9,10,279,296,203,299,446,461,322,255,325,456
-8,10,296,279,299,446,60,501,203,461,433,325
-7,10,279,152,299,203,325,422,381,120,222,405
-6,10,279,152,299,203,405,222,381,267,255,120
-5,10,448,279,299,78,60,120,255,296,267,203
-4,10,279,448,296,253,299,203,120,60,255,172
-3,10,422,381,369,317,178,267,405,344,203,279
-2,10,422,267,236,279,381,344,203,405,78,511
-1,10,448,279,422,60,222,203,120,296,299,381
-13,11,130,104,108,464,132,332,393,361,4,47
-12,11,273,90,508,163,258,397,477,261,192,84
-11,11,90,163,273,165,430,492,290,84,350,89
-10,11,258,90,10,30,78,261,371,9,446,84
-9,11,258,84,30,90,371,78,163,261,9,273
-8,11,258,90,261,84,397,163,9,78,273,366
-7,11,261,90,229,10,477,397,30,201,84,163
-6,11,261,90,30,477,229,10,86,84,397,201
-5,11,379,90,258,256,477,30,397,261,308,126
-4,11,258,397,84,273,261,90,78,477,9,371
-3,11,6,10,229,436,86,261,386,90,477,166
-2,11,10,229,6,436,86,177,392,477,438,261
-1,11,10,471,90,229,477,30,84,256,86,261
-13,12,28,139,300,364,329,297,201,490,433,449
-12,12,251,48,299,139,286,303,28,277,262,297
-11,12,139,251,433,297,63,199,288,276,277,248
-10,12,497,139,331,352,48,127,360,75,90,298
-9,12,243,139,264,400,90,48,278,298,63,267
-8,12,351,457,243,63,139,264,463,0,484,251
-7,12,139,281,0,147,327,90,264,331,352,214
-6,12,281,139,0,147,264,125,63,433,90,189
-5,12,457,91,0,264,32,139,90,433,331,136
-4,12,264,63,0,505,90,267,139,457,243,379
-3,12,72,0,413,281,139,352,214,238,264,51
-2,12,72,281,51,0,466,370,413,426,238,69
-1,12,90,457,264,139,489,0,246,72,180,301
-13,13,293,268,466,366,67,68,294,85,219,145
-12,13,293,387,35,50,463,148,330,385,68,290
-11,13,293,387,35,463,50,224,290,7,236,97
-10,13,35,311,290,387,463,487,250,148,7,330
-9,13,35,387,463,311,385,250,290,7,411,488
-8,13,35,387,385,463,290,148,250,7,311,488
-7,13,290,7,387,226,250,29,330,148,508,441
-6,13,250,290,148,387,385,7,508,330,103,441
-5,13,250,290,35,64,385,441,113,338,103,7
-4,13,387,35,463,385,148,113,82,290,181,250
-3,13,290,338,250,441,7,508,66,148,377,330
-2,13,250,148,441,290,422,344,7,103,330,508
-1,13,385,355,250,103,7,226,148,441,463,508
-13,14,339,29,312,495,266,40,492,398,252,168
-12,14,138,398,137,506,335,117,212,160,321,430
-11,14,138,17,398,417,506,335,169,137,212,14
-10,14,254,396,94,162,160,452,268,402,18,500
-9,14,396,94,160,254,212,18,138,402,489,321
-8,14,94,212,138,396,402,486,160,243,461,500
-7,14,471,64,492,135,280,402,254,311,268,138
-6,14,492,254,341,471,135,402,311,162,268,187
-5,14,327,162,254,268,420,402,135,471,64,492
-4,14,94,396,402,138,254,160,212,18,486,243
-3,14,492,311,471,101,187,185,391,135,402,0
-2,14,492,101,341,187,135,300,311,471,297,402
-1,14,492,160,254,402,374,268,64,38,321,189
-13,15,283,174,342,330,103,188,215,38,477,288
-12,15,22,199,34,494,318,289,100,156,193,136
-11,15,34,318,22,398,494,183,200,362,188,50
-10,15,347,309,22,277,225,243,269,251,280,366
-9,15,22,347,309,156,100,280,169,199,185,346
-8,15,494,347,199,209,22,156,346,193,309,351
-7,15,347,309,366,350,277,269,181,193,351,51
-6,15,347,309,366,277,269,51,350,280,181,381
-5,15,347,309,366,277,25,181,225,269,2,51
-4,15,309,347,346,22,199,494,100,272,185,193
-3,15,366,350,347,395,505,181,69,340,51,381
-2,15,366,347,350,277,69,122,395,225,410,181
-1,15,347,309,366,160,410,277,269,166,225,350
-13,16,228,487,243,132,473,361,259,272,32,111
-12,16,228,243,429,487,272,58,479,26,366,278
-11,16,228,243,487,429,58,479,74,272,149,132
-10,16,228,25,333,116,438,429,243,192,191,48
-9,16,228,243,429,333,23,199,91,116,25,223
-8,16,243,429,228,74,480,277,189,223,392,91
-7,16,228,48,25,116,429,243,277,74,192,58
-6,16,48,116,25,228,429,192,277,243,438,74
-5,16,192,116,438,48,25,424,50,228,277,429
-4,16,243,429,228,74,23,116,272,223,333,480
-3,16,48,106,25,277,228,508,250,192,63,64
-2,16,48,106,25,277,192,184,228,490,462,250
-1,16,48,116,25,192,438,333,277,106,39,50
-13,17,486,510,136,209,135,330,84,28,100,15
-12,17,136,486,209,469,363,105,160,499,84,305
-11,17,136,486,209,469,160,363,166,105,243,365
-10,17,469,147,464,378,363,296,105,211,272,209
-9,17,469,363,378,105,464,296,160,136,209,486
-8,17,363,469,378,105,136,160,209,499,296,464
-7,17,469,363,464,187,296,132,136,105,486,160
-6,17,187,464,469,363,296,152,132,486,457,105
-5,17,469,464,187,363,296,152,256,132,105,86
-4,17,469,363,105,378,296,464,499,209,160,68
-3,17,363,432,464,221,152,469,463,56,335,361
-2,17,363,152,464,457,102,335,463,90,221,27
-1,17,469,363,464,187,296,152,86,90,102,172
-13,18,449,46,35,185,420,29,116,19,124,210
-12,18,308,185,108,201,46,19,501,507,11,449
-11,18,308,464,108,177,194,19,116,449,501,371
-10,18,201,207,501,194,170,308,298,235,327,25
-9,18,201,194,183,308,255,501,11,443,433,108
-8,18,213,201,194,183,108,308,501,255,434,198
-7,18,403,201,69,349,111,194,213,39,501,34
-6,18,201,379,69,408,194,349,213,111,165,501
-5,18,25,201,408,506,170,213,194,501,117,90
-4,18,201,194,108,183,501,11,249,213,433,90
-3,18,69,201,154,403,207,13,134,194,36,408
-2,18,82,201,408,106,25,506,154,418,69,194
-1,18,76,201,475,501,503,194,483,510,6,282
-13,19,406,375,413,162,173,4,434,170,54,293
-12,19,434,173,342,64,92,162,454,170,372,403
-11,19,434,342,173,162,92,64,109,4,31,372
-10,19,434,342,64,92,341,246,486,454,372,118
-9,19,434,64,454,364,372,342,14,173,246,341
-8,19,434,364,454,372,64,342,30,14,173,483
-7,19,434,364,337,138,372,64,483,454,342,486
-6,19,434,364,138,372,337,483,64,454,430,259
-5,19,434,454,364,372,420,64,341,73,388,123
-4,19,434,364,64,372,454,342,388,173,486,14
-3,19,364,430,211,138,486,434,124,372,353,337
-2,19,430,138,364,486,489,434,211,124,372,353
-1,19,454,434,364,372,64,486,285,246,388,342
-13,20,363,40,116,296,39,358,495,485,179,248
-12,20,15,388,116,358,456,248,407,40,131,376
-11,20,407,40,497,388,107,131,489,138,116,358
-10,20,407,112,421,86,125,456,94,147,388,56
-9,20,112,146,284,456,421,388,169,407,262,125
-8,20,76,112,456,15,388,214,258,265,169,296
-7,20,284,147,146,421,112,187,76,148,169,94
-6,20,112,146,76,298,187,284,421,147,169,94
-5,20,112,225,169,508,252,146,76,388,375,456
-4,20,76,112,388,421,265,15,214,284,62,316
-3,20,284,421,187,428,147,146,235,76,349,316
-2,20,284,421,225,235,428,91,187,506,146,76
-1,20,15,112,76,225,388,56,214,265,258,296
-13,21,255,379,25,324,46,176,297,420,10,346
-12,21,46,338,331,346,379,303,243,453,387,142
-11,21,338,303,3,387,420,104,243,505,116,478
-10,21,376,338,243,458,223,504,59,155,189,0
-9,21,376,243,425,111,436,299,130,155,346,116
-8,21,425,271,376,243,154,436,155,366,317,419
-7,21,376,479,243,48,154,115,155,129,425,271
-6,21,376,479,243,115,154,155,370,253,48,271
-5,21,376,243,400,146,130,154,425,271,155,223
-4,21,376,243,155,436,130,183,331,478,159,123
-3,21,17,479,243,376,336,155,425,437,443,115
-2,21,243,17,376,425,286,155,336,442,206,113
-1,21,243,155,242,376,456,436,197,189,293,474
-13,22,279,456,341,54,402,301,308,371,50,173
-12,22,215,349,8,97,218,225,259,54,456,17
-11,22,97,426,461,150,192,218,341,112,266,422
-10,22,230,305,51,142,290,269,295,369,468,500
-9,22,297,221,441,440,416,242,243,434,328,433
-8,22,374,479,441,276,150,48,243,456,221,2
-7,22,51,423,355,123,352,399,511,464,305,244
-6,22,423,123,51,399,102,230,352,460,503,361
-5,22,503,295,305,10,369,269,468,201,456,51
-4,22,334,221,416,428,215,297,467,440,434,307
-3,22,14,302,351,403,51,355,389,506,230,310
-2,22,239,51,351,310,230,10,188,500,269,449
-1,22,283,43,470,261,281,86,456,122,205,373
-13,23,356,338,450,138,323,244,150,334,360,195
-12,23,356,323,372,504,42,89,334,242,13,138
-11,23,356,323,334,470,199,285,27,290,273,127
-10,23,498,356,440,124,177,48,27,219,211,470
-9,23,356,498,177,440,27,219,42,324,199,124
-8,23,498,356,27,440,42,372,316,205,124,219
-7,23,219,440,349,177,498,186,356,324,124,239
-6,23,219,440,177,349,124,498,324,186,239,290
-5,23,440,498,219,177,349,124,407,287,324,239
-4,23,498,219,440,356,124,324,42,496,465,177
-3,23,219,186,235,207,324,239,203,177,214,124
-2,23,219,177,235,63,203,239,324,207,287,349
-1,23,498,440,177,316,124,219,203,465,324,214
-13,24,308,456,46,175,439,263,181,279,370,295
-12,24,175,325,439,456,308,46,11,370,263,283
-11,24,456,439,175,325,308,318,11,370,283,210
-10,24,477,155,101,210,283,496,369,422,161,11
-9,24,477,155,101,422,496,210,283,325,308,169
-8,24,155,496,477,307,101,422,325,210,11,359
-7,24,101,355,307,477,333,345,422,114,359,11
-6,24,101,355,307,477,422,345,333,114,331,231
-5,24,307,477,101,422,231,155,171,210,355,11
-4,24,307,32,101,477,177,325,359,11,155,231
-3,24,412,355,110,114,25,359,333,199,101,75
-2,24,355,412,114,359,25,454,101,333,199,110
-1,24,307,477,155,325,41,101,422,359,454,138
-13,25,192,445,182,150,370,229,368,322,314,102
-12,25,360,111,462,506,129,411,154,68,321,139
-11,25,360,462,111,192,68,106,321,142,506,314
-10,25,360,375,468,89,462,496,107,506,111,130
-9,25,360,506,111,284,462,68,122,89,375,395
-8,25,360,111,68,284,122,395,89,506,462,321
-7,25,468,107,496,510,89,129,467,375,68,462
-6,25,107,468,89,496,510,467,68,53,375,464
-5,25,467,107,208,468,63,130,462,464,360,506
-4,25,68,360,506,462,111,466,284,443,468,53
-3,25,496,468,412,373,247,510,403,3,339,65
-2,25,468,496,247,510,80,373,17,462,403,107
-1,25,360,111,462,63,466,89,107,129,468,506
-13,26,461,107,325,508,495,379,341,417,228,204
-12,26,461,325,299,203,508,296,312,107,372,417
-11,26,325,461,299,495,203,264,107,508,341,296
-10,26,279,461,299,296,203,381,325,354,405,501
-9,26,296,461,299,279,203,446,322,23,325,501
-8,26,296,461,203,299,279,501,322,119,506,60
-7,26,203,279,381,422,152,222,461,366,178,322
-6,26,203,279,381,296,448,120,152,322,267,461
-5,26,448,279,60,296,203,299,120,381,119,267
-4,26,296,203,279,60,120,238,299,322,506,23
-3,26,422,178,381,279,366,369,344,317,307,357
-2,26,422,448,279,381,120,137,344,203,322,357
-1,26,296,279,60,203,448,322,424,299,120,119
-13,27,361,430,130,104,108,132,307,424,400,417
-12,27,430,90,261,273,149,397,166,477,424,258
-11,27,90,430,9,397,500,400,84,273,477,89
-10,27,258,261,9,273,90,84,78,430,460,477
-9,27,273,84,258,261,90,166,477,430,126,78
-8,27,261,84,258,273,397,166,430,477,422,78
-7,27,229,261,10,90,477,430,471,386,84,397
-6,27,261,477,229,90,430,379,84,86,273,397
-5,27,261,84,379,258,430,126,477,90,9,207
-4,27,261,84,422,273,397,477,430,36,10,258
-3,27,229,10,6,386,261,86,477,436,177,392
-2,27,10,477,86,229,261,471,90,436,177,6
-1,27,261,84,258,471,86,250,477,430,422,273
-13,28,28,300,139,310,297,364,348,229,20,131
-12,28,251,139,48,299,297,262,28,286,303,300
-11,28,139,297,79,300,463,490,248,406,104,276
-10,28,139,331,352,48,127,497,90,360,256,298
-9,28,139,243,505,48,251,90,297,144,101,489
-8,28,351,139,63,48,505,297,264,243,489,101
-7,28,139,281,489,264,352,0,147,63,90,318
-6,28,139,489,457,63,264,0,281,352,90,101
-5,28,139,457,91,101,489,0,505,90,264,352
-4,28,63,139,264,489,267,243,505,297,180,504
-3,28,139,72,281,51,0,504,264,352,489,238
-2,28,139,51,281,489,0,10,69,238,318,264
-1,28,489,139,63,301,264,392,459,90,246,297
-13,29,293,294,170,466,262,219,165,68,285,245
-12,29,293,387,148,463,68,35,400,273,294,290
-11,29,293,387,35,463,148,338,290,273,53,50
-10,29,290,463,35,330,387,148,338,311,273,411
-9,29,463,290,387,148,35,330,338,411,488,273
-8,29,463,290,387,148,35,488,385,302,273,250
-7,29,290,7,441,387,508,148,488,435,250,302
-6,29,463,290,387,302,488,7,113,441,148,226
-5,29,463,441,290,330,488,250,35,7,387,385
-4,29,463,387,290,488,385,148,302,508,35,330
-3,29,290,7,338,441,508,321,435,250,330,148
-2,29,7,226,290,508,103,463,441,250,148,355
-1,29,463,385,387,148,7,290,302,355,488,127
-13,30,339,266,312,40,29,168,495,492,176,482
-12,30,398,460,64,40,243,506,137,151,430,396
-11,30,398,506,64,460,148,243,14,252,151,137
-10,30,396,254,94,492,243,162,506,135,106,160
-9,30,506,94,254,396,243,75,471,138,489,492
-8,30,402,486,506,243,138,94,212,254,471,396
-7,30,492,471,64,341,135,402,318,254,162,311
-6,30,471,254,492,402,341,135,162,212,64,243
-5,30,94,402,254,471,321,327,420,135,162,212
-4,30,471,254,402,94,212,329,506,156,302,424
-3,30,492,341,311,187,101,471,391,300,135,280
-2,30,492,341,101,135,300,321,311,374,187,402
-1,30,374,160,94,461,486,402,212,424,383,243
-13,31,283,174,215,188,477,38,103,411,55,71
-12,31,22,34,318,199,156,71,50,494,448,136
-11,31,318,22,50,34,208,173,156,96,389,282
-10,31,347,309,269,277,156,280,50,193,225,209
-9,31,347,309,494,156,277,209,269,280,302,22
-8,31,309,347,494,410,209,193,280,185,269,346
-7,31,366,347,309,277,269,379,350,381,280,51
-6,31,309,347,366,269,277,280,100,351,225,156
-5,31,347,309,277,366,25,269,150,225,501,160
-4,31,347,366,309,340,160,277,410,51,269,122
-3,31,366,350,347,340,277,395,280,379,69,122
-2,31,347,366,277,309,269,225,505,492,410,350
-1,31,347,309,160,25,494,169,209,156,37,150
-13,32,228,243,272,487,132,142,392,58,256,479
-12,32,228,487,243,429,272,111,379,26,58,392
-11,32,228,487,429,132,272,243,263,111,237,379
-10,32,228,25,116,424,429,438,223,333,23,243
-9,32,228,116,429,25,424,26,92,243,277,333
-8,32,429,116,228,25,243,480,92,277,74,48
-7,32,48,228,25,116,192,429,392,243,106,304
-6,32,116,228,25,48,192,438,424,243,429,92
-5,32,116,192,25,424,429,7,438,48,92,228
-4,32,48,25,116,228,192,429,277,480,74,243
-3,32,48,106,25,228,508,277,64,250,192,63
-2,32,48,25,116,192,106,228,277,333,239,438
-1,32,429,91,243,223,25,116,7,480,92,174
-13,33,510,486,136,119,28,330,84,209,469,427
-12,33,136,486,105,469,160,209,135,510,363,345
-11,33,136,105,469,160,166,209,486,474,90,135
-10,33,378,469,464,105,363,296,136,209,147,211
-9,33,464,105,363,136,469,378,160,347,194,234
-8,33,363,160,136,296,464,499,469,105,68,486
-7,33,363,464,469,187,132,160,457,105,136,152
-6,33,187,363,464,469,160,296,132,152,498,105
-5,33,363,187,160,469,105,296,464,499,378,152
-4,33,363,464,152,160,499,68,467,296,187,498
-3,33,464,363,221,463,335,469,457,361,129,152
-2,33,363,464,152,469,187,457,160,102,221,256
-1,33,363,172,499,209,386,296,372,105,187,469
-13,34,449,46,185,29,201,19,116,124,420,334
-12,34,201,308,185,501,46,108,507,194,449,11
-11,34,308,501,201,464,108,185,194,449,11,496
-10,34,201,207,501,194,326,170,408,11,327,25
-9,34,201,183,194,326,501,255,308,116,19,11
-8,34,213,194,201,183,36,434,501,310,43,137
-7,34,403,201,194,501,69,349,213,25,36,379
-6,34,194,201,36,501,213,25,69,90,349,272
-5,34,194,201,25,501,36,506,90,170,117,213
-4,34,501,194,108,183,201,36,43,249,90,137
-3,34,403,69,201,194,13,501,154,25,36,134
-2,34,194,25,501,201,82,76,106,408,506,36
-1,34,194,501,475,264,201,503,483,212,19,36
-13,35,406,4,434,375,413,293,170,342,176,162
-12,35,434,372,341,342,403,454,92,64,375,173
-11,35,92,342,434,372,341,118,173,454,22,109
-10,35,372,434,342,64,341,14,486,364,73,454
-9,35,434,372,364,234,342,123,64,420,233,14
-8,35,434,364,483,372,342,30,414,64,135,444
-7,35,434,364,372,483,430,138,341,486,161,226
-6,35,434,372,364,483,30,341,454,226,486,64
-5,35,372,434,364,73,454,341,30,420,221,486
-4,35,364,372,434,430,486,270,30,234,211,221
-3,35,364,486,430,211,138,434,316,124,431,169
-2,35,372,434,364,486,285,341,270,454,430,211
-1,35,372,434,173,145,192,30,329,454,341,105
-13,36,363,76,358,485,407,248,116,107,55,495
-12,36,15,407,456,444,76,388,284,170,131,248
-11,36,407,170,497,456,451,444,138,131,15,56
-10,36,407,112,56,169,125,187,456,214,146,421
-9,36,169,146,112,284,76,344,110,421,187,258
-8,36,112,76,214,94,421,284,508,192,146,456
-7,36,76,112,146,508,284,421,147,431,265,94
-6,36,76,112,64,225,421,508,265,214,431,146
-5,36,76,112,214,225,265,15,388,506,431,56
-4,36,284,421,76,95,146,187,422,331,169,344
-3,36,284,421,146,265,225,187,76,235,125,428
-2,36,225,506,265,421,76,112,235,146,15,258
-1,36,15,214,265,388,76,78,55,56,179,410
-13,37,255,379,46,306,420,10,70,25,428,324
-12,37,338,116,243,346,46,379,331,255,387,41
-11,37,338,243,3,447,116,104,346,387,504,142
-10,37,243,376,338,346,223,59,458,11,255,284
-9,37,376,243,425,111,346,130,116,189,445,299
-8,37,271,154,243,376,425,155,119,189,447,326
-7,37,243,376,154,479,155,115,425,271,129,189
-6,37,243,155,376,154,425,189,271,115,326,479
-5,37,155,243,376,400,345,146,189,326,11,223
-4,37,155,376,243,189,331,183,470,338,326,393
-3,37,155,17,243,479,336,376,115,129,407,189
-2,37,243,376,155,189,400,345,442,346,130,326
-1,37,155,100,243,242,469,326,255,293,131,474
-13,38,279,456,54,371,402,301,308,173,486,135
-12,38,215,349,8,17,172,371,225,54,456,97
-11,38,422,426,150,276,192,112,461,115,97,259
-10,38,305,51,172,230,142,290,295,355,225,369
-9,38,221,441,297,440,172,351,416,225,242,243
-8,38,374,441,479,150,276,48,422,192,177,165
-7,38,51,355,423,352,258,268,123,305,511,399
-6,38,51,123,503,423,399,102,305,230,374,352
-5,38,503,305,136,295,468,10,201,51,230,165
-4,38,221,215,428,334,165,416,440,467,434,444
-3,38,14,302,355,305,403,51,356,113,230,351
-2,38,10,51,230,239,188,468,379,449,500,369
-1,38,283,205,470,43,86,373,281,287,457,41
-13,39,356,323,242,42,338,446,334,199,430,389
-12,39,356,323,242,450,334,290,129,235,199,217
-11,39,356,323,235,242,199,217,334,336,132,129
-10,39,356,48,177,124,440,219,498,324,323,27
-9,39,177,219,356,324,290,440,349,498,211,199
-8,39,356,219,440,177,498,124,186,349,324,465
-7,39,440,219,349,498,356,124,177,324,239,205
-6,39,219,440,498,124,177,349,356,324,263,205
-5,39,498,440,219,124,177,263,117,81,316,431
-4,39,219,186,431,177,239,124,235,356,414,203
-3,39,219,186,207,324,239,24,431,235,214,177
-2,39,219,214,124,431,440,186,498,81,177,239
-1,39,498,316,440,124,238,95,177,390,81,263
-13,40,309,178,87,341,268,403,282,22,461,107
-12,40,309,152,300,341,501,87,107,386,382,270
-11,40,309,152,500,425,36,130,300,87,365,51
-10,40,102,28,223,229,8,421,309,0,52,341
-9,40,229,52,398,421,102,466,309,0,106,95
-8,40,229,398,52,421,95,198,102,0,40,341
-7,40,28,229,95,421,52,198,102,0,398,466
-6,40,229,52,198,95,28,421,102,398,466,418
-5,40,229,418,198,165,52,6,95,215,366,203
-4,40,229,398,410,43,421,320,447,367,273,423
-3,40,28,257,183,229,421,102,119,117,447,95
-2,40,28,418,229,351,410,117,393,95,447,183
-1,40,229,397,223,91,398,198,145,222,146,227
-13,41,132,443,391,5,275,440,198,62,240,447
-12,41,443,54,391,132,354,213,463,440,366,436
-11,41,443,501,391,283,243,354,206,213,481,503
-10,41,505,443,168,100,440,421,19,125,363,12
-9,41,421,168,19,54,189,366,363,261,443,333
-8,41,264,168,19,443,421,146,303,261,363,419
-7,41,505,443,196,333,146,168,19,421,289,346
-6,41,168,443,19,333,146,505,289,366,303,264
-5,41,443,12,168,306,40,146,394,19,125,366
-4,41,19,386,213,467,200,246,443,458,366,250
-3,41,100,196,386,19,421,251,215,161,419,363
-2,41,19,251,343,475,386,505,68,215,380,146
-1,41,366,434,168,443,54,424,146,170,435,414
-13,42,278,341,391,105,82,212,151,83,269,80
-12,42,301,83,457,74,105,491,390,78,455,217
-11,42,301,225,426,56,390,217,83,74,422,55
-10,42,68,257,39,455,133,57,390,138,5,251
-9,42,216,387,369,50,83,40,55,49,352,53
-8,42,403,379,55,83,396,113,23,268,211,483
-7,42,141,381,490,396,39,59,403,235,83,55
-6,42,141,59,403,55,490,381,396,67,83,235
-5,42,257,67,138,222,133,438,479,15,22,83
-4,42,396,369,50,62,216,312,214,40,362,83
-3,42,396,490,291,39,141,57,235,312,256,53
-2,42,257,67,310,479,133,5,22,71,222,83
-1,42,365,476,294,287,322,457,151,83,85,428
-13,43,300,86,306,91,413,388,60,133,366,348
-12,43,300,475,393,237,306,388,495,34,86,165
-11,43,300,388,391,278,49,206,366,156,506,34
-10,43,42,369,300,49,94,506,147,471,142,397
-9,43,142,300,369,475,495,412,147,400,446,393
-8,43,300,369,243,458,142,149,412,147,400,75
-7,43,300,369,147,380,471,149,458,400,75,339
-6,43,300,147,369,458,149,400,412,75,243,85
-5,43,267,369,94,435,300,481,84,475,15,147
-4,43,300,147,400,243,424,278,113,369,397,302
-3,43,147,79,397,300,400,380,243,113,42,471
-2,43,147,300,387,369,267,94,34,397,400,475
-1,43,49,369,87,475,267,2,486,15,149,370
-13,44,405,167,24,119,21,199,56,411,455,222
-12,44,119,186,300,319,405,250,325,217,399,148
-11,44,119,79,33,479,364,273,167,304,97,118
-10,44,119,472,143,90,364,204,288,337,88,24
-9,44,143,227,119,141,468,479,364,274,492,467
-8,44,119,247,143,233,364,479,467,227,503,492
-7,44,204,119,364,143,108,27,76,24,444,224
-6,44,119,364,233,27,143,224,492,283,108,467
-5,44,196,191,495,294,173,4,405,143,119,474
-4,44,233,228,155,444,119,122,127,333,250,503
-3,44,472,73,444,283,61,24,143,228,141,155
-2,44,191,24,196,294,173,444,405,474,270,495
-1,44,405,143,189,51,344,227,338,158,196,4
-13,45,90,237,131,264,303,443,280,205,66,475
-12,45,237,472,477,200,443,273,420,397,181,303
-11,45,220,397,237,466,452,265,280,193,355,495
-10,45,210,3,456,363,429,443,295,249,149,316
-9,45,357,295,24,200,248,249,181,237,3,510
-8,45,508,24,114,214,249,3,447,295,296,181
-7,45,237,3,429,249,149,233,229,363,367,181
-6,45,3,249,214,24,367,114,233,7,49,435
-5,45,201,249,510,167,297,3,126,357,237,145
-4,45,199,105,267,24,292,60,244,214,496,220
-3,45,149,429,3,453,376,383,46,214,244,280
-2,45,188,316,297,201,119,3,249,105,126,214
-1,45,510,406,237,365,249,48,295,357,34,477
-13,46,9,25,491,283,477,258,123,192,56,115
-12,46,25,162,320,504,362,510,283,142,292,165
-11,46,196,186,319,121,373,128,175,70,412,369
-10,46,25,138,245,381,260,161,221,191,68,404
-9,46,404,162,381,218,325,156,353,125,205,128
-8,46,325,381,78,128,435,205,35,323,404,162
-7,46,325,161,164,67,186,435,128,292,35,14
-6,46,325,381,435,128,67,35,244,186,121,162
-5,46,248,325,25,162,381,161,67,193,446,128
-4,46,71,381,222,464,201,435,218,292,317,506
-3,46,221,161,164,381,435,35,68,67,319,325
-2,46,25,381,104,325,248,435,468,67,186,128
-1,46,25,162,477,239,141,469,325,303,147,125
-1,47,254,142,11,270,157,280,329,461,222,465
0,0,109,351,315,435,333,395,90,249,331,227
0,1,383,235,320,349,32,442,97,128,74,389
0,2,257,372,295,12,403,209,211,137,84,370
0,3,394,205,335,182,293,408,405,253,82,249
0,4,252,28,68,506,465,496,307,325,156,110
0,5,236,436,468,26,292,1,263,190,98,142
0,6,394,259,185,68,168,112,126,164,285,118
0,7,452,303,438,242,144,158,191,8,372,239
0,8,283,477,101,11,422,155,191,210,318,496
0,9,111,360,462,89,395,130,129,301,38,68
0,10,279,424,322,296,203,299,60,488,119,433
0,11,273,78,84,371,258,379,90,166,188,477
0,12,459,390,63,264,90,37,392,139,9,491
0,13,385,387,250,148,35,290,352,311,411,463
0,14,396,160,94,254,18,486,461,383,127,138
0,15,309,347,160,346,169,209,340,150,280,6
0,16,91,333,199,429,480,25,438,424,243,116
0,17,381,469,378,296,499,172,464,61,422,72
0,18,264,184,6,471,49,291,370,201,211,212
0,19,192,434,64,454,225,145,364,329,173,26
0,20,15,78,507,55,485,344,109,56,457,258
0,21,100,70,255,379,474,324,418,287,54,242
0,22,81,41,223,30,293,345,205,456,287,86
0,23,316,498,440,372,238,390,177,338,42,242
0,24,283,206,175,422,477,155,191,325,11,308
0,25,111,63,360,395,89,129,208,361,375,462
0,26,424,296,322,203,279,119,461,60,280,299
0,27,250,273,78,258,84,261,371,9,397,36
0,28,459,290,9,392,390,277,139,37,301,63
0,29,385,387,463,411,352,148,35,50,311,290
0,30,160,383,127,461,69,233,319,94,212,506
0,31,347,309,160,156,169,6,150,226,340,306
0,32,91,23,174,480,116,223,429,25,228,299
0,33,72,61,499,172,422,372,381,305,386,209
0,34,264,370,184,471,291,49,211,212,91,6
0,35,192,225,377,63,349,212,37,356,173,26
0,36,15,344,507,78,413,55,457,215,485,109
0,37,100,255,474,418,131,379,453,54,287,242
0,38,223,205,81,41,293,30,345,287,86,78
0,39,390,498,146,316,95,440,177,416,124,363
0,40,278,407,397,229,244,471,357,198,227,203
0,41,226,435,434,443,445,240,94,266,391,366
0,42,393,87,151,476,301,366,287,428,322,457
0,43,217,180,2,87,369,509,207,267,377,278
0,44,277,56,189,405,51,158,276,433,440,43
0,45,237,406,303,34,479,475,227,48,365,47
0,46,171,388,256,239,77,141,25,188,338,348
0,47,142,451,85,280,272,11,78,424,157,95
1,0,302,226,64,136,120,373,453,144,171,232
1,1,383,320,19,306,349,149,442,283,400,193
1,2,372,257,475,12,114,4,403,322,209,9
1,3,394,205,188,269,113,217,455,253,143,335
1,4,60,82,252,59,106,307,496,153,325,68
1,5,236,436,142,446,314,49,1,263,292,468
1,6,223,394,379,112,283,285,256,159,198,445
1,7,452,242,8,382,464,303,346,372,438,84
1,8,175,283,439,227,11,422,458,477,206,319
1,9,111,360,462,376,154,122,502,395,139,68
1,10,355,322,203,296,461,424,279,330,264,278
1,11,273,508,250,166,48,397,371,84,323,258
1,12,459,277,389,175,251,421,297,392,386,0
1,13,385,387,148,91,250,286,463,50,273,290
1,14,94,138,160,82,117,486,212,506,305,383
1,15,6,494,289,209,346,169,178,410,340,199
1,16,243,429,480,189,7,228,391,74,58,23
1,17,209,363,243,386,499,61,105,172,345,469
1,18,46,87,264,376,211,184,496,399,370,212
1,19,173,377,192,434,342,103,162,509,96,31
1,20,485,40,55,15,248,104,219,363,16,300
1,21,70,25,379,420,131,255,418,44,10,324
1,22,173,457,235,287,341,18,501,425,134,54
1,23,127,244,42,334,446,496,372,450,242,338
1,24,175,439,458,319,46,13,425,206,394,262
1,25,111,58,376,502,360,361,442,154,68,142
1,26,203,461,330,322,177,424,28,355,296,107
1,27,250,273,511,185,424,48,165,508,58,189
1,28,277,175,386,389,283,390,392,9,297,459
1,29,387,385,97,91,148,463,392,50,209,93
1,30,14,117,506,11,69,417,473,151,80,398
1,31,494,6,289,199,426,306,375,156,288,283
1,32,278,23,142,243,429,479,272,26,391,366
1,33,345,61,88,209,105,305,253,386,419,499
1,34,376,87,46,496,264,211,399,275,370,325
1,35,173,49,509,377,162,192,103,3,31,342
1,36,248,485,55,15,313,104,219,363,457,210
1,37,44,131,418,255,324,70,420,379,25,46
1,38,413,173,235,18,457,287,134,425,446,341
1,39,496,334,450,390,356,167,146,338,260,242
1,40,278,172,173,87,280,449,178,397,309,91
1,41,391,449,445,240,42,491,226,55,480,266
1,42,151,366,217,393,212,215,47,80,283,231
1,43,133,86,180,91,162,185,207,13,300,413
1,44,209,56,338,276,433,248,277,174,167,405
1,45,303,237,47,227,22,443,34,475,270,165
1,46,25,88,60,31,283,432,165,346,471,324
1,47,445,79,254,122,424,186,163,95,288,207
2,0,165,109,261,169,90,333,380,331,214,435
2,1,383,70,74,320,235,206,178,400,349,97
2,2,270,372,12,9,257,114,312,5,295,209
2,3,205,269,394,335,408,8,82,249,113,293
2,4,496,252,233,506,389,465,309,410,59,106
2,5,236,142,1,436,49,224,468,292,302,446
2,6,112,285,468,150,79,375,35,144,223,13
2,7,452,10,60,242,199,84,438,140,191,158
2,8,175,439,283,319,11,262,425,458,46,227
2,9,111,58,68,376,361,502,360,142,154,139
2,10,355,28,203,461,322,508,177,107,325,495
2,11,273,165,185,189,48,371,163,166,84,108
2,12,389,277,459,283,386,390,9,175,63,37
2,13,387,392,93,273,91,148,50,385,458,224
2,14,117,138,212,417,506,335,473,82,137,460
2,15,494,6,209,178,410,289,486,199,346,375
2,16,429,243,441,75,74,278,7,189,391,142
2,17,209,61,499,243,305,105,372,136,363,467
2,18,376,46,264,211,87,496,184,370,399,212
2,19,173,377,192,509,434,162,3,453,31,103
2,20,485,248,313,104,15,55,16,457,219,363
2,21,70,44,255,131,379,420,324,418,46,100
2,22,41,195,223,205,345,30,81,287,293,60
2,23,496,450,167,372,285,242,389,290,42,334
2,24,439,262,175,319,11,425,27,46,458,13
2,25,58,111,502,361,68,142,442,154,301,353
2,26,508,126,107,177,28,461,263,495,243,203
2,27,165,273,185,48,189,250,511,197,424,500
2,28,277,390,9,389,386,160,297,175,37,283
2,29,387,385,423,50,93,91,352,431,224,392
2,30,117,417,14,506,486,314,69,138,212,11
2,31,375,6,306,494,426,346,193,178,226,209
2,32,441,23,278,391,26,74,243,231,140,130
2,33,61,499,372,467,305,422,209,72,504,166
2,34,264,370,211,471,184,496,87,376,46,212
2,35,192,377,225,435,47,174,453,212,342,14
2,36,15,507,485,55,457,16,248,104,344,467
2,37,70,324,255,44,100,379,340,418,131,150
2,38,223,81,30,41,345,293,205,195,264,57
2,39,146,390,260,334,242,323,356,363,450,36
2,40,357,173,186,59,244,138,278,471,203,397
2,41,391,226,385,445,434,240,42,443,304,418
2,42,151,322,393,140,217,301,476,366,87,287
2,43,207,278,86,185,180,2,13,49,464,162
2,44,276,209,56,405,277,189,167,433,207,51
2,45,237,303,34,227,282,443,47,48,406,280
2,46,171,388,60,77,469,239,256,25,504,226
2,47,142,85,280,272,78,424,293,11,95,30
3,0,71,32,130,46,286,342,160,257,381,278
3,1,320,157,19,383,175,400,60,165,86,181
3,2,286,380,84,89,372,75,87,338,222,59
3,3,205,354,249,335,496,408,269,394,182,357
3,4,252,325,465,196,506,496,156,389,249,349
3,5,236,20,142,354,49,1,468,456,180,436
3,6,285,112,283,452,329,179,52,346,189,185
3,7,303,174,438,327,268,452,191,84,346,325
3,8,175,11,191,101,439,3,87,283,319,359
3,9,68,111,502,361,214,58,139,376,142,375
3,10,488,345,203,461,240,177,299,107,325,495
3,11,163,273,371,500,189,234,165,84,166,422
3,12,459,228,37,288,63,406,390,389,475,491
3,13,387,273,50,385,286,93,148,91,347,431
3,14,212,138,486,117,506,417,127,162,69,14
3,15,6,494,375,346,178,209,306,426,193,199
3,16,441,74,23,278,429,231,26,243,91,130
3,17,467,372,61,499,422,305,166,72,209,381
3,18,264,49,464,291,46,185,184,496,211,471
3,19,377,14,225,453,192,47,434,342,162,212
3,20,451,497,507,15,457,335,485,55,366,78
3,21,3,44,340,33,255,54,70,100,104,379
3,22,461,422,426,276,471,179,112,150,177,287
3,23,146,163,390,482,363,498,176,260,398,356
3,24,175,11,191,319,87,439,477,262,27,283
3,25,58,502,361,111,68,142,154,442,132,139
3,26,107,488,126,177,461,495,203,211,393,508
3,27,273,165,511,189,250,48,500,185,163,84
3,28,459,37,390,288,277,228,406,96,248,63
3,29,387,385,22,50,288,97,224,148,91,273
3,30,14,486,80,136,212,138,506,314,117,233
3,31,375,426,346,306,193,6,494,347,68,288
3,32,278,26,23,140,441,74,91,129,51,58
3,33,50,372,305,389,499,422,61,467,72,12
3,34,347,264,471,184,49,119,291,211,370,350
3,35,426,453,174,222,96,192,377,434,14,47
3,36,485,55,15,16,248,78,219,497,451,457
3,37,44,379,255,46,100,33,41,150,453,10
3,38,205,41,81,86,30,264,345,223,413,195
3,39,334,260,389,390,323,450,244,356,36,430
3,40,138,178,172,357,278,508,173,397,449,91
3,41,240,445,226,391,65,385,491,42,59,198
3,42,140,272,322,151,366,301,212,393,105,426
3,43,162,337,278,86,413,185,207,49,45,499
3,44,350,87,276,105,167,405,248,433,119,189
3,45,237,303,51,452,280,63,22,484,220,40
3,46,196,60,297,506,404,283,263,324,25,88
3,47,88,391,188,186,498,45,452,399,49,302
4,0,123,369,293,386,338,349,197,398,161,89
4,1,320,261,19,48,465,400,130,243,175,373
4,2,160,84,393,338,222,370,192,209,59,75
4,3,205,507,496,335,249,394,237,450,403,45
4,4,488,299,252,249,272,68,306,432,309,102
4,5,67,75,20,224,236,142,354,443,192,49
4,6,285,283,112,258,151,215,33,223,330,280
4,7,18,438,303,494,459,8,148,481,295,237
4,8,11,191,175,119,439,477,370,132,101,52
4,9,191,154,40,68,73,301,502,145,349,506
4,10,469,488,345,300,314,506,255,203,299,126
4,11,273,163,371,189,230,451,501,111,84,141
4,12,377,288,476,111,386,459,63,491,228,290
4,13,286,390,387,50,273,431,385,357,148,91
4,14,305,486,138,231,212,28,127,117,268,82
4,15,6,494,346,199,178,209,410,375,306,226
4,16,146,441,74,429,231,272,243,26,133,191
4,17,467,422,243,460,499,209,105,363,61,381
4,18,478,260,507,477,294,46,185,450,331,19
4,19,273,225,389,469,47,463,434,14,349,255
4,20,448,467,248,501,58,167,5,190,15,442
4,21,434,239,136,281,279,453,307,70,496,198
4,22,413,201,65,186,290,494,20,125,172,218
4,23,486,336,372,354,242,176,498,42,482,199
4,24,191,119,175,11,189,477,370,389,132,52
4,25,40,340,58,502,301,154,508,191,111,168
4,26,314,176,300,299,488,469,345,506,126,393
4,27,273,111,189,163,197,511,451,234,250,17
4,28,377,288,476,438,459,111,228,475,386,444
4,29,286,385,387,137,390,50,423,347,431,411
4,30,486,305,127,268,82,69,340,14,77,212
4,31,6,226,306,209,178,494,410,346,160,25
4,32,26,442,133,441,231,182,23,174,278,283
4,33,460,273,422,61,117,477,467,499,68,381
4,34,478,185,477,450,507,414,306,260,241,287
4,35,273,263,14,469,225,389,255,175,329,349
4,36,448,5,58,260,214,198,177,75,167,366
4,37,239,434,136,281,67,56,70,198,78,307
4,38,413,201,186,65,290,469,494,125,20,39
4,39,316,486,511,498,354,238,416,124,398,53
4,40,357,203,215,227,450,498,198,323,136,503
4,41,443,418,391,151,49,243,304,259,220,306
4,42,16,448,20,342,304,410,480,355,419,197
4,43,185,416,319,15,481,49,178,486,92,267
4,44,473,272,120,156,55,237,446,292,372,440
4,45,280,84,230,470,104,70,454,2,351,290
4,46,30,181,185,421,124,57,378,199,272,322
4,47,320,202,326,144,336,480,337,492,338,349
5,0,316,138,384,167,198,98,470,427,401,147
5,1,320,265,293,420,62,203,294,130,19,378
5,2,185,84,404,491,439,367,222,160,393,263
5,3,496,205,507,505,403,249,335,394,18,175
5,4,287,393,488,311,252,168,249,299,67,399
5,5,20,160,275,354,485,112,5,131,487,505
5,6,285,73,417,498,283,145,47,142,112,495
5,7,322,168,303,245,438,117,20,134,154,72
5,8,191,11,175,275,296,132,227,366,189,477
5,9,340,483,154,506,68,111,214,191,140,40
5,10,314,345,490,488,173,299,393,461,328,255
5,11,273,163,234,371,111,402,343,189,17,500
5,12,401,312,98,223,288,228,475,459,286,491
5,13,286,280,50,277,347,35,390,385,431,387
5,14,486,127,305,212,94,231,268,138,461,6
5,15,6,346,494,178,209,486,193,226,199,306
5,16,441,74,133,216,231,191,243,272,26,429
5,17,422,467,117,381,273,499,68,67,243,296
5,18,62,306,414,395,390,152,284,58,319,168
5,19,292,92,20,255,469,129,263,225,80,47
5,20,75,339,214,5,58,167,136,41,140,15
5,21,266,470,268,277,86,338,78,307,459,305
5,22,320,225,8,349,429,424,52,499,434,413
5,23,316,498,486,398,511,242,238,176,354,372
5,24,191,366,477,275,175,11,296,318,389,151
5,25,129,111,154,340,301,395,506,349,140,483
5,26,119,345,299,314,490,173,488,393,240,92
5,27,273,322,148,234,343,111,471,36,379,78
5,28,401,312,288,48,223,444,459,286,228,395
5,29,277,280,385,286,387,427,347,50,35,423
5,30,486,127,461,160,249,94,305,19,268,162
5,31,309,6,25,209,347,37,150,346,226,160
5,32,216,283,174,442,424,116,438,223,191,199
5,33,117,296,214,81,67,39,477,378,410,285
5,34,414,395,390,62,58,319,246,284,306,361
5,35,129,92,292,469,10,286,14,33,20,456
5,36,214,339,75,5,41,58,112,508,140,64
5,37,266,470,78,268,305,331,338,354,376,28
5,38,8,320,349,424,499,328,215,413,429,52
5,39,316,498,105,440,124,354,205,398,53,511
5,40,505,198,227,223,357,450,482,498,503,95
5,41,443,168,243,151,170,418,417,259,175,424
5,42,362,62,491,394,137,23,367,216,261,139
5,43,49,369,149,280,185,412,458,106,75,498
5,44,440,119,220,224,250,35,144,181,364,237
5,45,405,70,104,280,143,447,249,232,3,454
5,46,504,218,325,329,390,281,185,35,404,463
5,47,292,458,39,48,242,403,361,482,413,296
6,0,234,188,123,485,79,286,138,278,201,277
6,1,261,320,437,483,19,215,209,130,471,400
6,2,135,185,436,84,393,222,495,367,404,109
6,3,496,205,249,403,335,342,507,182,394,269
6,4,325,431,465,222,168,252,156,191,59,410
6,5,160,75,20,112,302,354,487,399,236,273
6,6,285,417,112,151,47,283,255,223,74,498
6,7,295,168,438,437,322,117,303,18,275,325
6,8,191,11,175,366,439,227,132,119,370,162
6,9,145,68,349,191,154,502,111,301,506,208
6,10,488,92,469,203,126,490,299,461,393,506
6,11,273,163,371,422,189,234,17,84,500,165
6,12,312,288,438,377,228,459,401,63,386,491
6,13,387,286,50,390,35,347,385,431,148,273
6,14,486,212,127,138,231,305,268,506,162,461
6,15,6,346,494,178,375,209,169,410,193,306
6,16,23,74,146,441,480,231,278,140,26,429
6,17,422,467,499,381,296,209,372,243,61,365
6,18,241,331,319,58,306,284,390,414,395,287
6,19,273,469,225,47,14,456,286,364,80,92
6,20,214,5,448,75,58,112,15,167,441,434
6,21,305,56,40,239,281,266,136,164,434,182
6,22,494,39,125,186,424,495,413,255,469,303
6,23,498,316,398,372,238,242,176,354,511,440
6,24,191,477,175,422,101,11,366,389,151,296
6,25,111,395,301,89,130,129,145,58,511,168
6,26,488,119,280,92,506,424,299,296,188,126
6,27,78,36,379,273,197,258,103,189,406,422
6,28,288,48,438,459,312,228,401,82,377,80
6,29,385,35,463,387,347,148,457,423,411,286
6,30,486,461,160,127,196,319,254,18,381,162
6,31,309,347,160,6,410,25,427,209,37,150
6,32,174,116,283,25,442,299,146,438,90,338
6,33,410,81,296,276,39,197,500,187,422,286
6,34,419,241,331,284,58,306,390,414,319,395
6,35,129,175,469,292,456,308,273,286,14,225
6,36,214,5,448,75,58,112,173,41,258,168
6,37,305,40,56,78,239,266,281,164,28,136
6,38,495,186,424,125,494,469,39,65,255,429
6,39,105,498,316,440,435,398,238,124,205,349
6,40,505,198,223,450,227,229,357,146,102,95
6,41,443,151,168,358,418,49,19,414,243,508
6,42,137,482,139,394,304,71,355,496,114,448
6,43,267,49,92,369,486,15,149,93,495,185
6,44,237,28,55,372,405,119,54,280,212,473
6,45,405,470,104,230,454,189,70,280,290,381
6,46,214,336,41,390,199,185,392,57,325,322
6,47,458,360,52,298,270,31,480,336,54,320
7,0,267,190,362,186,430,101,88,82,18,361
7,1,203,477,320,402,189,410,483,96,215,87
7,2,84,185,393,269,338,61,436,389,424,370
7,3,205,496,265,335,249,403,394,507,182,161
7,4,156,325,177,252,136,306,249,309,59,68
7,5,20,425,160,25,236,404,182,142,280,44
7,6,285,112,338,471,283,417,223,255,335,125
7,7,438,437,303,168,329,8,118,452,117,501
7,8,191,101,477,11,283,175,496,155,210,325
7,9,395,111,89,130,468,443,129,506,467,462
7,10,119,488,279,280,203,188,299,322,506,77
7,11,78,379,273,258,10,197,371,9,500,90
7,12,312,90,459,80,505,228,401,154,444,298
7,13,385,148,35,250,50,387,411,311,290,119
7,14,160,94,254,268,396,486,461,383,127,162
7,15,347,309,160,366,340,277,272,280,269,410
7,16,91,25,116,333,192,480,48,438,442,174
7,17,464,381,86,469,137,61,187,378,499,296
7,18,284,179,308,137,419,272,291,90,501,358
7,19,364,225,263,123,234,110,486,452,145,26
7,20,112,169,146,344,56,15,170,486,64,55
7,21,376,162,288,243,130,445,116,437,329,70
7,22,125,6,424,237,467,303,186,456,197,22
7,23,177,440,219,498,124,316,214,349,199,324
7,24,191,477,101,155,114,283,93,422,210,239
7,25,464,395,53,208,89,63,107,467,505,375
7,26,279,153,280,296,218,422,506,60,119,188
7,27,379,207,93,36,10,258,471,378,498,126
7,28,80,489,11,288,73,82,32,459,48,505
7,29,334,385,441,241,411,508,126,35,487,311
7,30,319,135,160,486,102,492,327,461,317,196
7,31,347,309,277,160,366,269,150,2,410,123
7,32,116,192,25,174,109,50,48,438,337,311
7,33,137,464,216,410,82,276,93,296,86,256
7,34,419,179,256,90,308,284,291,443,57,272
7,35,420,175,234,282,225,469,110,350,263,329
7,36,169,146,112,327,64,486,110,421,15,229
7,37,376,288,120,130,445,329,40,147,78,437
7,38,6,424,125,467,303,186,429,373,456,367
7,39,177,219,287,324,290,203,235,440,197,444
7,40,229,52,386,102,48,300,423,421,466,198
7,41,54,366,455,161,185,168,401,436,146,149
7,42,62,496,352,139,114,304,482,137,394,16
7,43,142,475,393,188,495,165,369,267,147,237
7,44,28,237,372,55,405,143,54,119,301,344
7,45,104,230,454,470,70,189,280,477,249,290
7,46,336,214,185,390,199,392,325,57,322,331
7,47,270,298,480,336,320,31,54,349,326,492
8,0,62,167,176,98,401,211,198,272,10,291
8,1,240,62,293,320,483,304,34,410,366,287
8,2,185,211,263,360,418,439,393,370,84,436
8,3,496,507,205,265,18,161,403,237,274,249
8,4,166,299,110,308,306,174,38,96,177,508
8,5,90,425,131,25,415,275,81,120,505,119
8,6,417,279,73,471,255,285,335,42,495,113
8,7,117,101,108,282,245,438,501,118,219,8
8,8,477,191,496,11,101,155,366,422,296,113
8,9,77,129,301,395,360,111,349,191,154,89
8,10,488,253,119,490,380,92,299,279,361,248
8,11,103,78,343,258,273,371,148,379,188,322
8,12,48,372,303,299,286,223,307,11,120,161
8,13,35,250,286,457,385,356,463,330,404,203
8,14,396,18,305,268,160,461,94,6,254,19
8,15,309,209,347,346,340,280,494,160,6,100
8,16,199,424,333,325,438,283,370,174,223,480
8,17,296,378,67,285,214,381,410,355,147,464
8,18,341,168,414,58,255,108,308,201,62,373
8,19,129,62,92,292,469,20,329,364,242,454
8,20,140,214,75,112,136,445,56,173,58,93
8,21,502,459,292,470,338,268,419,11,312,354
8,22,349,253,17,215,434,252,52,328,499,444
8,23,498,316,372,440,105,443,354,205,124,238
8,24,477,191,422,155,496,101,318,366,462,370
8,25,395,129,77,111,301,130,360,349,168,208
8,26,50,119,361,296,488,279,380,92,60,253
8,27,78,103,258,126,322,379,273,36,86,194
8,28,48,372,288,303,11,299,286,307,334,161
8,29,385,250,457,203,35,463,411,356,241,277
8,30,160,19,461,396,268,486,305,509,18,249
8,31,309,25,347,160,37,209,2,287,150,269
8,32,174,424,116,199,109,283,438,216,325,192
8,33,214,296,378,67,39,117,285,410,156,187
8,34,341,168,414,108,94,80,472,255,122,308
8,35,129,62,20,92,246,242,469,33,10,308
8,36,140,136,112,93,64,214,138,445,456,168
8,37,502,470,331,268,292,338,459,419,376,11
8,38,349,252,215,17,253,52,434,8,444,328
8,39,105,440,498,124,349,177,219,445,263,435
8,40,229,198,505,52,102,95,0,223,341,270
8,41,443,168,366,170,146,421,175,424,261,306
8,42,362,491,62,216,261,496,369,387,23,49
8,43,369,49,142,495,280,286,302,475,488,356
8,44,220,319,119,250,143,364,249,164,224,183
8,45,472,220,249,3,510,145,280,49,200,441
8,46,325,218,329,404,381,264,162,128,67,496
8,47,446,458,292,39,321,245,452,465,296,390
9,0,32,130,278,160,71,330,409,170,221,117
9,1,471,215,112,427,447,320,410,483,71,53
9,2,483,250,142,211,269,380,338,209,226,370
9,3,354,265,161,454,216,496,332,272,205,403
9,4,177,196,110,440,245,136,306,174,349,498
9,5,273,456,96,425,258,25,20,483,350,352
9,6,452,258,6,50,335,166,33,285,284,346
9,7,269,170,268,437,8,438,329,303,231,118
9,8,101,191,477,155,210,283,114,11,422,359
9,9,468,130,496,464,462,89,467,208,505,395
9,10,279,422,507,188,280,506,322,119,299,248
9,11,10,258,207,9,379,93,201,436,90,460
9,12,248,80,463,409,90,144,406,505,489,484
9,13,487,35,311,385,250,441,103,508,139,411
9,14,492,135,327,38,205,299,254,101,64,317
9,15,347,366,309,277,350,225,505,269,410,0
9,16,48,25,192,106,116,50,277,438,262,205
9,17,90,464,137,86,480,234,256,31,152,176
9,18,137,284,358,308,419,330,464,434,179,90
9,19,234,420,111,106,486,123,418,364,233,167
9,20,169,146,112,197,187,64,451,375,428,497
9,21,376,3,104,243,130,447,288,437,419,152
9,22,426,150,252,112,461,276,471,422,177,243
9,23,219,177,203,440,324,498,197,287,349,235
9,24,114,101,477,333,199,93,422,25,359,412
9,25,468,496,53,467,464,510,373,89,130,375
9,26,422,218,143,153,366,279,83,202,399,357
9,27,207,10,246,201,93,229,45,259,379,378
9,28,80,72,489,236,36,462,189,10,73,385
9,29,334,253,441,139,186,378,487,370,508,385
9,30,492,135,38,317,319,327,136,205,64,254
9,31,366,347,309,277,225,122,269,350,423,0
9,32,48,192,116,25,277,106,50,438,262,350
9,33,480,90,464,137,216,86,31,256,152,82
9,34,419,179,464,39,272,493,256,434,308,284
9,35,420,118,486,123,92,111,364,375,426,328
9,36,497,112,451,64,94,138,146,169,407,56
9,37,3,104,376,447,338,504,459,119,237,152
9,38,252,426,112,461,150,276,422,368,507,192
9,39,177,219,440,498,124,349,203,324,105,470
9,40,229,52,102,425,300,402,403,48,386,270
9,41,366,168,501,54,261,443,97,436,161,283
9,42,402,496,181,102,426,361,352,140,381,64
9,43,369,147,475,391,142,400,188,49,488,495
9,44,79,33,119,143,364,451,227,192,402,183
9,45,452,220,412,249,441,3,367,510,8,216
9,46,404,196,232,281,325,346,496,381,264,401
9,47,391,398,242,403,255,442,88,188,296,459
10,0,348,369,95,403,308,293,349,338,75,61
10,1,65,491,58,243,212,454,156,381,16,48
10,2,313,211,370,165,351,168,117,265,74,28
10,3,265,161,40,454,332,406,297,498,78,396
10,4,136,177,174,166,467,110,38,299,117,309
10,5,425,25,120,317,79,404,357,191,220,358
10,6,480,393,347,431,258,353,396,33,136,327
10,7,461,101,269,501,28,329,2,392,108,8
10,8,155,210,101,477,283,191,496,11,422,161
10,9,468,496,89,130,360,375,462,49,129,208
10,10,279,354,280,361,236,50,267,6,322,188
10,11,78,258,10,379,9,126,370,195,86,201
10,12,331,48,497,372,32,360,127,51,75,11
10,13,35,311,385,487,119,169,250,457,167,241
10,14,254,396,160,268,94,327,18,492,187,142
10,15,347,309,277,366,269,506,160,505,280,247
10,16,25,438,116,424,333,192,48,325,223,269
10,17,378,211,296,464,147,143,469,272,3,381
10,18,408,207,80,201,170,394,25,298,272,327
10,19,246,129,486,469,73,388,434,364,92,454
10,20,112,407,421,56,170,125,235,86,94,147
10,21,376,458,223,243,338,59,407,299,11,222
10,22,230,414,269,142,305,295,468,369,252,290
10,23,498,440,124,177,316,73,219,238,211,379
10,24,477,101,155,422,210,283,191,496,161,509
10,25,375,468,89,130,395,208,496,107,360,238
10,26,50,279,354,296,361,280,153,357,6,501
10,27,78,86,10,258,379,9,195,126,194,36
10,28,331,372,48,51,11,334,32,360,127,345
10,29,457,385,311,241,250,463,119,355,477,35
10,30,160,396,509,254,268,461,401,383,105,492
10,31,347,309,160,277,269,37,340,506,2,156
10,32,25,424,91,438,334,116,174,109,223,115
10,33,378,464,187,296,211,118,285,410,67,93
10,34,80,327,25,117,94,207,266,170,67,418
10,35,129,20,62,73,486,308,364,469,399,420
10,36,136,506,112,508,93,214,86,125,258,168
10,37,11,376,59,223,458,299,261,470,419,199
10,38,252,295,142,414,379,230,369,269,305,468
10,39,105,257,498,440,443,124,177,203,403,349
10,40,198,356,229,190,505,77,8,440,95,206
10,41,168,443,505,421,366,306,313,146,12,457
10,42,62,68,396,381,352,496,49,181,133,402
10,43,369,400,280,34,49,149,321,147,184,150
10,44,143,231,192,438,154,183,233,430,502,215
10,45,249,248,199,3,200,343,510,146,135,67
10,46,245,41,404,192,496,325,438,465,33,68
10,47,136,292,458,148,242,465,452,296,153,442
11,0,361,301,101,76,293,21,265,218,314,369
11,1,226,250,230,61,410,58,76,493,48,65
11,2,354,483,490,196,211,249,370,166,424,257
11,3,161,265,454,332,405,297,495,264,229,392
11,4,175,265,449,110,177,17,306,252,102,174
11,5,206,296,425,25,483,350,37,120,79,411
11,6,382,236,175,87,480,243,431,479,347,335
11,7,470,101,8,269,305,438,303,329,449,108
11,8,155,191,496,477,101,210,422,11,325,283
11,9,360,111,395,462,129,89,122,335,301,284
11,10,446,501,361,119,279,488,50,253,296,424
11,11,78,148,258,322,379,273,126,343,371,86
11,12,243,372,400,484,380,48,278,267,144,505
11,13,35,82,385,457,203,250,80,463,169,411
11,14,160,489,94,268,396,486,461,19,18,249
11,15,309,150,347,160,25,6,506,169,156,346
11,16,116,174,199,109,442,283,424,191,146,133
11,17,378,296,464,93,187,67,381,410,426,194
11,18,183,255,330,443,122,284,198,308,326,108
11,19,129,20,225,223,454,507,469,364,329,62
11,20,112,93,136,214,508,58,258,192,146,182
11,21,419,459,425,111,470,376,58,299,183,116
11,22,221,444,441,440,374,434,252,243,416,417
11,23,105,440,498,214,4,443,177,435,257,349
11,24,191,477,155,101,307,422,496,386,169,113
11,25,284,89,63,464,395,208,122,88,111,107
11,26,60,296,50,501,119,361,305,488,446,188
11,27,498,322,258,36,131,471,379,78,366,126
11,28,288,243,372,505,11,48,484,334,400,457
11,29,71,385,241,138,82,35,457,280,411,203
11,30,196,486,461,319,94,162,381,160,401,273
11,31,160,309,347,150,6,25,410,427,496,226
11,32,174,116,199,63,338,424,438,146,283,442
11,33,81,410,39,0,403,286,296,156,82,276
11,34,183,122,94,330,80,255,108,256,414,443
11,35,129,20,135,223,420,113,242,160,10,62
11,36,112,136,64,284,168,258,182,508,74,421
11,37,425,419,376,459,111,119,470,183,208,58
11,38,221,252,441,444,434,440,374,242,48,416
11,39,105,440,498,177,349,124,219,119,287,445
11,40,229,198,505,466,95,52,421,102,48,0
11,41,168,443,146,19,462,261,421,158,264,83
11,42,62,268,379,396,332,95,23,216,362,300
11,43,369,150,147,142,280,34,188,149,400,75
11,44,233,143,119,364,108,228,492,224,227,503
11,45,199,249,3,295,49,292,214,60,357,24
11,46,186,325,128,35,162,381,404,329,218,205
11,47,458,292,452,360,302,465,185,390,507,296
12,0,46,330,160,505,149,117,361,130,414,375
12,1,71,251,112,59,250,410,181,9,483,320
12,2,10,226,142,490,101,354,424,338,269,370
12,3,161,454,510,265,216,332,297,40,405,424
12,4,495,359,499,417,177,349,110,136,306,252
12,5,373,258,25,273,425,404,20,182,266,452
12,6,476,382,236,198,354,189,335,33,285,284
12,7,231,329,170,303,8,66,148,483,486,470
12,8,307,101,477,191,422,11,114,155,210,359
12,9,468,107,53,464,467,462,130,505,208,466
12,10,60,279,50,119,32,153,506,422,299,218
12,11,258,10,256,379,207,201,397,93,482,166
12,12,457,351,463,90,505,372,80,489,484,11
12,13,385,35,250,103,441,487,508,463,7,82
12,14,492,135,327,205,268,162,486,38,254,94
12,15,347,309,366,277,160,269,350,25,410,501
12,16,192,116,50,48,25,438,480,337,174,277
12,17,137,464,187,469,194,86,256,132,381,363
12,18,213,434,90,330,284,201,137,443,358,181
12,19,223,364,454,225,420,71,356,483,135,167
12,20,112,58,508,64,146,252,428,73,56,192
12,21,154,271,119,459,376,419,208,425,162,492
12,22,479,374,252,150,417,177,441,276,422,48
12,23,440,498,177,214,219,316,124,349,119,372
12,24,191,101,477,155,307,422,4,239,210,333
12,25,464,89,395,63,53,375,467,208,107,242
12,26,153,207,60,92,488,506,188,296,279,65
12,27,498,207,379,471,258,126,255,131,78,308
12,28,80,462,288,505,249,351,457,343,73,489
12,29,334,370,241,441,84,71,246,292,385,411
12,30,196,319,486,461,401,102,135,327,381,213
12,31,309,160,347,150,25,277,19,2,269,166
12,32,174,116,199,192,338,424,438,311,108,146
12,33,410,276,82,93,286,500,14,39,296,464
12,34,256,57,179,419,95,213,443,242,326,291
12,35,469,175,88,263,160,14,51,110,440,135
12,36,124,112,418,413,198,58,93,366,136,64
12,37,288,376,271,154,192,261,510,71,250,425
12,38,6,479,374,150,192,48,409,422,442,453
12,39,440,498,119,349,511,177,174,124,214,219
12,40,229,198,52,95,215,227,136,466,244,203
12,41,358,146,94,414,168,438,158,499,259,46
12,42,379,268,113,23,508,403,382,332,55,62
12,43,267,15,369,280,207,2,92,481,150,255
12,44,247,143,350,364,227,439,105,233,108,224
12,45,508,249,114,199,3,49,24,214,294,295
12,46,325,186,128,381,35,205,36,45,435,78
12,47,88,8,452,357,89,45,390,265,131,269
13,0,492,360,386,68,73,289,129,403,338,466
13,1,405,351,65,179,48,114,369,181,319,233
13,2,427,289,165,415,319,192,313,369,117,440
13,3,40,454,161,498,297,265,406,80,396,472
13,4,136,213,467,177,174,244,482,327,503,479
13,5,404,405,25,6,425,123,182,393,157,218
13,6,267,316,433,121,365,197,49,480,346,124
13,7,508,329,472,2,395,69,501,148,510,486
13,8,355,101,412,114,199,333,20,331,382,345
13,9,468,496,510,89,49,373,297,129,505,3
13,10,50,307,311,422,365,178,222,366,236,344
13,11,10,229,6,392,177,18,201,194,109,510
13,12,302,11,281,372,327,147,331,318,72,413
13,13,435,167,441,253,250,156,334,92,29,40
13,14,492,135,64,101,0,38,389,268,254,297
13,15,366,347,350,505,0,69,410,381,277,269
13,16,106,48,25,39,277,250,508,63,463,477
13,17,90,335,464,215,463,152,432,129,56,480
13,18,69,403,80,349,281,379,418,419,436,401
13,19,486,430,211,364,111,431,156,147,138,314
13,20,421,284,187,146,428,169,76,112,147,235
13,21,376,144,48,243,479,129,437,489,142,211
13,22,423,252,51,268,123,355,511,399,506,217
13,23,219,235,124,186,177,324,203,440,431,239
13,24,412,114,25,359,101,355,161,333,429,43
13,25,468,496,510,373,3,466,49,247,297,436
13,26,422,366,365,307,279,41,231,215,176,344
13,27,10,6,229,177,9,395,392,201,270,193
13,28,72,489,10,80,281,302,69,51,413,504
13,29,334,179,253,441,435,338,141,7,411,449
13,30,492,101,294,96,135,64,38,428,193,254
13,31,366,0,347,505,350,492,277,379,17,410
13,32,48,25,106,333,462,490,184,64,39,463
13,33,335,90,464,129,56,152,93,256,36,369
13,34,419,80,69,349,379,256,179,281,501,201
13,35,486,426,364,430,138,111,337,420,146,169
13,36,182,112,168,284,225,258,147,234,380,508
13,37,48,479,154,129,376,115,381,271,471,448
13,38,252,423,268,355,511,399,123,51,352,258
13,39,219,440,349,324,498,177,414,287,444,203
13,40,229,28,52,421,386,150,183,492,48,466
13,41,462,146,366,336,19,505,161,168,282,421
13,42,402,381,496,396,332,64,108,181,63,235
13,43,369,147,188,400,34,37,253,380,353,508
13,44,204,143,364,76,451,227,170,505,275,438
13,45,249,149,229,248,3,181,510,49,357,429
13,46,292,260,232,161,325,112,279,508,36,162
13,47,42,486,376,398,243,153,242,392,465,507
14,0,64,446,68,7,492,211,414,105,314,92
14,1,65,405,48,179,114,429,351,441,474,369
14,2,165,289,369,427,352,70,415,504,117,313
14,3,40,161,454,265,297,498,406,78,332,396
14,4,136,177,174,467,213,309,167,146,244,327
14,5,405,404,25,6,425,220,123,176,300,157
14,6,267,316,423,433,197,121,39,480,389,365
14,7,329,472,148,66,2,501,486,71,303,368
14,8,101,355,477,345,114,422,20,307,333,331
14,9,468,496,107,89,467,375,49,17,510,130
14,10,222,50,365,311,152,279,366,267,87,307
14,11,229,177,201,379,10,86,18,471,126,308
14,12,372,281,302,147,189,327,494,51,11,318
14,13,167,250,29,435,226,397,441,10,321,385
14,14,268,492,135,254,64,327,162,19,341,299
14,15,347,309,366,277,269,350,2,166,381,51
14,16,116,192,48,438,25,50,239,277,106,304
14,17,464,187,132,102,256,457,296,90,469,159
14,18,80,69,379,349,252,201,165,408,418,39
14,19,138,420,129,147,337,434,364,483,223,55
14,20,112,298,146,252,284,180,169,508,147,187
14,21,154,479,115,376,271,48,253,370,243,492
14,22,252,423,123,51,399,352,102,268,503,460
14,23,440,219,177,349,498,124,199,324,287,197
14,24,355,101,345,477,333,331,422,307,114,20
14,25,107,467,89,468,464,17,496,375,53,510
14,26,50,222,361,152,311,366,279,365,422,60
14,27,229,379,86,308,471,412,18,10,177,201
14,28,302,372,147,334,281,457,327,189,11,489
14,29,435,385,441,250,177,508,241,411,7,397
14,30,135,492,268,64,327,299,162,254,341,181
14,31,347,309,277,366,269,100,2,225,238,272
14,32,116,192,50,48,25,277,438,239,228,262
14,33,464,159,187,256,132,82,137,102,67,90
14,34,80,69,94,25,349,213,403,379,252,384
14,35,420,129,20,138,73,483,426,169,223,502
14,36,225,252,112,506,508,168,258,182,86,284
14,37,400,376,154,479,115,459,130,48,271,243
14,38,252,123,51,503,423,399,102,305,396,316
14,39,440,177,498,219,124,105,349,119,287,324
14,40,229,198,466,52,28,95,102,421,0,218
14,41,306,168,146,366,19,205,443,54,505,158
14,42,402,235,59,67,332,490,141,381,403,396
14,43,369,147,458,400,188,34,475,508,150,37
14,44,364,143,227,224,119,288,233,492,27,15
14,45,249,357,3,214,248,49,24,489,114,145
14,46,325,128,381,186,435,162,404,260,36,35
14,47,89,8,42,45,76,507,465,302,357,452
15,0,63,68,7,64,12,338,92,386,19,392
15,1,65,179,441,48,183,135,405,381,182,95
15,2,424,165,369,117,289,66,368,192,370,83
15,3,161,40,265,332,454,297,498,372,80,318
15,4,136,177,174,467,166,213,482,38,327,309
15,5,25,404,425,266,130,220,182,405,120,191
15,6,335,431,26,296,267,138,291,455,480,170
15,7,329,250,501,486,2,148,472,66,101,219
15,8,307,101,477,422,11,191,155,114,210,171
15,9,467,107,468,130,505,375,129,89,464,238
15,10,279,60,50,448,78,267,296,361,506,255
15,11,379,256,308,207,126,258,498,10,86,229
15,12,91,457,32,372,331,0,18,11,136,147
15,13,250,441,385,35,103,10,487,167,113,119
15,14,327,268,420,135,162,254,299,160,94,492
15,15,309,347,25,277,287,272,269,366,2,150
15,16,192,116,50,424,438,25,337,136,48,283
15,17,464,187,137,469,132,256,349,453,480,296
15,18,25,408,80,117,67,170,201,213,506,90
15,19,420,364,73,71,129,246,454,434,388,123
15,20,112,252,225,506,508,169,146,56,213,486
15,21,400,146,376,223,154,162,130,271,206,58
15,22,252,503,269,295,468,305,369,201,10,417
15,23,440,498,177,349,219,214,124,287,211,324
15,24,307,101,477,422,191,155,355,171,210,231
15,25,467,63,464,107,208,130,89,505,375,53
15,26,60,50,448,296,361,279,501,207,188,506
15,27,308,498,207,86,126,93,379,258,471,366
15,28,91,457,372,345,334,11,302,249,331,189
15,29,241,71,441,401,355,250,138,385,487,144
15,30,327,160,262,196,19,420,94,319,268,461
15,31,309,347,160,150,277,25,496,19,287,422
15,32,116,174,192,311,424,63,50,442,338,109
15,33,159,403,187,172,118,464,409,371,453,82
15,34,80,67,25,117,94,76,487,494,156,217
15,35,73,129,420,469,20,454,445,10,285,135
15,36,112,225,506,252,315,284,86,297,421,10
15,37,400,376,345,206,11,130,223,311,59,299
15,38,295,252,503,305,136,269,369,201,468,414
15,39,105,498,440,124,177,219,119,214,349,478
15,40,198,229,190,95,0,28,418,466,421,165
15,41,168,306,408,402,146,12,443,438,125,494
15,42,133,67,438,402,138,300,187,496,181,479
15,43,369,267,84,400,150,387,481,147,446,321
15,44,143,227,196,394,231,15,154,344,502,183
15,45,201,249,248,357,3,489,199,388,104,17
15,46,248,261,404,162,325,266,232,496,305,264
15,47,181,136,296,2,242,465,388,297,125,482
16,0,132,36,312,264,321,430,197,209,265,23
16,1,226,76,5,61,3,410,405,95,189,230
16,2,249,303,424,493,338,404,454,209,185,257
16,3,161,495,265,454,283,332,264,297,229,396
16,4,74,267,110,175,265,310,17,177,449,102
16,5,415,350,54,37,79,146,424,20,272,379
16,6,3,224,175,479,87,243,447,335,382,33
16,7,282,470,449,134,329,101,305,128,429,72
16,8,32,101,191,177,307,477,422,210,20,155
16,9,462,129,89,468,53,67,130,466,208,122
16,10,137,60,279,50,253,446,120,222,296,362
16,11,471,343,148,258,86,9,10,273,201,90
16,12,372,267,379,400,457,243,334,505,416,444
16,13,82,226,250,76,385,441,103,397,7,122
16,14,249,19,160,254,268,251,94,492,424,321
16,15,347,309,160,340,277,269,366,193,410,150
16,16,116,48,438,192,25,136,277,50,311,463
16,17,187,464,296,67,194,469,363,152,102,159
16,18,108,183,94,122,201,43,249,284,21,198
16,19,129,20,142,454,113,75,364,486,434,21
16,20,284,112,140,64,86,421,146,349,76,258
16,21,376,459,183,470,111,148,331,201,113,130
16,22,221,416,428,252,440,334,434,215,297,307
16,23,440,498,219,105,324,124,407,372,177,465
16,24,191,177,32,68,477,101,454,307,422,462
16,25,89,53,129,464,17,122,375,496,467,107
16,26,50,296,137,60,279,361,357,142,238,422
16,27,471,322,258,86,9,169,379,36,201,229
16,28,334,372,457,288,366,489,281,369,505,11
16,29,127,355,385,335,435,178,250,226,241,463
16,30,19,160,196,249,262,374,268,77,251,38
16,31,347,309,160,156,277,150,269,2,169,374
16,32,109,311,116,438,239,442,174,192,490,136
16,33,82,39,172,464,159,403,67,102,62,187
16,34,80,256,418,183,217,326,76,407,108,94
16,35,113,20,313,420,321,329,486,495,331,399
16,36,112,284,327,225,252,86,64,421,65,95
16,37,376,459,111,138,183,425,233,393,331,221
16,38,252,221,428,440,215,416,307,297,497,467
16,39,219,177,440,498,124,235,119,214,324,349
16,40,229,198,300,0,48,52,95,421,102,365
16,41,146,168,402,19,386,158,161,259,366,436
16,42,402,369,396,181,496,50,185,216,214,258
16,43,369,400,147,188,277,34,321,488,37,150
16,44,350,143,227,418,233,76,139,394,80,430
16,45,199,249,357,507,181,388,489,146,220,317
16,46,292,162,232,281,192,300,384,355,346,404
16,47,242,398,227,436,296,417,442,295,22,465
17,0,67,49,289,14,95,348,149,349,403,164
17,1,504,4,415,39,351,93,47,95,181,53
17,2,161,110,427,415,443,165,347,432,440,265
17,3,40,454,498,472,185,161,467,179,55,102
17,4,467,177,132,244,136,174,482,239,303,503
17,5,404,33,182,443,130,405,465,147,123,358
17,6,121,267,393,327,135,197,433,384,124,481
17,7,214,69,472,440,31,195,2,6,343,401
17,8,412,355,199,25,114,359,75,281,61,43
17,9,468,373,403,496,247,412,510,65,169,257
17,10,422,307,50,365,369,361,317,113,236,178
17,11,6,10,229,86,392,177,436,194,313,65
17,12,72,51,216,11,413,281,0,372,318,10
17,13,167,344,435,485,301,338,290,119,483,144
17,14,187,492,101,341,185,300,311,391,471,46
17,15,366,395,347,350,122,277,505,181,410,69
17,16,48,106,25,63,508,184,462,192,250,412
17,17,361,27,106,463,432,464,0,140,329,254
17,18,80,69,403,418,154,201,252,344,207,25
17,19,430,211,364,486,138,195,111,434,305,124
17,20,421,284,187,428,235,197,386,173,146,147
17,21,479,17,376,336,129,489,437,448,243,407
17,22,14,252,403,302,351,51,506,310,355,80
17,23,219,177,186,214,235,203,324,207,287,63
17,24,412,355,114,199,25,359,101,333,75,43
17,25,496,468,403,373,412,247,510,434,169,65
17,26,422,365,307,50,369,361,113,366,317,234
17,27,10,86,6,229,177,392,386,436,308,36
17,28,72,281,51,302,385,10,238,504,11,216
17,29,435,253,344,508,441,119,338,7,334,290
17,30,492,101,341,135,300,297,283,187,193,272
17,31,366,347,277,350,225,395,340,69,122,505
17,32,48,106,25,277,192,63,462,150,184,350
17,33,464,361,102,221,90,129,27,106,335,152
17,34,80,69,25,418,419,403,82,154,465,408
17,35,486,430,364,426,169,211,111,420,138,97
17,36,327,225,421,235,284,112,146,169,126,380
17,37,376,479,286,129,243,17,275,346,329,381
17,38,252,14,423,456,506,355,378,351,403,268
17,39,219,177,324,203,235,287,186,214,207,197
17,40,229,102,52,499,28,421,48,386,183,300
17,41,366,161,103,19,215,100,386,419,401,333
17,42,402,396,496,381,181,352,42,108,185,378
17,43,147,188,369,475,400,243,142,277,354,302
17,44,350,472,143,232,76,24,227,418,310,213
17,45,149,3,429,24,249,388,146,229,181,357
17,46,221,292,161,68,346,384,112,264,404,426
17,47,486,399,398,153,376,242,42,392,117,186
18,0,326,7,479,139,64,0,254,350,290,497
18,1,210,504,342,441,39,429,143,498,65,415
18,2,165,410,287,168,161,192,369,415,313,252
18,3,40,454,498,161,472,297,221,55,265,102
18,4,467,177,136,244,174,503,213,482,400,327
18,5,404,405,33,497,182,443,123,25,18,119
18,6,267,245,423,327,170,197,365,433,148,368
18,7,472,343,195,214,69,50,2,401,486,162
18,8,355,412,114,359,25,333,199,345,101,43
18,9,468,496,247,510,17,373,107,80,286,49
18,10,422,50,279,448,267,322,365,361,307,357
18,11,10,229,86,471,177,412,436,6,392,201
18,12,372,281,51,72,11,318,238,413,466,334
18,13,250,441,355,226,344,435,385,119,7,167
18,14,492,262,268,64,101,374,254,187,19,38
18,15,366,347,309,350,505,69,0,410,277,269
18,16,48,106,25,192,116,438,39,239,277,463
18,17,464,457,102,90,152,175,143,215,296,463
18,18,82,80,408,25,106,201,418,69,76,416
18,19,138,486,364,430,285,124,140,211,489,111
18,20,225,284,506,421,235,428,112,146,89,231
18,21,461,376,206,311,442,286,400,345,243,233
18,22,159,51,468,239,449,230,500,351,269,506
18,23,219,235,124,440,324,177,498,203,33,287
18,24,355,114,101,454,422,412,359,307,333,161
18,25,496,468,17,447,107,373,53,510,89,80
18,26,50,422,361,448,279,365,274,357,222,296
18,27,471,86,229,412,10,177,308,386,379,258
18,28,281,334,372,489,51,494,302,177,366,11
18,29,355,435,335,385,344,441,250,241,177,508
18,30,374,492,268,262,160,401,319,38,254,135
18,31,160,347,309,277,150,2,67,169,269,193
18,32,174,116,438,239,109,337,192,311,442,136
18,33,82,172,118,371,159,464,102,409,296,132
18,34,80,76,416,234,156,25,256,366,82,69
18,35,331,313,59,212,14,225,469,66,495,263
18,36,413,290,507,366,215,15,260,436,58,315
18,37,474,337,242,147,442,345,18,54,294,311
18,38,415,159,468,171,10,269,506,202,473,332
18,39,390,146,95,416,238,69,498,316,363,155
18,40,59,215,244,203,407,357,471,434,227,198
18,41,434,435,94,259,226,385,245,391,168,67
18,42,479,438,97,22,45,472,133,67,257,245
18,43,207,509,370,377,387,64,2,97,180,255
18,44,440,189,270,4,474,158,294,405,43,439
18,45,282,126,406,201,297,119,132,289,357,441
18,46,41,77,333,469,261,496,248,374,346,64
18,47,463,125,424,242,396,360,263,453,458,22
19,0,412,251,109,319,168,205,371,235,431,475
19,1,440,57,383,125,423,95,181,446,88,306
19,2,84,107,257,209,496,137,444,393,211,511
19,3,205,496,507,293,335,249,269,408,403,182
19,4,325,346,357,465,73,294,252,344,410,506
19,5,236,68,56,74,20,112,26,110,244,154
19,6,259,292,149,118,68,435,185,168,285,397
19,7,316,33,351,489,302,8,139,303,242,177
19,8,191,11,422,356,496,477,283,155,138,210
19,9,111,360,129,395,462,154,139,140,208,214
19,10,424,488,60,119,50,279,393,361,203,299
19,11,371,273,234,322,163,471,84,258,201,78
19,12,459,228,246,37,220,288,475,491,218,287
19,13,385,148,387,250,355,411,35,286,91,127
19,14,486,160,94,383,461,127,212,69,374,138
19,15,6,346,169,160,306,309,150,226,178,156
19,16,480,91,299,174,23,424,199,442,116,191
19,17,172,381,422,499,72,296,467,196,372,386
19,18,510,127,282,503,497,388,385,483,49,6
19,19,47,331,469,225,212,255,14,184,66,210
19,20,507,413,366,290,228,15,464,335,215,345
19,21,242,337,54,474,18,340,456,464,287,91
19,22,77,283,181,43,78,401,86,281,264,122
19,23,390,146,363,95,163,316,69,155,242,416
19,24,191,138,356,503,304,477,233,366,175,11
19,25,111,301,361,171,210,140,168,154,395,89
19,26,424,488,393,129,10,299,119,173,48,60
19,27,273,234,12,250,189,322,422,36,17,500
19,28,288,459,228,246,220,475,37,217,143,390
19,29,385,347,387,286,128,412,423,329,195,352
19,30,486,127,69,383,381,388,196,160,374,90
19,31,6,306,160,226,209,346,58,494,66,128
19,32,174,441,203,470,368,442,299,325,438,23
19,33,172,422,72,196,17,484,81,73,499,324
19,34,503,127,510,497,282,386,483,385,49,6
19,35,212,14,289,59,225,26,47,63,255,469
19,36,413,507,215,260,228,366,290,335,15,423
19,37,18,464,287,337,456,91,474,147,242,54
19,38,78,77,283,181,43,401,264,86,281,292
19,39,390,146,416,486,238,316,69,511,260,95
19,40,203,357,215,244,227,407,59,471,397,278
19,41,226,434,435,94,259,243,414,385,180,304
19,42,287,428,476,303,119,301,123,472,322,365
19,43,207,370,217,377,509,180,92,15,49,185
19,44,189,51,158,440,43,4,276,54,471,405
19,45,282,406,48,365,332,70,359,232,237,230
19,46,469,77,504,239,147,351,141,25,323,372
19,47,142,280,424,11,222,204,329,59,377,452
20,0,485,188,123,495,342,234,286,416,381,44
20,1,434,128,437,320,261,225,157,130,111,383
20,2,286,457,135,321,494,84,171,89,393,160
20,3,35,507,496,342,403,197,237,52,405,205
20,4,431,191,128,488,199,249,252,168,296,292
20,5,75,399,20,340,244,180,11,112,26,140
20,6,179,285,52,151,112,142,272,359,283,234
20,7,437,174,295,175,176,18,119,357,220,245
20,8,191,322,11,116,497,119,357,505,132,189
20,9,340,191,154,145,506,140,40,293,214,111
20,10,314,349,488,469,506,300,95,255,126,328
20,11,273,111,230,451,163,501,234,371,197,188
20,12,377,438,340,111,182,103,470,288,7,475
20,13,257,390,286,155,374,42,270,348,202,18
20,14,231,486,305,127,43,6,28,212,94,340
20,15,6,178,494,209,346,226,199,306,10,289
20,16,441,26,133,231,146,74,272,243,191,429
20,17,243,422,460,467,454,117,68,405,355,273
20,18,260,304,331,477,306,287,450,241,326,388
20,19,469,273,255,104,80,47,225,286,59,389
20,20,448,501,260,58,167,366,198,75,5,418
20,21,239,147,136,198,281,307,434,67,83,279
20,22,65,469,413,494,255,186,39,20,125,172
20,23,486,176,336,416,372,242,498,238,511,354
20,24,191,189,51,116,470,318,497,78,389,119
20,25,340,140,301,168,508,40,145,293,191,154
20,26,314,349,488,92,469,490,173,176,506,497
20,27,111,273,255,322,390,234,335,103,172,491
20,28,288,438,470,377,475,228,7,340,459,103
20,29,390,257,42,286,137,201,147,116,280,348
20,30,486,77,381,192,127,366,305,231,94,196
20,31,6,226,209,160,150,410,306,346,178,36
20,32,182,442,174,26,470,203,133,368,441,231
20,33,500,460,197,14,81,93,240,276,244,477
20,34,306,304,241,256,287,260,450,307,478,331
20,35,469,273,104,59,389,14,263,175,88,332
20,36,260,448,58,198,177,433,366,75,5,93
20,37,136,239,67,281,78,56,294,164,434,147
20,38,65,186,469,125,39,255,494,413,20,23
20,39,416,238,486,511,316,336,354,498,459,174
20,40,203,215,357,136,323,498,146,227,223,59
20,41,259,151,49,46,418,220,164,32,364,216
20,42,16,448,20,480,304,342,410,355,419,473
20,43,15,481,185,178,416,370,92,267,49,486
20,44,473,120,446,272,55,237,372,136,156,212
20,45,84,351,2,470,104,230,290,454,381,70
20,46,181,66,378,57,185,322,211,392,199,272
20,47,320,337,326,336,202,480,149,270,31,492
21,0,201,316,384,246,378,277,461,470,34,337
21,1,102,293,420,378,265,18,280,370,320,483
21,2,2,30,495,491,367,321,84,304,197,436
21,3,507,404,86,1,496,274,342,364,185,403
21,4,86,54,393,63,488,168,292,311,102,468
21,5,160,133,290,391,430,20,202,487,354,11
21,6,250,498,142,131,47,73,132,285,151,145
21,7,374,48,208,492,245,176,72,20,154,295
21,8,191,53,189,11,486,389,292,78,405,227
21,9,140,166,483,405,191,349,154,340,301,168
21,10,440,314,349,328,92,497,488,490,378,102
21,11,334,376,390,255,103,53,25,129,335,188
21,12,4,98,313,154,495,227,438,288,505,502
21,13,286,270,116,42,257,390,234,348,373,76
21,14,231,211,486,305,303,94,196,256,43,192
21,15,6,226,178,209,494,346,199,289,10,306
21,16,428,133,370,441,26,231,182,442,191,368
21,17,460,93,500,286,410,81,422,87,355,78
21,18,457,152,141,55,326,241,304,306,307,414
21,19,411,469,273,80,255,165,47,286,389,225
21,20,426,177,167,75,58,433,289,5,198,501
21,21,347,239,281,56,305,164,136,250,198,86
21,22,385,21,413,186,65,320,125,429,469,121
21,23,486,176,238,402,316,511,398,416,52,498
21,24,53,189,191,486,78,389,296,317,363,241
21,25,140,340,166,483,40,168,154,145,301,508
21,26,92,314,488,440,497,349,12,173,378,328
21,27,131,390,255,376,129,111,103,53,14,11
21,28,288,98,4,313,154,495,47,438,475,228
21,29,208,84,107,336,42,373,201,59,225,234
21,30,486,211,196,94,192,305,303,77,381,256
21,31,6,150,309,25,226,306,160,209,410,302
21,32,428,338,368,442,182,26,133,116,174,191
21,33,286,460,500,81,93,197,0,355,443,87
21,34,457,141,55,414,152,306,241,307,331,304
21,35,411,273,469,389,253,286,165,80,175,51
21,36,426,177,5,58,93,75,289,433,214,198
21,37,347,164,281,305,56,354,78,239,136,192
21,38,385,21,186,125,65,469,320,429,413,121
21,39,416,486,498,316,511,174,440,117,238,205
21,40,498,203,357,227,198,215,505,25,136,503
21,41,151,424,49,216,259,175,358,220,418,304
21,42,380,137,448,304,482,355,139,394,342,62
21,43,15,185,49,92,178,267,137,149,369,481
21,44,120,237,473,28,55,212,372,35,156,446
21,45,333,104,230,470,2,70,290,454,189,84
21,46,169,57,378,199,211,185,392,322,412,272
21,47,458,337,360,149,320,480,336,281,379,501
22,0,406,201,277,246,5,337,384,378,199,63
22,1,102,18,420,395,272,478,228,293,13,323
22,2,495,2,30,61,469,272,24,380,63,436
22,3,265,40,161,297,454,205,507,338,55,404
22,4,63,177,54,174,249,168,81,136,503,488
22,5,404,160,133,290,25,20,425,491,234,147
22,6,125,131,250,490,498,47,73,285,284,311
22,7,437,374,492,303,245,208,329,18,8,168
22,8,101,53,191,486,11,113,477,412,497,359
22,9,468,395,140,496,208,464,506,130,122,505
22,10,188,391,92,119,506,422,488,23,86,328
22,11,10,255,207,188,126,9,471,371,258,335
22,12,80,72,73,489,150,315,90,298,505,139
22,13,334,250,253,266,441,487,411,427,331,311
22,14,492,38,254,135,192,101,94,327,275,77
22,15,366,347,309,350,277,410,505,0,69,225
22,16,48,106,25,192,116,277,438,50,39,508
22,17,90,464,137,215,86,480,221,129,234,296
22,18,137,419,256,179,358,468,90,181,493,361
22,19,486,364,234,106,420,111,110,430,84,282
22,20,169,146,187,112,197,421,428,344,469,64
22,21,376,288,437,489,445,162,283,112,50,80
22,22,6,385,458,197,217,125,22,351,117,506
22,23,219,177,203,324,186,287,440,290,235,197
22,24,114,412,199,101,333,25,359,93,355,477
22,25,496,468,373,403,53,510,107,375,89,257
22,26,422,143,218,234,317,113,366,357,231,27
22,27,10,177,229,392,270,471,510,6,386,201
22,28,80,72,489,385,10,216,238,281,504,354
22,29,334,253,441,119,508,139,378,103,487,338
22,30,492,38,101,135,254,319,130,452,193,317
22,31,366,347,410,309,350,277,190,122,340,69
22,32,48,25,106,277,192,116,184,508,39,50
22,33,90,464,221,463,364,215,361,129,152,377
22,34,419,407,179,432,256,455,332,300,39,493
22,35,106,486,364,420,337,234,211,430,393,282
22,36,327,187,421,65,112,231,138,397,191,103
22,37,288,376,211,387,420,162,481,97,462,219
22,38,6,385,271,27,456,367,320,21,207,394
22,39,219,186,177,324,124,235,287,24,203,197
22,40,229,102,386,183,228,52,306,48,466,499
22,41,419,168,251,366,161,189,507,364,129,19
22,42,62,137,380,482,448,177,114,304,139,222
22,43,147,369,188,302,475,400,277,397,361,243
22,44,473,28,212,120,237,55,156,35,372,104
22,45,333,470,104,230,2,290,70,454,189,381
22,46,185,169,57,211,199,392,322,252,412,390
22,47,149,480,281,336,320,379,501,2,326,349
23,0,98,62,176,401,246,167,272,201,10,198
23,1,420,395,62,293,302,34,287,240,304,238
23,2,2,360,263,439,197,404,185,418,491,433
23,3,507,496,265,18,274,451,237,168,403,405
23,4,287,166,299,96,308,488,67,508,168,102
23,5,90,131,415,275,5,487,346,60,158,119
23,6,73,495,131,102,42,142,279,47,113,417
23,7,101,245,154,282,132,503,108,117,134,200
23,8,53,191,189,296,486,389,11,317,201,496
23,9,140,166,340,168,508,483,191,301,154,405
23,10,488,440,92,314,378,391,490,328,494,12
23,11,131,376,103,390,255,334,14,11,78,328
23,12,286,299,303,223,98,48,355,6,4,288
23,13,208,107,71,8,84,76,286,306,280,116
23,14,192,94,211,231,77,305,486,68,396,428
23,15,6,226,309,346,209,150,494,156,289,199
23,16,428,368,133,370,191,182,442,338,174,26
23,17,93,81,286,505,500,68,410,454,87,156
23,18,457,414,55,152,62,168,326,108,246,341
23,19,411,469,396,253,80,223,246,255,51,33
23,20,289,140,426,433,75,58,339,93,136,167
23,21,354,331,419,347,502,268,470,292,266,312
23,22,215,21,349,8,17,435,434,328,52,444
23,23,498,443,486,78,440,174,316,238,402,193
23,24,53,486,191,296,496,189,4,329,366,447
23,25,140,340,160,439,122,166,89,377,395,301
23,26,391,92,488,497,12,314,305,207,440,65
23,27,131,255,376,498,390,471,14,129,103,11
23,28,286,299,288,223,303,48,47,98,4,6
23,29,208,107,84,71,9,336,486,266,8,234
23,30,94,192,196,211,486,367,162,76,303,381
23,31,309,150,25,347,496,160,277,6,287,156
23,32,116,174,338,424,192,428,368,63,199,341
23,33,286,403,0,156,81,500,93,42,214,378
23,34,55,457,108,308,62,168,414,326,141,443
23,35,246,253,411,223,110,396,454,33,51,469
23,36,426,140,289,339,136,112,93,47,198,58
23,37,354,331,419,347,470,268,502,292,192,78
23,38,215,21,8,17,349,435,444,52,328,434
23,39,174,498,440,257,263,78,416,124,100,214
23,40,198,145,215,505,229,227,203,170,95,77
23,41,146,424,168,175,94,259,394,147,158,306
23,42,380,62,362,261,491,216,23,222,387,50
23,43,369,106,49,94,149,137,280,256,498,458
23,44,250,319,220,224,104,164,156,346,492,228
23,45,472,333,249,33,3,401,405,220,232,49
23,46,329,185,218,128,325,381,119,67,261,390
23,47,292,175,234,48,245,39,497,458,390,452
24,0,464,416,381,320,79,188,219,346,288,234
24,1,215,395,414,262,447,285,483,434,471,237
24,2,483,500,2,379,185,197,211,109,454,212
24,3,507,403,496,265,384,13,397,216,274,288
24,4,340,329,314,499,128,152,58,349,488,237
24,5,413,180,483,172,273,284,233,270,373,379
24,6,441,188,416,472,131,84,50,142,234,74
24,7,274,390,275,119,280,154,491,245,206,105
24,8,53,426,4,447,496,189,191,486,155,178
24,9,154,439,140,506,160,122,377,467,208,107
24,10,488,391,92,6,328,207,153,314,298,440
24,11,131,255,498,376,258,277,188,390,471,14
24,12,144,221,493,33,343,93,505,380,351,271
24,13,208,71,107,8,266,124,169,127,84,79
24,14,94,192,196,381,367,77,461,283,102,273
24,15,150,309,160,25,156,496,347,506,2,277
24,16,116,174,199,192,489,438,442,424,191,133
24,17,403,42,159,93,378,410,440,81,82,464
24,18,220,55,308,443,457,256,326,472,96,330
24,19,223,246,396,135,51,411,253,454,225,469
24,20,112,426,289,198,167,58,456,8,93,272
24,21,354,0,301,419,253,331,78,459,294,192
24,22,408,435,489,419,163,432,192,442,21,177
24,23,174,4,498,257,78,440,214,443,416,402
24,24,426,4,496,447,53,486,210,443,191,101
24,25,464,89,122,395,242,467,160,53,377,63
24,26,391,305,488,92,29,65,350,207,298,251
24,27,131,498,471,255,258,442,2,126,188,376
24,28,144,221,288,505,493,33,343,380,93,7
24,29,208,71,266,167,246,127,241,233,8,51
24,30,196,94,367,401,461,93,102,327,213,162
24,31,309,150,160,25,347,277,2,287,496,269
24,32,116,174,338,192,199,424,341,311,438,50
24,33,403,42,159,286,93,81,0,464,378,440
24,34,220,443,308,55,472,337,330,326,457,256
24,35,246,223,482,253,1,135,396,420,454,429
24,36,8,112,456,289,272,146,214,421,426,167
24,37,354,0,301,78,459,119,83,253,376,71
24,38,408,489,419,435,163,432,192,177,422,21
24,39,440,498,349,219,177,78,174,124,119,26
24,40,229,198,145,52,215,466,95,0,102,421
24,41,146,168,264,394,12,158,366,259,147,443
24,42,436,389,235,138,380,286,95,59,222,424
24,43,458,369,256,147,149,400,438,142,188,75
24,44,364,224,143,465,288,34,227,160,500,104
24,45,249,3,346,214,114,472,49,24,220,357
24,46,128,325,381,244,185,121,162,266,45,186
24,47,89,88,45,8,357,390,265,452,188,185
25,0,63,68,58,12,19,386,233,338,392,358
25,1,65,414,454,305,183,135,182,48,493,311
25,2,424,165,117,369,289,66,256,368,110,265
25,3,40,161,265,297,454,332,472,476,318,498
25,4,136,177,174,166,467,327,299,38,213,309
25,5,25,425,404,266,130,120,220,182,65,405
25,6,138,26,335,431,53,119,291,480,357,33
25,7,329,250,2,450,486,501,148,472,34,219
25,8,101,426,191,477,4,210,422,505,113,239
25,9,467,464,107,242,505,53,375,463,89,468
25,10,153,361,207,32,488,308,267,60,279,67
25,11,379,207,308,498,205,256,93,482,126,255
25,12,91,372,345,302,331,32,75,0,144,7
25,13,71,250,441,127,167,487,241,169,35,355
25,14,327,135,205,102,268,162,401,299,420,94
25,15,309,347,25,150,277,160,272,2,287,269
25,16,116,192,50,337,438,174,136,424,272,270
25,17,464,137,159,132,93,403,42,187,469,378
25,18,25,67,117,443,80,170,48,252,408,494
25,19,420,246,73,71,135,253,364,469,411,454
25,20,252,112,213,351,146,272,225,169,506,508
25,21,223,206,311,146,299,442,0,376,417,354
25,22,489,503,468,269,201,305,290,369,414,142
25,23,440,498,177,155,4,349,404,100,214,219
25,24,477,4,505,101,426,427,443,191,486,155
25,25,464,467,63,89,53,463,107,505,375,122
25,26,361,391,207,305,153,506,29,60,308,188
25,27,498,308,207,126,379,471,255,258,131,93
25,28,91,345,144,288,302,249,32,505,7,177
25,29,370,241,401,208,441,71,127,246,355,26
25,30,319,401,461,486,160,102,196,381,327,142
25,31,160,309,347,150,2,37,25,100,277,166
25,32,174,116,442,311,424,115,199,338,438,192
25,33,172,81,118,82,286,159,371,500,93,410
25,34,176,67,256,117,416,443,457,156,48,487
25,35,59,175,373,210,445,184,469,73,313,411
25,36,315,413,436,290,167,124,426,15,260,198
25,37,311,223,0,299,206,354,442,337,347,250
25,38,489,21,503,295,269,110,290,435,468,414
25,39,96,174,155,401,404,316,416,498,117,511
25,40,215,6,227,203,165,340,198,229,366,357
25,41,12,94,394,245,125,259,46,49,175,168
25,42,138,22,479,380,472,45,232,97,71,303
25,43,378,267,2,15,178,94,92,294,416,142
25,44,270,4,173,136,294,474,440,134,120,446
25,45,126,119,201,405,472,249,333,2,132,456
25,46,504,162,446,499,362,325,30,16,438,226
25,47,125,203,29,80,424,297,33,199,126,295
26,0,4,274,180,126,228,162,294,200,251,356
26,1,451,394,414,108,172,0,368,391,475,423
26,2,236,197,346,391,107,508,112,257,200,237
26,3,496,507,402,108,381,29,403,282,13,384
26,4,223,130,199,114,34,212,73,370,346,332
26,5,374,413,93,80,47,312,483,247,153,26
26,6,53,251,397,119,68,140,292,168,288,208
26,7,167,65,94,194,410,492,316,155,496,115
26,8,53,191,426,4,138,227,189,447,496,389
26,9,140,439,242,506,204,160,166,122,154,316
26,10,488,391,440,92,207,29,10,305,314,6
26,11,131,376,255,390,498,59,474,402,14,129
26,12,363,410,218,144,87,432,78,220,505,506
26,13,208,382,79,71,127,246,84,234,336,59
26,14,94,486,196,77,461,18,45,231,386,93
26,15,150,6,160,226,309,496,156,66,25,346
26,16,174,338,428,370,191,368,133,129,424,442
26,17,172,81,93,430,500,73,410,196,371,422
26,18,176,103,391,282,248,178,457,388,497,14
26,19,469,255,47,225,210,166,88,184,175,59
26,20,413,290,464,315,366,260,15,198,466,167
26,21,337,456,454,107,163,74,178,320,192,147
26,22,343,472,292,465,74,171,281,21,119,122
26,23,404,96,401,155,486,390,146,416,242,327
26,24,138,53,191,189,389,233,356,304,205,126
26,25,140,204,340,316,171,168,439,160,232,40
26,26,488,10,29,305,92,440,314,8,129,317
26,27,131,53,255,390,234,2,129,59,172,474
26,28,363,288,228,87,218,475,143,410,220,459
26,29,382,412,195,318,59,128,168,280,336,246
26,30,486,69,388,74,45,196,328,323,127,188
26,31,6,306,226,128,58,66,178,237,160,150
26,32,182,470,174,227,203,231,442,26,368,133
26,33,172,192,73,430,196,81,17,422,14,197
26,34,391,176,497,282,103,385,248,388,178,256
26,35,14,289,59,175,212,469,263,225,331,255
26,36,413,290,215,366,335,260,198,423,167,58
26,37,337,456,454,107,384,91,287,163,147,178
26,38,343,472,465,281,74,292,171,181,453,122
26,39,416,146,316,238,69,390,486,363,95,59
26,40,59,407,227,357,244,278,215,203,323,434
26,41,435,51,94,77,67,180,434,484,259,414
26,42,194,85,45,472,438,91,16,22,123,496
26,43,378,294,92,509,217,15,207,185,486,200
26,44,440,43,489,158,4,136,286,405,439,344
26,45,282,167,406,433,333,104,489,356,25,472
26,46,64,446,504,261,226,281,391,374,333,41
26,47,487,171,152,424,17,124,295,80,115,242
27,0,458,44,485,320,416,219,464,384,23,70
27,1,80,434,394,115,423,414,123,363,174,242
27,2,50,197,304,311,321,294,171,308,262,109
27,3,426,507,404,384,323,237,496,29,403,293
27,4,14,199,324,114,370,152,130,292,395,249
27,5,47,257,244,340,339,112,259,76,20,442
27,6,272,397,131,207,68,425,416,310,320,285
27,7,122,496,492,166,357,316,220,333,177,36
27,8,126,138,53,322,363,191,189,451,292,389
27,9,140,204,316,171,256,168,393,166,191,76
27,10,440,92,488,10,265,8,314,328,327,362
27,11,390,53,234,59,131,129,163,255,474,402
27,12,389,340,510,87,218,475,143,258,288,228
27,13,382,205,286,373,318,336,201,234,59,232
27,14,486,328,127,504,416,461,196,45,6,69
27,15,6,375,346,226,209,66,178,128,58,306
27,16,174,325,441,133,231,368,203,227,129,470
27,17,196,172,192,81,73,422,430,93,104,276
27,18,391,38,386,176,125,324,96,178,248,78
27,19,47,255,469,175,289,263,225,332,88,60
27,20,413,366,5,260,335,290,507,167,215,423
27,21,337,384,147,54,287,91,340,51,28,320
27,22,401,181,59,408,339,358,74,255,77,373
27,23,486,69,416,402,146,398,238,327,316,511
27,24,191,451,138,189,322,389,487,162,126,151
27,25,232,204,140,256,168,171,439,393,316,89
27,26,488,173,92,10,46,349,29,53,424,305
27,27,234,53,131,277,255,390,287,76,17,337
27,28,288,389,510,340,475,228,87,143,459,218
27,29,205,382,147,286,234,105,347,348,201,59
27,30,486,127,461,196,328,416,20,334,69,254
27,31,6,306,150,226,209,160,346,58,237,410
27,32,174,368,470,438,325,283,299,203,424,231
27,33,81,422,196,276,172,192,72,197,381,104
27,34,38,391,324,386,199,109,256,96,125,284
27,35,14,175,263,289,456,332,225,217,469,255
27,36,413,215,5,93,366,47,58,335,290,198
27,37,287,337,91,384,51,54,147,28,340,33
27,38,181,339,408,401,453,358,59,77,255,373
27,39,416,316,69,238,511,486,498,398,146,124
27,40,215,498,203,357,278,227,323,59,482,244
27,41,243,151,94,414,435,145,358,49,434,425
27,42,16,428,303,123,119,448,287,190,394,472
27,43,92,15,267,178,486,185,416,93,509,207
27,44,136,440,473,54,237,4,55,189,158,43
27,45,282,470,230,454,104,433,70,351,406,189
27,46,504,333,374,475,403,281,438,203,346,391
27,47,80,424,48,171,458,152,39,59,502,242
28,0,188,485,123,286,79,222,324,18,203,15
28,1,434,261,437,172,162,130,209,336,174,414
28,2,436,135,457,377,321,50,171,304,197,262
28,3,342,35,507,496,290,403,319,238,426,400
28,4,168,191,431,184,370,199,488,292,306,68
28,5,75,20,11,487,112,340,399,180,257,420
28,6,272,151,285,112,280,47,234,359,142,283
28,7,437,295,122,357,438,117,492,175,174,208
28,8,191,11,162,151,132,487,414,370,477,492
28,9,145,140,191,395,349,502,208,232,301,154
28,10,488,92,469,53,506,119,126,46,173,299
28,11,371,273,189,234,197,17,163,103,500,78
28,12,438,377,312,459,288,510,182,480,475,228
28,13,390,286,387,35,411,385,105,436,50,91
28,14,486,127,212,231,305,461,506,138,160,268
28,15,346,178,6,169,209,375,289,494,306,486
28,16,480,23,91,424,231,299,429,74,140,441
28,17,381,422,467,499,372,296,209,389,365,50
28,18,331,241,260,306,38,444,284,58,287,109
28,19,469,225,47,286,14,388,356,434,377,80
28,20,345,5,58,366,75,15,434,214,56,448
28,21,136,239,281,28,147,56,340,305,70,54
28,22,125,255,65,186,469,39,179,413,373,494
28,23,498,316,238,398,372,354,176,242,336,124
28,24,191,477,11,101,151,389,51,175,422,283
28,25,395,111,129,301,130,89,63,58,168,511
28,26,488,280,119,506,92,424,211,60,188,240
28,27,78,273,197,103,258,189,371,379,36,406
28,28,288,459,48,80,228,438,73,312,356,180
28,29,385,387,286,347,35,457,463,148,282,411
28,30,486,160,127,319,461,243,212,162,233,396
28,31,37,309,6,346,347,169,209,25,226,306
28,32,174,299,480,116,424,91,223,192,23,442
28,33,410,296,81,422,276,285,355,105,381,467
28,34,241,306,331,419,58,219,444,109,38,199
28,35,273,175,456,14,263,286,332,469,80,225
28,36,5,448,93,177,58,214,366,47,75,167
28,37,239,136,78,281,305,56,67,28,164,40
28,38,125,453,186,255,65,469,373,179,225,494
28,39,416,316,498,511,238,398,440,486,69,124
28,40,498,203,215,198,227,357,323,482,171,450
28,41,243,151,418,358,414,49,220,32,46,216
28,42,16,448,20,304,480,342,482,355,123,114
28,43,267,92,15,486,178,481,93,416,255,49
28,44,136,473,237,55,54,372,446,212,280,120
28,45,84,470,230,104,290,454,351,189,70,2
28,46,181,66,57,199,214,378,322,392,185,193
28,47,320,202,337,326,336,480,31,270,492,298
29,0,201,316,378,337,384,406,463,288,99,102
29,1,18,102,378,293,420,483,280,130,209,203
29,2,436,30,367,495,404,377,197,393,333,38
29,3,1,342,507,23,86,35,496,403,168,323
29,4,63,192,168,54,393,311,468,431,184,191
29,5,160,487,290,391,20,430,485,331,414,11
29,6,47,498,132,142,285,234,250,112,73,272
29,7,48,295,374,117,208,154,72,300,322,20
29,8,487,162,451,468,317,256,132,151,419,189
29,9,140,145,204,232,256,393,349,395,168,429
29,10,53,488,92,490,507,196,494,135,173,444
29,11,474,131,335,425,390,234,17,43,337,453
29,12,502,98,438,312,313,154,227,247,114,47
29,13,491,105,336,201,390,147,391,297,27,225
29,14,461,18,486,196,386,231,192,254,283,396
29,15,309,160,6,347,150,226,346,156,209,2
29,16,174,116,424,438,199,311,442,91,325,63
29,17,410,81,93,159,82,296,125,378,137,276
29,18,241,306,152,246,199,219,284,58,256,319
29,19,469,47,175,80,255,225,88,263,273,51
29,20,278,366,93,177,5,58,75,167,469,345
29,21,250,136,78,239,147,67,28,164,340,321
29,22,255,453,320,429,225,224,65,192,186,125
29,23,316,498,410,398,124,440,214,154,511,238
29,24,419,239,191,151,497,162,477,101,366,414
29,25,464,89,395,471,107,375,242,390,505,53
29,26,65,153,488,92,207,188,425,506,211,60
29,27,379,378,471,498,207,36,277,255,366,78
29,28,288,80,438,312,154,73,502,475,48,459
29,29,26,370,334,147,441,105,9,347,457,487
29,30,319,486,196,401,461,102,254,135,381,251
29,31,160,309,347,150,277,25,166,2,269,427
29,32,174,116,199,438,424,283,192,146,470,109
29,33,82,81,276,296,410,0,159,464,422,286
29,34,241,306,256,432,219,419,109,284,468,152
29,35,313,175,80,273,263,88,253,469,504,19
29,36,13,278,177,5,469,47,511,366,437,448
29,37,78,250,470,239,351,94,305,266,268,164
29,38,453,320,255,192,224,16,429,444,65,225
29,39,410,316,416,78,498,398,238,486,117,263
29,40,498,145,198,223,389,357,482,215,97,51
29,41,243,427,417,147,2,220,499,259,508,151
29,42,362,46,367,23,261,163,216,62,491,137
29,43,280,106,256,137,506,49,369,458,509,278
29,44,35,127,220,54,120,104,465,479,164,181
29,45,33,401,496,70,166,383,447,2,220,104
29,46,185,218,464,373,169,323,329,409,244,390
29,47,234,175,59,292,269,407,109,356,45,37
30,0,46,160,201,505,330,407,117,88,452,375
30,1,483,71,285,112,320,410,323,336,427,102
30,2,436,10,101,406,404,367,185,326,393,142
30,3,510,216,507,496,342,385,274,23,315,265
30,4,417,495,192,63,168,499,329,270,367,359
30,5,258,373,487,331,391,20,414,187,273,120
30,6,47,132,476,198,498,354,285,112,142,234
30,7,48,231,117,154,170,200,295,79,72,437
30,8,162,317,451,487,189,307,191,11,256,185
30,9,140,145,349,168,393,256,257,204,208,457
30,10,53,488,507,196,131,490,92,444,135,328
30,11,335,17,234,43,287,235,25,425,63,46
30,12,502,351,227,463,98,247,14,438,245,22
30,13,491,201,480,390,276,454,176,332,436,105
30,14,450,425,70,354,127,351,189,196,34,486
30,15,6,375,410,209,178,494,486,190,160,226
30,16,441,325,203,227,130,231,432,438,368,174
30,17,81,180,240,460,276,243,104,313,429,82
30,18,241,306,432,213,434,152,246,219,58,343
30,19,80,273,217,504,483,47,255,263,327,88
30,20,278,138,366,47,167,41,501,177,467,401
30,21,250,271,78,154,94,388,67,351,208,321
30,22,192,453,479,507,150,374,48,16,422,225
30,23,410,398,52,186,124,262,237,193,270,6
30,24,419,317,162,201,307,451,151,191,11,468
30,25,471,140,145,232,89,457,439,168,349,299
30,26,507,173,488,444,490,494,92,502,53,425
30,27,234,76,390,425,287,481,402,337,474,17
30,28,502,288,351,228,227,98,438,223,495,459
30,29,491,201,487,9,232,332,147,265,42,347
30,30,486,283,258,127,450,254,196,386,305,365
30,31,6,128,209,306,375,494,190,410,327,178
30,32,441,174,368,26,325,470,330,438,231,203
30,33,81,82,240,422,276,460,197,57,359,429
30,34,213,241,432,256,306,246,434,152,109,284
30,35,504,14,483,327,217,80,313,263,469,51
30,36,278,138,94,13,47,469,366,167,249,177
30,37,78,271,250,154,94,351,208,388,447,120
30,38,192,479,453,150,422,507,48,374,16,115
30,39,410,78,507,398,270,117,316,238,186,263
30,40,498,145,223,198,389,503,97,347,254,330
30,41,264,243,2,147,417,427,499,220,259,332
30,42,403,379,46,163,424,23,367,508,113,364
30,43,256,106,280,278,137,458,49,369,185,34
30,44,247,479,465,273,156,364,104,288,500,346
30,45,166,508,114,401,447,220,193,70,232,466
30,46,373,244,185,464,409,323,121,390,431,128
30,47,88,45,269,89,357,226,59,166,407,131
31,0,360,338,473,201,150,19,293,149,234,34
31,1,483,264,285,237,405,320,102,244,71,363
31,2,436,406,215,10,321,101,481,251,393,185
31,3,397,162,507,216,364,274,403,496,342,249
31,4,495,499,314,237,349,488,168,184,192,68
31,5,270,233,391,284,373,283,187,273,11,158
31,6,47,132,354,142,285,234,476,498,112,248
31,7,48,206,0,390,339,154,274,117,120,352
31,8,239,317,162,11,191,86,151,419,451,487
31,9,140,232,471,145,340,239,160,429,395,139
31,10,53,488,82,507,494,31,153,92,444,65
31,11,474,425,337,234,17,131,335,43,297,342
31,12,93,227,343,419,351,495,221,247,182,288
31,13,491,26,9,487,201,105,48,21,176,480
31,14,283,486,196,461,450,34,127,292,401,94
31,15,6,375,226,486,150,178,346,156,169,494
31,16,441,129,115,174,368,130,231,133,74,470
31,17,82,81,276,422,159,0,243,359,410,460
31,18,241,216,220,224,219,284,152,213,326,58
31,19,80,47,223,34,263,255,313,217,273,51
31,20,138,366,278,8,167,47,56,251,469,437
31,21,301,250,78,298,417,351,253,388,154,208
31,22,163,453,192,92,507,422,115,419,107,225
31,23,410,78,398,155,486,117,263,52,154,290
31,24,239,317,162,151,191,419,86,389,189,420
31,25,232,471,140,299,89,439,145,457,395,168
31,26,507,488,173,494,65,10,444,31,92,82
31,27,234,337,76,71,474,446,422,402,17,350
31,28,93,288,228,343,351,419,495,227,475,221
31,29,487,9,26,286,147,201,348,176,105,234
31,30,486,283,450,196,127,365,20,451,69,381
31,31,6,375,306,128,209,226,410,178,346,160
31,32,368,441,115,174,203,459,225,470,26,286
31,33,82,147,422,159,359,276,81,240,460,72
31,34,216,241,284,220,224,109,219,180,256,213
31,35,34,14,263,223,313,51,429,482,26,80
31,36,138,8,56,469,278,366,47,58,251,437
31,37,250,301,298,78,417,253,351,447,340,154
31,38,453,192,163,92,422,107,419,115,507,177
31,39,263,78,117,410,398,316,270,238,104,407
31,40,145,498,223,198,357,445,6,215,46,503
31,41,243,2,147,304,264,306,499,427,220,145
31,42,389,436,424,46,367,379,23,499,163,364
31,43,278,95,137,256,106,280,49,458,185,506
31,44,160,500,288,479,465,364,273,156,104,427
31,45,401,383,166,103,220,346,435,70,466,232
31,46,244,185,373,417,53,390,121,464,323,431
31,47,59,37,226,45,269,356,357,461,131,88
32,0,349,179,348,302,198,150,233,403,358,481
32,1,483,285,491,305,334,179,320,212,373,224
32,2,436,406,393,451,479,74,364,211,139,185
32,3,507,450,13,274,505,394,237,496,265,175
32,4,287,399,299,488,455,508,166,102,402,68
32,5,317,52,187,505,21,215,159,296,79,358
32,6,248,347,138,472,480,47,285,112,119,234
32,7,200,120,235,322,48,457,461,154,413,116
32,8,239,419,317,4,420,11,151,191,162,86
32,9,471,232,140,439,145,340,139,508,76,184
32,10,488,53,494,507,425,92,65,153,444,82
32,11,76,481,234,474,425,17,337,390,59,453
32,12,50,75,360,227,269,343,127,286,288,408
32,13,491,9,487,26,265,286,201,280,176,71
32,14,486,283,127,196,461,365,275,207,192,231
32,15,375,6,346,486,178,494,209,226,128,199
32,16,441,231,203,129,130,74,286,133,438,174
32,17,81,359,159,422,276,147,243,460,82,371
32,18,298,394,216,224,241,284,62,326,321,416
32,19,47,263,80,313,34,255,469,26,373,51
32,20,339,56,511,167,124,366,13,47,469,345
32,21,59,266,340,250,351,442,400,206,417,311
32,22,453,468,369,142,295,273,379,269,180,136
32,23,155,401,263,410,486,290,96,404,377,238
32,24,239,151,191,389,419,162,189,11,420,224
32,25,471,232,443,140,168,299,439,457,132,89
32,26,488,65,424,507,10,173,92,211,444,494
32,27,234,76,273,337,481,422,287,181,350,17
32,28,288,228,459,75,234,160,475,495,127,286
32,29,286,487,9,26,352,265,147,280,347,311
32,30,486,283,127,383,69,365,20,305,138,117
32,31,6,375,128,306,346,209,178,190,494,410
32,32,441,368,174,459,203,26,470,231,23,225
32,33,422,172,72,359,265,196,488,499,82,286
32,34,298,468,212,284,321,62,170,394,256,216
32,35,26,110,14,212,175,255,210,225,47,263
32,36,124,339,56,5,15,366,58,13,511,167
32,37,59,266,220,33,340,337,442,474,417,250
32,38,453,273,142,468,295,175,379,269,369,404
32,39,155,390,146,316,486,498,511,407,354,95
32,40,91,227,244,222,362,407,6,357,59,203
32,41,94,306,449,245,157,243,435,358,12,414
32,42,133,438,97,22,479,138,472,471,17,45
32,43,92,2,267,509,15,387,207,93,471,185
32,44,276,148,173,440,338,270,471,237,212,337
32,45,104,119,230,405,70,406,126,237,472,454
32,46,41,510,226,446,346,325,374,355,232,477
32,47,125,424,458,242,120,59,463,48,340,396
33,0,212,240,499,241,294,251,60,109,192,457
33,1,328,57,245,394,386,475,130,383,215,320
33,2,436,444,393,84,107,147,200,109,208,89
33,3,507,496,13,249,335,408,205,237,403,202
33,4,325,346,506,357,199,163,294,73,465,156
33,5,129,110,101,493,37,112,348,140,424,47
33,6,168,68,285,248,112,397,237,255,185,201
33,7,120,202,288,93,316,499,489,167,410,8
33,8,239,191,189,11,138,162,419,356,151,389
33,9,443,232,140,204,471,132,395,111,506,214
33,10,488,65,10,92,424,53,425,173,29,211
33,11,234,163,59,471,131,273,76,422,402,255
33,12,234,475,228,217,459,288,410,160,218,220
33,13,9,286,26,487,105,234,411,347,147,35
33,14,486,94,461,192,127,305,283,196,231,160
33,15,6,346,150,494,178,375,156,209,289,160
33,16,174,424,283,116,231,199,191,133,370,325
33,17,81,422,172,296,410,276,495,381,93,359
33,18,285,468,398,95,212,284,326,386,248,497
33,19,469,110,175,47,51,263,225,26,332,177
33,20,124,13,413,5,366,507,345,93,290,15
33,21,220,178,337,340,54,456,474,214,266,91
33,22,470,175,453,281,270,381,181,77,373,401
33,23,316,486,498,511,398,402,238,176,453,416
33,24,191,497,239,477,389,402,151,189,447,101
33,25,395,89,140,168,129,232,464,160,122,377
33,26,65,488,92,29,10,46,305,119,211,60
33,27,131,471,2,498,277,255,36,379,234,103
33,28,234,217,288,80,228,475,459,48,160,410
33,29,9,105,370,457,100,336,334,246,225,147
33,30,461,196,486,319,254,305,381,192,334,34
33,31,160,150,6,309,37,25,347,209,427,166
33,32,174,424,283,203,231,325,116,199,470,224
33,33,81,286,355,0,197,296,276,265,410,145
33,34,95,468,285,305,398,361,256,219,125,386
33,35,110,175,286,469,456,88,332,26,440,282
33,36,124,5,93,58,75,112,214,85,13,511
33,37,305,220,178,337,40,163,56,456,266,54
33,38,175,470,281,270,401,381,181,77,264,373
33,39,498,316,440,416,205,511,238,486,354,176
33,40,227,223,198,203,146,357,229,95,350,503
33,41,414,151,94,168,358,49,444,438,418,424
33,42,365,471,220,303,482,85,428,114,62,194
33,43,15,92,267,369,509,149,49,2,486,185
33,44,276,4,237,440,338,55,212,158,372,405
33,45,230,104,470,454,70,290,406,282,249,189
33,46,25,504,199,214,336,477,57,390,432,392
33,47,270,80,31,152,480,424,336,487,492,54
34,0,227,351,315,109,90,395,333,249,435,213
34,1,74,97,245,383,88,32,130,235,320,206
34,2,89,84,372,147,295,357,393,37,444,132
34,3,507,249,205,496,408,335,403,269,293,182
34,4,325,465,28,506,222,389,156,252,410,241
34,5,468,129,482,236,292,100,112,1,263,185
34,6,185,164,168,505,112,13,285,144,201,485
34,7,288,242,158,489,316,120,239,303,191,499
34,8,191,11,239,175,87,356,132,283,138,503
34,9,68,214,111,139,140,443,132,361,471,71
34,10,488,10,424,393,211,240,203,48,299,129
34,11,163,273,234,371,500,422,84,165,402,108
34,12,459,288,228,37,475,217,390,253,160,182
34,13,286,387,385,347,50,273,128,91,148,352
34,14,486,138,212,127,383,506,69,335,90,117
34,15,375,346,6,494,178,426,306,199,486,169
34,16,441,278,74,23,26,299,231,91,429,243
34,17,372,467,422,72,499,166,324,389,488,305
34,18,471,49,264,285,184,483,42,212,510,127
34,19,47,212,26,14,377,174,63,453,225,435
34,20,366,507,15,457,413,290,55,228,215,56
34,21,54,100,220,33,340,474,337,255,242,464
34,22,81,223,264,293,175,30,41,270,77,345
34,23,390,146,163,95,363,260,372,425,290,389
34,24,87,191,11,356,503,239,175,389,189,319
34,25,111,132,361,68,502,214,232,443,471,346
34,26,424,488,48,393,211,10,107,203,126,177
34,27,273,422,250,48,234,165,189,163,84,500
34,28,459,37,228,288,390,217,220,9,160,246
34,29,387,22,385,288,128,426,50,286,97,52
34,30,136,138,80,486,14,212,117,383,233,506
34,31,375,306,426,346,6,193,68,494,288,178
34,32,26,278,23,441,140,91,51,58,74,299
34,33,372,422,72,499,50,324,389,305,172,484
34,34,471,212,42,285,49,184,264,305,347,483
34,35,26,174,212,14,426,145,453,63,47,225
34,36,15,507,55,485,16,56,228,413,247,124
34,37,220,33,100,255,474,340,41,18,337,54
34,38,293,81,30,264,175,41,270,223,86,205
34,39,390,146,260,27,389,450,95,302,104,430
34,40,91,138,471,116,186,244,172,173,145,357
34,41,449,226,353,385,42,65,445,434,240,62
34,42,220,272,393,301,168,471,140,87,476,322
34,43,207,162,2,278,180,506,185,413,49,86
34,44,276,433,277,302,189,51,405,142,167,105
34,45,47,34,398,356,205,406,461,268,22,431
34,46,388,88,469,297,171,346,33,324,77,333
34,47,122,416,59,280,242,348,462,398,153,424
35,0,87,90,143,436,453,449,29,287,20,227
35,1,186,364,245,60,442,320,130,373,161,383
35,2,320,358,89,147,46,444,322,416,84,59
35,3,496,225,408,249,403,507,511,54,182,405
35,4,390,307,403,198,222,249,492,325,156,194
35,5,228,392,100,468,129,142,292,98,1,190
35,6,345,158,309,233,144,234,274,164,112,329
35,7,327,120,202,76,287,414,288,489,93,239
35,8,239,87,115,191,402,330,151,397,76,11
35,9,471,443,232,214,139,152,140,395,239,76
35,10,211,400,65,488,173,413,77,396,10,240
35,11,181,234,163,339,402,69,337,76,378,59
35,12,234,140,217,475,228,288,160,292,168,182
35,13,286,328,9,26,487,427,347,348,280,93
35,14,486,283,127,365,275,383,476,192,450,461
35,15,375,6,346,486,169,209,178,226,199,494
35,16,441,152,174,368,130,91,438,35,115,129
35,17,265,488,422,276,294,495,359,72,272,264
35,18,305,285,91,212,95,399,42,468,386,204
35,19,110,26,255,212,47,22,263,175,332,234
35,20,124,5,13,507,366,95,413,345,335,418
35,21,220,54,41,214,340,337,56,40,178,333
35,22,313,270,175,149,381,264,405,195,373,491
35,23,453,402,146,486,511,238,498,316,377,95
35,24,115,239,191,87,189,402,151,389,330,497
35,25,232,471,443,89,395,140,439,152,168,122
35,26,65,211,400,488,173,77,507,10,396,92
35,27,234,181,481,76,339,287,255,468,390,277
35,28,234,140,288,217,228,475,160,292,168,459
35,29,9,328,427,348,160,47,105,147,286,234
35,30,486,192,334,20,305,196,33,254,487,303
35,31,6,209,427,306,226,160,66,237,25,150
35,32,174,231,152,203,325,283,424,191,368,470
35,33,286,265,355,81,145,460,197,495,296,276
35,34,305,95,91,285,331,399,212,386,204,468
35,35,110,175,286,456,26,469,332,88,51,14
35,36,5,124,93,58,75,214,198,85,260,418
35,37,305,337,178,220,56,40,28,41,33,54
35,38,270,313,175,381,373,149,264,77,181,405
35,39,316,498,416,440,511,486,205,238,176,354
35,40,227,223,203,505,350,198,146,357,503,215
35,41,151,414,94,49,358,444,168,438,19,424
35,42,482,139,62,303,114,394,168,355,220,123
35,43,15,92,267,369,149,178,49,486,185,509
35,44,237,55,4,372,212,440,28,280,405,473
35,45,230,104,365,470,70,454,332,359,189,290
35,46,469,141,214,199,147,351,477,390,57,239
35,47,360,11,270,54,424,142,280,31,122,458
36,0,482,389,372,90,408,192,111,385,28,371
36,1,186,60,320,383,310,446,88,339,67,38
36,2,358,444,41,46,61,209,12,269,147,416
36,3,161,265,454,225,197,476,205,332,297,496
36,4,177,136,3,309,68,390,174,307,102,95
36,5,182,369,392,404,25,352,425,300,393,228
36,6,345,125,474,346,309,162,335,439,493,158
36,7,202,327,93,329,8,120,76,303,239,129
36,8,114,101,191,93,477,239,402,148,359,20
36,9,467,464,505,443,375,395,463,468,2,107
36,10,400,202,65,413,207,422,211,218,506,188
36,11,378,207,10,471,226,93,379,126,30,339
36,12,234,140,217,298,80,192,168,73,90,156
36,13,103,139,328,487,427,160,186,508,234,441
36,14,319,492,135,317,327,160,299,486,38,329
36,15,347,309,366,160,166,277,225,2,269,350
36,16,116,192,50,337,438,239,48,25,136,109
36,17,137,464,294,86,480,412,90,381,82,374
36,18,468,358,95,137,305,284,91,314,291,108
36,19,234,420,110,106,123,388,71,160,233,486
36,20,169,112,146,124,64,344,439,375,456,486
36,21,376,130,41,202,445,214,178,437,329,419
36,22,317,270,381,149,405,175,77,397,237,195
36,23,177,219,440,498,214,349,203,197,324,235
36,24,239,114,477,101,93,191,333,422,155,497
36,25,464,467,53,505,63,395,71,89,375,107
36,26,65,153,413,211,188,422,207,218,400,488
36,27,378,207,471,379,126,498,277,444,255,69
36,28,80,234,288,489,192,73,505,236,261,140
36,29,334,441,370,328,26,119,138,487,457,411
36,30,319,135,317,327,492,38,486,102,251,273
36,31,347,309,277,366,160,269,225,2,505,123
36,32,116,192,50,25,136,239,48,438,174,277
36,33,464,82,137,86,412,286,276,256,90,296
36,34,419,95,305,468,358,361,199,108,227,91
36,35,110,420,135,175,234,160,282,469,92,486
36,36,112,64,93,5,214,136,124,58,146,169
36,37,305,376,40,56,419,178,261,71,266,163
36,38,317,381,270,373,175,405,149,77,401,181
36,39,498,440,316,119,177,511,214,124,219,349
36,40,229,52,198,146,95,102,227,223,466,350
36,41,168,146,151,438,358,414,49,259,158,19
36,42,482,62,139,114,85,394,177,355,137,303
36,43,15,267,92,369,481,149,178,486,49,93
36,44,237,55,372,28,4,212,440,405,346,473
36,45,230,104,365,470,70,454,332,359,189,290
36,46,141,199,351,214,147,469,390,477,57,239
36,47,270,11,142,280,54,222,31,424,492,390
37,0,62,167,176,198,401,211,98,272,470,291
37,1,60,304,34,62,293,353,240,130,320,366
37,2,211,263,439,315,360,418,185,310,393,449
37,3,507,18,161,496,265,205,274,332,403,228
37,4,166,299,308,96,67,168,110,290,177,508
37,5,90,131,415,275,425,81,25,505,487,120
37,6,279,73,329,42,417,471,179,113,383,422
37,7,108,101,117,282,245,427,132,118,86,41
37,8,477,191,482,101,496,215,311,402,349,151
37,9,77,129,395,191,301,140,168,349,130,40
37,10,490,253,400,488,345,269,380,65,77,92
37,11,481,103,78,148,205,258,471,279,379,287
37,12,48,303,251,299,286,223,307,120,505,401
37,13,9,328,105,415,100,47,8,427,457,292
37,14,305,396,461,18,486,94,334,127,192,231
37,15,346,6,209,156,169,289,178,10,309,494
37,16,424,199,325,174,231,333,133,370,191,283
37,17,296,214,156,286,378,285,410,355,276,39
37,18,341,414,168,95,58,326,310,108,246,62
37,19,110,469,175,62,292,255,92,160,225,396
37,20,140,75,93,136,214,112,445,173,124,58
37,21,470,268,502,419,312,11,354,292,331,338
37,22,349,444,52,253,17,215,434,499,328,8
37,23,498,316,238,440,214,24,124,443,354,453
37,24,477,215,191,275,101,155,482,496,151,296
37,25,395,77,129,89,301,168,349,140,63,122
37,26,490,65,400,119,253,488,305,29,173,494
37,27,148,471,78,255,379,36,481,126,103,258
37,28,48,303,288,307,223,286,299,445,251,47
37,29,328,9,105,427,415,467,457,292,47,234
37,30,334,192,461,396,196,20,319,292,162,94
37,31,309,160,347,2,25,156,150,37,166,6
37,32,424,174,199,116,325,90,470,460,438,283
37,33,156,286,214,0,378,296,285,193,403,410
37,34,341,168,108,122,95,255,246,414,58,199
37,35,110,469,135,286,160,420,175,92,332,62
37,36,140,112,93,214,136,64,75,58,122,124
37,37,419,470,268,331,502,376,292,354,261,111
37,38,349,444,215,17,253,52,434,328,499,8
37,39,440,498,119,177,124,214,349,263,219,316
37,40,229,198,505,52,77,95,0,466,223,215
37,41,168,146,175,170,158,259,424,306,499,366
37,42,62,362,491,261,216,23,387,268,508,379
37,43,369,280,107,106,142,49,94,164,427,458
37,44,319,346,143,164,224,220,249,250,364,228
37,45,249,401,447,3,33,472,24,143,49,232
37,46,325,128,381,218,323,162,329,412,390,464
37,47,292,446,234,39,458,175,390,131,9,452
38,0,46,160,505,330,117,79,208,195,375,407
38,1,71,483,447,251,112,215,171,53,427,320
38,2,10,101,211,142,185,483,404,284,500,437
38,3,510,161,265,216,332,454,229,297,127,310
38,4,495,417,499,349,110,177,359,174,136,329
38,5,373,273,258,425,25,120,379,233,352,483
38,6,476,354,136,335,279,189,137,337,396,417
38,7,231,170,329,245,108,118,117,101,8,160
38,8,307,191,477,155,101,496,422,318,325,361
38,9,89,395,375,88,208,464,335,467,468,129
38,10,501,60,400,253,65,488,188,490,119,507
38,11,258,471,78,498,255,188,148,379,343,126
38,12,457,351,463,484,48,343,251,380,505,445
38,13,138,71,113,457,9,82,292,486,169,328
38,14,461,196,94,486,273,489,18,401,231,319
38,15,150,309,160,6,156,25,340,347,166,494
38,16,116,174,424,199,283,192,438,442,90,191
38,17,156,296,286,410,39,81,378,214,403,187
38,18,213,95,434,108,122,326,330,246,414,255
38,19,223,160,175,110,483,469,135,308,420,234
38,20,124,112,136,93,58,64,214,140,198,138
38,21,419,154,271,208,376,119,201,261,354,252
38,22,479,374,150,177,48,276,192,441,419,422
38,23,214,498,440,4,119,124,24,316,453,349
38,24,101,307,477,386,155,191,239,171,113,4
38,25,464,89,395,107,467,375,88,208,284,160
38,26,60,65,501,29,305,92,207,488,119,188
38,27,498,471,131,379,126,308,36,442,277,255
38,28,351,457,463,484,288,48,395,343,47,380
38,29,328,467,71,9,105,82,441,457,138,415
38,30,196,344,192,273,251,461,18,102,401,254
38,31,309,160,347,427,25,150,277,2,287,464
38,32,116,174,199,438,146,325,192,424,63,50
38,33,286,156,0,440,464,403,296,500,312,82
38,34,213,95,330,434,361,122,220,108,364,130
38,35,135,223,420,327,483,469,160,88,486,71
38,36,112,64,214,124,58,422,94,138,421,180
38,37,271,154,376,208,119,419,447,261,71,201
38,38,479,374,150,177,48,422,192,276,441,419
38,39,440,119,498,349,124,177,214,219,410,453
38,40,229,198,52,95,505,466,0,102,421,106
38,41,264,146,168,158,220,19,259,366,499,303
38,42,403,379,268,508,113,23,55,95,222,332
38,43,369,280,106,256,150,458,137,149,107,164
38,44,247,364,346,224,228,233,479,156,273,465
38,45,249,401,508,114,3,447,232,24,49,214
38,46,325,128,412,431,464,323,381,185,390,409
38,47,88,166,269,8,45,89,357,131,390,452
39,0,360,392,19,338,289,425,272,9,473,173
39,1,405,237,403,483,244,251,160,410,320,16
39,2,36,210,483,481,371,226,211,215,110,382
39,3,185,265,161,364,454,274,406,507,40,297
39,4,177,136,174,467,166,38,213,244,327,479
39,5,346,391,404,283,161,25,505,373,398,220
39,6,476,459,354,312,335,480,327,234,365,422
39,7,206,156,329,228,501,274,395,261,5,71
39,8,101,307,331,171,155,477,191,20,412,333
39,9,464,89,395,107,468,168,129,505,510,208
39,10,103,87,400,311,60,31,488,305,188,92
39,11,503,498,207,53,255,442,256,471,150,247
39,12,155,266,327,404,457,418,221,93,419,48
39,13,467,47,138,71,9,246,328,84,234,367
39,14,196,18,254,437,344,102,461,77,367,231
39,15,410,309,160,25,427,347,2,166,6,150
39,16,116,174,325,63,199,146,283,338,489,424
39,17,440,286,93,410,296,378,156,39,403,500
39,18,283,500,95,34,213,220,326,229,150,482
39,19,223,82,135,175,88,332,51,469,483,482
39,20,198,347,112,64,167,422,445,58,218,180
39,21,301,154,253,48,119,354,409,376,201,271
39,22,193,316,390,111,177,422,419,66,386,384
39,23,498,214,440,124,24,174,4,349,316,119
39,24,101,331,171,191,155,68,307,477,113,402
39,25,464,89,319,467,107,395,168,375,505,301
39,26,103,29,60,305,311,400,87,92,236,488
39,27,503,498,442,255,308,131,379,207,126,471
39,28,327,155,369,404,494,288,95,457,418,266
39,29,467,167,144,370,246,9,328,47,241,84
39,30,196,213,18,218,254,486,461,142,327,102
39,31,309,160,427,25,347,410,150,19,287,2
39,32,116,174,325,63,199,192,311,424,438,283
39,33,164,403,187,286,378,0,39,440,296,409
39,34,500,482,229,34,283,220,95,213,165,443
39,35,223,82,135,420,20,482,160,469,486,429
39,36,112,64,252,347,140,508,73,421,86,445
39,37,154,376,301,459,409,253,119,354,11,271
39,38,193,316,390,384,422,177,111,419,66,435
39,39,440,119,498,349,124,177,214,219,4,287
39,40,229,198,466,52,95,102,505,421,0,48
39,41,289,146,168,264,158,252,499,259,366,19
39,42,436,403,59,237,389,55,235,379,95,268
39,43,369,458,280,256,150,149,147,75,106,142
39,44,339,364,233,224,47,143,228,492,249,333
39,45,249,435,3,114,145,214,24,49,401,447
39,46,325,128,381,162,412,186,35,323,205,266
39,47,8,89,88,45,321,357,61,452,265,390
40,0,4,274,228,180,126,356,200,156,294,162
40,1,405,108,451,311,391,0,475,394,499,182
40,2,112,236,36,277,346,326,232,361,278,81
40,3,402,108,330,381,465,371,100,161,277,220
40,4,130,34,5,212,223,114,270,367,404,278
40,5,93,312,374,247,153,475,15,27,346,80
40,6,176,140,476,459,354,312,253,288,349,119
40,7,206,353,167,228,123,156,94,155,115,329
40,8,307,442,68,177,101,339,155,477,399,191
40,9,89,464,168,49,319,439,46,395,505,53
40,10,87,103,288,60,459,51,65,362,488,501
40,11,503,498,442,255,243,471,207,297,371,373
40,12,506,363,432,78,457,266,95,289,135,87
40,13,178,71,486,138,9,79,47,234,292,482
40,14,196,344,18,406,461,251,102,437,254,77
40,15,309,160,410,25,427,347,150,166,2,19
40,16,174,116,199,63,438,192,424,146,463,325
40,17,440,403,286,93,410,156,500,378,87,39
40,18,336,95,103,435,326,213,164,178,132,283
40,19,135,223,327,175,82,407,46,483,469,160
40,20,64,124,112,198,58,401,422,10,321,167
40,21,48,21,154,208,454,119,354,414,163,271
40,22,40,343,472,387,56,126,465,74,509,292
40,23,119,214,498,440,4,316,124,453,24,402
40,24,177,68,442,101,307,155,383,477,471,171
40,25,464,46,467,89,505,107,319,375,390,395
40,26,60,87,288,103,362,488,207,92,188,506
40,27,503,498,126,471,207,442,308,379,131,78
40,28,506,363,289,78,432,288,47,457,266,87
40,29,303,178,122,71,82,457,76,486,370,467
40,30,196,251,344,406,327,461,401,254,102,162
40,31,309,347,25,160,427,150,287,19,2,277
40,32,116,192,174,438,199,146,424,50,63,311
40,33,440,0,81,156,464,93,410,159,296,82
40,34,336,361,249,178,435,103,242,164,213,98
40,35,327,135,469,88,254,420,440,223,253,286
40,36,64,112,47,214,198,58,180,177,422,391
40,37,48,21,208,454,163,414,376,154,271,178
40,38,343,40,472,56,387,126,465,292,74,509
40,39,119,440,498,124,349,214,453,316,174,219
40,40,85,43,198,229,355,95,52,505,330,466
40,41,146,216,264,158,220,168,32,51,352,499
40,42,91,508,268,379,403,113,85,23,382,222
40,43,280,369,137,267,106,150,435,256,149,412
40,44,364,228,224,99,346,233,247,273,439,104
40,45,401,447,249,26,3,49,294,24,232,390
40,46,325,412,464,128,431,381,323,185,390,35
40,47,166,269,487,88,8,501,131,45,278,357
41,0,138,34,384,44,473,19,147,272,392,470
41,1,237,499,244,405,487,403,456,6,160,16
41,2,135,399,36,210,481,226,370,363,211,110
41,3,265,161,454,274,406,244,183,332,507,102
41,4,358,177,136,216,493,166,270,16,327,38
41,5,161,391,283,425,505,25,61,450,52,402
41,6,45,365,459,335,476,312,354,207,44,84
41,7,395,353,206,5,503,134,228,329,352,160
41,8,339,68,101,307,177,477,171,51,155,20
41,9,464,89,390,46,8,505,319,129,53,140
41,10,87,326,223,51,103,494,222,188,288,60
41,11,207,503,126,496,88,498,442,335,502,373
41,12,419,266,60,155,399,93,242,48,50,14
41,13,178,482,122,76,138,71,21,47,373,486
41,14,196,18,102,461,254,327,344,437,162,251
41,15,160,309,25,100,19,347,150,410,166,427
41,16,174,199,116,272,438,424,192,50,146,325
41,17,440,410,93,87,296,39,378,132,500,159
41,18,283,34,461,244,500,229,150,95,213,220
41,19,135,223,469,327,88,82,420,167,337,254
41,20,64,347,117,251,422,112,75,96,167,58
41,21,48,301,154,188,376,354,447,465,119,221
41,22,390,308,386,126,355,92,121,111,66,193
41,23,119,498,214,440,316,349,124,372,454,431
41,24,68,101,477,191,171,113,155,177,351,51
41,25,464,89,395,107,390,319,467,349,129,375
41,26,488,223,326,87,188,222,506,95,92,119
41,27,503,103,126,498,207,442,335,287,247,471
41,28,419,266,288,155,242,48,399,327,404,369
41,29,370,457,467,178,441,167,71,144,100,138
41,30,461,251,18,254,196,486,162,327,77,102
41,31,160,309,150,347,25,37,427,6,209,287
41,32,174,199,146,116,424,438,192,219,272,460
41,33,74,440,82,81,148,410,159,93,338,34
41,34,283,34,461,229,500,244,220,165,486,213
41,35,223,82,420,20,482,469,429,160,88,135
41,36,347,112,117,64,252,251,140,96,8,422
41,37,48,409,301,253,376,154,459,119,221,447
41,38,390,308,386,355,193,115,126,316,111,511
41,39,440,498,119,349,124,177,219,214,454,287
41,40,229,198,466,52,95,102,48,355,386,0
41,41,146,168,158,366,264,216,54,457,147,289
41,42,351,237,403,59,436,391,349,202,496,222
41,43,369,380,147,256,267,458,150,495,75,142
41,44,143,364,233,224,227,451,228,99,333,503
41,45,249,26,3,357,49,214,149,114,510,295
41,46,162,164,325,128,412,381,35,404,186,314
41,47,61,501,178,458,210,452,302,507,36,185
42,0,400,167,376,272,322,258,233,66,461,19
42,1,499,237,403,487,405,244,326,160,6,182
42,2,481,226,402,154,290,433,210,264,483,110
42,3,161,265,454,406,451,332,507,185,498,297
42,4,166,177,50,136,225,38,216,117,450,445
42,5,161,450,391,90,346,25,275,425,505,404
42,6,423,24,459,84,365,312,476,45,44,354
42,7,206,503,134,228,329,353,160,71,190,274
42,8,101,68,477,307,191,171,333,113,155,11
42,9,464,390,89,505,107,157,467,375,319,53
42,10,87,326,494,223,103,60,153,488,188,222
42,11,207,498,442,335,126,277,88,503,379,247
42,12,419,266,155,299,404,60,418,457,48,95
42,13,71,178,21,467,370,47,441,292,58,84
42,14,196,401,18,102,58,135,492,327,317,64
42,15,309,347,160,277,25,150,100,410,269,2
42,16,116,192,50,239,136,199,174,424,438,63
42,17,159,464,440,132,137,82,412,378,93,403
42,18,500,229,34,461,283,95,486,326,165,213
42,19,223,82,420,135,20,316,337,160,321,167
42,20,112,64,140,347,252,422,73,138,117,96
42,21,301,253,409,154,376,459,119,447,354,48
42,22,316,193,66,422,177,384,192,111,33,419
42,23,440,498,214,119,177,349,100,124,78,199
42,24,101,68,477,155,307,239,171,333,191,331
42,25,464,390,467,107,89,505,375,53,424,146
42,26,87,326,60,223,65,153,236,487,103,207
42,27,207,498,308,277,471,379,503,378,442,126
42,28,419,155,288,266,327,457,404,299,60,399
42,29,370,167,71,467,138,441,178,119,292,328
42,30,401,327,319,196,135,251,489,38,273,162
42,31,309,347,277,25,150,123,269,287,2,160
42,32,192,116,50,136,239,438,341,424,311,463
42,33,159,464,187,132,403,505,123,82,256,409
42,34,500,229,34,461,220,165,283,486,213,472
42,35,20,420,223,135,82,482,396,486,203,129
42,36,112,347,252,64,140,117,508,284,146,421
42,37,301,376,459,409,154,253,221,447,119,11
42,38,316,177,193,384,66,422,111,192,419,435
42,39,440,177,498,219,349,124,119,105,287,214
42,40,229,198,466,52,95,102,48,421,0,505
42,41,146,168,264,158,366,19,462,289,54,83
42,42,403,59,436,55,235,237,389,396,268,332
42,43,369,147,458,150,400,188,75,256,34,142
42,44,364,233,224,143,492,228,479,503,333,47
42,45,249,3,435,214,24,376,49,114,292,232
42,46,128,325,381,162,35,186,266,435,205,390
42,47,8,89,88,357,45,452,390,185,431,265
43,0,67,49,289,338,360,349,400,14,391,404
43,1,135,179,405,65,319,182,16,267,351,47
43,2,161,110,427,443,347,165,273,226,370,415
43,3,40,454,161,498,185,297,472,265,179,221
43,4,132,136,467,177,213,244,174,479,160,482
43,5,33,404,405,123,465,450,18,6,85,218
43,6,121,267,393,433,327,197,228,481,56,135
43,7,508,395,69,472,214,2,195,329,88,486
43,8,412,355,333,199,114,359,217,101,382,281
43,9,373,496,468,510,403,247,412,31,3,30
43,10,365,361,422,152,178,344,369,307,231,317
43,11,10,86,436,229,471,392,177,386,30,412
43,12,318,10,281,72,177,372,51,302,238,466
43,13,441,167,435,250,344,397,29,40,36,119
43,14,492,262,135,64,254,101,249,187,38,311
43,15,366,347,309,277,350,225,269,410,69,505
43,16,48,106,116,25,192,239,463,50,438,277
43,17,102,464,457,90,143,463,215,351,128,412
43,18,403,80,69,154,473,34,201,349,252,280
43,19,138,502,486,55,124,428,420,118,111,430
43,20,284,146,421,112,349,428,187,369,64,180
43,21,48,376,479,115,459,188,440,336,154,129
43,22,355,51,403,511,506,302,14,310,123,351
43,23,219,177,440,324,349,498,124,235,203,287
43,24,114,101,333,355,49,422,217,20,359,412
43,25,17,496,468,464,53,510,373,67,375,107
43,26,152,361,365,422,222,178,207,487,87,218
43,27,471,412,86,177,229,169,510,205,10,379
43,28,177,281,302,372,51,494,189,318,369,10
43,29,435,397,177,178,441,167,241,344,250,226
43,30,5,262,19,38,401,249,492,374,254,251
43,31,347,309,366,277,269,2,225,160,505,353
43,32,116,48,192,239,25,438,50,136,311,277
43,33,464,102,82,159,412,132,457,67,164,256
43,34,403,473,69,80,34,252,25,154,482,201
43,35,502,428,138,124,486,55,259,420,364,20
43,36,112,421,369,146,284,298,187,94,252,154
43,37,479,48,376,129,115,154,253,194,222,381
43,38,355,51,511,356,403,305,506,351,302,389
43,39,219,440,124,498,177,349,324,287,414,235
43,40,28,229,257,0,102,52,198,421,466,183
43,41,100,196,168,384,146,333,421,161,386,19
43,42,235,490,59,39,391,396,141,237,332,403
43,43,369,147,380,400,150,458,75,188,471,483
43,44,472,73,283,364,444,143,34,509,232,228
43,45,149,3,429,249,214,233,376,24,25,453
43,46,221,161,35,325,185,68,381,164,128,435
43,47,76,42,61,392,226,153,486,8,452,45
44,0,326,7,479,139,0,64,290,350,497,254
44,1,210,179,135,441,143,498,65,429,342,39
44,2,410,165,192,168,161,369,287,417,313,427
44,3,40,454,498,161,268,297,472,372,221,179
44,4,136,467,177,174,309,213,244,400,239,503
44,5,404,405,33,497,182,465,123,6,25,214
44,6,267,245,423,121,327,433,399,148,170,12
44,7,472,195,343,69,2,486,329,401,214,50
44,8,355,412,114,333,359,199,101,422,382,161
44,9,468,496,510,373,17,247,107,403,31,321
44,10,152,422,361,365,344,231,41,267,307,236
44,11,10,86,229,436,177,471,201,30,412,392
44,12,281,10,51,216,466,318,189,238,302,504
44,13,485,167,441,344,250,435,177,397,508,156
44,14,492,135,341,64,187,300,101,254,38,311
44,15,366,347,277,350,410,309,269,225,69,0
44,16,106,48,25,116,277,192,39,50,463,239
44,17,90,464,457,102,463,215,143,152,458,361
44,18,82,80,154,106,25,252,69,418,201,379
44,19,486,138,111,430,420,364,118,489,434,55
44,20,284,112,169,146,428,154,421,375,187,225
44,21,376,479,115,48,253,447,211,370,440,154
44,22,51,449,123,230,102,423,506,351,239,268
44,23,219,177,203,324,235,440,498,290,124,211
44,24,355,114,101,199,412,333,20,25,422,359
44,25,468,373,496,510,403,375,17,107,247,80
44,26,422,365,143,234,361,366,152,344,218,222
44,27,177,86,10,412,229,471,510,392,201,308
44,28,10,281,302,177,216,51,318,72,189,238
44,29,253,435,397,177,21,441,156,139,485,467
44,30,492,135,341,38,254,300,64,262,389,401
44,31,347,366,309,277,225,350,269,0,505,2
44,32,48,116,192,25,50,277,106,239,438,490
44,33,464,159,457,102,90,132,256,137,187,412
44,34,69,25,80,154,252,34,403,384,442,482
44,35,223,420,259,486,55,138,428,20,482,364
44,36,252,112,508,298,225,64,8,421,94,146
44,37,376,115,253,479,459,11,154,409,221,48
44,38,51,123,102,305,188,356,230,503,449,310
44,39,440,498,219,349,124,177,119,287,324,214
44,40,229,198,466,28,52,102,95,0,351,421
44,41,168,146,83,505,462,196,158,366,333,19
44,42,59,235,490,141,403,55,237,39,332,396
44,43,369,147,458,150,75,256,400,34,149,188
44,44,364,283,224,444,233,143,288,492,465,34
44,45,3,249,24,214,49,114,435,429,232,233
44,46,325,128,381,244,35,185,186,435,162,205
44,47,8,89,76,45,390,452,357,226,42,302
45,0,63,7,68,64,12,19,233,100,386,92
45,1,441,65,135,381,179,279,119,95,48,182
45,2,424,117,165,369,289,368,66,192,153,313
45,3,161,40,454,297,332,472,265,372,318,80
45,4,136,177,174,467,166,213,309,38,482,503
45,5,25,404,425,266,130,182,120,123,333,449
45,6,335,138,170,431,455,267,296,480,291,24
45,7,329,250,486,2,501,472,34,66,116,101
45,8,101,307,477,333,422,254,381,210,114,224
45,9,464,505,467,468,107,130,129,375,510,321
45,10,78,487,17,361,60,218,67,153,279,346
45,11,207,86,379,10,308,30,436,126,201,240
45,12,91,32,331,372,136,302,147,345,457,281
45,13,64,441,167,487,397,103,21,250,508,177
45,14,327,135,492,162,268,254,142,64,299,58
45,15,309,347,366,25,277,269,225,2,505,272
45,16,116,192,438,50,25,136,48,424,337,239
45,17,464,137,159,256,187,132,412,480,457,102
45,18,25,67,117,506,170,416,80,39,201,252
45,19,420,246,111,71,486,259,234,434,388,317
45,20,252,112,213,225,506,508,169,56,146,86
45,21,146,400,376,206,442,154,223,345,130,299
45,22,269,201,503,468,3,10,305,369,414,136
45,23,498,440,177,155,219,214,349,124,401,287
45,24,155,477,101,422,217,171,239,307,333,427
45,25,464,467,389,89,505,107,63,130,375,208
45,26,361,153,60,78,346,501,188,448,487,202
45,27,86,308,379,126,207,93,471,229,78,205
45,28,91,345,302,177,372,457,32,288,494,189
45,29,370,355,441,177,71,64,401,457,144,241
45,30,319,401,327,461,142,374,509,94,432,213
45,31,309,160,347,150,37,287,25,422,272,166
45,32,174,424,116,199,192,438,333,311,442,115
45,33,371,118,409,172,309,286,81,296,461,378
45,34,67,117,416,156,95,487,25,76,405,506
45,35,184,313,175,16,510,469,286,234,110,445
45,36,297,506,315,75,214,112,436,252,169,93
45,37,345,146,442,400,11,199,311,206,376,53
45,38,3,503,495,269,136,468,201,295,305,357
45,39,81,155,177,440,498,401,316,219,96,119
45,40,229,52,77,6,102,198,95,34,146,466
45,41,380,168,146,16,12,366,245,125,475,94
45,42,438,257,97,479,22,138,45,133,67,365
45,43,142,369,94,15,486,475,267,87,147,181
45,44,143,227,141,294,474,249,4,196,224,413
45,45,357,201,126,119,24,249,132,297,295,248
45,46,404,162,325,193,446,381,128,30,248,303
45,47,125,29,400,337,126,297,181,329,89,390
46,0,456,74,217,248,212,496,265,335,423,128
46,1,190,386,14,475,389,5,213,394,208,406
46,2,107,200,236,300,4,444,257,109,32,59
46,3,204,178,496,163,381,115,202,500,507,246
46,4,24,20,302,73,199,114,249,41,95,290
46,5,348,368,213,47,101,37,4,63,185,140
46,6,195,168,292,118,208,68,259,162,335,52
46,7,93,444,167,410,186,202,166,115,11,316
46,8,191,307,155,171,356,304,402,126,471,496
46,9,464,89,389,395,439,139,210,2,129,168
46,10,400,60,65,501,29,103,488,362,305,77
46,11,498,442,471,481,78,255,3,277,366,53
46,12,507,289,410,97,143,218,457,432,234,505
46,13,370,71,9,246,467,47,457,328,100,84
46,14,196,486,461,18,401,381,254,77,94,275
46,15,6,160,346,226,25,156,427,410,150,66
46,16,90,174,35,424,199,146,325,129,116,338
46,17,172,196,495,39,286,17,410,81,296,430
46,18,95,276,100,249,178,388,468,497,326,405
46,19,110,184,255,331,234,175,469,160,51,47
46,20,124,413,345,290,366,315,297,93,167,15
46,21,178,454,467,456,337,163,333,214,74,294
46,22,3,462,308,465,281,74,321,23,171,181
46,23,155,401,96,214,498,316,402,69,327,478
46,24,239,377,471,126,353,191,138,356,304,205
46,25,2,160,464,210,232,63,89,439,395,152
46,26,65,400,29,60,10,488,265,424,77,129
46,27,277,378,471,255,481,131,59,234,3,69
46,28,507,410,289,97,288,143,234,228,218,475
46,29,370,328,303,105,9,100,234,379,467,47
46,30,319,486,381,401,196,388,476,504,461,317
46,31,160,150,309,347,496,6,37,427,19,25
46,32,174,116,192,424,35,438,115,50,152,442
46,33,137,495,86,294,172,196,82,264,17,74
46,34,468,100,276,249,178,388,358,95,497,405
46,35,234,110,106,233,420,350,71,203,393,26
46,36,169,146,112,110,197,344,375,421,65,486
46,37,178,454,376,467,445,456,214,163,337,107
46,38,308,465,462,3,281,74,321,373,23,181
46,39,177,219,287,324,197,440,235,203,498,290
46,40,229,52,48,102,386,466,300,423,421,325
46,41,366,54,168,401,146,457,189,161,455,419
46,42,85,194,438,396,58,123,47,91,49,369
46,43,142,188,147,508,495,369,475,302,400,444
46,44,227,143,483,141,451,111,225,124,217,333
46,45,357,295,24,28,249,510,449,479,273,359
46,46,404,256,162,314,188,340,177,325,369,303
46,47,272,85,78,36,218,329,425,152,280,1
47,0,23,107,219,320,485,44,264,416,458,464
47,1,5,80,190,14,328,23,115,262,508,213
47,2,402,200,300,321,311,294,387,454,109,414
47,3,381,13,246,161,496,332,459,430,252,178
47,4,24,237,14,130,177,507,324,267,428,102
47,5,37,76,348,424,379,509,493,47,213,411
47,6,162,208,207,391,52,195,425,40,168,127
47,7,93,473,410,186,36,202,115,166,220,329
47,8,239,471,353,93,116,171,177,377,191,337
47,9,2,464,152,53,443,335,505,89,424,467
47,10,218,65,362,413,497,265,202,207,194,137
47,11,378,339,207,171,277,471,255,442,238,373
47,12,234,289,168,181,434,340,495,432,505,33
47,13,472,379,303,234,122,378,9,58,47,370
47,14,319,317,476,329,327,273,486,33,401,135
47,15,309,347,277,25,2,505,225,166,506,366
47,16,116,192,50,136,239,507,25,337,48,463
47,17,137,294,464,495,86,488,156,374,82,90
47,18,468,396,358,249,137,95,276,326,324,178
47,19,234,110,106,420,160,233,350,486,255,136
47,20,169,112,146,21,486,110,124,95,344,197
47,21,130,178,376,76,214,445,163,454,329,470
47,22,307,42,321,435,358,297,434,328,215,408
47,23,177,219,440,498,214,349,203,324,197,211
47,24,239,93,114,353,471,333,101,267,184,477
47,25,464,467,2,53,443,505,107,152,375,335
47,26,413,65,194,422,400,362,399,207,202,218
47,27,378,207,93,339,379,45,201,69,171,181
47,28,234,289,168,181,288,261,228,395,434,495
47,29,160,379,472,427,441,126,378,253,234,303
47,30,317,135,492,319,327,329,38,202,64,299
47,31,347,366,309,277,225,269,0,505,350,410
47,32,192,116,48,50,25,277,106,262,239,136
47,33,137,464,480,294,90,86,256,373,129,132
47,34,468,358,396,137,375,493,249,100,122,324
47,35,420,106,234,233,110,111,350,287,123,486
47,36,169,146,344,112,197,375,110,421,21,187
47,37,445,376,130,178,76,214,329,437,202,111
47,38,307,42,297,434,435,321,358,215,408,440
47,39,287,177,219,197,324,203,235,440,290,207
47,40,229,52,48,102,386,466,300,423,194,325
47,41,366,54,401,161,146,189,455,457,333,168
47,42,49,352,396,369,496,216,381,261,55,91
47,43,142,188,475,147,393,508,495,302,165,237
47,44,227,143,483,141,451,486,111,225,124,300
47,45,357,295,24,510,273,477,249,398,178,3
47,46,162,404,303,274,125,381,325,142,369,156
47,47,1,369,329,450,222,39,82,452,362,497
48,0,340,399,80,223,15,28,354,280,500,359
48,1,181,266,91,380,298,42,501,229,13,335
48,2,181,260,480,169,492,149,64,477,446,230
48,3,161,40,454,498,332,297,372,55,338,118
48,4,136,177,475,433,160,467,174,244,280,213
48,5,393,404,182,256,352,300,25,405,210,395
48,6,105,18,38,443,284,101,346,120,169,155
48,7,336,151,329,114,508,294,403,104,389,448
48,8,354,267,114,333,101,93,435,382,20,477
48,9,505,467,468,104,107,510,496,375,130,150
48,10,399,192,218,58,70,194,389,21,422,202
48,11,207,200,10,93,379,219,360,83,504,259
48,12,261,43,236,133,145,36,381,10,72,46
48,13,253,508,139,185,441,126,472,271,141,453
48,14,135,492,64,327,202,254,38,101,162,297
48,15,347,366,225,309,350,277,423,410,2,69
48,16,48,106,277,25,192,116,50,262,239,63
48,17,90,464,480,137,129,31,221,256,506,234
48,18,267,289,375,29,102,477,110,335,7,39
48,19,420,111,234,106,233,486,430,350,154,287
48,20,169,112,146,197,21,375,243,439,187,428
48,21,117,445,130,368,376,202,329,200,166,437
48,22,301,279,346,27,486,367,116,371,506,372
48,23,219,177,197,498,440,186,287,203,235,211
48,24,114,101,333,267,412,359,382,199,25,354
48,25,496,468,373,510,96,467,130,505,49,297
48,26,422,366,143,218,365,399,27,21,344,234
48,27,10,246,207,45,510,270,201,259,229,240
48,28,236,36,261,10,72,189,216,133,43,145
48,29,253,334,139,508,453,141,435,296,126,36
48,30,492,135,317,38,202,452,329,101,327,319
48,31,347,366,225,350,423,309,401,69,277,0
48,32,48,106,25,192,50,262,277,116,412,259
48,33,464,90,137,480,129,152,31,256,373,221
48,34,267,29,102,353,375,335,39,289,110,402
48,35,45,420,161,350,233,234,111,287,486,393
48,36,169,146,112,375,21,110,197,425,486,344
48,37,117,200,445,274,306,368,376,373,329,437
48,38,301,279,506,371,486,27,367,351,439,372
48,39,219,287,177,324,197,290,203,207,235,328
48,40,229,52,48,102,386,300,466,22,325,194
48,41,366,54,455,185,161,189,401,436,333,495
48,42,496,16,381,341,352,196,396,285,64,63
48,43,338,188,495,142,147,237,393,165,475,302
48,44,202,227,143,124,451,300,217,483,249,141
48,45,66,510,356,293,99,357,398,295,273,142
48,46,162,404,91,334,288,18,299,142,362,495
48,47,420,263,388,0,334,49,354,195,184,256
49,0,28,459,322,399,238,118,359,342,308,201
49,1,10,266,181,310,298,13,501,42,83,303
49,2,64,169,260,230,163,487,484,165,446,480
49,3,498,40,161,454,332,297,372,338,80,55
49,4,475,177,136,467,213,244,400,280,179,327
49,5,404,182,393,256,443,405,157,123,395,352
49,6,105,439,284,18,38,155,169,39,299,101
49,7,329,151,114,448,336,510,294,260,337,104
49,8,267,333,382,114,101,354,199,355,435,359
49,9,468,274,496,467,126,406,107,297,356,505
49,10,58,143,399,422,218,83,343,480,70,21
49,11,93,200,10,246,229,207,310,379,83,45
49,12,236,36,10,216,261,43,189,281,344,436
49,13,453,175,167,141,58,472,441,368,271,467
49,14,135,492,136,2,202,341,64,300,180,327
49,15,347,225,366,350,309,423,2,269,410,505
49,16,50,192,116,48,25,239,262,106,277,349
49,17,464,31,506,137,480,51,256,129,234,176
49,18,267,442,477,402,440,289,5,110,335,375
49,19,378,420,111,45,154,146,140,486,234,418
49,20,169,112,197,146,428,48,21,35,384,126
49,21,117,368,166,445,376,200,130,329,390,352
49,22,371,400,346,301,27,460,367,486,399,116
49,23,177,219,211,197,173,235,349,203,440,287
49,24,267,333,382,93,101,355,114,354,20,435
49,25,467,406,505,104,96,464,130,251,375,468
49,26,399,400,143,236,422,83,480,366,218,194
49,27,45,93,207,83,379,310,200,246,504,378
49,28,236,36,281,216,261,10,189,494,145,344
49,29,175,167,472,370,453,467,141,367,328,441
49,30,135,202,327,299,218,317,341,300,492,213
49,31,347,225,309,194,2,423,269,366,444,78
49,32,50,192,116,239,25,136,262,48,349,507
49,33,464,506,31,51,137,256,129,176,457,480
49,34,267,442,402,39,477,102,335,278,289,95
49,35,378,420,45,154,111,486,138,234,123,140
49,36,146,112,169,197,384,21,375,35,110,126
49,37,117,368,376,445,200,130,390,166,437,202
49,38,371,346,301,27,460,486,367,400,123,116
49,39,177,219,287,211,197,324,364,157,352,470
49,40,229,300,52,382,48,466,386,102,420,34
49,41,366,54,253,231,333,495,227,455,480,308
49,42,496,166,42,285,402,296,84,74,64,103
49,43,338,495,97,147,302,385,188,475,142,430
49,44,300,142,202,451,249,124,415,217,143,227
49,45,510,40,356,178,42,477,142,409,268,295
49,46,162,142,362,294,288,274,91,263,378,404
49,47,263,195,334,139,420,388,169,49,0,358
50,0,192,318,102,389,459,372,205,371,296,28
50,1,310,10,297,181,266,13,501,136,163,446
50,2,169,64,260,230,480,446,68,163,424,401
50,3,161,498,40,165,332,454,297,131,366,372
50,4,475,3,177,136,249,94,179,353,280,122
50,5,393,182,404,277,256,397,503,178,443,287
50,6,284,105,439,38,155,18,282,125,490,511
50,7,329,114,303,151,508,336,17,182,127,109
50,8,101,114,359,333,412,181,422,25,11,477
50,9,468,510,496,373,321,68,71,65,464,505
50,10,422,366,218,322,27,119,344,107,113,489
50,11,10,270,350,436,84,6,422,49,511,201
50,12,72,80,150,315,489,73,238,192,96,10
50,13,253,334,365,92,508,441,290,139,154,250
50,14,492,101,135,254,38,0,272,46,202,297
50,15,366,347,225,277,350,122,395,69,410,157
50,16,106,48,25,184,221,508,462,39,277,192
50,17,90,221,361,122,86,464,377,417,348,463
50,18,419,137,358,468,179,364,300,432,332,361
50,19,486,211,364,330,430,288,195,169,270,84
50,20,187,334,421,103,397,385,157,440,469,231
50,21,437,288,489,376,397,497,152,162,336,112
50,22,6,27,351,380,506,378,217,486,371,147
50,23,186,219,177,262,124,203,235,324,24,481
50,24,412,199,114,101,355,75,429,359,249,340
50,25,373,468,496,403,307,198,257,262,49,78
50,26,422,143,307,231,234,113,317,351,248,41
50,27,10,392,6,157,117,510,229,109,177,152
50,28,10,80,216,72,504,466,494,413,281,51
50,29,334,179,253,119,467,441,460,296,266,449
50,30,492,254,38,135,101,300,130,78,437,240
50,31,366,410,347,350,309,505,224,277,269,351
50,32,106,25,48,39,508,349,221,277,333,184
50,33,90,463,215,122,348,464,361,218,432,379
50,34,419,407,179,455,432,57,256,300,303,134
50,35,486,211,99,106,364,430,169,454,288,153
50,36,327,421,397,187,65,385,103,243,456,138
50,37,288,376,267,211,420,303,448,437,391,481
50,38,6,317,27,271,367,371,411,207,486,380
50,39,219,186,24,124,324,235,287,207,177,262
50,40,229,183,102,367,48,228,499,65,386,0
50,41,419,251,168,507,129,223,364,375,272,161
50,42,390,33,396,61,268,55,369,291,335,163
50,43,147,369,188,400,459,243,431,361,277,302
50,44,350,249,143,227,364,300,141,281,451,122
50,45,24,510,229,40,357,105,214,168,86,452
50,46,162,357,142,362,404,303,378,274,438,22
50,47,195,230,139,362,263,1,388,329,334,358
51,0,138,481,147,434,26,352,427,119,367,15
51,1,501,266,10,298,13,255,118,279,181,154
51,2,446,163,165,152,484,218,169,329,487,375
51,3,40,498,454,161,396,332,372,265,296,295
51,4,136,177,467,280,455,244,179,503,174,160
51,5,404,393,182,352,443,405,230,123,425,465
51,6,18,105,284,101,38,155,413,294,346,270
51,7,329,448,151,510,336,104,389,435,50,148
51,8,267,101,333,382,114,52,355,359,20,477
51,9,468,274,505,130,496,406,126,467,510,287
51,10,422,399,143,21,218,83,70,366,236,431
51,11,207,10,200,310,93,379,229,259,83,226
51,12,236,36,10,216,281,189,72,436,46,344
51,13,175,453,253,271,167,485,141,508,441,370
51,14,135,180,136,492,341,2,202,361,282,168
51,15,225,366,350,347,410,505,0,164,69,401
51,16,106,48,25,50,116,262,192,508,63,462
51,17,480,152,90,234,31,129,273,51,464,412
51,18,442,267,477,402,110,39,289,335,478,332
51,19,420,111,486,154,378,123,45,418,169,328
51,20,169,112,48,428,197,146,35,225,375,486
51,21,117,130,376,398,437,222,243,309,423,390
51,22,346,332,201,116,123,340,380,399,285,398
51,23,219,177,235,173,197,203,211,490,24,406
51,24,412,382,333,114,267,199,101,359,20,355
51,25,496,468,373,247,130,505,297,510,274,406
51,26,422,143,399,218,83,21,366,41,434,401
51,27,207,93,10,246,310,229,45,240,369,201
51,28,216,36,10,236,281,189,72,494,46,319
51,29,175,253,453,370,167,139,485,467,472,141
51,30,492,341,135,300,202,38,452,101,136,297
51,31,347,225,366,309,269,350,69,304,277,444
51,32,50,48,116,25,192,106,239,262,64,490
51,33,464,31,480,506,129,176,457,256,51,137
51,34,442,402,267,477,39,478,335,110,95,7
51,35,420,378,111,123,106,486,154,45,234,233
51,36,146,112,169,344,197,35,421,448,384,48
51,37,117,376,130,437,445,115,462,146,239,309
51,38,346,123,332,39,201,116,399,435,478,506
51,39,177,219,287,440,498,211,470,197,324,235
51,40,229,466,52,102,300,198,421,328,414,95
51,41,168,366,189,146,333,116,363,99,157,495
51,42,42,364,25,55,49,59,222,305,396,465
51,43,369,142,400,147,508,243,159,302,188,444
51,44,227,143,249,364,141,483,485,333,24,232
51,45,357,24,465,295,249,86,425,49,248,229
51,46,378,404,162,30,325,303,381,438,6,337
51,47,337,230,302,458,452,395,73,1,390,329
52,0,5,406,199,329,157,1,269,69,476,337
52,1,18,228,286,181,356,265,279,96,198,501
52,2,380,250,494,469,91,424,464,442,368,467
52,3,161,332,454,265,52,498,40,171,252,197
52,4,63,438,417,81,440,177,136,443,249,17
52,5,350,331,182,393,258,55,404,75,425,300
52,6,99,352,105,155,180,452,335,284,18,166
52,7,329,481,337,66,336,148,114,268,151,340
52,8,93,267,101,114,333,477,171,20,135,342
52,9,467,104,505,53,475,130,464,375,107,251
52,10,421,218,399,274,194,480,202,413,400,58
52,11,207,83,93,378,379,45,200,226,246,201
52,12,463,261,236,409,181,406,199,257,436,103
52,13,472,370,175,441,378,141,36,139,103,58
52,14,299,327,202,374,162,64,135,136,254,317
52,15,347,309,225,25,242,2,194,243,422,166
52,16,116,50,192,239,438,25,424,136,63,417
52,17,464,137,412,176,31,457,234,480,506,51
52,18,409,39,477,95,267,401,434,375,478,289
52,19,378,420,123,163,106,328,234,140,110,111
52,20,112,146,169,48,448,197,213,428,225,35
52,21,130,376,117,104,459,437,445,447,462,440
52,22,39,112,435,276,461,304,32,422,177,169
52,23,177,440,498,214,219,211,197,124,233,235
52,24,93,101,114,333,267,477,135,33,330,402
52,25,467,475,464,375,115,505,104,53,130,146
52,26,480,400,274,399,413,194,207,233,421,83
52,27,93,45,379,378,207,83,246,126,69,366
52,28,261,236,463,288,181,409,36,10,219,202
52,29,370,472,175,167,441,378,119,467,324,368
52,30,327,299,202,374,213,218,135,251,317,77
52,31,347,309,225,194,277,269,231,2,25,242
52,32,192,50,116,239,136,424,507,489,25,311
52,33,176,464,137,480,412,31,86,234,457,256
52,34,409,358,39,95,330,477,401,289,402,442
52,35,420,106,328,378,163,123,111,233,45,234
52,36,146,344,169,112,197,375,439,35,421,187
52,37,376,130,437,445,104,462,459,447,221,117
52,38,39,276,112,461,368,32,422,478,433,435
52,39,219,177,287,197,211,440,470,324,203,235
52,40,229,52,466,102,300,257,356,421,325,414
52,41,333,366,168,189,146,457,419,401,495,261
52,42,49,55,364,381,465,332,379,21,396,222
52,43,508,142,147,369,400,444,159,188,243,302
52,44,227,143,141,483,364,486,111,232,228,22
52,45,357,24,295,249,3,248,86,465,425,416
52,46,404,162,325,266,381,303,128,378,200,435
52,47,369,82,497,450,302,296,230,452,222,88
53,0,199,476,157,17,74,269,480,329,404,423
53,1,286,386,229,470,159,228,181,48,96,465
53,2,306,424,469,464,91,434,147,402,305,151
53,3,171,161,115,332,454,40,178,500,296,265
53,4,283,342,66,81,249,95,325,102,469,50
53,5,454,167,478,46,182,204,348,492,300,368
53,6,201,493,169,99,335,346,84,281,66,446
53,7,239,114,263,80,329,350,202,499,50,129
53,8,93,114,477,101,473,33,184,96,333,254
53,9,467,130,53,115,505,104,463,375,443,449
53,10,194,480,170,192,202,218,207,329,422,320
53,11,83,504,207,93,378,246,379,226,508,197
53,12,162,261,265,168,103,97,181,192,234,149
53,13,379,472,271,139,378,441,103,20,508,58
53,14,329,327,299,317,135,492,136,2,180,452
53,15,347,225,309,366,277,242,194,401,25,505
53,16,192,50,116,25,48,262,136,277,490,424
53,17,137,464,234,374,176,152,480,84,31,373
53,18,100,358,95,47,39,273,465,375,289,277
53,19,420,106,234,233,328,45,123,433,353,111
53,20,169,146,344,112,439,375,65,35,197,258
53,21,80,130,445,437,376,489,459,462,117,498
53,22,49,410,405,149,309,217,478,189,109,12
53,23,177,219,440,197,498,203,211,233,173,287
53,24,114,101,93,477,473,33,359,28,333,382
53,25,467,463,115,130,375,461,53,344,449,430
53,26,194,480,422,192,170,110,83,230,455,207
53,27,246,83,93,379,504,30,201,373,259,57
53,28,261,162,265,168,192,170,149,288,489,73
53,29,379,36,472,253,271,256,508,378,20,435
53,30,327,135,492,317,329,299,205,162,445,389
53,31,347,366,309,225,277,194,269,505,401,423
53,32,192,48,50,116,25,262,277,490,132,106
53,33,464,374,137,152,176,234,480,31,373,471
53,34,100,358,47,95,404,314,261,375,273,7
53,35,45,106,420,111,287,233,234,353,328,84
53,36,169,344,146,197,375,112,439,35,110,187
53,37,437,80,445,489,130,373,462,376,293,336
53,38,49,410,405,149,478,309,351,217,189,411
53,39,219,177,287,197,470,211,203,324,235,479
53,40,229,52,102,466,300,325,257,48,339,234
53,41,366,333,189,103,457,345,401,419,261,257
53,42,49,21,249,381,108,155,283,396,415,470
53,43,508,302,444,142,147,188,400,159,243,369
53,44,227,143,483,141,486,111,232,190,364,22
53,45,357,24,479,295,248,416,28,249,406,3
53,46,404,162,256,188,303,378,223,266,455,242
53,47,296,272,85,409,82,78,450,452,302,506
54,0,71,309,32,130,286,15,17,25,324,221
54,1,181,398,91,86,286,298,208,266,68,465
54,2,380,424,477,492,61,75,400,13,475,250
54,3,40,354,161,454,332,498,296,366,55,372
54,4,349,196,440,275,177,17,94,244,245,136
54,5,404,182,300,393,352,230,456,70,66,443
54,6,346,189,493,452,201,284,123,96,244,335
54,7,114,50,341,329,7,170,269,231,184,483
54,8,114,354,473,359,333,101,382,25,3,412
54,9,468,496,510,467,373,505,65,130,325,53
54,10,422,230,21,41,486,218,83,431,44,366
54,11,10,93,246,6,436,219,270,226,45,341
54,12,261,72,265,238,463,248,385,406,446,129
54,13,253,334,139,92,365,508,435,179,441,449
54,14,101,254,0,492,452,135,408,46,442,202
54,15,225,366,347,395,350,410,69,304,505,17
54,16,106,48,25,462,508,63,184,490,325,250
54,17,361,27,335,339,254,106,36,152,90,215
54,18,419,332,317,467,281,502,348,137,358,436
54,19,431,97,486,430,211,111,119,156,493,236
54,20,322,421,257,450,428,294,169,61,46,134
54,21,437,489,376,445,3,397,462,497,187,367
54,22,217,351,426,276,410,54,461,27,506,112
54,23,219,173,63,235,177,203,228,255,211,490
54,24,321,199,412,359,355,114,467,382,25,152
54,25,247,470,468,496,297,510,3,373,30,336
54,26,422,282,143,307,41,351,344,231,266,496
54,27,10,6,229,369,392,436,246,438,109,301
54,28,10,216,72,69,80,51,236,238,489,504
54,29,253,334,179,139,467,141,485,36,92,441
54,30,492,463,193,101,300,341,88,223,135,372
54,31,366,492,225,304,347,350,379,0,164,69
54,32,48,490,106,25,64,29,160,262,461,485
54,33,152,335,358,256,129,464,221,90,369,339
54,34,419,332,392,464,404,39,134,281,7,301
54,35,45,111,420,486,353,236,234,406,154,84
54,36,169,146,344,197,375,497,451,187,112,35
54,37,437,489,445,200,359,462,336,130,473,3
54,38,54,351,217,301,506,410,276,27,426,478
54,39,470,219,287,177,197,211,324,235,173,203
54,40,229,425,300,102,466,52,325,386,339,356
54,41,501,283,103,189,455,333,419,345,319,161
54,42,49,21,55,381,396,426,155,56,249,415
54,43,428,444,302,147,508,391,188,243,400,156
54,44,227,486,143,141,483,79,364,111,232,29
54,45,452,24,357,280,214,248,172,3,86,332
54,46,404,196,427,260,381,147,143,22,281,407
54,47,391,255,388,362,222,452,302,350,88,296
55,0,67,293,369,15,338,49,14,95,289,348
55,1,243,465,91,398,181,16,298,273,47,93
55,2,161,110,415,443,165,427,347,348,152,473
55,3,40,498,296,244,161,332,295,193,472,366
55,4,467,244,132,177,502,136,160,454,280,230
55,5,33,404,182,393,230,465,300,43,405,384
55,6,258,135,121,393,267,346,43,244,228,481
55,7,50,69,269,508,214,31,88,510,472,343
55,8,114,359,199,412,382,25,355,333,75,473
55,9,496,468,247,126,274,373,17,403,510,297
55,10,422,365,143,361,178,230,307,511,366,344
55,11,10,86,246,270,6,229,434,384,472,436
55,12,72,10,216,238,36,385,129,51,23,189
55,13,485,167,156,394,40,253,453,344,435,36
55,14,341,492,300,101,135,167,272,187,391,1
55,15,225,366,304,350,157,347,492,0,164,194
55,16,48,106,25,490,462,262,64,63,277,444
55,17,335,152,339,27,106,457,36,351,221,102
55,18,403,392,69,418,366,7,442,348,154,25
55,19,45,431,211,111,486,430,236,84,195,154
55,20,169,65,197,294,146,421,187,428,330,419
55,21,437,489,336,479,359,200,129,376,265,326
55,22,310,217,351,394,352,302,14,423,389,51
55,23,219,228,177,173,203,211,470,197,287,479
55,24,355,412,199,114,359,382,25,321,333,23
55,25,247,496,274,17,468,373,510,470,3,297
55,26,422,365,143,41,307,366,178,372,282,231
55,27,10,229,6,86,246,392,109,240,102,412
55,28,10,216,72,302,51,69,238,36,189,281
55,29,253,485,156,36,435,394,338,139,344,508
55,30,341,492,300,135,101,297,391,171,272,463
55,31,366,225,347,277,350,492,194,423,69,269
55,32,48,262,106,25,490,192,50,508,239,277
55,33,152,457,464,31,221,335,129,176,158,102
55,34,392,403,366,442,418,404,7,379,25,402
55,35,45,111,154,486,430,420,291,236,84,56
55,36,169,146,112,375,197,344,225,369,268,421
55,37,437,489,200,359,130,129,117,336,458,293
55,38,506,217,351,394,147,478,27,352,218,332
55,39,470,287,197,177,219,465,211,324,457,494
55,40,229,28,466,356,102,257,414,502,300,52
55,41,100,333,218,196,103,366,168,189,257,345
55,42,42,9,249,21,381,108,235,25,496,415
55,43,430,147,471,4,444,400,508,243,428,380
55,44,472,227,73,143,24,509,444,141,483,232
55,45,3,149,248,229,280,429,249,452,56,357
55,46,260,427,404,68,221,161,292,200,143,415
55,47,388,362,153,230,255,117,507,392,42,243
56,0,326,7,440,352,492,64,105,54,161,350
56,1,243,441,298,210,91,465,181,16,398,357
56,2,267,484,410,165,355,158,213,3,329,348
56,3,498,40,296,454,47,244,332,193,366,372
56,4,467,244,177,93,454,502,136,479,280,400
56,5,182,404,507,476,393,405,33,300,130,352
56,6,267,393,43,346,244,305,433,314,450,135
56,7,50,448,69,151,329,510,502,297,343,88
56,8,114,359,199,382,412,355,101,333,473,25
56,9,274,496,468,126,467,130,297,17,247,510
56,10,422,143,41,218,344,83,150,90,21,496
56,11,246,10,229,379,93,194,270,310,6,45
56,12,216,72,10,36,236,189,425,238,281,69
56,13,485,175,453,167,40,271,156,253,36,370
56,14,341,300,492,101,84,135,272,202,361,452
56,15,225,366,347,277,157,350,269,194,164,69
56,16,48,25,50,106,116,64,262,192,239,462
56,17,457,31,464,234,129,480,152,90,176,256
56,18,366,402,418,442,110,7,379,25,487,408
56,19,378,45,111,420,486,154,25,140,81,328
56,20,169,112,146,225,197,428,48,35,73,170
56,21,437,130,376,398,359,489,286,117,293,462
56,22,332,217,410,159,503,11,290,389,483,506
56,23,177,219,211,228,203,197,440,287,498,173
56,24,114,382,101,359,199,355,473,412,93,333
56,25,274,126,468,496,130,467,251,356,440,406
56,26,422,83,143,139,21,218,399,230,400,372
56,27,246,45,93,10,229,310,207,201,226,379
56,28,216,10,36,236,281,366,189,494,72,51
56,29,175,370,167,453,485,467,420,472,378,368
56,30,374,341,300,492,135,202,84,218,452,299
56,31,347,309,225,194,2,269,242,366,277,243
56,32,239,50,116,192,25,311,424,438,109,262
56,33,457,31,464,266,334,86,480,412,176,138
56,34,402,442,416,366,418,53,132,240,110,234
56,35,378,234,420,350,233,127,408,111,385,393
56,36,169,146,112,110,21,325,197,213,375,486
56,37,398,130,214,376,264,329,445,442,117,467
56,38,332,11,500,478,159,217,410,346,367,133
56,39,219,177,287,324,290,440,203,207,197,235
56,40,229,52,102,48,386,423,466,421,300,34
56,41,366,54,185,149,146,172,455,161,436,168
56,42,9,25,205,286,249,42,22,431,307,273
56,43,393,188,475,142,165,495,147,253,369,237
56,44,451,143,227,300,124,274,217,184,196,138
56,45,510,477,273,357,295,178,251,249,398,24
56,46,162,87,274,142,419,125,303,156,325,404
56,47,491,444,329,1,360,485,164,450,390,203
57,0,329,180,31,69,1,35,240,335,251,157
57,1,166,451,462,394,181,0,464,208,108,356
57,2,424,346,464,469,467,107,236,95,508,391
57,3,108,161,402,171,454,332,197,465,282,153
57,4,92,5,223,25,34,283,114,73,81,95
57,5,80,93,374,247,46,459,47,312,348,153
57,6,352,263,149,493,244,326,346,510,195,66
57,7,378,167,65,410,436,11,329,469,123,94
57,8,93,101,114,30,378,356,333,126,442,477
57,9,467,464,130,505,34,107,375,463,17,53
57,10,274,218,194,441,422,83,399,129,192,413
57,11,207,45,246,379,3,93,30,378,126,229
57,12,78,363,432,410,462,294,181,135,236,366
57,13,175,472,370,441,36,157,467,241,58,160
57,14,374,327,299,162,254,202,77,64,213,135
57,15,347,309,25,242,2,269,225,366,277,194
57,16,116,239,50,192,438,424,90,25,337,174
57,17,464,457,31,334,412,86,234,294,196,172
57,18,132,233,103,248,85,63,485,336,164,178
57,19,378,234,420,407,127,25,408,233,106,110
57,20,325,124,169,225,112,73,213,146,256,486
57,21,21,214,163,130,454,74,107,178,329,445
57,22,42,509,343,472,56,387,465,377,74,281
57,23,177,214,498,440,211,126,203,272,233,252
57,24,30,378,93,442,383,101,471,114,333,477
57,25,464,34,45,167,467,505,375,107,130,53
57,26,441,274,65,129,413,194,273,207,399,10
57,27,413,378,243,45,3,99,207,93,379,69
57,28,432,78,294,135,288,234,363,181,324,228
57,29,160,157,370,291,34,472,351,26,441,339
57,30,317,135,438,124,65,202,319,492,329,327
57,31,347,366,309,277,505,269,225,0,350,423
57,32,192,116,48,50,25,239,277,136,106,349
57,33,137,464,246,294,334,90,256,480,321,138
57,34,485,132,375,164,85,137,120,358,336,435
57,35,420,233,234,350,106,408,111,287,486,393
57,36,169,146,112,110,197,21,375,486,344,421
57,37,445,329,214,376,130,21,163,202,454,178
57,38,42,343,509,472,56,465,387,377,367,281
57,39,287,177,219,324,197,440,290,203,349,207
57,40,229,48,52,102,386,466,194,423,421,300
57,41,366,54,172,185,146,161,401,149,168,455
57,42,496,352,381,16,196,396,390,74,103,21
57,43,393,165,475,142,188,495,147,237,253,428
57,44,451,143,227,483,124,300,274,217,225,184
57,45,510,295,477,273,357,178,24,398,409,251
57,46,162,274,142,125,303,404,325,381,128,156
57,47,487,1,329,450,222,152,362,175,39,82
58,0,199,476,157,309,74,17,480,269,329,423
58,1,386,68,470,229,181,257,228,325,376,394
58,2,306,424,464,469,268,151,402,474,119,336
58,3,171,161,115,178,332,381,454,113,204,87
58,4,283,342,66,95,81,249,469,119,367,472
58,5,454,167,478,247,301,188,46,15,348,182
58,6,263,493,201,346,207,162,208,352,84,195
58,7,58,80,323,239,114,263,232,350,329,410
58,8,30,378,93,442,114,353,383,471,432,390
58,9,34,467,45,463,206,505,464,375,53,119
58,10,441,180,65,194,170,192,218,220,207,413
58,11,502,378,207,340,243,339,93,45,30,504
58,12,162,265,78,294,261,234,432,135,149,211
58,13,351,160,34,118,157,26,339,261,234,291
58,14,329,124,135,317,327,202,492,438,205,65
58,15,347,309,366,277,225,505,194,350,269,2
58,16,192,116,48,50,136,25,239,507,277,350
58,17,137,464,294,334,246,374,138,176,256,234
58,18,132,100,485,164,375,358,137,85,79,273
58,19,420,234,106,233,408,407,503,287,350,110
58,20,169,146,325,344,112,439,375,110,197,124
58,21,445,130,80,489,376,437,21,202,462,329
58,22,49,405,410,149,109,309,42,12,433,275
58,23,177,219,287,440,203,324,197,349,272,211
58,24,114,30,101,93,333,215,184,202,33,477
58,25,467,206,34,464,119,505,375,53,45,107
58,26,30,180,422,320,192,194,441,26,65,410
58,27,340,502,45,207,93,226,379,339,378,259
58,28,261,162,265,234,211,168,445,446,149,0
58,29,160,34,253,126,60,351,185,261,508,69
58,30,492,317,135,329,327,319,38,202,124,64
58,31,366,347,309,277,225,269,350,505,0,410
58,32,192,48,116,25,50,106,277,136,239,262
58,33,464,137,480,373,294,374,90,152,256,234
58,34,100,358,375,137,132,261,47,441,485,468
58,35,106,420,234,233,287,111,364,430,486,251
58,36,169,146,344,112,375,197,110,421,187,282
58,37,445,437,489,80,130,376,257,462,373,336
58,38,49,405,410,149,351,506,478,309,12,57
58,39,287,219,177,197,324,203,235,290,207,470
58,40,229,102,52,48,386,325,339,194,421,466
58,41,366,54,189,261,401,419,333,161,129,345
58,42,49,21,396,381,283,162,496,3,108,352
58,43,142,508,147,188,302,400,243,444,369,428
58,44,227,143,483,141,486,479,111,232,129,190
58,45,357,24,295,479,248,416,406,196,28,338
58,46,256,404,162,340,188,274,303,266,381,372
58,47,78,272,85,452,1,450,302,82,362,329
59,0,309,340,80,354,399,406,28,280,129,223
59,1,181,398,266,91,68,335,86,298,303,122
59,2,181,492,480,75,260,400,327,498,64,149
59,3,40,498,161,332,454,296,55,372,118,396
59,4,7,136,177,244,433,467,160,475,280,174
59,5,404,393,182,300,352,420,256,18,70,405
59,6,346,413,120,105,2,228,348,169,293,155
59,7,50,252,114,294,151,329,69,403,341,336
59,8,114,354,333,359,473,267,382,101,412,93
59,9,468,467,496,510,505,305,107,96,80,373
59,10,422,230,389,192,21,218,70,366,399,41
59,11,10,219,226,360,93,45,200,436,270,6
59,12,72,43,261,385,133,238,46,265,145,129
59,13,253,508,334,365,511,441,435,139,185,302
59,14,492,135,38,101,254,0,64,205,162,389
59,15,366,347,309,277,350,505,269,410,181,51
59,16,48,25,106,192,116,438,50,277,205,39
59,17,464,90,137,132,31,480,234,256,152,50
59,18,419,137,268,358,29,267,289,136,375,335
59,19,234,486,420,111,106,364,426,233,430,169
59,20,146,169,284,421,439,344,187,110,375,112
59,21,445,489,437,200,306,373,128,376,117,202
59,22,301,279,506,454,351,217,439,410,488,486
59,23,219,203,290,177,324,440,287,235,207,349
59,24,114,101,412,333,477,20,25,93,359,354
59,25,468,107,375,96,89,467,496,373,464,505
59,26,422,218,143,366,399,153,222,365,21,83
59,27,207,10,45,379,226,510,246,444,126,30
59,28,462,80,236,489,10,73,192,133,36,385
59,29,334,46,253,441,185,365,139,58,126,511
59,30,492,135,317,38,319,327,64,102,181,162
59,31,347,309,366,277,269,225,505,350,0,483
59,32,192,116,48,50,25,277,136,438,106,337
59,33,464,137,256,480,90,152,31,84,373,506
59,34,29,102,353,419,7,375,267,392,110,335
59,35,287,161,45,233,420,234,56,426,111,106
59,36,169,146,344,375,110,112,197,439,425,282
59,37,489,306,200,437,445,117,373,202,336,130
59,38,301,506,279,351,487,454,410,217,27,355
59,39,287,219,177,324,197,235,203,207,290,186
59,40,229,48,102,52,386,339,421,183,82,466
59,41,116,366,54,261,189,161,333,129,19,131
59,42,191,381,21,496,341,396,49,16,283,390
59,43,147,142,508,302,188,444,400,243,356,237
59,44,227,143,483,141,124,190,486,375,111,451
59,45,66,357,225,309,24,510,248,295,178,142
59,46,88,404,162,263,135,123,91,299,115,378
59,47,388,73,384,263,354,49,184,276,362,256
60,0,73,129,68,501,398,403,238,479,466,66
60,1,181,501,266,398,298,303,504,255,430,91
60,2,70,410,178,407,133,165,415,45,355,366
60,3,40,161,454,80,296,372,295,332,472,244
60,4,467,136,244,280,16,93,396,160,112,177
60,5,182,404,393,443,18,352,256,300,230,453
60,6,346,273,348,105,135,413,393,430,314,155
60,7,50,440,69,198,366,329,151,114,367,201
60,8,354,114,359,382,43,20,333,25,473,267
60,9,468,496,419,339,126,467,344,65,178,251
60,10,422,230,499,192,70,21,351,83,41,504
60,11,219,360,10,229,270,6,246,433,45,480
60,12,385,72,129,238,133,352,214,43,381,497
60,13,394,185,508,279,271,20,453,175,36,248
60,14,492,108,180,136,168,135,495,176,40,378
60,15,347,366,225,401,409,277,181,312,309,269
60,16,48,277,25,192,262,106,116,50,349,490
60,17,137,464,31,221,152,374,506,129,474,256
60,18,392,29,102,110,7,134,267,459,404,366
60,19,84,45,420,287,232,56,161,430,486,154
60,20,169,146,344,187,243,375,87,110,282,126
60,21,489,437,397,336,117,200,46,406,359,468
60,22,506,351,27,394,402,147,217,218,439,497
60,23,287,177,197,219,203,324,233,240,470,290
60,24,114,354,267,218,333,25,101,382,359,199
60,25,467,96,496,468,325,107,164,126,291,419
60,26,83,422,143,69,399,230,114,192,70,21
60,27,45,246,379,310,93,502,226,219,10,259
60,28,133,385,43,145,129,36,72,236,214,381
60,29,175,185,453,279,167,198,248,368,394,370
60,30,135,492,136,327,280,64,180,202,445,176
60,31,347,366,309,247,423,269,277,225,505,51
60,32,277,48,192,116,25,50,106,412,262,349
60,33,31,464,137,152,457,256,480,221,373,176
60,34,102,110,392,402,7,366,267,442,404,29
60,35,45,154,420,287,84,56,378,430,111,462
60,36,169,146,344,375,243,187,87,110,330,250
60,37,489,437,200,359,397,117,336,390,471,443
60,38,506,351,27,394,222,188,439,217,486,305
60,39,287,177,219,197,48,324,454,481,228,203
60,40,229,48,351,102,52,362,268,28,204,385
60,41,333,131,205,454,189,345,421,366,308,261
60,42,381,496,21,42,191,249,391,108,415,208
60,43,97,471,147,243,380,400,25,339,444,508
60,44,24,303,186,444,143,483,227,190,472,466
60,45,229,311,149,196,3,385,248,307,142,178
60,46,427,337,191,164,30,161,425,200,260,138
60,47,232,392,388,362,230,210,153,471,486,99
61,0,350,352,7,54,105,187,197,64,16,161
61,1,441,99,430,298,181,210,260,473,207,141
61,2,267,484,478,410,348,355,213,329,165,218
61,3,40,161,498,332,454,366,80,372,295,472
61,4,136,467,244,93,280,327,142,177,16,146
61,5,182,404,393,352,405,18,443,230,300,465
61,6,41,18,105,346,413,348,43,2,271,244
61,7,448,50,151,329,69,336,510,508,104,389
61,8,20,114,101,199,333,382,267,359,477,43
61,9,274,496,126,468,406,467,251,130,16,65
61,10,422,143,83,218,21,399,70,366,248,230
61,11,10,246,6,229,310,379,45,200,93,386
61,12,36,72,216,10,236,385,23,189,281,504
61,13,175,453,485,253,271,139,167,156,441,508
61,14,492,341,135,84,101,254,300,136,452,4
61,15,366,347,69,410,340,2,225,350,401,122
61,16,48,106,25,277,116,192,508,50,490,64
61,17,464,90,31,152,221,129,457,234,361,401
61,18,442,110,402,102,7,240,267,366,289,404
61,19,154,45,111,486,420,169,211,84,430,108
61,20,169,146,197,375,421,419,243,112,119,126
61,21,437,489,117,376,200,397,359,391,368,336
61,22,506,116,394,389,27,332,346,460,351,305
61,23,219,177,197,287,203,324,239,211,207,173
61,24,114,199,333,412,25,101,355,359,20,267
61,25,496,126,468,274,96,467,130,251,406,373
61,26,422,143,83,21,218,399,366,344,70,236
61,27,45,10,229,310,246,394,386,270,259,510
61,28,385,36,216,72,129,10,23,189,236,124
61,29,175,453,485,167,253,156,139,370,198,508
61,30,492,341,135,300,84,136,101,445,452,282
61,31,347,366,69,423,309,401,122,225,353,435
61,32,48,25,277,116,192,50,106,64,349,490
61,33,31,464,457,152,90,506,221,129,480,234
61,34,442,402,110,366,102,392,7,240,267,418
61,35,45,154,420,111,378,81,84,430,56,486
61,36,146,169,87,375,243,344,484,187,110,197
61,37,437,489,200,117,359,130,336,391,329,376
61,38,506,351,305,27,394,332,460,324,116,478
61,39,287,177,197,219,228,324,481,444,104,328
61,40,229,268,102,52,48,28,234,385,374,82
61,41,333,100,129,131,50,117,189,366,308,345
61,42,42,249,21,238,305,9,415,471,108,431
61,43,380,4,147,444,302,508,400,85,462,243
61,44,24,444,227,176,143,105,299,303,190,281
61,45,229,196,440,149,311,280,24,456,357,425
61,46,427,434,200,164,30,343,67,425,283,85
61,47,210,230,407,507,153,388,501,342,420,452
62,0,354,446,322,399,33,414,350,340,80,7
62,1,326,441,298,83,501,313,435,181,458,266
62,2,484,3,218,213,267,158,329,182,505,165
62,3,161,332,366,40,80,454,498,47,77,486
62,4,333,136,244,280,177,379,459,467,93,433
62,5,507,182,393,432,404,18,443,230,300,460
62,6,244,423,115,346,105,271,127,155,41,18
62,7,83,50,448,151,508,329,358,69,104,389
62,8,114,333,101,20,473,359,382,477,267,25
62,9,496,468,130,467,440,406,89,510,339,318
62,10,422,218,143,366,83,499,399,27,21,187
62,11,10,229,6,246,436,45,93,379,510,310
62,12,72,236,36,10,238,281,489,385,80,462
62,13,253,139,365,175,441,511,508,92,334,271
62,14,254,101,492,135,452,38,408,0,485,272
62,15,347,366,410,69,340,2,350,423,122,225
62,16,106,48,25,277,508,39,116,63,192,50
62,17,90,361,215,218,464,348,463,221,16,401
62,18,419,361,179,300,407,137,467,455,114,247
62,19,211,486,169,59,430,421,332,175,469,108
62,20,421,119,231,103,469,126,310,349,284,243
62,21,288,376,489,437,497,80,443,283,433,142
62,22,460,6,32,487,511,482,346,217,380,410
62,23,219,24,124,235,207,186,203,324,12,262
62,24,412,355,114,199,20,161,101,25,43,359
62,25,373,468,496,257,17,510,262,247,339,297
62,26,422,231,317,143,234,365,463,307,344,218
62,27,10,510,86,229,177,270,240,65,392,6
62,28,302,10,80,439,238,354,413,281,216,494
62,29,334,253,467,179,119,441,36,175,139,188
62,30,492,254,38,101,135,192,428,389,130,0
62,31,366,347,69,350,340,0,505,353,410,309
62,32,106,48,25,508,277,349,190,39,440,192
62,33,215,361,90,152,464,16,348,218,432,221
62,34,419,407,455,134,256,209,41,179,335,83
62,35,486,420,169,211,430,251,175,106,399,232
62,36,327,310,421,425,65,103,231,112,284,95
62,37,288,376,489,437,420,329,24,117,13,468
62,38,460,6,32,50,487,351,506,482,332,418
62,39,219,24,124,186,235,197,324,287,453,440
62,40,229,102,48,183,367,306,421,499,325,164
62,41,168,419,395,507,386,201,19,261,73,129
62,42,396,249,75,268,108,390,9,273,42,65
62,43,243,400,369,147,188,266,37,277,431,372
62,44,350,281,227,143,24,418,68,369,213,122
62,45,205,309,196,66,357,168,174,324,24,322
62,46,288,470,91,115,123,292,334,346,337,444
62,47,448,169,433,49,388,0,354,205,413,358
63,0,446,414,119,19,211,238,100,358,403,501
63,1,441,298,274,435,326,83,181,445,404,13
63,2,279,484,79,267,485,165,213,45,347,152
63,3,40,161,332,80,454,366,265,498,372,397
63,4,136,177,313,244,492,49,280,328,467,327
63,5,182,507,404,461,393,443,270,13,352,405
63,6,319,108,362,219,303,213,205,228,385,248
63,7,50,448,329,151,510,83,69,435,483,193
63,8,114,20,101,333,93,382,199,477,359,473
63,9,126,496,274,467,468,406,130,486,419,251
63,10,422,83,143,218,230,21,187,70,399,274
63,11,246,229,45,310,10,379,386,93,83,6
63,12,36,216,236,385,10,72,129,281,141,189
63,13,175,453,485,271,370,365,167,253,40,139
63,14,135,492,341,327,136,300,254,202,64,445
63,15,347,309,366,2,122,25,401,269,69,225
63,16,116,48,192,50,25,438,277,106,424,239
63,17,31,464,457,256,137,90,234,227,176,480
63,18,240,366,442,7,110,402,418,440,350,273
63,19,420,154,378,111,45,486,81,468,140,169
63,20,169,112,146,197,375,106,225,142,256,484
63,21,130,376,117,437,398,329,359,489,462,222
63,22,332,460,410,506,11,346,217,478,500,3
63,23,177,219,197,498,440,239,287,349,211,28
63,24,114,93,333,101,20,382,477,199,267,355
63,25,467,130,496,406,96,375,468,505,126,107
63,26,83,422,399,114,274,26,218,143,21,70
63,27,45,379,310,246,93,10,207,502,226,83
63,28,36,236,216,281,202,189,10,288,72,366
63,29,175,370,167,453,368,304,55,372,351,139
63,30,374,135,492,142,202,299,327,136,226,217
63,31,347,309,2,423,366,269,277,194,422,418
63,32,116,192,50,25,311,277,48,239,90,507
63,33,464,31,457,137,480,266,373,86,270,256
63,34,402,442,240,132,366,416,110,233,7,418
63,35,378,468,350,420,25,45,111,233,140,154
63,36,169,146,112,21,110,256,225,375,197,506
63,37,398,130,329,376,117,264,437,445,225,442
63,38,332,500,346,478,11,506,217,3,123,313
63,39,177,287,219,197,440,324,498,290,349,465
63,40,229,52,102,48,466,386,423,418,374,34
63,41,366,54,146,168,149,185,16,115,105,172
63,42,9,273,42,249,187,25,205,495,133,496
63,43,4,495,142,475,393,188,320,165,147,369
63,44,451,143,24,124,227,419,300,184,217,196
63,45,178,477,510,126,409,425,196,182,420,273
63,46,87,274,419,142,162,427,156,416,445,378
63,47,491,444,309,230,329,297,395,340,485,1
64,0,329,31,180,69,1,35,240,335,157,445
64,1,166,451,108,181,462,0,464,356,391,208
64,2,268,424,464,469,95,346,467,305,236,261
64,3,381,402,171,161,11,332,454,246,108,3
64,4,34,25,92,5,283,238,66,223,95,81
64,5,247,501,46,312,459,374,37,80,153,15
64,6,352,263,448,346,493,326,149,208,181,349
64,7,135,410,113,378,329,436,123,155,171,11
64,8,93,378,442,30,101,114,333,471,20,109
64,9,467,464,505,45,34,375,107,130,318,384
64,10,274,218,26,65,441,399,220,114,422,83
64,11,45,207,378,502,379,93,243,413,3,246
64,12,306,78,432,294,305,135,236,462,181,192
64,13,175,370,304,351,372,160,368,441,157,36
64,14,438,374,327,124,299,202,135,254,162,64
64,15,347,309,2,269,25,272,277,100,366,194
64,16,116,192,50,438,239,136,25,507,48,424
64,17,137,464,334,294,31,412,246,457,256,10
64,18,132,63,485,233,164,336,248,375,273,447
64,19,234,385,420,233,106,408,468,407,350,503
64,20,169,146,112,325,124,375,197,21,486,110
64,21,214,21,445,163,130,376,329,202,423,462
64,22,42,377,343,472,56,509,387,473,465,411
64,23,177,219,440,197,203,498,349,233,290,214
64,24,30,378,114,93,442,101,109,383,33,333
64,25,464,45,467,34,505,167,375,96,107,206
64,26,441,26,274,65,403,399,180,220,10,2
64,27,413,45,243,3,207,378,379,340,502,93
64,28,306,78,432,305,294,135,288,181,336,236
64,29,160,157,291,351,372,370,34,339,234,441
64,30,317,135,438,124,492,15,329,65,327,202
64,31,347,309,366,277,269,505,0,225,350,122
64,32,192,48,116,25,50,277,239,136,507,106
64,33,137,464,246,294,10,334,43,90,480,321
64,34,63,485,132,375,164,137,120,336,85,447
64,35,106,233,420,234,408,385,287,111,486,407
64,36,169,146,344,110,112,375,197,421,282,439
64,37,445,214,376,21,130,163,414,329,437,257
64,38,42,377,343,509,56,472,387,478,465,367
64,39,287,219,177,203,324,197,290,207,235,470
64,40,229,48,102,52,386,325,339,235,421,499
64,41,366,54,401,161,19,333,189,419,261,129
64,42,49,21,396,352,496,369,273,91,84,283
64,43,142,147,188,508,302,400,428,393,369,165
64,44,227,143,483,141,111,486,479,451,232,190
64,45,357,24,295,248,479,406,510,338,178,416
64,46,162,404,256,274,156,188,303,325,340,381
64,47,360,369,452,450,1,329,487,302,82,479
65,0,199,476,157,309,17,74,269,480,329,423
65,1,470,386,181,229,68,228,257,325,376,67
65,2,306,424,464,469,268,282,151,119,281,81
65,3,171,161,115,454,332,381,225,113,178,246
65,4,283,342,66,95,81,119,367,408,500,25
65,5,454,167,188,478,247,501,301,182,15,230
65,6,493,346,201,284,162,263,344,96,484,242
65,7,58,80,113,239,350,263,112,114,329,323
65,8,30,93,114,378,442,109,33,473,484,265
65,9,45,467,505,34,375,130,104,85,106,47
65,10,422,180,26,218,220,368,21,399,441,192
65,11,45,502,226,207,93,413,219,10,339,378
65,12,265,261,305,306,162,445,8,149,129,294
65,13,160,34,271,339,157,351,291,185,342,279
65,14,135,317,492,327,65,38,124,202,329,254
65,15,366,347,309,277,225,122,0,350,410,269
65,16,48,25,106,192,116,277,50,205,262,136
65,17,137,464,294,90,480,334,152,234,374,373
65,18,375,100,132,137,485,261,120,358,441,447
65,19,234,106,233,420,408,111,503,407,430,287
65,20,169,146,375,344,197,112,439,110,187,421
65,21,445,489,437,130,257,214,80,376,202,462
65,22,49,405,410,351,149,217,506,12,478,433
65,23,219,177,203,287,324,290,197,440,235,349
65,24,114,30,333,101,40,93,412,25,218,477
65,25,467,468,496,96,510,373,107,505,375,80
65,26,422,368,143,21,366,192,399,218,70,180
65,27,10,45,226,246,259,207,219,436,161,379
65,28,261,385,72,8,265,445,162,129,149,305
65,29,160,253,34,508,185,60,342,157,339,291
65,30,492,317,135,327,329,38,65,101,124,202
65,31,347,366,309,277,225,350,122,410,269,69
65,32,48,192,25,116,106,50,277,262,136,349
65,33,464,137,480,373,152,90,374,294,221,256
65,34,375,137,100,261,441,120,485,358,132,164
65,35,106,233,234,420,287,111,430,486,364,353
65,36,169,146,344,375,197,110,112,421,282,187
65,37,445,437,489,257,130,376,304,80,202,373
65,38,49,405,410,149,351,506,237,478,42,12
65,39,287,219,177,203,197,324,290,207,235,470
65,40,229,102,52,48,386,325,194,339,235,466
65,41,366,54,401,189,419,333,161,261,19,129
65,42,21,49,396,283,381,3,496,352,162,108
65,43,142,147,508,188,302,400,428,444,243,159
65,44,227,143,483,141,111,486,479,232,364,129
65,45,357,24,295,248,479,416,406,28,338,510
65,46,404,256,162,340,188,303,381,372,266,274
65,47,78,85,272,452,450,1,302,82,329,296
66,0,359,95,340,403,367,309,119,349,54,348
66,1,181,398,298,91,86,266,303,335,504,267
66,2,421,302,402,42,152,446,473,36,415,477
66,3,161,40,454,498,332,372,244,80,296,366
66,4,244,467,136,280,177,264,16,327,459,160
66,5,182,404,230,300,352,296,420,393,18,443
66,6,346,28,430,105,323,228,212,273,107,456
66,7,50,329,448,508,69,151,114,403,486,78
66,8,114,354,333,382,359,101,267,412,25,473
66,9,496,468,467,107,419,126,375,458,16,510
66,10,422,389,143,230,83,192,69,114,21,70
66,11,219,360,45,10,246,229,6,270,200,310
66,12,133,385,43,72,229,145,238,381,129,236
66,13,185,394,279,248,453,271,20,175,508,293
66,14,180,495,40,378,492,266,135,49,282,108
66,15,366,347,277,423,69,225,350,309,0,122
66,16,25,192,48,116,106,50,277,349,421,205
66,17,464,137,31,152,234,474,373,374,506,90
66,18,29,102,392,110,7,404,134,289,267,459
66,19,45,420,287,233,111,161,154,486,169,84
66,20,169,146,375,344,439,187,110,419,87,35
66,21,489,437,336,200,117,445,397,306,385,342
66,22,506,351,279,478,217,439,394,27,454,355
66,23,177,219,287,197,203,324,349,27,290,236
66,24,114,354,333,218,359,101,382,267,25,473
66,25,467,96,496,468,325,510,107,505,375,461
66,26,389,422,230,192,69,70,399,83,114,21
66,27,219,45,246,93,360,259,508,340,226,201
66,28,133,229,43,129,145,385,381,261,421,352
66,29,185,253,279,437,248,453,85,191,394,508
66,30,135,492,180,280,378,40,495,136,445,282
66,31,347,366,401,225,309,505,350,423,277,269
66,32,48,192,277,50,116,106,262,25,205,430
66,33,464,137,31,152,221,373,90,480,129,374
66,34,29,102,392,110,353,459,7,267,402,404
66,35,287,45,56,161,420,84,233,154,430,353
66,36,169,146,344,187,375,110,117,439,125,330
66,37,489,437,336,200,406,117,443,428,397,256
66,38,506,351,279,394,27,301,217,439,163,147
66,39,287,177,219,197,324,203,290,454,465,27
66,40,229,52,48,102,355,82,410,445,293,374
66,41,366,189,333,131,19,345,425,480,457,252
66,42,381,496,349,396,21,16,237,341,391,195
66,43,147,508,400,237,243,444,142,356,188,159
66,44,143,227,483,390,186,141,47,444,341,472
66,45,222,385,142,149,248,87,178,324,357,433
66,46,337,427,404,123,500,68,491,84,34,492
66,47,388,153,232,362,255,139,178,307,354,230
67,0,120,359,253,203,175,326,161,376,254,54
67,1,181,298,473,266,501,91,180,398,303,452
67,2,503,421,302,72,484,218,70,165,430,36
67,3,40,161,332,454,498,53,80,244,295,472
67,4,136,244,467,93,264,327,385,280,400,475
67,5,182,352,404,256,393,176,136,443,382,293
67,6,346,323,312,228,327,105,135,155,271,196
67,7,448,50,329,151,510,309,336,69,292,247
67,8,114,199,333,101,20,382,25,359,267,412
67,9,274,496,126,468,251,419,467,406,175,247
67,10,422,143,83,113,218,169,70,499,230,399
67,11,229,10,6,310,386,246,45,200,194,93
67,12,216,36,72,236,385,10,129,238,189,402
67,13,175,453,485,253,139,156,441,394,508,338
67,14,341,492,84,300,135,101,113,202,0,272
67,15,347,366,309,122,340,409,67,269,277,69
67,16,48,25,192,106,116,50,63,462,184,362
67,17,464,31,457,90,221,152,129,234,46,417
67,18,110,366,402,442,7,418,350,102,267,289
67,19,154,45,486,420,111,169,378,211,287,426
67,20,169,375,146,112,197,421,21,282,428,486
67,21,117,437,489,130,376,329,342,359,293,200
67,22,332,506,346,27,351,478,116,217,213,218
67,23,85,219,177,287,50,240,7,432,28,498
67,24,114,199,333,101,20,25,93,267,359,382
67,25,126,496,468,274,419,467,251,175,406,247
67,26,422,143,114,83,26,69,218,21,236,70
67,27,45,10,229,246,310,386,226,379,93,436
67,28,216,236,36,72,385,189,238,402,281,129
67,29,175,453,304,485,368,370,167,372,139,253
67,30,341,135,492,300,327,202,84,101,374,113
67,31,347,309,366,409,225,277,423,269,194,422
67,32,192,50,116,48,25,296,150,239,193,490
67,33,31,464,457,137,506,480,256,129,373,90
67,34,402,110,442,366,102,7,418,132,267,350
67,35,468,420,378,350,154,45,111,140,486,81
67,36,169,21,146,112,375,110,256,486,197,282
67,37,329,130,398,264,445,376,117,437,202,489
67,38,332,506,346,500,478,11,367,217,27,483
67,39,287,177,219,28,290,440,328,85,213,432
67,40,229,102,52,466,194,48,27,423,185,83
67,41,366,54,227,172,168,185,232,313,115,146
67,42,273,9,42,249,496,25,352,205,133,187
67,43,165,393,142,475,75,495,216,369,356,253
67,44,386,227,45,451,24,143,190,124,274,300
67,45,178,477,510,99,357,24,295,249,251,356
67,46,274,87,162,419,142,427,357,256,156,30
67,47,491,444,309,230,485,329,297,284,450,1
68,0,329,31,180,69,1,35,240,335,318,157
68,1,166,108,451,391,464,181,462,0,356,132
68,2,268,424,95,464,346,469,305,467,259,261
68,3,402,381,171,161,11,454,332,246,328,40
68,4,34,25,5,92,238,283,223,95,66,404
68,5,247,501,46,459,374,312,80,93,37,153
68,6,346,352,149,326,107,244,66,510,155,508
68,7,135,378,113,329,410,50,436,123,171,336
68,8,114,93,101,378,333,30,442,20,342,477
68,9,467,107,375,468,505,464,318,96,80,406
68,10,83,218,422,274,26,399,192,114,230,70
68,11,45,246,379,502,10,207,310,93,219,226
68,12,306,236,305,78,432,294,192,504,135,366
68,13,175,370,304,368,351,453,372,508,441,271
68,14,327,135,299,162,492,254,202,374,64,205
68,15,347,309,366,277,269,2,125,25,67,238
68,16,116,192,50,48,438,25,424,239,136,507
68,17,464,137,31,457,256,412,334,506,84,294
68,18,132,63,485,233,375,273,164,72,336,7
68,19,420,385,378,111,468,234,233,350,154,45
68,20,169,146,375,112,21,110,197,486,282,256
68,21,21,214,130,329,445,163,376,398,202,117
68,22,42,377,56,343,472,509,387,473,465,478
68,23,177,219,85,440,328,349,498,342,287,240
68,24,114,30,378,93,101,333,109,267,442,33
68,25,464,467,45,107,505,406,375,96,34,89
68,26,26,274,399,114,403,83,220,422,129,441
68,27,45,413,379,3,207,93,502,310,321,293
68,28,306,305,432,78,288,135,236,294,336,192
68,29,160,372,370,351,175,291,157,304,420,438
68,30,438,124,317,15,135,327,202,374,65,205
68,31,347,309,277,269,287,366,449,100,422,272
68,32,192,116,507,50,270,25,48,239,136,337
68,33,10,137,334,246,294,464,43,321,362,266
68,34,63,132,485,375,164,336,447,137,120,85
68,35,385,233,234,408,106,420,287,407,111,393
68,36,146,169,344,110,112,375,197,439,421,282
68,37,445,214,21,376,130,163,414,437,329,304
68,38,42,377,343,56,472,509,387,465,478,281
68,39,287,219,177,203,290,324,207,197,235,440
68,40,229,102,48,52,386,339,421,325,183,235
68,41,366,54,19,161,401,146,419,189,333,457
68,42,49,273,21,91,369,396,84,85,352,194
68,43,142,147,188,508,302,428,400,369,446,393
68,44,227,143,483,141,111,486,479,451,281,232
68,45,357,295,24,248,479,406,196,510,338,178
68,46,162,404,256,274,188,156,303,340,325,125
68,47,369,360,452,450,1,329,487,311,302,479
69,0,199,476,157,74,309,17,269,480,329,423
69,1,470,386,68,181,229,346,257,67,444,325
69,2,306,282,424,268,464,469,281,81,199,98
69,3,171,161,115,381,454,332,225,113,40,246
69,4,283,342,66,81,95,119,367,408,25,469
69,5,454,167,247,478,188,501,301,182,230,15
69,6,493,346,201,162,96,242,484,284,344,263
69,7,58,80,113,239,350,112,263,114,232,323
69,8,378,30,93,442,114,109,213,473,33,179
69,9,45,467,34,505,59,375,104,85,427,464
69,10,26,441,406,218,180,220,175,65,399,403
69,11,45,413,378,502,243,207,226,339,30,93
69,12,306,305,432,78,265,162,135,294,445,261
69,13,160,157,339,351,34,291,438,234,271,338
69,14,317,124,329,492,65,135,202,38,327,438
69,15,366,347,309,277,225,122,269,181,0,505
69,16,48,25,192,116,106,136,50,205,239,277
69,17,137,464,294,10,334,374,246,90,373,363
69,18,485,132,375,100,120,137,447,63,261,164
69,19,106,234,233,408,420,385,503,407,287,111
69,20,169,146,375,344,112,439,197,110,124,486
69,21,445,489,214,130,437,257,21,202,80,376
69,22,49,405,351,410,42,506,149,217,377,12
69,23,219,177,203,287,290,324,440,197,349,207
69,24,114,30,109,101,378,442,333,40,213,93
69,25,467,45,34,96,59,505,468,107,47,496
69,26,368,422,180,26,441,192,21,200,399,406
69,27,413,45,226,207,379,246,259,10,243,219
69,28,305,306,261,432,8,294,265,78,445,336
69,29,160,157,34,291,253,339,60,342,185,351
69,30,317,492,135,329,327,65,38,124,319,15
69,31,347,366,309,277,225,269,122,410,181,350
69,32,192,48,25,116,106,50,277,136,438,239
69,33,137,464,246,10,294,374,480,373,90,152
69,34,375,137,485,120,100,261,132,164,358,441
69,35,106,233,420,234,287,111,486,408,430,426
69,36,169,146,344,375,110,112,197,421,187,439
69,37,445,437,489,257,130,214,376,202,304,369
69,38,405,49,410,149,351,42,506,478,12,377
69,39,287,219,177,203,197,324,290,207,470,235
69,40,229,102,48,52,386,235,339,194,325,466
69,41,366,54,419,401,189,161,19,333,261,129
69,42,21,49,396,283,381,496,352,3,174,332
69,43,142,147,508,188,302,400,428,243,444,159
69,44,227,143,483,141,111,486,479,232,364,190
69,45,357,24,295,248,479,406,416,510,196,412
69,46,404,256,162,340,188,303,372,156,207,201
69,47,78,85,272,452,450,1,302,82,329,296
70,0,71,309,32,130,257,286,437,279,25,221
70,1,181,398,91,67,68,86,427,208,298,500
70,2,380,424,477,492,181,480,400,13,61,250
70,3,161,354,40,454,332,498,272,55,472,318
70,4,349,196,440,136,177,275,245,244,94,467
70,5,182,404,300,456,352,230,393,70,434,151
70,6,346,189,493,452,201,123,258,284,244,120
70,7,114,50,329,170,341,269,346,7,231,184
70,8,114,218,354,473,93,3,101,30,413,0
70,9,467,468,496,53,505,394,373,206,375,150
70,10,422,180,230,192,21,26,69,329,58,504
70,11,219,504,45,340,360,246,226,259,10,508
70,12,261,265,463,129,238,406,385,500,409,446
70,13,279,185,248,271,60,20,508,160,34,350
70,14,492,135,329,317,327,205,101,38,280,64
70,15,366,347,225,277,309,350,122,505,69,423
70,16,48,106,192,25,277,262,116,50,190,446
70,17,137,464,152,374,373,474,234,90,480,221
70,18,441,375,404,392,464,289,210,273,7,134
70,19,233,106,234,287,420,111,118,430,335,486
70,20,169,146,451,344,497,375,187,439,110,35
70,21,445,437,489,3,130,462,376,200,377,257
70,22,276,426,351,217,461,506,112,150,54,433
70,23,470,219,177,287,203,197,324,290,235,272
70,24,114,218,354,333,3,101,359,25,412,441
70,25,467,496,96,468,510,325,53,107,373,427
70,26,422,180,230,368,389,21,70,192,69,26
70,27,45,219,259,226,246,5,10,340,482,360
70,28,261,463,385,133,446,332,72,0,265,129
70,29,60,185,279,253,350,248,160,508,34,394
70,30,492,135,317,329,327,38,280,319,64,101
70,31,347,366,309,277,225,350,269,410,69,122
70,32,192,48,25,106,116,50,277,262,132,412
70,33,137,464,374,152,373,221,480,90,256,198
70,34,441,137,375,392,464,29,261,210,39,434
70,35,106,233,234,287,420,111,118,353,430,56
70,36,146,169,344,375,110,451,187,197,497,112
70,37,437,445,489,3,336,462,200,257,376,130
70,38,351,276,506,426,461,54,301,112,27,217
70,39,287,219,470,177,197,203,324,207,290,235
70,40,229,102,425,52,48,386,325,421,194,466
70,41,501,283,189,419,366,103,129,401,19,345
70,42,55,49,21,396,426,56,381,390,225,465
70,43,428,147,188,508,391,243,142,302,400,156
70,44,227,143,483,141,486,79,364,479,232,258
70,45,452,24,357,214,248,332,196,56,172,295
70,46,404,196,260,147,22,381,427,435,351,112
70,47,391,388,362,452,222,255,11,1,188,302
71,0,67,293,369,338,49,15,14,95,289,348
71,1,243,465,91,181,398,16,298,273,15,47
71,2,161,110,165,443,427,347,415,152,477,348
71,3,40,498,161,296,454,244,472,332,372,80
71,4,467,244,132,136,177,160,16,275,280,327
71,5,33,404,182,230,147,300,130,393,443,43
71,6,258,121,393,346,135,267,244,327,481,228
71,7,50,269,69,508,214,329,341,247,472,440
71,8,412,114,359,355,333,25,199,382,183,218
71,9,496,468,373,17,403,467,305,394,412,80
71,10,422,365,230,178,143,511,21,218,366,322
71,11,10,86,270,229,246,5,219,392,205,434
71,12,238,385,72,129,302,36,332,236,10,133
71,13,394,279,29,485,508,156,453,435,344,167
71,14,492,135,341,101,280,300,311,0,202,254
71,15,366,347,277,225,122,350,410,309,157,395
71,16,48,106,192,25,116,50,262,277,205,239
71,17,464,198,152,137,457,90,31,102,221,363
71,18,392,134,441,403,404,7,69,366,201,110
71,19,118,56,287,233,84,353,45,111,234,55
71,20,169,187,146,375,311,330,439,446,207,421
71,21,437,489,336,443,458,324,376,315,406,397
71,22,351,217,302,394,403,506,14,51,352,147
71,23,470,177,287,219,203,27,197,235,457,290
71,24,114,333,218,359,355,354,412,25,382,199
71,25,496,467,126,468,394,325,96,373,510,495
71,26,422,230,61,178,21,389,479,504,372,70
71,27,5,86,246,219,10,205,259,360,68,270
71,28,332,385,238,145,133,129,261,72,0,237
71,29,185,279,394,60,29,508,248,253,437,20
71,30,492,135,280,164,317,180,445,327,389,136
71,31,347,366,225,309,269,350,277,401,423,122
71,32,192,48,50,25,277,116,106,262,412,239
71,33,198,464,152,137,221,374,373,129,31,256
71,34,441,392,29,134,69,404,110,210,509,403
71,35,56,287,233,84,420,234,353,106,118,291
71,36,169,146,375,187,344,110,197,421,112,425
71,37,489,437,336,359,443,200,458,445,462,267
71,38,351,506,394,27,352,302,355,222,403,217
71,39,287,470,219,177,197,203,324,207,290,27
71,40,229,28,102,52,257,48,386,235,466,339
71,41,100,189,366,19,103,345,333,161,196,218
71,42,21,55,381,49,396,390,312,490,65,81
71,43,430,428,243,471,147,400,508,380,477,401
71,44,73,143,472,444,483,249,141,227,24,509
71,45,149,56,3,24,248,429,332,214,452,229
71,46,260,404,427,221,68,147,205,161,381,351
71,47,362,388,11,230,153,117,392,222,255,391
72,0,326,7,479,139,64,0,497,100,350,254
72,1,243,210,91,298,441,143,181,498,65,16
72,2,484,213,165,267,410,3,161,369,192,168
72,3,40,161,454,372,498,472,333,332,297,265
72,4,467,136,177,244,327,275,132,93,16,62
72,5,182,33,404,507,443,405,497,352,67,300
72,6,267,244,346,245,258,481,43,423,393,197
72,7,50,448,269,69,486,237,329,343,214,195
72,8,114,359,199,25,412,333,308,108,382,355
72,9,126,496,274,468,467,96,251,109,17,42
72,10,422,143,230,41,504,21,365,70,83,470
72,11,86,246,10,219,270,392,310,259,434,200
72,12,385,129,72,238,216,354,36,141,236,23
72,13,485,453,394,279,508,156,253,175,185,167
72,14,492,341,84,101,135,113,300,391,280,272
72,15,366,347,122,410,69,505,350,47,257,0
72,16,48,106,25,192,72,63,277,116,205,184
72,17,464,152,31,457,90,221,463,417,234,361
72,18,392,110,366,82,134,106,404,418,442,7
72,19,45,154,486,118,111,169,430,211,108,287
72,20,169,146,375,187,421,119,284,156,21,419
72,21,437,489,359,336,376,443,458,397,117,194
72,22,351,188,460,51,239,506,394,217,410,332
72,23,287,203,470,219,290,177,197,207,465,324
72,24,114,199,412,359,25,355,119,101,333,473
72,25,126,496,468,274,251,175,373,510,339,247
72,26,422,143,317,169,234,479,41,230,511,83
72,27,246,270,10,229,86,30,386,392,310,259
72,28,385,129,72,216,23,238,124,354,36,141
72,29,485,253,175,453,508,20,156,198,279,505
72,30,492,341,84,300,113,101,135,445,64,35
72,31,347,366,504,122,345,309,277,269,69,125
72,32,48,25,192,277,106,72,116,50,461,509
72,33,464,152,31,506,90,221,137,373,417,457
72,34,392,110,366,404,442,379,134,418,477,402
72,35,45,56,154,84,287,353,486,420,111,251
72,36,169,146,375,187,344,110,439,112,421,156
72,37,437,489,359,443,244,336,458,200,433,209
72,38,351,394,506,188,332,460,511,217,352,423
72,39,287,470,219,203,177,324,228,465,197,77
72,40,229,268,502,52,320,102,28,235,356,410
72,41,366,333,100,189,205,505,146,345,478,423
72,42,21,42,391,249,381,496,55,49,108,199
72,43,319,508,212,400,430,243,356,428,471,147
72,44,249,444,24,143,190,486,227,103,364,483
72,45,316,214,24,7,452,178,357,87,188,248
72,46,260,404,429,427,378,54,232,274,467,491
72,47,232,230,307,388,243,354,337,348,255,444
73,0,398,479,497,175,139,100,10,133,113,501
73,1,210,243,441,183,143,91,261,119,473,39
73,2,369,484,79,165,410,158,160,66,192,368
73,3,40,161,498,454,472,332,372,296,366,478
73,4,467,244,136,177,93,327,400,442,275,91
73,5,507,182,421,404,163,33,443,460,67,230
73,6,346,215,267,109,323,244,258,312,430,286
73,7,50,237,69,343,18,269,459,502,214,448
73,8,114,359,333,25,199,119,412,462,308,382
73,9,496,247,468,373,467,251,17,63,297,126
73,10,422,143,41,230,423,307,192,479,344,90
73,11,10,246,270,86,6,200,219,504,229,434
73,12,385,129,72,238,476,141,10,354,118,23
73,13,485,394,167,453,508,40,279,156,187,66
73,14,492,341,113,135,101,300,272,445,167,318
73,15,366,347,225,410,350,304,492,423,269,157
73,16,48,106,25,192,277,50,490,462,184,461
73,17,152,31,464,457,134,463,90,506,221,198
73,18,392,134,366,478,477,294,404,110,418,25
73,19,45,84,154,118,353,486,236,430,111,232
73,20,169,146,187,375,156,475,331,21,294,119
73,21,437,489,359,434,443,336,194,458,117,315
73,22,351,332,217,201,460,423,100,282,506,305
73,23,470,287,203,465,219,207,228,197,177,173
73,24,114,119,25,359,333,412,23,459,199,218
73,25,496,17,251,468,80,247,373,175,293,131
73,26,422,230,41,17,83,479,346,234,169,351
73,27,246,10,86,229,270,193,392,30,177,6
73,28,385,238,476,72,129,23,468,141,51,10
73,29,394,175,508,338,20,167,441,36,197,156
73,30,492,101,113,389,135,360,262,272,151,394
73,31,347,366,225,247,504,47,269,0,309,374
73,32,25,192,48,50,72,473,461,116,176,277
73,33,152,464,31,198,373,506,46,457,417,221
73,34,392,366,404,477,418,478,110,294,134,7
73,35,45,56,154,287,84,420,353,251,111,468
73,36,169,146,375,187,110,425,344,112,156,421
73,37,437,489,359,434,117,336,443,293,244,458
73,38,351,201,305,332,217,394,506,406,423,222
73,39,287,470,219,228,177,465,203,197,457,324
73,40,229,502,320,102,235,268,66,52,425,232
73,41,366,333,189,100,168,19,117,146,446,345
73,42,21,249,364,42,381,108,396,496,55,390
73,43,319,508,430,243,400,156,147,188,302,428
73,44,249,24,143,190,444,364,227,103,483,124
73,45,214,229,24,357,244,248,249,49,176,324
73,46,260,378,30,404,427,232,296,69,496,381
73,47,337,230,351,458,148,388,452,255,456,242
74,0,406,337,5,265,199,378,307,17,269,172
74,1,18,286,228,398,298,265,441,473,96,208
74,2,380,250,469,369,192,494,160,408,484,165
74,3,40,161,454,332,498,171,58,472,268,160
74,4,63,81,438,417,17,244,467,177,440,275
74,5,507,163,421,34,460,350,336,366,258,182
74,6,99,244,180,452,323,215,267,305,166,109
74,7,50,237,69,329,446,269,486,151,78,201
74,8,114,359,333,25,412,382,199,101,473,354
74,9,496,468,475,467,373,247,80,251,510,231
74,10,422,143,83,218,230,365,21,322,70,113
74,11,10,246,436,86,229,219,45,30,392,226
74,12,238,36,141,72,385,10,463,236,23,216
74,13,253,485,365,508,250,441,511,40,453,167
74,14,492,101,113,135,254,299,327,162,318,64
74,15,347,366,309,122,277,269,504,410,340,332
74,16,25,48,116,192,438,106,72,462,456,184
74,17,464,90,234,31,152,296,256,401,218,129
74,18,419,477,392,409,440,110,332,366,65,137
74,19,486,111,420,364,350,169,426,154,234,305
74,20,169,21,146,156,486,112,197,375,187,110
74,21,437,117,489,329,445,359,200,376,265,406
74,22,217,39,351,27,100,332,460,506,443,380
74,23,203,290,177,219,287,440,498,7,50,349
74,24,114,101,477,93,20,333,267,199,473,25
74,25,467,375,107,130,468,505,89,96,496,208
74,26,366,422,218,222,248,399,234,462,83,169
74,27,10,379,471,45,126,207,30,229,510,366
74,28,281,80,489,73,494,236,192,402,36,189
74,29,334,370,441,139,342,184,508,175,364,511
74,30,299,327,254,58,135,492,368,64,233,162
74,31,347,309,277,160,269,238,366,272,506,2
74,32,25,438,116,192,424,91,174,228,48,109
74,33,464,296,137,132,410,378,276,152,148,273
74,34,419,179,256,110,39,375,347,289,7,350
74,35,420,426,350,486,154,7,111,393,45,233
74,36,169,146,375,21,110,112,425,256,300,380
74,37,437,359,130,489,200,329,445,117,202,376
74,38,39,332,460,351,217,352,487,478,27,368
74,39,287,104,228,219,470,177,203,465,197,235
74,40,229,52,386,102,502,235,300,268,48,51
74,41,366,333,168,54,368,103,117,21,71,108
74,42,272,9,273,249,25,42,106,35,496,181
74,43,319,4,302,430,393,508,188,338,495,475
74,44,143,227,190,24,278,141,493,483,105,103
74,45,229,214,24,357,178,248,90,99,452,249
74,46,260,427,404,112,147,292,232,381,419,205
74,47,362,230,351,255,388,459,391,452,42,11
75,0,404,147,138,338,434,386,352,293,414,161
75,1,286,441,243,298,465,183,429,181,279,45
75,2,484,368,158,66,160,3,192,213,165,408
75,3,161,40,454,372,53,332,58,343,498,478
75,4,385,136,467,466,177,442,244,58,448,16
75,5,507,182,163,443,34,460,404,393,19,300
75,6,323,99,244,271,273,109,305,43,346,312
75,7,309,448,50,459,237,329,511,151,486,292
75,8,114,333,359,199,25,101,20,391,473,119
75,9,496,126,274,175,468,251,16,467,198,419
75,10,422,143,169,83,70,41,218,230,21,90
75,11,246,310,10,200,229,45,259,219,6,433
75,12,385,129,72,36,216,141,402,476,236,314
75,13,175,485,453,167,198,467,156,370,40,365
75,14,341,84,492,300,113,101,135,462,35,272
75,15,347,366,122,504,269,410,309,340,473,505
75,16,48,25,192,106,116,72,50,63,64,184
75,17,31,457,464,90,152,234,256,137,480,361
75,18,366,110,402,418,477,442,7,379,478,404
75,19,154,45,378,111,486,420,468,169,430,211
75,20,169,146,112,225,375,197,486,187,48,21
75,21,437,376,359,117,130,398,293,489,342,53
75,22,332,410,460,217,506,11,351,478,159,346
75,23,177,219,287,203,470,290,7,50,440,197
75,24,114,199,93,101,333,268,473,267,359,477
75,25,126,467,96,496,251,274,468,107,175,375
75,26,422,83,143,114,26,69,218,70,399,236
75,27,45,246,379,310,207,10,229,259,502,226
75,28,216,36,385,236,281,189,129,141,429,10
75,29,175,370,167,304,453,372,368,151,198,420
75,30,374,135,492,341,327,300,299,142,226,136
75,31,347,309,238,269,277,504,473,25,125,100
75,32,192,116,50,25,438,136,424,417,239,341
75,33,31,464,137,457,256,266,480,334,506,270
75,34,402,366,442,72,110,132,416,418,63,240
75,35,468,385,378,350,420,154,233,111,393,234
75,36,169,146,21,112,110,375,486,256,225,344
75,37,398,264,130,329,437,117,376,445,214,442
75,38,332,500,11,346,377,217,478,410,201,367
75,39,287,177,219,290,203,470,440,17,324,235
75,40,229,52,48,102,235,386,423,194,22,124
75,41,366,54,146,185,149,232,436,455,353,168
75,42,273,25,9,42,249,205,286,495,22,133
75,43,393,4,475,142,165,315,369,495,48,188
75,44,143,227,124,45,451,386,170,483,318,508
75,45,477,178,357,510,295,99,182,251,406,183
75,46,87,274,419,162,142,427,404,125,156,303
75,47,491,444,485,329,297,395,230,1,340,311
76,0,329,31,180,69,1,35,240,335,157,251
76,1,166,451,181,464,108,462,132,356,0,208
76,2,268,464,424,346,469,95,467,282,305,261
76,3,171,402,381,11,161,246,332,328,454,3
76,4,25,34,5,92,238,283,223,62,95,23
76,5,247,501,46,459,374,80,312,93,195,37
76,6,352,326,149,244,346,510,493,263,508,208
76,7,113,135,410,378,436,329,123,11,155,167
76,8,93,378,442,114,101,471,30,109,477,333
76,9,467,505,375,464,463,107,45,130,34,318
76,10,274,26,83,218,114,399,422,192,230,80
76,11,45,246,207,30,310,379,200,502,413,482
76,12,306,78,305,432,236,294,135,192,366,181
76,13,175,370,304,351,368,36,372,453,160,282
76,14,299,374,327,226,492,205,135,202,162,254
76,15,347,309,277,269,238,366,272,194,122,25
76,16,116,192,25,438,136,50,239,48,424,337
76,17,464,31,457,137,334,412,256,176,246,480
76,18,132,63,233,485,248,164,72,273,336,375
76,19,385,378,420,468,234,233,350,111,408,106
76,20,169,146,124,112,486,256,238,21,73,325
76,21,21,214,130,163,74,445,329,202,467,398
76,22,42,377,343,472,56,509,387,465,473,281
76,23,177,203,440,290,252,219,498,349,211,287
76,24,378,30,93,109,442,114,101,383,33,471
76,25,464,45,34,467,505,107,375,167,59,53
76,26,26,274,403,129,114,10,65,220,441,399
76,27,45,413,3,321,378,207,379,502,69,243
76,28,306,305,432,288,78,135,294,181,236,228
76,29,160,370,372,351,157,291,304,438,234,441
76,30,15,438,124,317,65,486,388,90,135,327
76,31,309,347,277,269,449,194,287,150,374,422
76,32,192,116,507,136,239,50,265,90,48,25
76,33,137,246,10,294,334,464,321,43,362,374
76,34,63,485,132,164,375,120,85,336,447,137
76,35,385,408,233,234,106,420,111,287,407,110
76,36,146,169,112,110,344,375,421,197,486,439
76,37,445,214,376,21,130,163,414,329,202,462
76,38,42,377,343,56,472,509,387,465,367,281
76,39,287,219,177,324,203,290,197,440,235,207
76,40,229,48,102,52,386,421,339,183,466,423
76,41,366,54,161,19,401,189,146,457,168,421
76,42,273,49,85,194,91,25,369,286,352,84
76,43,142,188,147,508,302,393,475,369,400,237
76,44,227,143,483,141,451,111,281,124,274,486
76,45,357,295,24,510,196,178,477,248,273,406
76,46,162,274,404,256,303,156,325,125,142,381
76,47,487,369,329,1,311,452,450,152,390,302
77,0,44,506,485,334,17,304,342,416,384,309
77,1,80,456,176,242,68,155,331,136,200,257
77,2,268,363,464,200,442,162,402,11,109,387
77,3,465,384,178,496,51,330,161,165,39,129
77,4,388,25,24,119,237,23,463,89,249,122
77,5,501,46,215,113,471,196,154,413,182,63
77,6,208,349,162,326,216,439,181,352,40,317
77,7,469,36,396,186,378,390,436,182,342,473
77,8,378,93,471,442,230,223,171,414,205,377
77,9,464,463,467,53,505,89,139,478,375,45
77,10,370,65,26,218,313,441,274,220,10,413
77,11,378,474,3,171,297,69,207,77,402,45
77,12,181,135,453,432,306,343,93,271,305,206
77,13,26,370,420,21,234,351,304,9,232,472
77,14,401,368,374,326,196,486,388,90,188,236
77,15,150,160,156,19,309,496,169,347,25,6
77,16,174,115,116,424,442,438,91,311,129,108
77,17,159,172,196,82,371,422,410,17,118,73
77,18,63,416,248,233,275,234,486,276,326,156
77,19,371,66,285,331,47,16,184,469,420,206
77,20,124,315,345,290,436,297,252,469,366,225
77,21,74,461,442,293,345,206,220,311,467,282
77,22,371,473,11,141,415,446,159,432,171,110
77,23,290,401,155,104,214,203,406,404,49,142
77,24,378,471,93,356,205,233,230,442,304,154
77,25,464,171,160,62,89,439,471,161,155,232
77,26,65,313,370,10,220,26,129,273,274,348
77,27,378,3,415,12,363,294,474,402,297,471
77,28,288,429,228,453,181,143,113,218,306,432
77,29,370,128,420,26,195,168,412,329,220,102
77,30,388,368,90,486,401,188,74,69,196,92
77,31,160,150,66,226,58,6,175,306,486,169
77,32,174,115,368,438,299,424,108,225,116,442
77,33,172,343,196,17,484,324,430,73,82,422
77,34,63,234,233,497,416,248,6,72,275,256
77,35,207,212,371,66,510,59,88,331,469,285
77,36,124,413,290,297,228,486,315,112,507,215
77,37,220,474,345,423,337,442,462,11,293,329
77,38,371,11,473,446,415,171,470,445,159,110
77,39,115,95,403,498,390,127,462,406,401,465
77,40,407,471,270,229,185,39,423,440,52,222
77,41,353,293,385,435,62,404,85,441,245,132
77,42,9,25,273,97,166,64,58,181,22,286
77,43,315,64,207,385,142,85,369,125,375,475
77,44,276,142,338,37,248,386,92,267,207,173
77,45,182,168,449,356,507,339,431,446,237,22
77,46,87,246,232,281,162,72,362,404,346,61
77,47,263,242,485,231,50,491,388,331,395,345
78,0,318,183,31,69,35,482,251,182,445,168
78,1,276,462,129,63,57,440,166,310,52,125
78,2,467,195,37,107,236,268,109,461,496,511
78,3,330,39,398,108,496,3,107,210,465,188
78,4,388,73,346,452,325,294,357,92,465,506
78,5,196,154,113,74,471,294,137,110,68,56
78,6,435,259,439,292,352,66,335,326,126,181
78,7,469,182,436,316,276,33,229,329,139,351
78,8,155,477,101,356,171,191,113,93,496,307
78,9,464,89,389,375,467,505,395,107,129,130
78,10,218,370,65,273,188,10,202,129,400,60
78,11,471,378,126,207,3,474,308,297,78,277
78,12,220,457,284,143,287,462,301,249,202,113
78,13,370,195,128,457,420,119,329,355,26,246
78,14,401,461,388,486,90,74,196,18,94,160
78,15,160,309,347,150,6,346,169,156,37,25
78,16,174,424,116,199,91,333,299,90,108,283
78,17,172,118,410,196,296,17,378,73,39,430
78,18,233,63,497,248,76,503,156,483,510,95
78,19,469,175,371,47,184,285,88,66,127,356
78,20,124,297,345,93,315,506,413,436,290,252
78,21,220,345,74,474,264,242,293,11,464,340
78,22,470,11,171,415,78,366,473,500,495,283
78,23,401,155,498,81,96,316,372,89,462,95
78,24,356,304,402,233,205,191,154,138,503,389
78,25,63,89,395,171,232,129,62,160,168,464
78,26,65,29,273,488,129,10,60,370,305,424
78,27,471,12,131,415,498,379,277,255,3,363
78,28,113,288,220,228,246,459,249,475,218,143
78,29,370,128,412,195,246,168,100,252,105,241
78,30,486,388,69,461,74,323,90,127,188,196
78,31,6,226,209,160,128,66,306,58,427,410
78,32,174,203,231,470,35,424,146,108,368,34
78,33,172,17,196,484,74,324,73,422,430,343
78,34,6,497,510,503,57,248,127,95,483,49
78,35,212,469,88,175,289,14,207,225,510,286
78,36,413,228,215,47,290,366,93,58,507,41
78,37,220,18,474,337,464,54,242,287,456,147
78,38,470,11,264,283,78,366,415,43,171,495
78,39,316,498,238,511,69,416,398,390,95,124
78,40,482,407,471,198,244,222,223,203,171,389
78,41,435,434,358,94,414,494,146,226,385,259
78,42,365,287,181,476,471,428,496,296,167,62
78,43,207,217,267,92,15,486,369,509,93,377
78,44,276,338,440,124,213,300,393,183,51,295
78,45,168,356,42,289,468,398,158,301,138,121
78,46,374,346,372,88,25,232,56,18,33,58
78,47,254,445,79,242,148,424,59,398,207,453
79,0,20,165,169,109,435,90,395,380,315,213
79,1,74,389,36,235,51,383,32,158,466,505
79,2,37,270,295,59,109,257,372,0,89,27
79,3,249,205,496,293,335,269,403,408,507,196
79,4,325,465,506,357,410,294,389,346,252,233
79,5,100,154,482,468,58,226,236,250,188,263
79,6,468,185,126,164,505,158,181,13,237,394
79,7,242,316,399,10,158,489,303,191,8,141
79,8,356,191,11,304,87,160,503,35,205,477
79,9,139,111,395,154,68,45,161,464,71,506
79,10,400,65,488,10,273,119,129,125,107,424
79,11,422,163,371,273,84,108,250,511,350,471
79,12,37,288,228,459,113,220,390,150,246,301
79,13,387,22,128,97,91,458,385,273,338,329
79,14,486,212,138,506,127,90,243,80,233,117
79,15,346,375,494,6,178,199,306,209,193,169
79,16,23,429,140,480,74,26,278,441,91,231
79,17,372,422,499,389,467,166,50,305,365,324
79,18,347,49,264,510,497,471,26,184,483,127
79,19,426,453,14,377,434,47,222,225,31,349
79,20,15,78,507,366,413,45,457,16,228,290
79,21,379,220,255,33,100,474,340,337,242,44
79,22,41,205,293,264,57,287,261,86,24,267
79,23,498,372,390,316,260,238,354,338,242,336
79,24,356,191,87,11,477,503,175,319,304,389
79,25,111,346,68,361,442,502,129,58,132,139
79,26,107,213,71,48,488,10,393,506,335,432
79,27,273,49,48,165,422,197,511,84,250,163
79,28,459,113,228,390,288,37,96,220,246,277
79,29,387,22,288,184,385,97,221,50,128,426
79,30,136,80,314,233,138,212,14,486,117,506
79,31,375,306,346,426,193,68,37,169,6,347
79,32,278,26,23,140,51,91,74,480,163,58
79,33,50,389,305,372,422,499,105,324,120,12
79,34,347,49,471,350,184,119,510,264,497,26
79,35,426,453,96,174,434,377,222,169,349,509
79,36,485,16,248,15,55,78,348,219,300,210
79,37,379,255,46,44,41,100,10,33,150,453
79,38,205,41,86,293,30,81,264,261,57,223
79,39,334,389,450,260,430,244,323,272,390,36
79,40,138,178,172,508,278,173,471,209,91,87
79,41,240,65,385,445,226,491,391,198,59,353
79,42,140,272,322,366,393,301,151,220,212,168
79,43,278,162,337,86,413,207,45,185,388,499
79,44,350,87,105,433,399,276,207,172,229,216
79,45,237,51,63,22,47,484,303,198,168,118
79,46,88,297,388,292,346,60,280,324,341,271
79,47,143,122,233,401,141,244,227,153,242,55
80,0,143,436,151,453,449,29,20,90,287,84
80,1,202,66,469,186,339,364,60,231,38,432
80,2,320,37,46,358,322,19,188,295,122,257
80,3,225,54,29,381,496,403,13,511,405,408
80,4,390,403,307,198,190,131,469,118,66,492
80,5,188,100,228,392,112,140,339,26,154,471
80,6,158,309,468,181,125,164,321,126,394,274
80,7,113,112,76,489,399,414,333,415,120,202
80,8,402,87,115,471,442,330,378,191,160,111
80,9,471,45,232,34,139,39,122,167,140,214
80,10,65,400,77,436,10,441,129,488,396,492
80,11,99,181,243,234,428,402,481,339,38,59
80,12,324,140,288,228,432,42,217,475,206,234
80,13,9,157,291,34,160,128,415,329,234,280
80,14,486,20,124,65,127,438,448,275,90,388
80,15,6,66,375,58,346,226,237,410,486,209
80,16,203,90,152,174,35,438,129,325,459,368
80,17,246,321,196,145,81,286,276,422,359,172
80,18,120,42,305,85,485,164,497,331,49,248
80,19,503,408,110,175,255,67,407,332,51,280
80,20,124,5,345,325,366,167,198,418,93,47
80,21,305,333,56,220,257,163,40,214,54,337
80,22,313,270,381,264,24,42,195,78,293,149
80,23,453,238,498,486,316,402,377,398,511,52
80,24,115,87,402,378,191,442,471,151,241,189
80,25,45,232,471,167,34,168,89,122,140,39
80,26,65,410,441,77,488,10,180,492,129,396
80,27,99,76,243,481,255,390,53,428,296,287
80,28,324,140,288,42,228,432,217,475,143,292
80,29,9,415,34,160,157,291,105,55,234,370
80,30,486,20,254,448,124,65,334,305,487,127
80,31,6,410,309,209,226,306,347,58,160,427
80,32,283,174,90,116,368,438,325,203,424,224
80,33,246,321,81,296,163,286,355,197,422,196
80,34,120,85,485,42,305,164,331,91,497,361
80,35,456,286,67,469,503,175,332,408,110,14
80,36,124,5,214,58,75,93,112,366,198,511
80,37,305,56,163,40,333,28,414,257,107,337
80,38,313,270,381,24,264,78,373,293,77,42
80,39,498,316,440,398,124,238,416,453,354,486
80,40,198,227,85,223,203,146,350,323,357,25
80,41,151,358,168,49,414,259,438,19,94,444
80,42,139,482,114,394,304,355,137,91,123,177
80,43,15,267,92,369,486,178,49,149,481,104
80,44,237,55,28,372,473,212,54,156,346,405
80,45,230,104,365,470,332,454,359,70,189,290
80,46,214,141,351,147,199,469,57,477,390,185
80,47,360,11,270,54,280,31,122,458,142,263
81,0,482,389,372,192,408,385,111,261,28,296
81,1,469,202,60,186,67,339,38,181,353,446
81,2,41,199,277,81,386,326,242,488,246,111
81,3,225,54,381,29,394,205,496,507,293,161
81,4,403,3,500,307,306,502,322,439,296,317
81,5,188,369,26,438,281,44,425,51,356,48
81,6,125,345,321,474,309,284,19,445,410,439
81,7,437,112,327,323,202,492,243,113,299,8
81,8,477,361,471,230,101,318,497,402,76,296
81,9,395,464,89,204,129,232,505,478,467,122
81,10,410,65,180,119,207,46,66,488,507,342
81,11,471,428,339,379,255,126,258,78,288,371
81,12,140,445,234,324,80,47,217,505,510,317
81,13,415,34,261,9,248,457,441,119,339,509
81,14,20,461,192,254,162,33,77,196,94,18
81,15,309,347,160,340,410,193,280,277,156,506
81,16,116,90,438,25,48,174,192,325,283,199
81,17,187,296,464,256,410,194,378,137,297,81
81,18,137,331,308,108,120,85,284,132,90,164
81,19,308,364,469,67,175,356,92,223,225,80
81,20,124,112,214,58,64,5,93,508,75,56
81,21,40,56,305,376,333,257,41,142,182,162
81,22,381,317,435,186,237,125,469,374,467,373
81,23,498,316,124,440,398,453,219,238,349,382
81,24,477,101,155,191,422,359,496,201,307,114
81,25,89,395,145,301,107,208,375,468,49,496
81,26,119,215,410,305,488,60,92,77,65,280
81,27,379,36,78,428,131,436,53,471,258,328
81,28,80,288,48,462,324,107,445,281,505,32
81,29,415,457,467,370,36,55,105,100,441,241
81,30,461,254,162,486,396,196,160,77,20,305
81,31,309,347,160,410,209,6,25,340,37,302
81,32,283,174,116,438,90,25,223,424,325,48
81,33,296,187,410,81,197,440,286,477,39,285
81,34,361,331,307,414,58,56,199,85,419,390
81,35,67,469,308,286,456,332,175,33,92,51
81,36,214,5,75,112,124,58,173,64,508,41
81,37,305,56,40,78,164,376,281,192,354,28
81,38,317,381,186,469,435,373,270,343,77,405
81,39,498,124,440,316,398,453,238,219,349,481
81,40,198,223,505,330,102,229,227,85,95,146
81,41,168,151,358,259,19,414,49,145,508,438
81,42,139,482,394,304,137,114,355,85,177,448
81,43,267,369,15,92,49,486,149,104,178,185
81,44,237,55,28,372,473,212,346,280,54,156
81,45,230,104,365,332,470,454,359,70,189,290
81,46,141,214,351,147,199,469,390,57,477,185
81,47,270,11,280,54,222,142,31,492,298,320
82,0,270,98,62,401,99,316,9,501,272,176
82,1,304,60,293,34,62,366,240,353,67,320
82,2,263,315,439,310,360,418,185,393,211,491
82,3,168,265,161,507,406,332,228,454,205,297
82,4,308,96,67,299,38,166,177,136,110,174
82,5,458,131,425,485,487,120,25,280,505,357
82,6,383,73,42,335,471,264,234,255,329,142
82,7,86,108,154,219,43,329,501,41,323,117
82,8,101,477,482,191,11,311,201,189,151,498
82,9,77,89,301,395,168,349,145,49,232,154
82,10,488,490,37,215,119,380,92,180,410,65
82,11,379,481,78,428,115,85,279,407,398,188
82,12,303,48,307,223,502,286,251,401,120,426
82,13,415,248,467,457,100,9,292,499,105,55
82,14,351,461,254,162,396,18,305,196,486,275
82,15,309,6,347,410,340,494,346,209,25,160
82,16,116,283,325,90,174,438,25,424,199,48
82,17,187,296,214,81,410,197,464,286,505,39
82,18,246,168,341,58,326,373,84,62,95,414
82,19,308,469,175,223,255,292,67,332,286,20
82,20,445,136,112,214,124,64,58,140,167,41
82,21,268,502,354,470,419,208,376,312,292,11
82,22,499,349,253,444,434,435,374,242,17,441
82,23,498,124,316,440,398,238,24,410,214,453
82,24,101,477,201,191,482,20,151,311,349,402
82,25,89,77,301,145,168,395,375,107,468,49
82,26,488,215,119,305,236,380,410,92,29,65
82,27,379,36,428,131,53,481,78,287,11,115
82,28,48,288,303,307,286,223,426,502,107,47
82,29,467,415,370,9,55,105,100,248,457,167
82,30,351,254,162,461,486,196,213,76,396,305
82,31,309,347,410,6,427,209,25,160,496,2
82,32,283,116,438,90,325,174,424,35,25,223
82,33,187,505,214,81,296,197,410,286,39,156
82,34,246,341,168,58,122,84,373,361,62,472
82,35,308,67,33,469,223,286,332,242,46,327
82,36,445,214,136,112,64,140,41,122,124,58
82,37,268,470,502,354,419,78,208,119,292,376
82,38,349,499,253,441,444,17,434,374,52,328
82,39,498,316,124,440,410,398,453,219,53,238
82,40,198,505,223,0,85,102,156,43,229,95
82,41,168,259,499,175,19,220,146,170,475,147
82,42,62,362,491,268,78,23,216,508,261,222
82,43,369,280,106,49,149,256,164,458,137,427
82,44,220,346,364,224,127,479,492,104,273,439
82,45,145,401,33,249,447,49,232,70,3,104
82,46,185,325,390,329,128,218,464,129,381,110
82,47,292,458,321,234,39,175,390,269,446,452
83,0,46,160,330,79,219,2,54,505,70,474
83,1,71,112,483,447,110,492,87,323,397,485
83,2,10,101,310,185,315,488,142,189,266,97
83,3,510,216,265,161,507,297,454,129,332,205
83,4,417,495,329,41,177,499,174,306,136,359
83,5,258,373,425,273,25,280,120,266,449,506
83,6,476,198,335,354,136,396,383,210,189,337
83,7,231,170,329,8,108,118,437,486,334,219
83,8,101,477,307,11,370,191,325,361,155,422
83,9,395,89,375,467,130,468,129,301,464,154
83,10,119,488,60,280,215,507,37,207,298,100
83,11,379,10,78,36,471,436,339,126,428,197
83,12,351,463,80,457,47,48,502,504,484,272
83,13,457,415,441,35,427,119,250,487,467,261
83,14,254,461,396,94,77,33,162,351,327,275
83,15,347,309,366,340,160,277,506,181,280,156
83,16,116,25,48,91,438,192,90,174,333,480
83,17,187,464,296,86,194,137,469,273,256,143
83,18,434,137,213,284,108,308,330,90,472,272
83,19,364,308,223,486,92,434,175,388,356,420
83,20,112,64,138,56,94,146,421,508,214,192
83,21,154,376,208,119,271,419,447,32,162,211
83,22,150,479,192,374,177,422,441,507,435,48
83,23,440,498,124,219,316,78,214,119,177,349
83,24,477,101,191,155,114,359,422,210,161,307
83,25,395,89,375,208,496,107,468,467,443,130
83,26,280,153,422,279,60,77,119,507,207,296
83,27,78,258,379,471,36,10,444,86,436,201
83,28,489,288,80,48,73,351,32,72,457,281
83,29,457,334,441,415,370,241,103,467,71,508
83,30,254,205,461,160,492,396,319,486,275,162
83,31,347,309,160,340,277,269,366,2,37,410
83,32,25,116,438,174,48,91,90,424,192,283
83,33,187,296,464,410,378,81,405,256,152,132
83,34,434,213,330,419,361,472,92,108,354,220
83,35,444,469,223,483,308,286,327,486,337,364
83,36,214,64,112,508,41,138,94,180,192,75
83,37,271,154,119,208,459,376,447,58,301,32
83,38,479,150,374,192,48,441,177,435,422,507
83,39,440,124,498,316,410,349,219,453,186,53
83,40,198,223,102,505,229,95,85,0,43,421
83,41,264,168,19,146,259,499,170,220,421,261
83,42,403,379,268,508,23,113,222,424,95,163
83,43,369,280,256,49,458,149,106,147,286,137
83,44,374,364,224,346,479,492,273,247,156,439
83,45,114,447,401,249,3,232,49,70,26,104
83,46,455,325,185,464,128,390,431,381,323,186
83,47,88,166,269,45,8,357,89,226,131,175
84,0,360,173,392,184,19,272,338,386,293,242
84,1,405,237,403,65,160,499,179,182,251,48
84,2,210,36,371,481,226,382,251,211,370,134
84,3,161,265,406,454,297,332,40,185,274,396
84,4,177,136,38,299,174,216,166,264,113,450
84,5,346,25,425,161,266,324,357,505,404,61
84,6,335,476,365,354,312,291,459,136,396,44
84,7,329,219,206,228,71,353,156,108,200,501
84,8,477,101,307,331,482,201,20,11,370,163
84,9,89,301,375,467,107,505,129,208,49,285
84,10,215,87,60,488,119,92,282,507,145,236
84,11,379,428,471,131,126,503,78,53,498,370
84,12,155,404,48,327,266,355,457,221,413,269
84,13,467,71,457,415,292,499,370,100,167,84
84,14,461,254,196,18,351,162,396,327,142,77
84,15,309,347,427,25,160,410,2,277,209,506
84,16,116,283,90,174,325,438,192,35,424,199
84,17,187,296,197,81,505,410,464,256,440,0
84,18,500,283,34,229,213,220,165,326,482,381
84,19,223,82,308,469,316,175,482,364,252,20
84,20,445,112,347,64,214,138,508,18,58,94
84,21,253,154,409,301,119,376,447,354,48,271
84,22,316,193,422,111,66,384,177,507,419,137
84,23,498,440,124,316,78,407,199,238,349,462
84,24,101,477,331,307,61,201,20,422,191,155
84,25,89,145,301,107,375,395,285,208,436,468
84,26,215,236,87,119,29,305,60,92,488,2
84,27,428,379,131,53,36,503,481,471,115,407
84,28,155,404,327,48,288,369,252,269,107,266
84,29,467,370,241,167,415,457,55,71,246,100
84,30,351,254,162,213,142,461,484,196,345,34
84,31,309,347,427,160,496,209,464,25,410,2
84,32,116,283,438,90,174,424,25,325,223,192
84,33,187,296,505,81,464,410,214,409,123,440
84,34,500,229,34,482,283,437,381,165,220,213
84,35,223,308,482,82,20,469,286,129,486,242
84,36,445,112,214,64,508,347,94,138,117,421
84,37,301,154,119,409,253,11,459,354,376,447
84,38,316,193,384,177,422,111,66,419,192,435
84,39,440,498,124,219,349,410,316,78,407,177
84,40,198,229,95,102,505,0,223,421,466,52
84,41,264,168,146,259,499,289,170,2,19,147
84,42,403,436,237,59,424,222,210,268,389,95
84,43,369,256,458,280,49,149,400,106,147,164
84,44,364,224,339,479,346,273,492,500,465,47
84,45,435,114,249,3,145,193,214,49,447,70
84,46,325,128,381,390,412,464,185,431,186,121
84,47,89,321,88,357,8,45,390,269,166,452
85,0,446,173,68,133,19,211,414,360,492,404
85,1,182,499,65,403,405,237,135,48,179,351
85,2,165,70,427,371,289,313,100,319,369,415
85,3,265,161,454,332,40,297,406,338,412,60
85,4,136,177,166,174,327,264,299,493,213,38
85,5,425,25,120,404,220,346,357,333,450,266
85,6,335,480,316,267,396,121,433,459,422,431
85,7,329,501,156,71,228,108,234,219,213,206
85,8,101,477,331,20,217,307,161,11,163,422
85,9,89,157,49,107,168,464,301,467,505,130
85,10,87,311,236,487,282,67,488,215,305,119
85,11,379,428,10,308,36,471,256,78,229,370
85,12,327,404,155,48,331,302,281,413,32,369
85,13,467,71,292,441,241,167,415,499,457,367
85,14,254,77,461,18,142,231,196,396,162,275
85,15,347,309,410,340,25,160,2,496,366,269
85,16,116,325,283,25,90,174,48,438,192,424
85,17,187,296,464,410,440,256,132,197,97,81
85,18,500,34,229,69,252,283,213,437,165,482
85,19,223,82,364,308,469,20,337,328,434,374
85,20,445,112,508,96,140,147,192,347,421,298
85,21,253,376,409,119,447,154,301,115,32,48
85,22,384,316,111,193,51,498,66,422,115,368
85,23,498,124,440,219,78,316,349,214,24,238
85,24,101,477,217,331,155,422,307,20,191,351
85,25,89,168,107,468,496,375,395,355,157,301
85,26,87,305,67,119,236,488,92,60,207,494
85,27,36,10,428,379,53,255,78,436,131,6
85,28,404,327,155,288,48,331,302,281,369,32
85,29,467,415,241,246,457,441,292,71,367,370
85,30,162,77,254,461,142,18,484,196,327,243
85,31,309,347,25,410,496,160,340,427,150,277
85,32,174,116,25,311,124,424,283,438,48,442
85,33,187,296,464,93,285,410,409,0,39,286
85,34,34,500,229,437,252,354,482,69,326,403
85,35,223,469,20,308,82,364,486,482,129,286
85,36,445,112,508,214,138,421,140,347,64,94
85,37,409,301,253,119,11,459,376,154,447,58
85,38,384,316,111,193,498,66,177,51,422,507
85,39,440,498,124,349,219,177,78,205,316,287
85,40,198,229,95,102,466,0,52,421,165,145
85,41,168,289,146,264,259,170,2,147,303,19
85,42,403,59,237,436,235,424,490,141,95,222
85,43,369,458,256,49,149,147,412,400,438,75
85,44,364,224,500,339,288,47,492,465,27,479
85,45,249,435,3,193,214,114,49,24,70,104
85,46,128,325,381,121,244,185,186,390,435,35
85,47,89,8,357,88,45,390,452,185,9,226
86,0,348,403,349,95,308,360,338,327,75,61
86,1,65,179,135,212,381,182,441,491,48,58
86,2,313,117,165,351,168,265,28,211,370,173
86,3,161,265,40,454,332,297,406,180,396,60
86,4,136,177,166,174,38,467,264,327,299,502
86,5,425,120,25,317,357,220,404,358,191,130
86,6,480,431,393,296,347,138,24,335,396,353
86,7,329,101,501,461,2,28,413,235,108,8
86,8,101,477,155,307,191,210,161,422,217,283
86,9,468,89,496,375,130,208,395,107,115,360
86,10,487,78,280,60,361,236,119,354,279,507
86,11,78,86,379,10,471,205,328,370,258,201
86,12,331,372,48,32,75,497,127,360,345,51
86,13,457,64,241,250,71,119,35,487,167,311
86,14,396,254,160,268,94,461,142,509,275,18
86,15,309,347,277,160,269,366,340,506,25,280
86,16,25,438,116,91,424,325,48,333,223,283
86,17,296,187,378,464,211,147,410,143,349,86
86,18,170,252,207,394,25,80,67,117,235,416
86,19,73,308,445,469,364,486,388,246,286,356
86,20,112,506,56,125,86,508,214,64,421,359
86,21,400,223,442,206,376,11,154,59,58,345
86,22,269,230,468,51,142,295,414,305,369,379
86,23,498,440,124,316,73,238,349,78,382,263
86,24,101,477,155,217,422,307,191,161,496,20
86,25,375,395,89,107,468,208,130,496,239,115
86,26,280,361,60,119,487,346,78,67,408,501
86,27,78,379,86,36,328,258,10,471,28,322
86,28,345,48,331,32,372,75,288,51,91,177
86,29,457,355,292,246,467,370,64,415,420,241
86,30,509,461,142,254,396,262,504,305,162,160
86,31,160,309,6,347,410,209,150,25,427,340
86,32,174,283,438,90,424,146,325,223,116,109
86,33,187,371,118,409,296,285,81,74,207,410
86,34,117,416,67,156,394,25,506,487,170,373
86,35,16,445,73,184,469,373,175,286,59,308
86,36,315,297,506,214,436,41,75,112,124,198
86,37,400,345,442,206,311,11,223,199,59,354
86,38,295,269,230,305,51,142,414,468,379,500
86,39,498,124,81,316,440,117,96,401,398,155
86,40,6,198,165,136,418,227,171,0,215,77
86,41,12,505,168,306,125,380,245,259,494,438
86,42,97,67,138,133,257,479,22,365,187,45
86,43,94,369,486,387,84,181,267,178,149,378
86,44,294,224,500,474,337,173,472,495,191,364
86,45,201,119,104,3,126,330,249,297,149,70
86,46,161,248,128,325,446,138,390,244,499,381
86,47,29,89,181,12,33,357,125,321,17,76
87,0,312,418,267,362,265,76,39,301,430,218
87,1,61,226,316,76,230,3,402,410,189,182
87,2,271,452,105,249,490,211,185,257,370,338
87,3,265,454,161,283,332,396,489,297,228,247
87,4,87,175,310,74,265,110,267,449,177,17
87,5,255,125,54,425,245,25,415,120,350,272
87,6,382,87,383,161,3,224,480,175,291,335
87,7,267,164,449,470,101,108,305,219,329,282
87,8,496,101,155,477,32,169,307,173,201,191
87,9,89,284,340,301,335,375,168,49,88,395
87,10,446,362,215,119,60,488,65,487,380,29
87,11,148,428,78,379,258,131,115,481,328,471
87,12,379,267,278,400,243,48,416,284,457,505
87,13,457,303,292,415,100,233,280,370,9,82
87,14,461,484,489,94,275,254,302,396,273,305
87,15,309,347,156,150,506,160,340,25,280,6
87,16,283,90,116,174,438,424,368,224,325,223
87,17,187,296,440,426,214,39,410,464,81,101
87,18,43,183,390,255,326,373,249,198,343,414
87,19,142,20,62,507,308,396,175,292,33,469
87,20,112,136,214,508,93,58,192,64,226,41
87,21,113,354,183,111,419,470,376,277,459,292
87,22,221,416,428,434,334,303,444,440,243,441
87,23,440,498,443,124,4,214,205,316,81,174
87,24,32,101,386,173,477,169,155,422,126,20
87,25,284,89,375,335,88,340,107,467,300,395
87,26,362,446,215,305,60,119,77,409,231,462
87,27,148,343,322,36,379,471,255,258,10,76
87,28,267,379,243,400,288,278,380,47,484,48
87,29,233,303,441,82,457,292,415,277,316,486
87,30,275,162,254,273,196,489,103,76,344,461
87,31,309,347,160,150,496,25,277,156,2,269
87,32,116,438,283,174,25,216,90,192,48,424
87,33,187,440,296,156,426,123,0,464,132,403
87,34,183,43,330,122,108,390,255,361,198,364
87,35,142,20,129,364,33,396,308,507,62,469
87,36,136,112,214,198,64,508,41,58,421,47
87,37,113,419,183,111,354,376,459,216,208,201
87,38,221,416,428,334,303,434,48,440,444,328
87,39,498,124,440,257,119,349,219,53,316,410
87,40,198,505,95,229,366,215,223,43,0,145
87,41,168,448,259,499,146,175,220,19,264,147
87,42,50,62,216,23,268,362,261,379,40,214
87,43,369,280,164,498,149,106,49,256,458,509
87,44,364,224,346,468,479,233,492,156,465,333
87,45,249,33,3,401,447,70,49,214,134,193
87,46,128,325,218,381,412,464,186,329,390,323
87,47,292,458,39,175,452,234,131,357,87,390
88,0,46,330,160,505,149,407,3,375,306,115
88,1,71,59,112,251,250,9,134,455,483,412
88,2,10,271,226,142,101,105,490,354,97,277
88,3,510,161,216,454,265,297,360,2,332,255
88,4,417,495,359,87,177,499,110,174,260,306
88,5,125,373,258,25,425,266,273,255,449,233
88,6,382,476,354,198,224,189,335,87,236,161
88,7,231,267,170,329,164,470,305,51,8,19
88,8,101,307,477,422,173,386,114,459,473,20
88,9,468,88,335,467,107,375,284,505,208,89
88,10,60,119,215,462,120,77,448,422,325,146
88,11,379,10,471,148,256,36,166,258,343,436
88,12,351,457,463,484,243,47,504,380,80,272
88,13,441,457,250,233,487,427,82,338,103,508
88,14,275,254,33,327,205,492,268,94,162,101
88,15,347,309,366,277,340,160,269,181,122,506
88,16,192,116,48,25,438,424,174,269,90,50
88,17,187,464,137,296,86,374,256,194,347,273
88,18,434,213,330,108,284,90,137,183,198,272
88,19,364,486,223,420,388,123,142,356,328,308
88,20,112,64,146,94,508,428,421,192,180,169
88,21,154,376,419,271,208,119,459,113,425,162
88,22,374,479,441,150,177,276,48,417,422,192
88,23,440,498,124,219,119,214,177,349,4,203
88,24,101,477,114,307,386,359,191,422,210,473
88,25,89,464,53,208,107,467,496,375,468,424
88,26,60,77,153,422,207,84,507,279,100,280
88,27,258,471,379,444,10,36,436,256,463,35
88,28,489,80,73,457,288,351,48,72,281,236
88,29,441,457,370,334,71,241,508,377,103,467
88,30,319,205,254,461,251,38,275,77,160,492
88,31,309,347,160,340,277,150,496,366,2,269
88,32,116,174,438,25,48,90,91,192,109,424
88,33,187,296,464,81,410,256,132,148,194,86
88,34,434,213,330,361,183,419,354,220,472,122
88,35,483,135,223,129,364,308,20,337,420,327
88,36,112,64,94,508,421,214,192,136,180,41
88,37,271,154,459,119,376,208,113,419,447,58
88,38,479,374,150,48,441,177,276,192,422,419
88,39,440,498,124,349,219,119,177,410,186,257
88,40,198,229,505,95,52,0,421,466,102,389
88,41,264,168,146,499,19,220,259,158,303,170
88,42,403,379,268,508,23,55,222,113,95,396
88,43,369,458,256,280,147,164,149,106,137,49
88,44,364,247,479,224,346,465,233,273,492,156
88,45,508,114,249,3,214,401,447,193,49,376
88,46,128,325,412,431,464,381,186,323,390,121
88,47,88,8,357,89,166,269,45,452,390,131
89,0,360,67,49,338,289,349,14,149,403,95
89,1,405,179,65,93,482,273,319,47,352,415
89,2,161,110,432,443,347,165,273,427,271,297
89,3,40,161,454,185,265,297,472,406,498,343
89,4,467,136,177,132,244,174,38,479,264,400
89,5,404,33,182,123,443,125,130,450,18,25
89,6,121,267,393,197,327,433,228,135,481,316
89,7,2,508,214,395,329,472,511,195,69,6
89,8,412,359,25,355,281,114,101,333,199,75
89,9,496,468,373,403,412,247,146,339,65,228
89,10,365,422,369,361,317,113,511,178,499,234
89,11,10,86,6,229,471,436,344,194,168,301
89,12,72,372,281,11,51,413,504,302,0,177
89,13,344,338,167,441,119,457,435,250,508,301
89,14,101,492,471,187,185,272,268,254,113,275
89,15,366,347,395,122,277,181,340,350,410,69
89,16,48,106,25,63,184,462,508,192,64,116
89,17,361,464,106,36,27,463,221,86,141,254
89,18,80,403,69,154,134,280,201,209,247,436
89,19,486,211,364,430,330,305,313,156,270,195
89,20,421,235,13,428,187,76,310,146,231,469
89,21,376,48,479,437,243,489,336,459,393,154
89,22,252,355,351,51,302,14,310,511,356,389
89,23,219,203,124,431,324,214,207,440,235,262
89,24,412,114,25,359,355,101,429,333,75,199
89,25,496,468,373,403,510,471,358,65,257,247
89,26,422,365,153,234,279,357,317,113,369,511
89,27,10,86,229,6,471,270,36,168,344,392
89,28,489,72,80,302,281,238,385,288,504,73
89,29,334,119,378,508,441,457,103,385,179,487
89,30,492,101,283,38,471,319,294,254,192,193
89,31,366,347,340,122,395,410,69,47,351,309
89,32,48,25,106,333,184,462,91,192,456,72
89,33,464,221,90,361,152,377,364,296,129,86
89,34,419,80,69,473,154,213,201,465,25,403
89,35,430,486,138,364,211,428,270,502,483,169
89,36,112,225,94,421,369,146,76,258,284,298
89,37,48,479,115,129,376,154,381,113,271,370
89,38,355,51,511,356,302,123,252,310,389,305
89,39,440,219,498,349,124,287,324,414,105,465
89,40,28,229,421,466,183,95,52,0,198,391
89,41,100,384,196,168,146,333,421,457,505,161
89,42,235,490,59,403,396,141,39,391,381,55
89,43,369,147,380,458,400,188,75,150,85,277
89,44,472,283,364,73,143,444,34,159,224,108
89,45,149,3,429,249,214,233,49,25,510,24
89,46,161,325,221,381,35,128,435,68,185,164
89,47,486,61,76,42,392,452,469,8,390,302
90,0,326,7,479,139,0,64,350,403,254,290
90,1,179,210,405,441,429,65,143,39,498,352
90,2,165,410,192,369,287,168,313,161,415,427
90,3,40,454,161,297,498,265,472,412,221,343
90,4,467,136,177,174,244,132,213,133,38,309
90,5,404,405,33,497,25,182,443,123,6,18
90,6,267,423,245,121,197,433,365,327,399,170
90,7,2,472,195,486,329,343,511,214,50,69
90,8,114,412,355,359,101,25,333,422,20,345
90,9,468,496,247,373,107,17,403,67,510,65
90,10,365,152,361,422,234,267,222,119,279,113
90,11,10,471,229,86,177,194,193,392,412,6
90,12,281,372,51,318,466,504,11,177,189,69
90,13,344,250,435,167,441,338,177,421,508,241
90,14,492,262,5,268,254,19,300,101,187,341
90,15,347,366,309,277,122,269,410,181,69,340
90,16,48,25,106,116,438,192,300,64,239,461
90,17,102,457,464,67,128,296,187,215,152,143
90,18,80,82,154,252,69,25,106,280,418,201
90,19,138,486,142,483,430,428,364,124,211,118
90,20,421,284,94,146,298,112,231,349,428,506
90,21,376,479,115,48,154,253,113,211,370,459
90,22,51,123,449,351,115,102,230,310,252,239
90,23,219,440,124,498,324,235,177,349,78,287
90,24,101,114,49,355,422,307,359,20,331,333
90,25,67,17,468,496,89,447,107,53,373,375
90,26,361,152,365,222,422,448,60,146,85,120
90,27,471,86,229,10,379,412,205,322,177,36
90,28,177,281,372,302,457,489,51,494,189,425
90,29,435,177,226,441,113,355,127,457,29,250
90,30,5,19,262,268,254,492,249,374,160,180
90,31,347,309,277,366,269,156,506,100,2,374
90,32,438,116,25,48,490,192,304,300,141,277
90,33,187,102,464,67,132,159,409,457,296,274
90,34,69,473,34,80,403,252,25,213,154,482
90,35,223,364,428,308,129,138,483,486,259,502
90,36,112,94,421,508,298,225,252,369,146,8
90,37,154,115,253,459,479,376,113,119,409,11
90,38,51,123,102,356,316,305,503,310,384,96
90,39,440,219,498,124,349,177,287,324,105,205
90,40,229,198,95,52,28,466,0,102,421,183
90,41,168,146,505,83,333,196,366,303,19,421
90,42,59,235,141,490,403,55,39,396,237,381
90,43,458,369,147,400,256,75,149,243,150,412
90,44,364,283,224,288,233,444,492,108,143,465
90,45,3,249,214,24,114,49,429,193,143,263
90,46,325,381,128,244,185,435,186,35,205,121
90,47,89,8,76,357,45,452,390,226,302,42
91,0,63,68,7,12,64,19,233,100,92,360
91,1,441,65,179,381,279,119,95,135,48,183
91,2,424,165,117,369,289,192,66,368,313,256
91,3,161,40,265,454,332,297,372,472,412,318
91,4,136,177,174,467,295,166,38,264,479,427
91,5,25,425,125,266,404,182,357,130,449,120
91,6,455,335,431,296,267,170,26,291,138,316
91,7,329,250,486,2,148,501,472,219,162,450
91,8,101,307,477,422,173,277,20,114,381,473
91,9,107,468,467,375,67,89,496,462,389,129
91,10,448,60,361,78,77,215,67,365,462,162
91,11,86,10,379,205,256,229,30,429,308,177
91,12,457,91,32,372,136,147,331,359,345,504
91,13,250,355,177,222,441,508,64,241,338,457
91,14,327,268,275,254,162,420,492,142,97,511
91,15,309,347,277,25,269,366,287,150,238,280
91,16,192,116,438,424,25,283,50,136,48,269
91,17,187,464,256,102,349,296,132,143,176,469
91,18,25,117,416,80,76,506,170,67,408,201
91,19,364,308,388,420,434,486,414,89,285,356
91,20,112,506,225,508,252,192,56,170,86,64
91,21,400,206,442,376,345,461,311,146,58,162
91,22,503,468,269,258,10,25,369,217,201,389
91,23,498,440,124,349,177,219,287,407,316,42
91,24,477,101,422,155,307,355,20,49,359,210
91,25,467,107,63,89,208,466,375,130,468,238
91,26,448,60,361,77,119,215,78,462,280,346
91,27,86,78,379,229,126,36,205,258,10,322
91,28,91,345,372,177,32,302,457,281,489,402
91,29,355,241,420,457,435,177,441,377,401,356
91,30,461,327,420,162,275,268,509,142,34,262
91,31,160,309,25,6,150,347,496,169,209,37
91,32,174,283,116,63,338,424,311,199,438,442
91,33,118,187,371,172,74,296,410,500,285,81
91,34,117,67,416,156,76,25,234,487,80,248
91,35,184,469,59,510,175,445,66,16,331,286
91,36,506,124,297,315,436,214,41,58,290,413
91,37,400,345,442,474,333,11,311,223,220,206
91,38,295,503,269,415,136,468,414,10,369,305
91,39,81,498,124,401,316,238,96,155,440,117
91,40,6,165,198,215,136,223,366,418,171,357
91,41,12,168,245,259,494,353,380,94,394,438
91,42,138,97,365,67,257,479,22,133,438,45
91,43,369,267,486,149,15,94,370,387,84,181
91,44,294,474,173,4,191,337,495,224,270,471
91,45,201,126,119,104,297,3,351,249,132,49
91,46,325,25,446,128,161,248,30,499,381,266
91,47,181,29,125,33,297,463,17,89,80,254
92,0,412,251,319,168,235,205,109,431,371,148
92,1,440,57,125,389,383,446,181,95,475,310
92,2,107,496,257,511,37,444,207,137,436,109
92,3,293,496,507,196,405,205,403,335,249,408
92,4,73,346,357,325,294,199,465,344,506,423
92,5,56,74,68,110,154,294,250,112,26,137
92,6,259,118,68,292,435,168,291,269,111,397
92,7,351,316,33,302,139,276,489,8,333,92
92,8,356,191,304,477,189,138,101,496,402,11
92,9,89,395,168,301,111,232,340,208,139,140
92,10,65,2,215,424,60,488,119,129,29,84
92,11,428,379,471,3,131,115,78,59,53,258
92,12,220,246,218,287,143,301,37,113,462,228
92,13,370,467,304,457,128,415,246,499,195,372
92,14,461,486,388,74,94,160,213,254,231,127
92,15,6,160,309,156,58,226,340,169,347,66
92,16,90,174,35,283,203,424,116,325,438,133
92,17,172,196,81,17,296,118,187,430,73,422
92,18,503,497,510,248,127,483,282,475,385,388
92,19,184,210,469,47,175,66,331,255,177,88
92,20,124,413,297,290,228,507,345,366,436,315
92,21,220,474,18,242,464,456,337,74,54,264
92,22,470,283,78,43,264,261,171,86,77,281
92,23,401,96,69,155,95,390,363,404,327,242
92,24,304,356,205,233,154,138,402,503,191,389
92,25,232,62,89,171,168,210,154,301,122,471
92,26,65,2,29,129,10,273,488,114,305,125
92,27,3,255,415,363,379,59,12,53,481,390
92,28,288,113,220,246,143,228,218,174,462,459
92,29,370,128,195,412,372,304,168,467,246,415
92,30,486,388,323,74,90,69,188,175,254,45
92,31,6,226,66,410,58,160,209,128,494,306
92,32,174,148,203,227,108,438,442,306,459,182
92,33,172,196,17,430,484,324,73,422,14,343
92,34,72,503,510,497,127,6,248,483,49,282
92,35,207,212,14,59,469,225,66,289,88,255
92,36,413,215,290,366,228,507,47,198,423,15
92,37,220,18,474,464,287,337,147,456,242,91
92,38,470,283,78,264,43,77,86,181,171,281
92,39,390,238,416,363,146,95,316,69,486,511
92,40,59,407,203,116,357,471,244,323,215,186
92,41,435,226,259,434,385,94,67,353,145,414
92,42,365,287,301,476,428,123,119,294,303,471
92,43,207,217,377,509,185,2,15,180,92,486
92,44,189,51,158,440,276,338,43,277,4,405
92,45,282,34,406,479,365,48,22,232,289,359
92,46,25,77,469,239,372,256,171,432,189,49
92,47,254,79,142,445,424,59,280,11,207,438
93,0,351,315,333,109,395,249,435,90,20,214
93,1,32,97,383,74,235,505,88,130,306,400
93,2,357,89,372,37,295,0,84,322,171,27
93,3,249,293,507,269,305,205,408,182,496,335
93,4,465,325,28,222,506,198,156,389,410,252
93,5,482,292,154,468,112,236,226,263,100,446
93,6,185,394,13,164,237,126,260,505,165,112
93,7,158,489,177,316,242,199,425,141,191,351
93,8,356,191,304,138,503,87,233,11,189,402
93,9,471,232,161,171,140,111,139,62,154,132
93,10,65,370,2,129,220,10,488,348,125,313
93,11,415,273,234,71,371,59,3,363,294,402
93,12,246,459,228,475,37,220,113,288,218,253
93,13,128,412,329,195,372,304,387,286,52,370
93,14,486,74,388,90,127,188,497,212,368,461
93,15,6,375,346,494,66,58,306,289,486,226
93,16,174,441,35,148,203,231,129,368,146,272
93,17,172,196,422,430,73,484,70,372,324,17
93,18,127,510,471,483,49,497,42,248,6,503
93,19,47,212,289,207,225,66,255,376,210,63
93,20,413,507,366,290,228,215,15,47,345,464
93,21,18,464,340,54,474,337,242,100,220,33
93,22,77,78,81,264,293,30,223,86,181,41
93,23,363,390,146,416,95,69,163,327,486,384
93,24,87,191,356,304,503,389,233,189,138,205
93,25,471,232,171,161,299,62,140,132,168,89
93,26,65,10,370,129,488,348,313,273,125,29
93,27,12,294,234,273,363,415,422,59,206,17
93,28,288,246,459,220,228,37,217,113,475,253
93,29,128,195,52,412,102,426,329,370,387,220
93,30,486,388,74,127,69,90,188,323,383,92
93,31,6,128,306,375,226,66,58,237,209,178
93,32,174,26,442,227,368,108,231,438,459,203
93,33,422,172,196,484,17,324,72,73,430,267
93,34,127,510,471,386,497,49,503,483,42,6
93,35,207,14,212,289,225,255,383,59,47,26
93,36,215,413,366,228,290,507,58,335,15,47
93,37,464,18,287,337,91,340,474,456,147,33
93,38,78,77,293,81,264,181,30,86,223,401
93,39,416,390,146,238,69,316,363,486,95,511
93,40,203,407,59,244,357,471,215,323,116,186
93,41,435,226,434,94,259,67,385,414,304,145
93,42,428,287,119,476,301,303,123,472,87,393
93,43,217,207,509,377,92,2,15,185,370,180
93,44,189,51,440,158,43,4,277,471,276,54
93,45,282,34,406,48,479,365,359,28,232,230
93,46,372,77,239,469,256,171,188,141,388,340
93,47,280,142,11,78,272,85,424,59,65,451
94,0,416,320,464,458,264,132,485,470,219,346
94,1,130,209,157,60,434,174,152,320,225,128
94,2,286,321,87,454,89,405,414,171,393,304
94,3,283,507,426,323,249,293,384,496,237,403
94,4,371,471,292,152,199,168,324,87,386,237
94,5,5,509,11,257,187,20,76,340,53,112
94,6,22,285,234,179,188,324,112,416,329,78
94,7,174,220,172,132,357,154,95,275,105,333
94,8,116,497,363,470,191,162,337,451,189,449
94,9,232,140,299,152,139,132,395,39,208,471
94,10,349,46,92,488,314,10,173,490,270,5
94,11,277,491,235,234,337,129,17,336,390,154
94,12,434,470,475,231,493,227,288,317,481,33
94,13,62,201,244,348,42,336,147,445,297,109
94,14,486,132,127,450,333,461,381,293,251,192
94,15,6,66,150,375,237,58,226,160,346,427
94,16,35,174,459,203,227,146,325,438,368,199
94,17,14,74,81,500,276,422,87,240,410,383
94,18,125,223,340,109,81,386,96,287,326,307
94,19,104,255,207,289,225,469,59,88,47,332
94,20,366,260,215,501,167,290,335,47,413,58
94,21,384,287,91,147,481,198,337,148,340,83
94,22,59,181,339,307,69,408,328,179,467,401
94,23,146,416,486,363,69,443,52,237,95,238
94,24,363,497,191,189,78,116,389,337,162,241
94,25,140,340,168,152,299,204,89,232,39,439
94,26,349,46,92,314,327,10,488,173,440,490
94,27,491,255,235,277,129,59,390,39,335,53
94,28,434,288,470,475,493,228,231,317,340,33
94,29,297,62,244,336,42,234,348,201,147,109
94,30,486,132,77,381,333,366,196,450,437,127
94,31,6,226,237,160,58,66,209,410,427,36
94,32,182,442,174,26,227,203,325,338,470,459
94,33,500,14,93,240,117,422,276,379,411,407
94,34,223,340,125,96,361,109,386,307,287,81
94,35,104,469,289,88,33,14,59,440,411,332
94,36,260,215,335,198,58,413,366,433,290,418
94,37,287,384,83,147,91,277,481,294,33,148
94,38,69,339,181,408,307,328,59,401,467,446
94,39,486,416,238,316,146,78,336,511,363,354
94,40,357,203,215,136,227,505,323,146,463,59
94,41,259,94,425,151,364,304,145,467,46,49
94,42,16,119,303,428,261,473,190,123,355,382
94,43,370,185,15,178,92,49,498,217,509,481
94,44,4,225,156,55,473,237,120,440,212,136
94,45,282,351,104,70,2,470,200,230,454,232
94,46,504,329,185,218,325,390,169,42,71,81
94,47,80,446,175,39,234,48,458,292,152,369
95,0,188,485,123,495,234,79,286,409,381,88
95,1,437,434,261,281,336,174,414,130,106,104
95,2,457,494,135,321,387,436,379,189,454,81
95,3,35,342,507,86,52,496,357,310,283,238
95,4,431,191,128,329,168,249,488,471,340,292
95,5,75,399,340,11,180,172,290,20,509,122
95,6,151,74,285,188,416,47,441,142,498,130
95,7,18,437,175,295,176,245,119,275,172,220
95,8,119,189,363,505,191,389,132,497,296,370
95,9,293,40,340,191,140,154,145,100,506,168
95,10,469,314,102,300,328,163,255,308,95,92
95,11,451,501,230,188,111,491,256,129,59,251
95,12,377,438,7,111,103,434,257,480,476,33
95,13,390,244,374,18,373,313,129,270,336,137
95,14,231,305,43,435,28,219,268,6,34,486
95,15,6,226,178,150,209,346,306,199,10,289
95,16,133,26,231,442,182,203,227,272,480,199
95,17,460,14,117,273,93,243,68,500,454,260
95,18,260,223,304,326,477,450,478,331,287,241
95,19,469,59,273,104,255,175,225,332,88,389
95,20,448,260,501,198,167,58,10,177,366,5
95,21,198,239,136,281,294,147,434,83,307,164
95,22,413,469,65,186,39,494,69,255,125,20
95,23,486,336,238,416,176,511,354,453,257,372
95,24,189,191,363,296,505,318,119,51,389,78
95,25,340,140,154,168,508,40,293,145,506,301
95,26,314,469,92,163,488,46,102,176,305,207
95,27,111,322,255,442,172,39,103,491,235,256
95,28,438,377,288,103,7,82,111,257,434,470
95,29,390,129,336,373,244,57,297,201,313,234
95,30,77,192,219,82,435,305,132,486,231,437
95,31,6,226,160,150,237,432,58,209,36,66
95,32,182,442,26,325,133,470,199,203,174,320
95,33,460,117,500,407,93,197,14,273,68,411
95,34,199,304,223,241,260,306,287,307,450,361
95,35,273,469,104,389,332,175,136,51,440,88
95,36,448,198,260,433,177,5,58,75,93,214
95,37,239,136,281,294,67,56,164,198,78,434
95,38,413,65,186,469,125,39,494,69,20,255
95,39,336,238,257,416,316,486,511,354,498,176
95,40,505,203,463,136,357,323,215,223,227,498
95,41,364,259,49,151,220,36,304,164,46,145
95,42,16,448,304,20,342,355,480,473,482,410
95,43,185,481,15,178,92,370,49,416,267,486
95,44,446,55,473,237,120,272,372,156,212,134
95,45,2,351,470,84,104,230,454,70,232,189
95,46,66,181,185,211,378,57,322,199,392,193
95,47,320,149,326,336,480,337,492,379,270,281
96,0,316,167,384,98,401,282,470,427,10,376
96,1,281,62,420,293,238,130,302,56,336,483
96,2,404,197,491,367,263,439,333,436,185,109
96,3,507,451,18,496,274,171,342,310,265,205
96,4,287,166,67,299,168,393,488,249,69,339
96,5,275,5,204,90,485,131,391,487,160,81
96,6,84,73,495,446,201,47,498,142,417,42
96,7,245,101,132,20,154,108,275,117,61,315
96,8,363,296,189,191,337,275,51,389,329,318
96,9,508,168,191,157,340,483,421,40,154,184
96,10,314,328,378,490,135,255,92,95,46,126
96,11,334,255,491,111,103,59,197,91,322,188
96,12,103,98,223,299,286,227,313,303,245,247
96,13,244,373,336,129,390,57,313,234,270,445
96,14,77,231,435,305,192,82,219,201,55,34
96,15,6,226,209,66,346,178,58,237,150,327
96,16,182,442,133,26,227,203,231,320,480,129
96,17,68,14,117,173,260,500,273,93,460,407
96,18,152,326,223,507,62,241,414,306,304,168
96,19,469,59,136,104,255,175,332,225,273,433
96,20,140,198,167,65,344,339,433,25,260,477
96,21,294,198,331,268,369,171,192,470,354,88
96,22,8,321,215,52,463,349,499,172,304,69
96,23,257,105,336,443,238,486,146,24,453,32
96,24,318,296,189,275,191,78,363,51,184,131
96,25,340,508,168,355,154,506,483,157,89,100
96,26,314,490,305,92,29,207,170,497,378,245
96,27,111,322,255,172,442,491,343,39,319,59
96,28,265,288,103,299,286,223,98,395,168,162
96,29,129,373,336,234,244,57,427,280,490,375
96,30,77,192,82,219,435,437,334,132,486,366
96,31,432,226,6,12,496,160,36,237,150,209
96,32,182,320,325,480,63,442,283,216,489,199
96,33,68,117,156,407,202,0,197,173,93,500
96,34,354,199,358,507,62,100,361,287,108,414
96,35,136,433,315,110,382,104,113,129,78,225
96,36,258,74,344,477,25,140,65,214,93,76
96,37,294,369,331,80,192,268,470,354,86,266
96,38,215,8,321,349,499,52,410,413,328,175
96,39,257,105,336,498,445,354,146,174,238,440
96,40,315,87,227,85,463,190,40,505,77,223
96,41,445,340,364,168,302,306,175,198,118,294
96,42,3,49,62,362,83,491,222,352,296,105
96,43,226,49,162,87,267,203,15,94,2,369
96,44,405,250,213,220,156,143,227,344,4,440
96,45,406,28,232,465,200,472,171,239,359,104
96,46,314,188,471,177,477,340,256,419,336,457
96,47,369,360,36,479,218,270,458,313,452,292
97,0,199,476,157,74,269,480,423,329,217,397
97,1,215,470,229,386,130,228,445,281,269,90
97,2,306,469,402,334,147,91,434,404,172,132
97,3,507,115,171,178,496,139,205,310,51,441
97,4,283,342,81,249,66,472,50,119,83,488
97,5,454,204,478,167,368,502,492,185,348,379
97,6,201,84,446,137,66,417,281,392,47,147
97,7,239,80,350,245,263,202,93,499,325,61
97,8,296,189,318,51,191,363,131,329,227,389
97,9,508,154,478,506,463,340,53,40,100,443
97,10,314,170,207,142,328,305,92,29,255,417
97,11,322,111,255,343,59,197,319,425,172,491
97,12,265,162,103,168,97,82,234,21,273,227
97,13,129,373,244,346,336,234,280,292,57,313
97,14,192,77,435,82,329,231,381,94,219,249
97,15,226,6,160,150,340,156,309,12,496,209
97,16,182,325,442,63,199,174,283,116,133,489
97,17,156,68,117,351,477,14,173,296,93,500
97,18,100,326,358,354,261,199,108,37,287,223
97,19,433,136,315,382,175,332,113,469,104,255
97,20,258,65,344,74,25,93,477,95,167,192
97,21,369,294,80,192,331,57,459,189,466,86
97,22,410,405,149,49,321,381,345,309,175,483
97,23,257,105,174,435,443,4,498,511,297,336
97,24,318,296,462,131,191,365,183,275,477,426
97,25,17,452,119,355,395,156,154,63,89,88
97,26,305,314,231,170,60,119,29,92,461,298
97,27,322,319,111,255,498,343,36,471,258,379
97,28,265,162,288,395,234,82,178,97,48,21
97,29,129,346,246,280,336,36,162,292,8,454
97,30,82,196,77,94,192,292,500,334,508,407
97,31,432,160,150,12,309,25,156,496,340,6
97,32,182,320,216,283,325,480,116,63,174,109
97,33,117,68,156,0,403,454,39,93,197,351
97,34,100,354,358,361,287,47,199,261,326,108
97,35,433,136,129,315,382,443,10,434,454,113
97,36,258,74,65,25,76,344,477,214,112,168
97,37,369,80,294,178,163,471,57,86,192,189
97,38,410,405,49,149,483,281,309,321,435,275
97,39,105,257,445,498,440,465,336,174,338,415
97,40,315,190,40,424,198,85,229,356,87,125
97,41,340,445,168,443,364,424,302,146,198,261
97,42,3,62,249,87,85,194,496,49,222,322
97,43,226,162,87,49,15,267,4,369,203,60
97,44,405,129,213,344,143,227,156,250,174,119
97,45,28,359,406,232,169,249,472,104,200,338
97,46,177,314,188,340,477,119,336,390,214,325
97,47,272,270,414,36,218,292,78,152,85,289
98,0,46,309,160,505,340,17,80,280,224,223
98,1,398,71,215,131,500,157,447,397,414,194
98,2,10,101,305,142,159,363,75,149,403,300
98,3,510,161,216,229,265,454,111,507,405,476
98,4,349,495,417,499,118,306,359,447,110,14
98,5,204,373,420,379,46,180,258,104,273,202
98,6,189,476,40,201,198,409,354,84,27,147
98,7,231,341,170,194,455,329,280,93,119,390
98,8,307,101,365,191,477,462,236,81,296,422
98,9,89,53,375,467,439,154,355,301,17,129
98,10,60,305,170,29,357,314,142,8,350,92
98,11,322,131,389,474,471,343,319,188,35,2
98,12,351,463,366,457,505,265,343,372,249,82
98,13,246,292,346,280,36,264,241,71,127,384
98,14,19,292,196,94,461,424,249,160,34,262
98,15,150,309,6,160,340,506,156,25,496,346
98,16,174,325,283,424,116,199,428,470,216,438
98,17,187,403,351,39,81,0,156,193,440,454
98,18,213,310,366,354,94,111,384,22,201,89
98,19,433,223,175,129,136,454,483,308,315,440
98,20,258,112,232,25,167,272,351,214,182,293
98,21,369,154,271,459,419,466,192,471,294,78
98,22,479,374,410,483,276,150,435,252,192,419
98,23,257,105,4,435,174,498,440,60,214,465
98,24,462,307,81,191,365,432,202,215,183,236
98,25,242,395,119,17,452,156,375,63,508,160
98,26,60,305,170,361,231,8,119,29,314,50
98,27,322,131,53,2,319,437,471,188,379,126
98,28,366,351,288,457,372,343,82,48,508,439
98,29,246,292,346,36,162,241,373,71,127,129
98,30,196,262,292,82,77,192,94,407,461,19
98,31,432,160,12,150,496,340,309,36,156,6
98,32,182,320,470,325,35,174,90,438,311,116
98,33,0,351,81,117,39,407,403,156,68,187
98,34,366,213,80,418,22,47,94,354,54,220
98,35,433,136,140,223,129,288,315,482,483,20
98,36,258,74,25,182,330,168,256,65,146,8
98,37,271,369,154,294,423,57,336,471,192,119
98,38,479,483,252,410,374,150,422,276,192,177
98,39,105,257,440,498,445,465,177,219,287,60
98,40,190,229,198,356,52,424,270,459,398,466
98,41,264,340,377,168,146,364,302,11,261,443
98,42,249,403,402,3,296,235,9,208,396,181
98,43,4,226,162,508,369,85,400,458,444,451
98,44,247,143,227,364,213,228,447,233,224,154
98,45,508,249,114,199,49,214,510,24,3,327
98,46,78,419,128,186,325,36,381,404,232,121
98,47,88,8,444,89,357,403,376,452,388,265
99,0,360,492,68,386,73,403,327,289,129,466
99,1,405,351,179,398,114,65,369,181,319,48
99,2,289,427,415,319,165,153,313,192,369,290
99,3,161,454,40,265,406,498,396,297,332,80
99,4,136,213,177,467,174,38,264,479,244,166
99,5,404,405,425,25,6,123,402,104,218,220
99,6,267,316,433,121,365,197,480,476,49,403
99,7,508,329,341,472,2,395,69,501,486,156
99,8,355,345,331,333,365,101,236,20,307,114
99,9,17,89,129,468,49,67,107,375,464,510
99,10,222,50,152,311,365,305,87,178,170,218
99,11,471,322,229,86,169,412,18,379,177,10
99,12,372,145,281,494,302,327,366,11,147,177
99,13,36,250,441,335,246,178,127,334,411,330
99,14,249,254,19,160,0,262,192,135,268,428
99,15,347,309,2,166,160,366,350,277,333,506
99,16,438,116,48,25,109,239,349,304,106,50
99,17,464,132,296,90,82,148,159,480,216,152
99,18,80,403,69,349,379,111,401,451,201,203
99,19,420,138,282,225,207,486,59,498,321,328
99,20,112,180,428,284,252,147,64,65,229,298
99,21,479,48,154,129,471,271,369,346,376,115
99,22,252,423,123,51,511,355,399,258,410,352
99,23,440,349,219,199,498,214,177,126,342,26
99,24,462,333,365,101,355,422,331,345,81,477
99,25,464,89,467,107,375,270,129,505,17,67
99,26,207,314,188,488,222,391,305,119,296,92
99,27,471,379,78,498,126,207,442,308,255,366
99,28,80,462,281,494,107,302,288,82,365,189
99,29,370,241,467,334,246,225,180,46,441,292
99,30,196,77,461,319,102,486,213,55,254,381
99,31,160,309,150,347,2,67,287,25,427,19
99,32,174,116,35,63,199,438,424,31,311,108
99,33,82,276,410,338,93,39,0,81,74,14
99,34,57,179,419,256,199,248,213,443,444,391
99,35,175,207,469,225,263,289,110,14,88,498
99,36,413,215,112,64,93,290,366,47,507,136
99,37,288,320,376,337,329,294,54,287,384,147
99,38,6,252,423,123,511,483,217,406,292,202
99,39,119,498,440,511,316,124,214,416,390,100
99,40,171,229,198,482,222,244,407,146,52,136
99,41,435,158,499,358,94,438,414,494,434,168
99,42,113,62,332,496,379,123,296,130,382,268
99,43,15,207,267,92,486,481,509,280,369,217
99,44,350,213,227,143,419,124,295,76,257,154
99,45,249,168,229,357,24,324,49,3,178,510
99,46,112,232,346,261,325,162,381,292,128,357
99,47,399,486,376,42,153,392,452,398,465,302
100,0,64,446,68,7,414,211,492,314,105,92
100,1,405,179,429,114,351,65,398,441,48,182
100,2,289,165,504,352,70,319,415,369,427,260
100,3,161,40,454,265,332,406,297,498,476,80
100,4,136,177,174,467,213,264,415,309,38,327
100,5,405,404,6,25,220,425,123,176,300,104
100,6,316,267,433,197,423,389,335,480,365,39
100,7,329,472,2,501,341,148,486,71,66,69
100,8,355,101,345,20,331,365,199,477,236,422
100,9,17,89,468,496,107,375,274,49,467,510
100,10,222,311,50,152,365,307,366,405,305,87
100,11,229,471,412,379,18,10,177,201,86,308
100,12,281,372,494,302,51,147,216,189,366,327
100,13,241,167,36,250,321,29,465,335,246,397
100,14,262,5,300,19,254,135,492,64,500,187
100,15,347,309,366,2,277,269,221,225,51,350
100,16,48,116,25,50,438,192,106,304,239,325
100,17,464,132,432,457,296,102,187,152,351,256
100,18,69,80,379,349,418,165,366,384,201,408
100,19,138,420,337,55,140,486,147,483,364,361
100,20,112,180,147,284,187,146,428,298,72,169
100,21,479,154,115,376,369,336,48,271,370,471
100,22,252,423,51,123,352,399,268,102,230,503
100,23,440,219,349,177,498,124,324,287,186,211
100,24,355,345,331,333,101,462,114,20,365,307
100,25,17,467,107,89,67,468,375,496,464,510
100,26,50,311,222,152,111,170,361,371,422,178
100,27,18,322,229,308,379,412,177,201,10,471
100,28,302,334,372,281,147,366,177,494,51,189
100,29,250,177,241,321,435,36,335,178,397,29
100,30,262,19,327,64,135,268,213,0,5,162
100,31,309,347,156,2,269,277,287,506,100,366
100,32,116,438,192,50,304,311,239,109,490,336
100,33,351,67,464,187,229,152,283,132,274,330
100,34,80,94,69,366,349,379,217,403,213,280
100,35,433,506,443,502,129,428,136,140,420,102
100,36,258,256,252,182,225,112,506,76,380,74
100,37,369,400,294,275,154,320,471,286,364,328
100,38,252,483,423,410,226,503,123,102,396,7
100,39,105,257,440,445,338,498,177,349,203,60
100,40,190,165,229,356,440,424,270,27,418,269
100,41,306,302,168,440,85,146,421,261,217,336
100,42,9,249,67,3,402,22,235,133,479,190
100,43,4,226,162,201,321,369,508,488,433,462
100,44,270,143,292,227,213,418,105,196,215,394
100,45,249,201,248,357,441,386,468,49,489,4
100,46,419,404,232,325,36,128,260,261,112,381
100,47,486,403,376,89,444,398,465,255,388,242
101,0,68,63,7,64,12,92,386,19,327,338
101,1,179,65,441,405,183,135,398,182,381,48
101,2,424,165,369,117,289,66,153,368,136,256
101,3,161,265,40,332,454,412,297,498,372,476
101,4,136,177,174,166,38,427,264,415,467,213
101,5,425,25,266,405,220,404,130,120,357,449
101,6,296,335,431,267,455,291,26,316,170,138
101,7,329,341,250,486,501,472,2,66,219,194
101,8,307,101,477,365,236,422,355,20,345,462
101,9,17,467,107,375,115,468,67,89,301,389
101,10,346,78,50,60,361,222,296,215,462,305
101,11,379,308,322,86,126,18,41,30,229,471
101,12,91,372,457,32,302,136,331,147,51,192
101,13,36,241,64,250,181,441,397,177,338,264
101,14,19,262,327,268,420,162,511,275,135,254
101,15,309,347,25,277,287,150,2,269,506,160
101,16,192,116,438,50,283,424,136,25,174,109
101,17,187,464,132,440,349,159,403,256,67,102
101,18,80,25,506,117,94,67,201,366,408,170
101,19,73,420,364,140,138,433,308,129,434,136
101,20,252,112,506,258,351,508,192,225,428,182
101,21,369,400,271,154,286,471,223,473,376,206
101,22,503,295,369,252,410,201,305,10,483,269
101,23,440,105,257,498,349,214,4,177,174,26
101,24,307,462,101,477,365,81,355,236,422,171
101,25,17,464,63,467,107,53,89,67,375,115
101,26,60,50,361,346,111,305,296,119,170,67
101,27,308,322,498,86,379,471,126,93,18,366
101,28,366,91,345,372,177,334,457,302,51,147
101,29,241,246,177,36,346,441,292,355,127,280
101,30,262,196,19,509,77,251,344,94,428,420
101,31,160,309,347,410,340,150,427,496,156,25
101,32,63,174,116,311,325,283,182,338,438,109
101,33,0,500,187,118,351,403,39,409,453,93
101,34,366,80,117,67,487,25,94,54,416,217
101,35,506,445,59,140,331,469,136,73,175,433
101,36,256,315,258,436,433,506,25,297,260,290
101,37,294,369,320,311,400,471,345,442,192,473
101,38,483,410,252,295,503,498,369,136,305,3
101,39,257,336,105,96,404,238,155,401,498,174
101,40,463,190,56,356,59,165,77,6,198,136
101,41,364,259,245,36,306,12,168,46,16,94
101,42,9,249,45,190,3,22,67,187,97,257
101,43,4,294,370,481,369,378,94,320,84,162
101,44,270,294,474,173,489,292,337,196,471,191
101,45,201,126,132,232,104,167,119,351,140,5
101,46,419,87,261,359,492,248,446,30,232,245
101,47,491,444,12,297,372,29,181,125,126,289
102,0,329,1,172,31,69,445,273,5,506,240
102,1,166,462,276,464,228,142,52,63,389,37
102,2,467,469,32,508,107,95,197,305,236,461
102,3,398,171,507,139,229,51,423,178,127,149
102,4,472,452,243,283,92,370,81,73,384,119
102,5,459,204,196,478,368,297,454,348,63,442
102,6,292,326,66,149,403,118,397,195,510,313
102,7,436,182,378,341,194,325,329,193,167,469
102,8,191,296,318,81,307,189,365,462,236,178
102,9,17,355,439,194,53,89,2,154,42,375
102,10,29,314,170,305,60,274,142,8,222,103
102,11,322,255,471,59,329,389,319,172,152,193
102,12,366,202,457,410,82,172,273,505,369,284
102,13,246,373,280,346,292,241,36,234,263,336
102,14,262,77,19,82,192,94,196,504,428,381
102,15,160,309,150,66,496,58,67,340,410,327
102,16,174,442,470,182,311,325,63,368,338,21
102,17,93,175,81,351,39,500,187,0,409,172
102,18,233,326,156,416,76,248,366,223,54,354
102,19,469,59,175,136,440,331,140,255,332,213
102,20,256,315,506,260,436,25,433,198,167,65
102,21,294,311,345,74,192,286,320,442,369,198
102,22,366,473,171,3,415,500,273,269,11,495
102,23,257,404,96,81,401,155,336,478,174,238
102,24,318,191,296,189,81,462,363,51,138,183
102,25,17,355,508,171,340,156,306,194,452,330
102,26,314,29,305,274,330,231,8,170,207,212
102,27,172,322,255,53,437,39,442,389,111,319
102,28,288,202,366,82,143,218,410,172,228,475
102,29,373,336,129,246,375,292,234,244,57,171
102,30,77,437,192,82,406,504,486,55,262,462
102,31,432,12,237,58,226,6,36,160,66,327
102,32,182,320,442,470,35,325,227,203,311,459
102,33,407,500,14,351,73,93,411,17,172,477
102,34,233,326,248,156,416,223,321,391,199,450
102,35,469,59,331,445,51,332,440,136,175,157
102,36,433,260,198,256,436,315,290,25,366,93
102,37,294,320,345,442,311,199,337,192,354,88
102,38,366,473,3,415,269,171,273,495,500,10
102,39,336,238,257,404,96,56,453,155,124,174
102,40,463,223,56,323,59,136,77,254,6,227
102,41,364,259,36,16,245,94,331,484,67,46
102,42,45,190,187,257,267,97,22,325,495,3
102,43,294,94,49,370,481,46,178,378,15,181
102,44,294,270,471,474,489,346,173,293,43,313
102,45,132,119,232,126,104,297,162,447,167,259
102,46,446,185,455,193,359,390,499,492,343,248
102,47,372,29,400,125,17,126,487,12,171,297
103,0,456,17,74,217,212,248,496,335,265,128
103,1,190,386,14,213,475,406,394,172,5,249
103,2,300,4,236,107,200,32,508,197,109,469
103,3,178,204,507,163,171,115,441,496,229,202
103,4,24,20,302,199,114,249,130,73,138,333
103,5,348,368,47,213,101,478,204,185,63,37
103,6,195,326,292,208,149,52,162,66,403,176
103,7,444,93,115,186,167,410,166,378,80,325
103,8,318,377,126,296,191,51,363,189,337,471
103,9,2,152,17,508,478,463,330,194,355,53
103,10,314,265,362,29,170,305,330,274,207,255
103,11,322,255,172,171,111,59,39,25,336,249
103,12,507,289,97,410,218,143,475,432,506,444
103,13,244,303,234,373,129,336,280,313,375,3
103,14,381,77,192,86,82,500,231,406,498,55
103,15,432,12,327,226,6,283,209,66,496,110
103,16,182,489,320,442,267,338,355,480,129,470
103,17,14,407,351,477,495,500,93,165,117,411
103,18,249,276,178,100,326,388,223,233,248,336
103,19,469,136,255,331,59,332,175,157,184,213
103,20,260,315,198,25,290,433,167,436,256,366
103,21,294,454,178,163,192,456,337,467,460,198
103,22,462,465,74,3,308,23,171,281,321,292
103,23,257,336,453,238,478,96,24,155,401,402
103,24,377,318,51,189,126,353,78,363,296,471
103,25,508,17,2,230,330,452,156,478,264,355
103,26,314,29,305,362,265,231,212,207,274,497
103,27,172,322,53,255,111,437,39,171,336,319
103,28,507,289,97,288,410,506,143,432,218,201
103,29,129,373,375,336,244,234,303,57,313,162
103,30,192,77,406,437,381,500,82,86,292,407
103,31,432,12,58,496,6,237,160,209,226,327
103,32,320,182,35,470,442,325,311,489,480,3
103,33,407,500,495,477,351,156,14,0,93,411
103,34,276,249,100,178,361,199,388,233,326,37
103,35,469,136,327,440,288,332,315,110,213,411
103,36,433,25,260,93,198,65,10,180,366,13
103,37,294,454,178,163,456,107,467,88,192,218
103,38,465,462,74,308,281,23,3,321,171,45
103,39,336,257,238,174,453,56,498,124,351,156
103,40,463,223,505,254,59,315,25,227,136,198
103,41,364,36,259,445,94,168,224,304,46,164
103,42,194,85,3,62,130,268,45,113,222,123
103,43,49,46,164,106,178,369,509,435,280,294
103,44,129,346,489,293,104,43,196,59,4,479
103,45,449,232,28,359,162,200,259,26,104,351
103,46,340,455,177,188,372,314,446,185,390,67
103,47,272,36,218,414,425,152,166,280,92,501
104,0,186,321,36,132,107,44,291,309,340,224
104,1,80,14,115,164,85,9,5,503,3,157
104,2,437,97,300,294,303,359,493,311,44,333
104,3,279,507,441,264,252,229,265,489,495,496
104,4,85,14,161,371,24,17,175,310,267,292
104,5,370,509,233,255,54,146,348,213,204,11
104,6,207,22,324,224,326,52,3,195,161,162
104,7,51,422,283,186,115,248,220,172,61,439
104,8,51,353,242,318,116,169,337,189,32,177
104,9,508,284,119,478,2,434,330,463,53,152
104,10,314,497,402,146,362,207,226,265,170,255
104,11,171,373,322,255,172,59,111,491,66,355
104,12,38,231,181,278,289,14,416,507,267,506
104,13,303,126,234,62,122,244,42,270,109,353
104,14,381,77,231,82,192,301,219,273,500,452
104,15,432,12,209,226,6,283,327,50,110,311
104,16,182,489,480,320,442,26,272,428,179,61
104,17,407,14,351,495,370,113,426,148,260,84
104,18,249,265,276,43,481,326,198,109,307,178
104,19,136,469,104,507,255,315,59,328,213,225
104,20,29,433,25,468,94,93,198,90,18,65
104,21,294,201,216,183,79,454,192,467,178,471
104,22,334,325,48,416,297,446,428,434,375,279
104,23,336,257,238,24,357,128,78,176,121,464
104,24,51,353,318,78,189,242,462,183,169,296
104,25,230,508,452,156,330,119,478,17,264,23
104,26,497,314,402,352,212,226,170,231,362,305
104,27,111,172,322,171,437,319,249,312,66,255
104,28,38,181,278,416,289,231,201,6,395,267
104,29,129,373,292,375,246,454,36,162,76,57
104,30,292,407,500,77,192,82,86,437,381,327
104,31,432,12,50,209,496,327,6,309,25,248
104,32,320,182,480,325,63,489,470,3,244,283
104,33,407,156,351,113,0,165,426,39,148,193
104,34,265,43,249,276,122,361,199,81,326,481
104,35,469,136,507,327,288,315,213,501,339,440
104,36,29,433,25,94,90,65,93,112,258,243
104,37,294,183,216,201,79,218,470,111,354,192
104,38,325,334,416,48,446,297,428,375,498,279
104,39,336,257,238,56,357,78,156,174,453,351
104,40,463,223,505,254,40,25,347,36,153,315
104,41,448,364,36,259,224,43,168,304,402,146
104,42,207,24,62,25,216,391,3,387,261,23
104,43,127,340,220,49,46,164,106,369,280,185
104,44,106,468,346,59,156,122,104,228,291,361
104,45,313,232,162,259,200,185,421,66,447,26
104,46,162,353,123,455,9,56,67,491,115,185
104,47,394,24,178,315,501,92,268,145,205,232
105,0,291,253,120,12,203,411,222,24,246,187
105,1,401,452,160,14,499,445,244,115,149,131
105,2,191,382,79,70,72,18,42,399,421,503
105,3,507,274,265,441,406,338,364,161,102,18
105,4,166,287,96,132,136,16,420,177,270,2
105,5,161,391,346,204,283,52,90,187,275,2
105,6,69,459,131,49,422,358,207,27,235,312
105,7,503,61,324,395,367,108,353,5,186,200
105,8,51,353,318,270,189,183,134,66,110,331
105,9,230,508,452,478,432,23,140,412,456,50
105,10,497,8,389,231,234,317,226,88,402,212
105,11,172,171,322,53,111,474,66,131,469,239
105,12,404,181,224,50,14,165,229,155,327,275
105,13,162,454,373,246,472,346,76,232,293,367
105,14,407,82,77,500,292,86,437,260,280,386
105,15,432,12,486,436,6,209,248,351,50,327
105,16,182,320,480,489,277,61,130,244,179,267
105,17,407,351,500,165,93,463,81,243,359,461
105,18,403,229,283,34,276,353,437,459,326,280
105,19,136,482,82,469,165,213,140,483,501,315
105,20,25,180,298,433,347,140,96,251,63,358
105,21,294,465,467,448,409,466,347,153,218,452
105,22,498,511,111,15,384,300,66,292,193,350
105,23,336,238,351,151,121,477,418,24,199,158
105,24,51,353,331,318,236,66,110,339,270,363
105,25,230,508,452,156,23,330,478,17,83,140
105,26,88,212,236,311,29,497,231,305,314,234
105,27,172,53,322,111,171,66,437,255,319,249
105,28,404,181,327,494,288,369,6,165,155,125
105,29,167,373,246,375,419,162,129,292,57,460
105,30,407,500,142,77,86,5,437,292,82,258
105,31,432,12,50,327,110,248,496,486,215,36
105,32,320,182,35,489,3,480,470,311,130,325
105,33,407,461,351,409,207,164,463,500,165,266
105,34,437,403,229,482,276,326,252,34,384,283
105,35,482,140,373,124,82,136,469,316,165,213
105,36,433,25,347,298,244,89,180,218,251,339
105,37,294,465,409,467,218,206,153,312,129,370
105,38,498,511,111,193,384,316,15,66,300,356
105,39,336,238,351,257,56,174,59,100,128,182
105,40,463,315,254,223,282,153,143,36,40,114
105,41,364,289,224,132,36,205,259,439,58,107
105,42,25,391,237,235,59,3,490,278,381,436
105,43,49,46,270,483,18,185,256,79,366,458
105,44,509,106,104,47,447,490,27,228,287,364
105,45,185,264,162,232,259,174,346,313,280,440
105,46,54,455,429,123,185,491,9,244,390,503
105,47,458,433,448,92,307,394,178,157,231,145
106,0,19,291,446,495,414,187,272,12,503,24
106,1,160,452,403,395,244,237,14,499,500,117
106,2,191,382,79,215,210,2,36,481,371,432
106,3,507,274,265,441,406,364,18,384,161,102
106,4,2,420,166,287,132,274,177,16,39,411
106,5,204,346,161,283,52,391,275,90,404,222
106,6,69,131,459,422,478,312,480,325,403,27
106,7,71,61,457,108,324,503,194,353,404,206
106,8,331,51,318,110,183,236,353,270,66,227
106,9,230,508,452,156,17,23,140,337,355,316
106,10,8,231,234,317,88,305,212,314,207,92
106,11,322,131,53,172,474,14,469,66,239,503
106,12,404,327,165,155,181,224,394,369,355,399
106,13,246,162,36,382,384,373,241,292,460,346
106,14,292,407,500,77,82,196,386,437,254,192
106,15,432,12,150,309,160,347,496,351,209,410
106,16,182,320,325,480,277,489,269,490,311,63
106,17,0,93,351,81,500,286,187,193,407,39
106,18,229,403,280,283,176,437,482,418,13,321
106,19,140,136,469,482,213,223,373,165,315,82
106,20,25,180,433,347,140,289,65,251,298,358
106,21,294,206,465,311,442,467,471,369,74,409
106,22,498,15,193,384,111,316,435,300,66,11
106,23,257,336,174,404,498,155,199,238,177,78
106,24,318,331,51,462,296,53,189,191,270,307
106,25,242,439,160,452,316,355,306,204,156,89
106,26,305,29,92,231,207,60,317,8,369,139
106,27,131,322,53,474,255,172,471,188,36,428
106,28,404,453,6,369,327,417,288,165,82,355
106,29,246,382,373,36,241,292,280,336,106,129
106,30,196,82,77,328,262,500,407,292,258,118
106,31,160,150,58,36,12,309,432,237,340,6
106,32,182,470,320,325,174,199,311,21,220,63
106,33,81,351,0,461,73,192,172,407,500,430
106,34,229,321,416,437,176,276,418,248,326,482
106,35,469,59,140,373,331,210,16,445,501,184
106,36,433,25,315,436,290,198,298,464,63,260
106,37,294,465,409,442,467,320,218,206,311,146
106,38,498,193,384,316,111,15,300,11,66,390
106,39,336,257,96,351,56,238,121,174,59,128
106,40,463,315,254,56,223,114,121,440,36,153
106,41,364,224,289,36,259,306,439,129,270,433
106,42,25,237,235,45,490,22,9,59,190,436
106,43,49,46,378,79,256,185,380,459,370,315
106,44,47,509,27,104,364,59,500,228,270,224
106,45,162,435,232,259,346,145,280,233,465,3
106,46,185,455,151,244,128,246,390,200,405,503
106,47,89,92,231,226,45,42,485,76,308,374
107,0,302,164,349,400,403,360,348,327,386,68
107,1,135,143,65,429,179,342,48,84,58,279
107,2,177,351,191,265,153,100,290,273,128,28
107,3,507,441,265,338,274,406,229,500,214,26
107,4,39,2,274,166,420,382,327,299,249,25
107,5,204,222,335,405,120,321,94,463,376,147
107,6,69,455,296,24,384,480,423,392,131,93
107,7,61,194,108,277,186,404,457,82,235,225
107,8,318,51,183,236,296,189,353,191,66,81
107,9,230,508,452,330,264,456,292,23,17,156
107,10,78,346,212,487,282,314,231,88,8,142
107,11,322,111,172,53,171,66,469,319,255,239
107,12,181,6,355,136,62,369,172,18,404,366
107,13,246,373,162,346,241,36,460,472,375,384
107,14,407,77,142,500,82,86,292,357,462,36
107,15,432,12,327,209,50,496,110,486,6,248
107,16,182,320,480,489,267,61,277,129,179,262
107,17,461,407,409,351,371,165,175,93,270,500
107,18,416,506,394,280,13,418,487,379,326,170
107,19,136,469,140,213,331,501,59,157,373,315
107,20,315,25,433,436,256,89,63,260,198,65
107,21,294,146,442,311,74,206,400,467,218,320
107,22,15,414,498,11,305,500,269,369,142,133
107,23,336,404,96,155,257,401,238,121,406,32
107,24,318,189,51,363,296,236,66,317,353,270
107,25,508,230,452,340,478,330,17,168,156,23
107,26,29,314,212,88,327,346,497,78,305,207
107,27,172,255,39,322,53,171,3,111,66,59
107,28,181,453,288,82,6,369,202,136,355,172
107,29,373,375,168,420,195,252,246,129,382,336
107,30,504,328,77,45,407,142,118,55,483,486
107,31,432,12,58,237,6,66,226,36,128,327
107,32,182,320,442,35,227,470,203,459,311,330
107,33,192,73,407,430,172,196,500,351,411,17
107,34,416,248,321,276,156,326,117,233,170,82
107,35,331,469,59,16,445,66,51,289,14,88
107,36,198,260,290,436,413,366,315,215,335,433
107,37,294,320,337,442,147,175,400,311,345,384
107,38,11,500,415,414,269,498,273,142,171,15
107,39,336,404,238,146,155,96,95,257,416,486
107,40,56,323,463,59,407,227,244,136,215,254
107,41,364,245,94,259,36,484,67,435,164,438
107,42,25,45,9,190,97,22,17,133,187,205
107,43,315,370,294,378,15,481,178,4,460,486
107,44,270,489,173,474,337,59,43,471,440,386
107,45,126,232,104,171,351,456,119,465,145,132
107,46,246,87,446,185,455,221,343,161,438,248
107,47,231,485,491,29,125,203,297,369,321,65
108,0,180,31,183,69,251,172,35,445,182,126
108,1,172,451,276,462,52,368,475,129,394,132
108,2,195,346,391,377,467,107,508,236,308,116
108,3,507,426,441,282,39,293,323,496,269,150
108,4,199,370,223,346,73,114,357,294,212,332
108,5,257,442,93,113,374,196,80,112,244,459
108,6,292,66,435,181,326,397,310,403,69,259
108,7,469,122,496,357,436,316,167,94,333,378
108,8,189,318,51,138,363,191,296,356,78,448
108,9,508,171,478,230,256,168,340,139,405,355
108,10,273,29,314,10,327,129,436,212,305,92
108,11,322,255,172,53,171,59,39,336,239,390
108,12,510,363,284,218,87,475,143,95,220,82
108,13,373,205,336,195,234,246,412,382,252,280
108,14,77,45,328,504,192,74,118,486,196,388
108,15,6,66,237,58,226,36,160,410,150,340
108,16,182,470,325,227,35,459,203,442,320,9
108,17,73,192,172,196,430,104,81,175,351,93
108,18,38,391,233,248,363,326,497,386,103,96
108,19,255,289,331,469,59,207,332,225,175,51
108,20,260,198,413,290,335,215,366,47,423,167
108,21,337,294,320,384,147,91,92,198,287,74
108,22,181,343,472,401,59,339,465,171,74,281
108,23,404,146,69,486,96,416,327,238,155,363
108,24,189,318,138,304,363,389,191,356,233,448
108,25,340,171,168,256,508,140,62,316,89,439
108,26,10,29,327,305,314,129,273,46,502,488
108,27,53,255,172,59,39,235,129,363,287,3
108,28,288,363,143,510,228,475,218,87,82,284
108,29,205,336,195,234,373,412,382,201,252,168
108,30,328,486,388,118,77,69,504,45,74,188
108,31,6,237,58,66,306,128,226,36,160,209
108,32,182,227,470,442,174,9,35,203,90,108
108,33,196,192,104,240,73,172,422,17,359,173
108,34,38,391,497,363,386,103,233,248,199,96
108,35,207,469,289,14,51,59,225,88,217,255
108,36,215,413,366,198,335,260,290,47,423,93
108,37,287,384,91,337,147,320,294,107,33,454
108,38,343,472,181,401,339,281,465,59,77,292
108,39,238,416,146,69,336,486,316,363,511,124
108,40,215,323,203,59,407,56,227,244,463,157
108,41,259,94,435,500,51,164,77,364,67,151
108,42,119,303,85,194,190,428,123,16,197,287
108,43,178,217,509,15,92,207,498,370,481,460
108,44,4,489,440,189,43,158,212,471,136,237
108,45,282,104,232,167,351,230,406,26,200,401
108,46,504,71,446,185,390,57,265,323,128,325
108,47,80,487,152,65,175,234,39,171,9,424
109,0,485,188,123,495,44,234,286,409,127,381
109,1,172,434,437,261,115,225,130,68,272,412
109,2,457,377,135,494,321,262,304,171,81,436
109,3,35,507,342,86,238,52,357,323,494,310
109,4,191,431,370,128,199,168,329,292,249,365
109,5,75,340,399,180,442,20,290,11,172,257
109,6,272,151,310,207,359,498,74,142,430,47
109,7,437,122,295,176,175,18,119,492,245,208
109,8,487,322,451,189,448,119,318,132,191,215
109,9,256,168,293,508,145,340,100,191,483,300
109,10,469,196,444,314,328,53,102,300,163,95
109,11,230,451,501,188,255,256,335,162,235,14
109,12,377,438,111,510,7,480,257,227,312,22
109,13,390,491,205,374,239,18,454,129,270,336
109,14,118,77,43,28,305,68,264,333,192,328
109,15,150,6,160,306,309,226,178,10,25,302
109,16,199,191,133,428,26,203,9,231,182,325
109,17,460,93,81,500,14,477,296,454,260,355
109,18,260,326,331,304,477,38,306,241,219,287
109,19,469,59,273,255,51,175,332,225,88,389
109,20,501,198,260,448,167,5,177,10,58,366
109,21,239,307,136,281,147,294,67,198,92,434
109,22,65,255,186,39,469,494,20,125,413,224
109,23,486,176,336,416,402,238,511,478,453,69
109,24,318,487,189,451,78,275,296,119,191,389
109,25,340,140,154,168,40,301,506,145,191,349
109,26,305,488,469,314,92,196,95,119,12,328
109,27,255,11,188,103,235,442,322,230,129,59
109,28,438,288,377,82,47,22,111,312,476,395
109,29,390,336,129,297,280,491,427,374,292,454
109,30,305,77,82,486,192,118,132,461,243,94
109,31,6,150,306,160,58,226,237,209,66,410
109,32,199,174,182,325,283,203,133,231,227,9
109,33,477,460,81,197,351,93,39,104,296,240
109,34,199,260,306,241,331,304,287,450,219,38
109,35,273,51,332,389,469,263,175,207,440,498
109,36,448,177,198,260,5,93,75,47,41,10
109,37,239,67,281,136,307,56,78,294,164,434
109,38,65,186,469,255,20,39,125,494,23,224
109,39,416,511,486,238,316,336,69,498,53,176
109,40,323,203,215,498,227,171,136,223,59,146
109,41,32,151,164,259,49,46,220,216,418,352
109,42,16,448,20,342,410,480,304,355,419,197
109,43,178,15,481,92,416,486,370,460,185,93
109,44,446,473,55,237,372,120,272,95,136,212
109,45,84,351,104,470,290,230,2,503,111,232
109,46,66,181,57,378,185,392,193,322,199,214
109,47,320,202,337,326,336,270,31,480,150,492
110,0,384,34,190,378,316,138,288,470,427,463
110,1,203,102,293,18,378,280,370,265,336,236
110,2,495,321,30,377,333,451,367,311,262,436
110,3,13,1,505,86,507,342,274,35,150,404
110,4,399,311,54,393,292,468,168,199,51,24
110,5,391,133,160,430,290,89,20,340,437,112
110,6,250,498,142,73,151,285,47,5,272,74
110,7,168,374,176,275,208,295,72,18,328,154
110,8,420,487,178,189,78,451,191,311,448,275
110,9,256,168,483,245,508,340,457,232,191,145
110,10,444,95,53,328,196,305,490,31,350,135
110,11,335,76,255,129,235,342,390,59,337,339
110,12,495,313,401,154,227,438,481,312,22,288
110,13,9,205,48,491,201,348,234,336,390,280
110,14,118,328,192,77,486,406,450,333,55,43
110,15,6,58,66,150,237,226,306,178,375,209
110,16,9,227,133,182,203,35,442,231,368,174
110,17,460,93,477,173,104,14,240,500,411,260
110,18,224,395,326,219,331,287,306,260,304,241
110,19,51,273,207,255,332,469,59,110,175,225
110,20,501,198,177,167,5,260,47,124,448,171
110,21,307,239,281,136,164,294,67,198,56,305
110,22,429,469,255,224,186,125,65,20,121,453
110,23,486,416,453,52,476,511,69,402,176,377
110,24,420,178,78,189,275,318,487,389,451,311
110,25,340,168,256,140,483,299,245,508,457,391
110,26,305,10,31,95,490,444,173,502,196,507
110,27,235,76,335,255,129,59,172,287,337,390
110,28,495,313,288,154,401,47,395,475,228,438
110,29,9,348,48,234,336,427,491,201,280,205
110,30,77,118,192,328,333,450,334,486,132,305
110,31,150,6,237,226,58,160,66,306,178,209
110,32,182,199,9,203,470,174,133,442,231,325
110,33,460,477,240,81,173,197,495,156,93,359
110,34,224,395,199,306,219,331,241,361,304,287
110,35,51,273,110,469,207,389,332,175,498,33
110,36,177,93,5,198,47,13,214,75,58,41
110,37,281,239,164,307,78,136,56,67,305,354
110,38,429,186,125,469,224,255,65,453,121,20
110,39,511,416,316,486,498,238,354,53,336,176
110,40,215,203,323,227,498,171,223,505,198,254
110,41,151,220,32,49,259,216,164,46,352,418
110,42,448,137,355,304,342,139,419,394,480,482
110,43,178,416,92,481,15,137,267,435,486,185
110,44,473,55,237,446,372,28,156,120,272,212
110,45,84,470,104,351,454,230,70,290,189,232
110,46,336,57,185,322,214,392,199,193,323,272
110,47,320,326,336,270,480,298,31,492,349,150
111,0,427,316,138,384,167,98,201,198,474,401
111,1,203,420,293,240,62,238,302,102,478,336
111,2,185,367,491,310,495,451,333,439,38,404
111,3,505,507,175,274,18,450,342,265,174,13
111,4,287,399,311,168,67,339,468,393,69,96
111,5,160,275,391,5,485,505,131,245,133,414
111,6,73,495,142,498,417,255,47,132,250,307
111,7,322,168,134,275,352,117,154,72,245,48
111,8,178,275,420,366,189,487,296,78,256,227
111,9,340,483,508,154,232,256,300,140,100,457
111,10,305,95,53,196,490,488,444,269,328,92
111,11,235,76,129,255,287,188,481,91,59,342
111,12,401,223,312,313,50,286,98,495,227,502
111,13,9,280,48,491,427,486,374,124,390,239
111,14,192,302,207,201,328,305,334,70,264,68
111,15,6,150,309,10,346,160,25,178,209,226
111,16,424,283,199,325,133,368,224,35,231,438
111,17,156,81,477,173,296,460,74,429,68,208
111,18,395,62,199,326,306,414,58,219,168,246
111,19,292,110,46,51,396,469,207,255,175,332
111,20,339,5,136,214,93,75,167,41,58,124
111,21,266,470,354,268,192,294,307,78,88,86
111,22,8,320,429,434,349,444,424,328,225,499
111,23,486,316,398,498,453,511,24,317,402,238
111,24,275,366,178,78,420,296,311,487,318,477
111,25,340,129,395,89,154,140,301,300,349,54
111,26,305,490,65,119,196,29,488,53,12,269
111,27,76,343,255,11,188,287,131,481,279,103
111,28,401,312,395,223,288,47,313,286,48,502
111,29,427,9,280,234,292,486,491,105,206,328
111,30,461,192,302,334,435,305,207,20,94,254
111,31,150,6,309,160,209,37,156,302,25,347
111,32,424,283,199,325,174,90,438,470,368,460
111,33,156,81,0,296,173,197,477,214,378,429
111,34,395,58,199,414,361,62,95,246,390,319
111,35,110,33,292,207,286,469,498,456,175,80
111,36,339,214,75,93,136,5,41,58,124,140
111,37,266,470,354,78,268,419,192,331,28,277
111,38,8,320,349,453,215,424,444,429,328,499
111,39,316,498,511,440,124,263,53,354,398,416
111,40,227,505,198,482,223,85,203,43,500,450
111,41,151,168,175,170,94,259,417,427,414,499
111,42,62,362,216,137,261,491,23,394,50,286
111,43,509,369,49,92,280,106,149,498,267,15
111,44,440,250,220,35,224,225,156,346,237,55
111,45,405,104,70,33,401,232,496,249,143,447
111,46,218,504,329,390,128,325,185,381,323,119
111,47,234,39,175,292,48,361,461,509,390,131
112,0,234,188,123,79,485,427,286,420,282,117
112,1,261,437,483,420,471,447,75,323,215,102
112,2,135,436,185,367,333,310,411,457,404,44
112,3,342,507,35,505,403,175,18,496,174,310
112,4,431,168,191,311,287,399,329,417,63,184
112,5,160,75,487,399,172,273,414,112,275,391
112,6,417,151,255,142,74,47,498,311,441,188
112,7,295,168,437,322,275,117,154,245,48,352
112,8,366,485,178,119,162,189,256,311,296,447
112,9,145,349,191,301,100,293,154,129,222,340
112,10,488,469,92,53,269,305,490,126,119,20
112,11,481,425,279,17,188,76,379,255,287,103
112,12,377,312,438,401,48,111,33,223,313,480
112,13,390,280,374,9,18,8,124,177,491,264
112,14,461,305,43,34,28,94,162,486,370,231
112,15,6,346,494,309,209,25,226,178,289,427
112,16,283,199,424,231,325,133,174,191,146,26
112,17,296,243,460,197,454,81,410,209,93,285
112,18,319,241,331,58,306,414,395,326,260,219
112,19,273,469,175,286,78,225,255,389,51,332
112,20,448,5,214,93,58,75,167,477,124,41
112,21,305,266,239,56,281,164,136,40,28,354
112,22,186,424,494,495,39,255,125,469,413,429
112,23,398,316,498,176,402,486,317,511,238,154
112,24,366,477,191,275,296,201,178,311,101,389
112,25,395,145,301,168,154,77,129,140,349,89
112,26,488,305,119,469,92,490,269,380,425,77
112,27,36,131,78,481,255,103,379,11,76,17
112,28,312,438,401,288,48,377,47,33,313,395
112,29,427,390,292,105,234,280,9,415,147,457
112,30,461,305,196,34,43,254,486,243,207,162
112,31,6,209,309,150,410,160,37,346,494,280
112,32,283,174,325,90,424,116,223,224,191,438
112,33,81,460,197,296,156,410,0,39,477,355
112,34,241,58,331,319,395,199,306,414,390,361
112,35,456,273,389,292,175,498,469,286,332,207
112,36,214,5,75,93,448,124,58,41,177,13
112,37,305,78,164,239,56,281,266,40,28,354
112,38,186,495,494,424,125,39,469,453,429,255
112,39,498,316,398,440,416,238,124,511,263,205
112,40,505,227,198,498,171,330,203,223,450,85
112,41,151,358,49,414,168,494,175,216,424,508
112,42,137,482,71,394,139,355,304,114,448,177
112,43,267,92,15,486,178,369,49,93,149,104
112,44,237,55,28,372,212,473,280,446,250,54
112,45,405,104,470,230,290,454,189,70,401,232
112,46,214,199,57,392,322,390,185,336,41,325
112,47,458,360,270,480,31,336,54,52,298,349
113,0,267,190,362,186,430,218,3,306,88,78
113,1,203,189,477,402,96,253,483,323,277,215
113,2,185,367,436,105,198,310,44,38,495,404
113,3,175,505,507,383,342,371,385,414,424,174
113,4,311,399,152,310,168,286,70,278,107,322
113,5,160,290,493,487,230,133,411,202,279,201
113,6,471,417,338,73,255,250,311,151,125,5
113,7,437,168,245,322,275,117,295,243,380,258
113,8,366,275,189,296,178,162,311,482,132,447
113,9,89,395,129,140,301,154,145,77,168,508
113,10,305,488,53,65,92,29,269,119,298,507
113,11,379,188,255,131,471,425,59,481,63,76
113,12,312,401,47,33,154,438,313,505,272,395
113,13,427,9,292,486,234,491,105,280,391,8
113,14,461,254,196,192,94,77,33,396,18,386
113,15,309,160,347,150,6,156,340,25,209,226
113,16,174,116,325,90,438,283,199,424,192,25
113,17,187,296,81,410,197,93,0,39,378,440
113,18,331,395,390,361,241,58,199,343,326,319
113,19,469,308,175,51,364,64,225,223,434,292
113,20,214,5,112,75,93,124,58,198,167,192
113,21,56,305,40,281,136,354,294,192,198,239
113,22,186,125,424,469,429,467,303,435,65,255
113,23,316,498,398,124,402,238,453,440,317,511
113,24,477,101,155,496,296,366,201,191,422,275
113,25,89,395,355,145,49,301,375,306,83,63
113,26,305,119,29,60,207,215,8,488,231,92
113,27,53,36,379,131,428,78,366,471,240,258
113,28,48,288,80,395,312,47,33,401,438,505
113,29,467,36,457,334,370,246,292,105,9,234
113,30,461,196,254,396,162,243,77,94,351,424
113,31,309,347,410,160,209,156,6,496,150,346
113,32,283,174,116,90,325,223,438,424,199,25
113,33,296,81,378,410,477,187,197,0,285,351
113,34,361,58,390,331,241,395,414,199,95,364
113,35,469,456,498,92,292,286,175,308,396,129
113,36,214,75,5,93,112,41,64,177,58,124
113,37,305,56,40,78,281,164,354,192,28,239
113,38,186,424,469,125,429,435,467,453,303,121
113,39,498,316,440,398,124,238,205,263,453,349
113,40,198,505,223,171,227,330,146,95,85,450
113,41,151,358,168,414,438,49,508,424,499,494
113,42,137,394,139,482,114,304,448,355,177,62
113,43,267,15,92,369,486,49,178,149,104,93
113,44,237,55,28,372,473,212,446,280,301,54
113,45,104,470,230,290,454,189,70,401,232,84
113,46,214,336,57,199,390,392,322,185,325,193
113,47,270,480,336,31,54,298,320,326,349,492
114,0,320,416,34,464,149,458,384,473,427,334
114,1,102,262,240,134,293,483,190,264,189,62
114,2,399,310,185,333,200,215,379,321,436,44
114,3,13,507,505,381,175,364,274,162,384,404
114,4,507,428,130,324,237,24,314,399,152,311
114,5,133,493,284,391,424,160,37,509,89,5
114,6,250,471,73,255,142,441,417,338,498,147
114,7,390,5,275,181,168,492,154,77,322,374
114,8,471,239,366,402,442,275,178,189,311,78
114,9,471,483,340,232,140,168,89,457,508,145
114,10,65,31,53,196,305,425,269,444,253,490
114,11,76,71,481,188,277,255,342,339,390,59
114,12,93,234,401,313,495,343,47,312,33,505
114,13,9,280,26,391,234,491,124,292,8,79
114,14,283,192,334,20,68,118,497,207,275,94
114,15,6,237,226,66,58,36,166,150,375,10
114,16,470,325,203,199,35,133,129,182,9,152
114,17,145,265,81,286,156,0,359,460,39,296
114,18,326,95,395,150,219,468,224,331,48,241
114,19,51,175,110,255,498,469,332,396,207,273
114,20,124,13,5,198,93,167,511,260,391,10
114,21,305,354,76,56,192,281,266,164,239,40
114,22,453,386,358,110,186,432,429,469,381,163
114,23,486,453,511,402,398,316,238,24,498,317
114,24,471,239,402,366,178,275,78,442,189,420
114,25,471,140,232,168,89,39,154,340,395,145
114,26,65,31,305,400,10,269,490,488,53,507
114,27,76,71,343,255,59,172,428,481,287,181
114,28,234,288,93,495,47,313,506,343,228,312
114,29,9,26,427,234,225,328,105,348,101,486
114,30,20,334,283,461,132,207,302,192,196,435
114,31,150,6,25,209,160,309,237,58,66,37
114,32,174,199,325,283,424,90,31,470,182,368
114,33,81,265,0,145,355,296,460,156,123,286
114,34,95,395,361,331,468,150,241,219,58,390
114,35,110,469,175,456,286,51,498,396,207,292
114,36,124,214,75,5,93,58,13,41,511,177
114,37,305,76,56,354,40,281,164,192,28,78
114,38,110,453,386,186,358,429,432,435,469,163
114,39,498,316,440,398,238,205,124,511,416,453
114,40,505,85,227,198,43,223,146,171,136,203
114,41,151,358,414,168,49,146,438,216,175,259
114,42,137,482,139,394,62,355,114,448,304,177
114,43,15,92,267,178,369,486,149,49,255,481
114,44,237,28,55,372,212,473,280,446,156,346
114,45,104,470,230,454,290,189,70,401,84,232
114,46,214,199,57,336,390,392,185,322,325,193
114,47,270,480,336,31,54,298,326,349,320,492
115,0,98,308,270,501,10,401,316,207,359,403
115,1,62,240,304,293,34,291,420,302,134,410
115,2,263,185,310,439,360,436,411,491,315,367
115,3,507,450,265,168,274,141,161,18,228,231
115,4,308,67,299,96,420,166,508,264,26,136
115,5,485,505,131,487,90,415,81,425,52,347
115,6,73,102,42,471,495,113,454,472,255,383
115,7,108,86,43,282,41,256,207,117,427,219
115,8,201,482,366,471,496,402,349,447,113,101
115,9,439,77,160,89,140,395,145,471,154,100
115,10,65,269,488,253,380,12,400,92,490,145
115,11,481,131,277,188,498,78,258,85,2,17
115,12,223,286,303,120,48,401,496,198,251,307
115,13,391,292,280,8,9,430,71,100,486,264
115,14,196,94,18,461,254,283,34,264,77,305
115,15,150,6,309,166,25,496,280,156,160,226
115,16,174,424,325,224,470,199,368,191,116,283
115,17,81,214,39,286,0,296,156,197,193,410
115,18,246,227,58,95,168,84,341,326,414,373
115,19,175,469,51,223,396,62,292,80,255,332
115,20,339,122,136,124,93,214,140,91,167,196
115,21,354,268,419,502,470,78,312,11,177,2
115,22,499,435,444,349,253,52,434,306,17,215
115,23,498,316,410,440,238,174,398,402,154,511
115,24,496,201,366,477,101,482,311,402,349,471
115,25,439,77,160,89,395,145,140,232,54,168
115,26,65,305,60,488,400,380,29,269,12,162
115,27,131,481,36,343,2,428,11,76,255,85
115,28,223,286,288,303,48,120,307,198,426,47
115,29,467,9,370,292,100,105,71,246,486,457
115,30,196,254,461,76,94,18,142,435,87,77
115,31,150,309,160,6,25,347,496,209,280,287
115,32,174,31,424,116,90,368,199,325,438,470
115,33,81,0,403,214,156,123,193,296,39,197
115,34,341,95,246,168,58,227,122,84,414,255
115,35,223,62,396,33,242,135,469,482,286,160
115,36,122,339,140,136,214,124,112,93,64,58
115,37,354,268,419,502,78,470,266,331,261,111
115,38,499,349,444,253,435,52,306,215,17,434
115,39,119,498,440,316,124,174,410,263,117,214
115,40,198,505,145,95,330,227,389,229,77,6
115,41,158,475,175,168,146,220,259,499,264,170
115,42,62,362,78,23,491,216,261,379,508,113
115,43,280,106,369,256,458,94,137,427,149,509
115,44,256,220,364,228,346,465,224,492,479,104
115,45,401,447,3,249,188,33,49,390,26,104
115,46,110,323,325,128,185,218,412,431,464,329
115,47,292,234,458,175,269,39,131,390,9,452
116,0,160,46,505,330,54,79,117,407,32,375
116,1,71,483,112,447,251,291,277,216,323,457
116,2,10,101,185,310,263,491,142,211,402,293
116,3,216,510,265,161,507,450,332,297,454,100
116,4,495,417,499,329,359,177,118,439,434,154
116,5,373,273,258,284,352,438,230,505,487,120
116,6,476,354,136,472,198,102,337,335,189,137
116,7,231,170,329,274,160,8,257,108,299,134
116,8,101,307,477,496,113,4,482,447,20,155
116,9,439,89,464,395,424,467,375,160,208,107
116,10,65,60,207,153,298,488,413,92,202,507
116,11,498,207,277,471,255,378,379,63,131,258
116,12,351,463,457,484,343,505,47,380,144,462
116,13,71,138,457,441,169,313,486,370,292,9
116,14,196,401,102,273,94,319,461,327,251,192
116,15,309,150,347,25,160,156,100,272,166,19
116,16,174,116,311,199,424,192,438,31,35,90
116,17,403,159,378,39,410,0,296,286,440,93
116,18,213,434,227,95,330,122,373,246,326,220
116,19,223,135,175,420,469,483,242,160,396,51
116,20,112,124,64,93,214,58,136,272,138,289
116,21,419,154,208,271,119,354,459,376,447,78
116,22,435,479,374,177,192,507,150,48,419,422
116,23,214,498,440,316,119,4,124,174,306,177
116,24,477,386,101,155,422,307,20,496,427,4
116,25,464,395,89,467,107,208,389,375,505,129
116,26,60,119,65,305,488,188,391,29,501,506
116,27,126,308,78,471,498,379,366,428,194,188
116,28,48,351,288,457,249,343,107,281,463,80
116,29,370,467,457,241,441,246,100,144,203,138
116,30,461,251,196,94,319,102,273,401,327,162
116,31,309,347,150,160,25,272,2,287,100,37
116,32,174,116,192,199,424,438,50,311,460,136
116,33,464,403,159,378,132,440,296,410,82,148
116,34,330,213,434,220,227,361,122,130,95,472
116,35,135,223,327,420,469,253,483,486,321,160
116,36,64,112,138,214,41,47,94,8,180,422
116,37,154,271,208,119,354,447,459,376,78,261
116,38,479,374,435,177,192,150,419,48,422,507
116,39,119,440,498,124,410,349,214,219,177,453
116,40,198,229,505,95,466,52,145,0,330,389
116,41,264,158,146,168,220,499,259,170,303,147
116,42,403,379,508,113,268,23,55,222,389,95
116,43,280,256,369,458,106,137,149,150,107,427
116,44,247,364,479,224,465,346,228,156,273,233
116,45,401,114,508,447,249,3,294,49,214,346
116,46,323,128,431,412,325,464,185,381,121,390
116,47,88,166,269,89,357,8,131,45,226,390
117,0,360,446,19,211,376,272,338,68,414,207
117,1,237,405,244,403,251,483,160,499,291,16
117,2,481,226,36,210,483,382,368,402,290,211
117,3,161,332,265,406,454,297,244,372,274,500
117,4,136,177,50,166,358,225,174,117,38,299
117,5,450,161,25,425,346,120,505,283,61,52
117,6,365,459,476,312,354,335,84,119,44,480
117,7,206,329,228,353,134,71,503,274,34,396
117,8,101,307,333,68,113,171,477,496,20,155
117,9,464,390,89,107,467,505,424,53,439,375
117,10,87,223,222,207,153,60,65,488,105,154
117,11,207,498,277,442,379,308,126,247,88,503
117,12,419,266,155,60,457,404,369,242,327,462
117,13,292,467,71,113,370,178,84,47,441,180
117,14,196,401,58,251,102,142,5,254,213,77
117,15,309,150,347,25,160,496,2,287,100,269
117,16,116,199,174,192,136,50,239,424,438,311
117,17,440,403,159,378,93,0,464,132,39,505
117,18,500,229,283,213,34,461,326,323,165,220
117,19,223,135,82,420,337,469,20,482,396,167
117,20,64,347,112,117,422,252,73,140,428,232
117,21,301,253,409,354,154,447,119,71,271,459
117,22,316,193,435,66,111,507,422,384,177,192
117,23,498,214,440,78,119,316,124,349,177,306
117,24,307,101,68,331,333,155,171,477,496,113
117,25,464,390,89,424,53,107,395,467,375,439
117,26,223,87,60,65,236,305,501,67,162,222
117,27,277,308,205,498,503,207,471,442,194,126
117,28,419,155,266,288,60,327,457,399,404,242
117,29,370,138,467,292,167,144,246,178,100,367
117,30,251,401,196,58,142,5,77,135,254,0
117,31,309,160,347,150,25,496,269,2,123,287
117,32,116,192,174,136,239,438,424,50,311,63
117,33,403,159,123,464,187,409,132,412,378,0
117,34,500,461,229,34,283,220,213,165,227,326
117,35,223,482,420,396,135,82,20,469,486,449
117,36,112,117,347,252,64,8,140,508,422,138
117,37,354,301,154,409,253,119,11,447,376,459
117,38,316,193,435,66,111,384,177,422,507,419
117,39,440,498,119,124,349,219,177,214,100,78
117,40,229,198,466,95,52,0,102,6,165,145
117,41,168,146,158,264,289,252,259,175,147,366
117,42,59,436,237,286,403,389,222,55,205,235
117,43,458,369,256,75,149,280,400,243,438,106
117,44,364,47,224,288,465,444,479,228,233,227
117,45,435,249,114,3,49,214,346,145,232,25
117,46,325,128,185,244,381,121,412,266,35,431
117,47,89,361,45,88,226,357,8,390,269,407
118,0,20,234,360,46,338,188,111,391,150,87
118,1,135,179,405,264,183,483,311,493,161,305
118,2,251,226,101,10,494,363,457,135,483,215
118,3,161,35,332,52,288,265,397,216,454,488
118,4,128,314,495,58,499,340,329,177,349,110
118,5,215,399,273,373,172,296,270,450,425,25
118,6,119,24,138,472,335,480,74,136,323,476
118,7,176,329,390,82,34,175,250,437,274,119
118,8,101,307,113,477,277,4,191,171,496,239
118,9,464,389,467,424,242,439,53,89,107,505
118,10,102,153,65,60,207,413,487,29,103,218
118,11,498,379,308,207,277,471,126,378,442,255
118,12,7,343,462,457,221,271,95,192,107,453
118,13,370,246,180,355,71,241,144,292,84,457
118,14,196,213,401,461,94,327,77,254,98,18
118,15,6,150,226,25,156,309,169,346,160,347
118,16,174,90,424,199,35,31,116,223,370,192
118,17,409,118,296,39,403,410,378,93,286,371
118,18,304,156,416,67,227,95,213,216,321,117
118,19,469,175,51,285,286,373,440,88,454,332
118,20,315,124,506,252,297,293,436,351,89,214
118,21,345,400,442,354,206,11,74,311,299,398
118,22,500,163,495,435,269,468,432,295,273,201
118,23,81,401,404,155,316,498,511,96,402,486
118,24,402,477,307,496,155,427,505,329,471,366
118,25,447,395,389,129,54,154,160,232,89,122
118,26,65,29,60,305,380,400,488,119,77,346
118,27,131,471,255,3,428,481,103,59,308,78
118,28,288,107,345,91,343,95,7,202,249,369
118,29,370,467,9,100,246,241,420,225,105,45
118,30,461,213,94,486,142,305,69,45,275,374
118,31,6,150,160,37,209,58,66,178,25,346
118,32,174,424,231,31,470,199,368,108,133,225
118,33,81,266,371,172,118,409,74,355,461,285
118,34,67,416,156,53,117,321,505,95,248,227
118,35,184,506,286,445,469,378,16,88,127,175
118,36,75,124,213,315,214,297,436,41,58,391
118,37,398,345,354,442,305,266,400,40,311,11
118,38,163,495,500,269,295,273,136,468,435,415
118,39,498,316,81,440,155,124,401,139,96,205
118,40,6,227,198,136,171,482,146,85,165,330
118,41,12,475,168,245,380,500,94,151,494,175
118,42,286,205,257,138,97,22,267,71,67,479
118,43,15,267,94,92,486,178,149,369,255,93
118,44,294,474,173,4,237,55,372,293,191,270
118,45,104,126,119,201,405,230,454,290,132,70
118,46,446,499,57,199,325,41,390,492,193,42
118,47,125,29,33,126,372,297,12,181,54,17
119,0,305,224,379,208,196,465,184,178,358,150
119,1,242,477,176,108,202,331,190,423,323,365
119,2,162,452,200,50,112,261,257,11,293,197
119,3,13,29,381,199,430,507,383,255,459,150
119,4,428,130,114,507,34,199,296,317,367,14
119,5,416,153,475,47,37,312,26,27,63,257
119,6,253,140,176,208,288,119,292,397,342,118
119,7,492,166,123,155,410,65,496,323,113,308
119,8,471,402,111,442,366,482,349,378,241,126
119,9,34,439,232,45,471,160,140,39,100,457
119,10,65,441,29,305,269,77,53,380,12,10
119,11,243,481,99,115,76,277,3,59,188,255
119,12,206,378,432,78,135,218,294,401,284,87
119,13,157,9,339,351,280,391,292,234,34,79
119,14,20,65,124,448,438,94,275,334,77,486
119,15,6,58,66,237,226,150,36,375,128,340
119,16,90,174,325,470,368,182,129,133,231,35
119,17,246,81,145,163,321,39,443,296,462,286
119,18,164,435,485,85,326,331,336,307,178,443
119,19,407,503,67,175,255,51,408,280,332,469
119,20,124,5,167,198,345,325,47,321,511,214
119,21,305,163,414,56,21,354,337,40,214,192
119,22,40,381,162,42,435,387,509,186,469,358
119,23,486,453,398,402,316,511,238,416,296,317
119,24,471,111,442,402,366,241,378,178,383,357
119,25,34,340,471,140,45,232,167,39,204,154
119,26,65,441,305,180,410,269,77,10,53,425
119,27,99,343,76,243,481,255,59,172,115,71
119,28,206,378,288,432,135,78,294,47,324,340
119,29,9,415,34,157,351,339,234,105,280,225
119,30,20,448,65,486,334,254,435,461,132,196
119,31,6,309,150,237,347,160,209,302,280,410
119,32,283,438,90,368,174,325,116,224,35,223
119,33,81,246,296,460,197,145,74,163,0,123
119,34,164,485,435,336,331,361,85,307,58,178
119,35,503,407,67,33,51,469,456,332,175,292
119,36,124,214,5,75,58,41,112,47,198,173
119,37,414,305,163,21,56,354,40,28,78,192
119,38,40,162,381,509,387,42,435,186,469,373
119,39,498,124,316,440,398,453,416,238,481,410
119,40,198,85,227,330,505,43,498,171,223,203
119,41,151,168,358,175,49,216,220,494,508,414
119,42,91,139,482,355,394,304,137,114,448,62
119,43,267,92,369,15,178,486,149,49,137,104
119,44,237,55,28,372,473,446,346,212,4,156
119,45,470,230,104,454,189,290,70,3,351,232
119,46,214,336,57,390,185,392,199,325,322,381
119,47,270,336,480,54,31,298,320,349,326,492
120,0,98,270,401,62,316,99,203,9,474,501
120,1,162,62,304,293,34,240,456,6,366,302
120,2,263,315,185,360,491,439,310,418,459,411
120,3,168,265,161,454,332,297,507,406,231,228
120,4,308,177,67,96,136,166,38,299,41,420
120,5,458,131,425,485,487,120,25,505,337,266
120,6,383,73,42,264,471,335,255,495,113,234
120,7,86,323,108,219,329,43,501,427,41,334
120,8,471,101,59,201,482,477,366,349,402,311
120,9,77,89,301,497,206,8,145,349,375,436
120,10,215,65,180,410,488,37,380,119,298,305
120,11,379,481,428,188,343,115,425,85,78,407
120,12,303,307,48,223,502,286,401,426,316,120
120,13,415,351,467,248,370,9,391,457,339,292
120,14,461,254,196,351,275,213,94,18,396,34
120,15,6,309,150,347,209,25,346,427,160,496
120,16,283,325,90,116,35,174,438,424,199,224
120,17,296,81,214,187,505,197,0,39,410,123
120,18,246,341,168,58,326,84,414,395,373,122
120,19,308,469,292,67,175,223,396,468,62,51
120,20,445,136,124,214,112,64,41,93,167,140
120,21,354,268,502,470,312,419,78,376,208,177
120,22,435,499,349,253,444,434,17,374,52,242
120,23,498,124,440,316,410,53,238,398,24,453
120,24,101,477,59,201,366,402,471,482,215,20
120,25,89,77,145,301,54,395,375,107,168,349
120,26,65,305,2,119,29,114,215,380,60,488
120,27,205,428,481,36,53,379,343,131,115,366
120,28,307,48,303,288,286,223,426,502,107,372
120,29,467,370,415,351,248,241,55,9,100,105
120,30,351,254,162,461,213,196,142,76,435,34
120,31,309,347,410,160,6,150,209,2,496,340
120,32,116,283,438,325,90,174,424,223,25,216
120,33,505,187,123,81,296,214,74,197,0,156
120,34,341,246,58,168,122,84,414,437,373,361
120,35,308,468,33,223,396,67,62,327,469,242
120,36,445,214,136,41,124,64,112,122,140,93
120,37,354,268,502,470,419,78,208,292,201,119
120,38,435,499,349,253,444,52,17,441,434,328
120,39,124,498,440,410,316,53,453,398,156,257
120,40,198,505,43,85,223,0,6,330,95,156
120,41,168,175,499,259,220,147,427,146,380,475
120,42,362,62,491,23,268,78,508,216,261,379
120,43,280,369,256,458,106,149,49,137,427,498
120,44,220,346,224,364,492,479,465,181,256,127
120,45,401,33,447,3,249,232,49,145,26,143
120,46,218,325,185,128,323,390,329,381,464,431
120,47,292,234,39,175,458,131,269,390,321,452
121,0,20,234,46,188,79,111,54,201,464,150
121,1,325,483,264,71,321,251,447,162,237,161
121,2,251,101,10,363,215,457,135,503,483,185
121,3,216,35,397,265,52,332,161,288,176,507
121,4,495,128,314,499,329,237,340,447,431,58
121,5,373,273,399,215,301,172,270,202,266,284
121,6,136,383,74,335,476,472,354,480,431,291
121,7,176,450,437,329,390,82,323,175,119,426
121,8,101,307,477,505,215,317,471,59,20,161
121,9,89,467,375,206,301,119,439,464,505,389
121,10,102,215,60,65,37,326,410,2,298,180
121,11,379,205,471,428,152,36,416,188,366,78
121,12,7,457,221,48,445,343,326,351,438,22
121,13,457,71,415,370,499,422,467,355,100,344
121,14,254,461,196,401,94,327,396,162,275,268
121,15,347,309,160,506,340,150,156,366,496,277
121,16,116,174,192,283,91,438,25,424,90,48
121,17,187,296,464,371,410,297,409,256,137,81
121,18,156,304,416,213,321,373,58,70,216,67
121,19,308,364,469,356,388,434,373,73,420,223
121,20,112,214,506,124,293,315,297,436,64,192
121,21,400,206,354,154,442,345,11,271,199,311
121,22,163,435,432,495,269,295,273,160,468,419
121,23,498,81,440,316,401,124,155,263,117,74
121,24,477,101,505,307,422,155,191,325,427,496
121,25,395,89,447,208,352,511,375,301,107,111
121,26,60,119,280,65,102,2,215,326,361,488
121,27,78,36,379,366,63,471,444,258,86,126
121,28,48,288,7,453,32,489,457,73,91,281
121,29,370,241,304,467,457,415,246,282,372,355
121,30,486,461,254,69,213,162,388,160,231,77
121,31,309,6,160,209,410,347,226,494,306,150
121,32,174,283,203,438,35,227,116,442,148,108
121,33,172,74,371,118,81,461,430,338,422,410
121,34,416,156,234,321,486,256,248,117,304,67
121,35,468,66,469,184,59,371,210,510,88,373
121,36,124,413,41,436,290,315,366,58,293,297
121,37,474,345,311,400,442,337,199,206,242,11
121,38,163,495,295,269,435,273,160,107,468,432
121,39,81,401,390,95,316,498,155,238,96,354
121,40,6,198,165,424,156,366,77,227,440,357
121,41,380,12,475,168,175,245,259,435,494,500
121,42,257,479,22,97,267,138,325,78,389,45
121,43,94,181,369,149,387,486,15,267,435,378
121,44,294,173,256,474,293,440,191,495,4,270
121,45,119,201,126,132,297,5,188,104,26,166
121,46,446,110,359,492,325,185,499,193,390,455
121,47,372,125,463,126,29,181,12,501,33,54
122,0,412,251,168,319,235,205,431,109,148,371
122,1,440,125,57,475,383,446,412,216,88,151
122,2,496,107,511,37,444,436,207,109,342,89
122,3,507,293,249,496,196,269,205,305,335,408
122,4,325,465,199,357,73,346,294,344,506,222
122,5,68,74,56,112,154,110,482,185,10,294
122,6,68,397,435,259,237,292,255,182,185,176
122,7,316,33,139,302,489,177,351,333,92,242
122,8,138,471,366,189,356,402,304,178,447,191
122,9,471,140,340,171,154,100,232,62,439,139
122,10,65,370,92,305,220,29,488,10,425,53
122,11,71,481,59,3,363,255,415,131,76,188
122,12,218,246,475,287,228,37,301,220,143,113
122,13,280,195,412,9,304,234,252,391,128,329
122,14,74,486,45,388,497,323,188,368,90,69
122,15,6,66,58,375,226,237,128,306,150,178
122,16,129,174,470,148,203,227,133,368,231,459
122,17,172,430,196,73,17,70,422,267,81,324
122,18,282,503,127,510,497,248,483,388,385,49
122,19,210,289,255,184,47,66,207,376,469,225
122,20,413,366,290,215,507,228,47,345,464,198
122,21,18,337,456,464,474,242,340,54,287,107
122,22,77,283,78,181,43,401,281,292,122,86
122,23,95,390,327,146,416,69,96,363,163,401
122,24,304,138,233,356,189,503,389,178,191,471
122,25,471,340,140,171,232,62,168,299,161,132
122,26,65,10,370,273,305,129,348,125,29,488
122,27,363,59,415,255,390,3,12,71,235,294
122,28,288,246,228,220,218,37,475,459,143,253
122,29,195,412,128,252,168,102,336,329,225,220
122,30,486,388,74,69,188,323,90,497,45,368
122,31,6,226,128,66,58,306,375,237,178,209
122,32,174,227,26,459,442,108,470,231,182,203
122,33,172,196,17,430,422,73,484,324,343,14
122,34,503,127,497,510,282,386,483,385,391,248
122,35,207,289,14,212,225,469,59,383,88,255
122,36,215,413,228,366,290,335,58,507,47,198
122,37,287,464,18,337,91,456,147,474,340,242
122,38,283,78,43,77,181,401,281,264,86,292
122,39,416,390,146,238,69,316,354,95,511,363
122,40,407,203,244,59,471,215,397,357,323,482
122,41,435,226,434,94,67,259,385,484,145,414
122,42,119,428,287,303,476,123,472,301,457,365
122,43,207,217,509,92,15,377,185,178,2,370
122,44,189,440,158,51,43,4,471,212,237,54
122,45,282,406,365,332,48,230,359,232,104,70
122,46,469,77,372,239,147,141,351,504,199,390
122,47,142,280,11,424,222,65,183,54,329,204
123,0,188,485,342,286,28,123,80,44,222,324
123,1,128,434,437,130,261,225,157,60,170,41
123,2,436,286,457,135,171,321,89,81,143,308
123,3,35,342,290,305,201,267,387,307,425,319
123,4,191,168,431,292,184,199,322,447,409,68
123,5,11,75,112,180,340,20,259,487,399,244
123,6,151,179,359,285,47,272,78,280,234,112
123,7,437,174,295,357,333,175,208,220,119,325
123,8,116,191,470,162,497,397,132,414,492,372
123,9,145,232,140,132,502,208,191,58,39,100
123,10,349,488,46,126,469,92,10,350,328,255
123,11,234,154,17,163,189,371,337,425,59,166
123,12,438,470,377,475,312,253,340,459,218,288
123,13,390,387,286,121,436,201,265,338,431,105
123,14,486,127,305,231,461,69,212,340,506,138
123,15,346,178,375,6,209,289,494,199,486,306
123,16,480,424,299,231,441,26,23,75,272,140
123,17,422,467,372,381,499,296,72,389,243,365
123,18,241,331,306,260,109,287,444,391,185,219
123,19,47,469,225,286,255,14,273,388,356,377
123,20,366,345,5,434,15,167,448,47,58,260
123,21,239,136,147,340,281,28,86,198,67,54
123,22,255,125,65,179,186,225,469,39,59,373
123,23,498,398,316,238,486,354,176,242,154,416
123,24,191,151,477,389,189,162,497,116,87,414
123,25,301,129,111,395,89,145,130,40,508,168
123,26,488,46,92,280,10,119,77,424,506,349
123,27,78,273,17,154,234,197,63,379,287,422
123,28,288,459,470,228,438,475,312,253,48,401
123,29,387,286,390,105,385,347,445,423,121,147
123,30,486,127,461,69,305,160,254,231,212,243
123,31,6,306,209,226,37,346,494,309,347,375
123,32,299,424,174,438,283,231,223,26,23,470
123,33,422,81,276,410,72,296,381,172,460,196
123,34,241,306,109,444,219,331,58,287,199,307
123,35,14,207,273,456,263,286,175,225,217,469
123,36,366,5,177,47,58,448,167,41,93,441
123,37,239,78,281,136,67,56,305,86,28,33
123,38,255,125,65,186,179,225,469,373,494,59
123,39,416,316,511,498,238,398,69,486,354,53
123,40,203,323,498,215,482,171,227,146,222,136
123,41,418,151,220,414,358,49,243,145,494,216
123,42,16,448,123,304,480,20,355,342,482,114
123,43,15,92,486,178,267,481,255,416,93,104
123,44,473,55,237,54,372,446,212,136,120,272
123,45,84,470,104,454,230,351,189,290,2,381
123,46,66,181,378,57,392,199,214,322,323,185
123,47,320,337,202,326,336,480,31,270,492,349
124,0,384,167,316,98,320,282,401,222,470,495
124,1,209,130,102,123,420,293,62,483,303,272
124,2,436,321,405,286,333,404,280,171,311,30
124,3,507,86,274,342,505,18,496,237,249,426
124,4,292,168,287,399,184,199,324,51,393,502
124,5,391,5,275,11,257,20,112,90,133,89
124,6,498,47,285,142,234,272,441,73,137,74
124,7,132,181,134,328,220,154,174,352,333,503
124,8,116,162,191,189,389,497,451,420,178,78
124,9,157,232,299,145,168,457,132,208,245,39
124,10,46,349,488,95,350,490,92,507,210,173
124,11,277,335,337,17,154,59,496,234,76,43
124,12,313,495,401,299,227,475,82,481,223,470
124,13,201,48,42,336,348,390,445,116,121,147
124,14,450,486,132,127,201,34,461,328,20,340
124,15,6,375,66,58,237,128,150,226,178,486
124,16,174,227,129,203,35,459,438,368,9,441
124,17,240,276,173,422,338,81,14,460,74,364
124,18,125,287,219,306,109,241,326,307,199,324
124,19,207,255,225,289,263,51,47,217,332,469
124,20,47,413,366,167,215,335,507,198,423,290
124,21,384,91,351,331,287,86,340,198,337,147
124,22,255,8,181,339,59,225,401,328,408,215
124,23,69,416,146,237,52,327,363,398,95,410
124,24,162,116,178,389,189,191,497,151,78,420
124,25,232,299,168,457,89,39,340,140,152,132
124,26,46,349,173,10,507,488,92,490,502,31
124,27,277,337,76,287,235,59,17,234,154,335
124,28,288,495,313,470,401,475,228,299,510,227
124,29,348,201,42,147,48,234,336,105,286,390
124,30,486,450,132,127,20,461,293,365,254,192
124,31,6,160,150,237,66,226,58,209,306,375
124,32,174,438,203,470,227,35,442,26,368,325
124,33,422,240,74,276,81,173,381,410,364,495
124,34,287,199,125,219,109,386,307,324,58,306
124,35,207,14,289,469,51,217,225,263,110,327
124,36,215,47,413,41,58,335,366,5,198,167
124,37,287,384,337,91,331,78,33,351,86,83
124,38,255,8,181,339,401,225,408,328,59,215
124,39,416,316,498,69,53,410,398,124,238,511
124,40,482,389,198,407,227,223,505,171,215,203
124,41,435,500,94,220,151,358,499,494,67,434
124,42,119,303,428,62,261,123,190,394,114,482
124,43,92,509,217,15,486,280,267,178,107,106
124,44,4,237,189,158,55,250,212,372,440,54
124,45,230,104,401,454,189,470,282,290,70,381
124,46,504,71,199,57,390,392,185,322,323,218
124,47,65,175,80,336,480,54,446,234,39,152
125,0,71,32,278,160,130,330,409,79,221,257
125,1,215,427,434,112,471,104,414,71,172,336
125,2,380,250,494,436,321,171,143,488,278,81
125,3,354,357,272,216,267,5,507,425,101,371
125,4,196,245,440,322,248,439,46,298,367,176
125,5,180,456,96,11,391,258,50,252,173,172
125,6,452,6,189,151,258,285,272,441,498,284
125,7,327,268,437,220,269,170,476,174,8,100
125,8,3,301,224,178,497,191,189,132,162,389
125,9,89,139,464,258,140,424,439,395,168,299
125,10,314,46,507,163,207,488,92,210,251,502
125,11,277,255,59,378,63,335,287,471,496,17
125,12,406,248,409,317,470,493,227,82,463,510
125,13,201,48,336,105,176,70,390,297,427,300
125,14,127,461,365,366,450,192,77,334,132,319
125,15,6,226,160,346,150,156,169,306,309,347
125,16,174,424,438,199,116,325,442,191,223,26
125,17,296,81,74,410,381,276,148,243,44,39
125,18,464,196,199,434,96,386,340,307,287,219
125,19,207,469,118,225,263,255,1,175,356,332
125,20,451,497,47,138,413,41,366,335,214,215
125,21,3,98,147,43,104,447,175,340,294,277
125,22,422,461,426,150,112,471,276,507,115,126
125,23,316,410,237,238,124,398,498,78,363,317
125,24,477,497,191,101,224,3,339,151,189,389
125,25,395,89,129,301,349,54,168,140,154,424
125,26,488,119,92,222,46,305,248,507,8,473
125,27,78,287,379,103,36,126,17,406,471,63
125,28,48,248,288,406,409,80,22,73,463,317
125,29,297,457,336,385,334,206,461,137,105,370
125,30,461,254,160,486,243,127,162,485,396,366
125,31,160,309,209,347,37,6,150,410,340,346
125,32,174,438,203,199,116,325,424,460,432,146
125,33,74,296,85,81,276,410,208,240,364,422
125,34,464,196,434,340,109,337,199,287,307,450
125,35,327,118,469,504,263,1,207,51,217,262
125,36,451,497,41,138,47,198,58,94,64,214
125,37,3,104,78,98,43,447,279,83,247,294
125,38,422,461,426,150,507,112,471,126,276,115
125,39,410,53,78,124,237,238,316,498,317,416
125,40,425,223,482,389,198,355,46,357,503,145
125,41,499,283,259,501,220,2,147,427,168,500
125,42,426,56,113,225,424,163,508,23,55,379
125,43,280,106,391,256,137,156,438,185,369,458
125,44,79,33,364,156,479,145,181,288,500,465
125,45,401,447,452,232,70,114,172,294,280,390
125,46,196,323,185,390,493,128,121,464,325,244
125,47,88,166,188,269,357,45,131,226,278,54
126,0,293,338,369,473,34,234,149,391,464,416
126,1,493,244,465,16,487,264,483,237,130,209
126,2,210,135,226,321,405,333,481,483,436,399
126,3,162,364,507,384,274,371,183,397,404,150
126,4,349,358,499,329,314,86,340,399,480,216
126,5,283,391,11,180,187,133,398,278,161,266
126,6,119,247,258,27,220,285,234,354,459,441
126,7,206,34,352,274,134,228,5,154,412,353
126,8,224,178,301,339,337,162,189,191,132,389
126,9,424,439,232,89,299,160,46,464,208,503
126,10,223,507,31,488,210,135,37,173,92,46
126,11,277,337,496,76,287,342,491,59,335,378
126,12,419,227,266,93,399,495,22,155,47,343
126,13,201,48,348,62,70,487,336,176,300,105
126,14,365,450,192,251,406,351,196,206,334,451
126,15,6,150,160,375,66,309,166,190,237,209
126,16,325,35,174,203,438,199,227,424,34,459
126,17,74,81,276,296,14,42,199,156,85,240
126,18,286,199,196,340,326,220,244,150,384,283
126,19,327,207,255,223,263,469,175,332,217,51
126,20,138,47,251,41,64,347,167,401,117,366
126,21,356,98,301,69,351,43,152,78,208,447
126,22,115,126,422,192,386,507,125,419,23,413
126,23,317,237,410,52,69,398,100,119,316,453
126,24,339,224,162,420,78,191,189,178,185,337
126,25,46,89,168,300,424,232,140,49,129,348
126,26,507,488,223,92,31,502,494,222,490,173
126,27,277,235,287,380,110,496,491,76,59,337
126,28,419,227,288,93,266,22,47,495,470,343
126,29,62,297,348,201,239,109,336,332,147,234
126,30,183,450,484,461,486,437,406,254,251,132
126,31,160,209,150,6,309,287,237,25,67,302
126,32,174,203,438,325,227,199,219,432,306,460
126,33,85,208,199,74,296,240,81,487,364,42
126,34,286,340,384,109,219,283,92,361,150,244
126,35,327,469,51,254,46,504,144,292,217,14
126,36,41,251,47,138,64,58,180,347,177,226
126,37,78,356,351,69,98,301,43,167,48,247
126,38,126,386,115,192,422,125,419,507,163,92
126,39,410,316,453,398,53,317,498,124,100,354
126,40,43,482,223,355,198,503,389,85,445,330
126,41,499,220,32,500,216,508,264,427,164,352
126,42,68,351,113,163,389,394,508,23,382,484
126,43,167,137,280,106,256,278,427,369,149,435
126,44,181,99,156,293,364,427,479,291,346,288
126,45,401,26,447,134,294,104,89,114,70,232
126,46,323,390,464,431,325,35,185,409,381,412
126,47,54,166,269,501,278,178,131,281,357,88
127,0,62,198,233,19,400,272,258,167,24,201
127,1,493,487,244,160,483,237,499,363,16,113
127,2,451,382,481,310,72,333,153,222,154,185
127,3,450,507,274,384,505,265,406,18,175,168
127,4,402,287,480,508,299,358,488,184,270,272
127,5,161,245,52,505,79,187,402,283,143,61
127,6,119,247,214,459,258,27,113,220,365,422
127,7,326,200,352,353,317,206,154,228,117,457
127,8,224,339,189,178,185,191,420,461,162,11
127,9,498,349,191,313,49,154,232,340,129,300
127,10,488,223,92,507,51,494,227,354,87,332
127,11,235,287,277,481,398,110,496,76,81,503
127,12,60,50,269,242,48,419,227,266,399,155
127,13,201,206,374,455,48,30,480,35,419,276
127,14,305,70,461,201,472,6,119,264,396,34
127,15,6,10,375,346,289,209,494,199,306,150
127,16,203,432,199,26,231,227,325,174,219,306
127,17,208,429,85,199,460,355,81,276,74,364
127,18,286,461,229,384,500,326,196,34,58,244
127,19,263,469,373,51,255,223,80,316,144,47
127,20,47,494,347,57,138,41,167,318,117,180
127,21,98,351,277,409,78,266,253,447,301,43
127,22,422,115,111,193,316,192,507,384,66,113
127,23,78,316,398,317,100,410,486,372,263,363
127,24,339,224,191,420,461,185,389,189,366,351
127,25,498,232,313,40,301,349,129,168,140,300
127,26,488,494,92,223,507,502,51,112,332,236
127,27,235,287,76,78,503,110,398,154,277,17
127,28,60,50,242,288,269,48,419,266,228,401
127,29,201,390,336,286,129,234,109,367,147,487
127,30,486,305,461,365,450,127,142,437,34,183
127,31,6,306,209,375,10,346,66,58,128,178
127,32,174,26,470,424,227,231,34,219,368,203
127,33,208,355,81,74,85,147,276,422,199,410
127,34,286,461,384,500,229,34,219,62,244,196
127,35,263,51,14,223,469,482,207,245,483,255
127,36,347,138,58,117,494,41,47,154,226,180
127,37,98,409,351,301,266,253,354,78,447,43
127,38,193,422,111,316,507,66,192,115,384,386
127,39,78,316,410,100,398,354,317,53,498,238
127,40,482,355,223,503,145,198,6,357,227,425
127,41,2,243,264,147,499,259,289,427,508,306
127,42,237,436,424,417,389,478,205,367,403,163
127,43,256,458,137,25,167,438,185,278,106,149
127,44,288,47,500,364,156,181,479,224,465,427
127,45,435,114,166,70,104,401,232,466,143,134
127,46,244,185,373,121,390,128,319,325,35,323
127,47,89,226,357,45,88,76,431,321,131,269
128,0,305,224,208,178,379,218,217,200,3,245
128,1,477,493,108,176,242,487,311,323,277,411
128,2,112,162,452,50,226,391,81,361,98,266
128,3,199,29,381,402,371,430,5,277,220,255
128,4,296,130,507,114,428,34,430,190,30,317
128,5,475,153,416,27,312,37,15,47,333,125
128,6,176,140,119,247,288,180,253,459,349,214
128,7,258,123,353,155,115,352,410,206,36,236
128,8,224,339,442,337,111,185,178,68,192,301
128,9,498,191,232,168,457,46,348,363,313,89
128,10,288,51,488,223,441,507,141,87,222,362
128,11,243,496,287,277,235,110,491,398,81,59
128,12,506,432,206,78,135,378,288,340,47,87
128,13,339,157,62,455,201,276,70,206,109,348
128,14,448,406,351,183,65,437,461,119,344,454
128,15,6,375,427,209,346,25,150,410,309,128
128,16,203,325,227,174,438,146,35,306,199,459
128,17,85,74,81,199,145,208,296,487,462,440
128,18,435,336,286,164,384,326,178,331,396,196
128,19,327,407,255,46,510,469,503,292,408,175
128,20,47,41,321,401,138,64,2,226,366,157
128,21,21,69,414,48,388,208,163,98,214,167
128,22,126,162,40,387,115,509,42,74,23,113
128,23,317,237,52,398,453,316,124,119,53,69
128,24,339,442,111,224,351,185,383,420,337,236
128,25,46,89,168,300,348,498,8,349,129,301
128,26,488,288,112,362,92,441,507,494,222,223
128,27,287,496,243,235,110,380,59,398,491,277
128,28,506,288,432,206,78,47,135,378,228,340
128,29,339,62,348,157,297,206,276,201,332,455
128,30,448,183,461,486,254,450,406,437,351,119
128,31,160,150,209,6,309,427,410,346,25,494
128,32,174,438,325,203,199,227,432,219,424,460
128,33,85,208,296,199,74,81,145,383,462,410
128,34,336,435,164,361,178,286,396,384,142,249
128,35,327,469,407,510,262,88,254,311,144,46
128,36,41,64,47,58,321,214,249,226,180,138
128,37,21,69,414,167,163,48,388,356,78,214
128,38,126,162,40,509,387,42,23,74,115,113
128,39,453,410,53,316,398,498,317,124,354,238
128,40,43,85,482,355,223,198,503,389,65,330
128,41,499,220,32,508,216,500,494,164,352,147
128,42,91,394,113,351,484,508,163,382,23,130
128,43,167,280,137,278,106,427,256,369,149,435
128,44,181,99,293,479,156,364,427,291,346,224
128,45,401,26,447,134,294,104,49,89,70,114
128,46,464,323,390,431,325,35,128,185,186,381
128,47,54,166,269,278,501,131,357,281,226,45
129,0,62,291,98,175,304,176,270,272,401,10
129,1,499,487,160,244,6,237,493,456,113,162
129,2,418,72,382,341,481,430,153,370,451,222
129,3,406,265,161,18,274,507,244,141,251,412
129,4,508,96,299,186,166,136,445,358,488,174
129,5,79,161,505,402,52,61,119,120,25,357
129,6,459,113,247,365,119,214,44,234,335,220
129,7,353,190,281,326,200,457,206,71,108,318
129,8,339,461,224,477,351,101,20,185,11,314
129,9,191,89,8,349,498,38,129,54,395,73
129,10,326,222,112,95,223,332,507,87,494,248
129,11,287,496,398,110,503,277,32,235,81,126
129,12,269,242,60,48,50,419,497,266,429,399
129,13,455,206,339,419,395,227,304,326,367,276
129,14,254,119,305,6,425,58,142,461,162,396
129,15,150,209,309,6,346,347,302,25,178,494
129,16,203,438,325,199,424,174,9,116,460,79
129,17,296,85,208,81,199,207,405,355,74,505
129,18,486,461,286,229,500,326,384,34,244,142
129,19,469,316,223,262,373,337,255,144,311,292
129,20,41,347,494,64,138,57,47,94,180,117
129,21,98,351,447,409,253,277,301,78,212,43
129,22,115,422,111,113,384,316,193,507,192,66
129,23,78,498,410,398,124,100,53,316,317,354
129,24,339,224,461,477,351,191,420,185,236,178
129,25,89,129,395,301,349,54,498,191,38,8
129,26,326,223,494,222,112,488,236,332,87,95
129,27,287,235,496,110,277,398,503,76,59,46
129,28,242,269,60,288,429,419,50,48,266,399
129,29,304,206,167,419,455,109,234,373,201,367
129,30,461,142,486,254,305,365,127,34,351,58
129,31,209,150,37,160,6,309,302,347,346,25
129,32,438,174,203,424,402,9,227,283,35,34
129,33,85,296,208,81,487,74,199,147,422,276
129,34,461,286,486,384,229,34,500,244,196,220
129,35,263,223,51,482,469,14,207,356,483,20
129,36,347,138,117,41,47,58,180,214,94,226
129,37,98,301,409,351,253,447,78,354,43,279
129,38,193,111,316,422,507,113,115,192,384,66
129,39,78,410,316,100,498,354,398,317,263,238
129,40,355,223,503,482,145,198,227,6,366,425
129,41,2,264,147,243,168,289,259,427,499,252
129,42,237,436,424,417,389,403,367,478,163,490
129,43,25,256,458,137,185,167,438,278,149,49
129,44,288,364,500,47,156,479,465,224,181,104
129,45,435,114,70,166,104,232,143,233,466,49
129,46,244,185,373,121,390,128,325,319,35,186
129,47,89,226,357,45,88,431,76,59,461,131
130,0,290,176,415,349,348,403,9,338,404,360
130,1,135,491,48,383,212,305,224,493,454,483
130,2,287,74,168,449,222,351,370,313,211,393
130,3,507,18,274,496,265,205,394,310,45,237
130,4,299,166,488,272,508,445,225,402,249,306
130,5,159,279,81,109,328,357,317,115,491,192
130,6,119,24,138,431,112,335,347,417,26,17
130,7,101,108,117,413,235,250,200,34,35,438
130,8,224,191,189,339,11,477,366,185,301,461
130,9,191,187,40,301,154,73,349,129,511,168
130,10,488,487,92,227,77,119,249,78,380,506
130,11,481,78,63,287,103,17,429,197,91,154
130,12,48,75,360,286,386,127,32,269,91,345
130,13,286,390,397,35,137,445,222,177,105,211
130,14,305,486,127,231,461,105,6,117,370,473
130,15,346,375,6,178,289,199,494,156,209,399
130,16,480,231,26,75,299,441,191,278,272,74
130,17,296,273,349,285,422,187,355,467,243,410
130,18,286,170,117,394,414,428,384,298,416,260
130,19,263,469,47,286,73,356,373,308,445,255
130,20,494,318,508,506,58,167,190,47,41,10
130,21,98,279,496,59,351,212,412,354,281,78
130,22,20,142,468,269,413,379,369,295,273,130
130,23,478,100,498,176,69,372,398,242,238,354
130,24,191,224,477,339,389,366,189,307,151,420
130,25,301,40,129,73,191,508,130,187,58,168
130,26,488,92,487,280,77,506,173,46,251,53
130,27,273,78,17,63,197,287,154,59,234,379
130,28,75,288,48,360,228,91,127,331,60,401
130,29,286,390,105,222,147,6,387,177,137,265
130,30,486,127,461,305,231,105,117,365,254,335
130,31,6,346,306,375,226,209,37,178,494,424
130,32,424,299,174,438,283,231,223,26,470,23
130,33,422,81,410,276,349,296,273,442,72,187
130,34,170,286,199,298,428,117,260,58,331,394
130,35,263,14,51,207,332,255,175,469,373,510
130,36,366,58,5,249,47,57,93,167,190,226
130,37,98,266,351,59,67,496,281,28,136,354
130,38,20,142,295,269,469,379,273,468,230,369
130,39,69,316,100,478,238,117,416,498,398,53
130,40,6,482,171,227,222,136,223,366,157,355
130,41,408,306,12,494,500,164,394,505,32,352
130,42,478,342,410,133,20,480,232,197,16,417
130,43,486,387,178,15,92,267,255,460,167,509
130,44,446,134,223,136,270,292,337,212,191,372
130,45,84,104,290,126,119,405,111,503,230,15
130,46,181,124,185,272,57,104,446,421,499,390
130,47,202,29,144,125,326,336,54,338,199,480
131,0,378,138,190,384,463,34,282,316,281,509
131,1,203,370,18,294,378,102,280,363,236,293
131,2,495,30,106,493,436,333,444,367,321,109
131,3,505,1,507,13,150,212,274,384,237,86
131,4,399,393,311,199,54,339,370,395,468,24
131,5,493,391,160,290,133,430,424,37,414,20
131,6,119,145,168,220,247,318,24,142,250,118
131,7,168,352,72,374,20,322,93,120,134,200
131,8,224,420,178,275,189,191,366,185,162,389
131,9,232,424,256,457,498,132,439,340,443,391
131,10,223,488,77,51,10,46,141,173,92,370
131,11,277,76,287,234,235,154,481,320,59,337
131,12,401,154,395,227,313,312,475,284,288,495
131,13,48,201,105,205,348,147,286,336,234,427
131,14,365,486,96,461,334,127,328,201,20,293
131,15,375,6,150,58,66,346,237,128,160,190
131,16,424,174,203,35,470,438,34,325,90,129
131,17,296,81,422,156,276,381,196,466,495,74
131,18,395,199,286,331,326,62,98,93,287,306
131,19,207,263,255,110,332,396,175,469,498,225
131,20,5,13,167,366,345,93,47,177,434,95
131,21,266,496,98,56,351,281,40,67,305,88
131,22,224,429,453,121,424,469,20,23,320,435
131,23,398,402,316,69,486,118,238,511,453,317
131,24,275,191,389,151,366,420,487,224,189,448
131,25,232,443,395,89,129,39,132,152,424,439
131,26,10,173,46,488,29,424,92,77,507,490
131,27,277,287,59,76,234,337,78,154,481,17
131,28,288,395,401,228,475,312,154,234,459,313
131,29,427,105,147,234,48,348,286,336,100,201
131,30,486,461,20,127,334,254,132,305,33,319
131,31,6,37,150,160,346,209,347,309,237,58
131,32,424,174,470,90,223,438,299,283,325,231
131,33,81,422,410,381,156,265,296,355,495,276
131,34,199,395,58,62,331,306,219,324,361,56
131,35,207,14,456,110,286,175,332,469,292,225
131,36,5,214,93,75,58,41,366,177,47,441
131,37,266,305,28,56,40,281,351,496,354,164
131,38,224,429,121,215,469,424,125,373,435,320
131,39,316,498,238,511,398,440,416,354,124,176
131,40,505,227,198,482,146,136,171,450,203,223
131,41,358,151,306,494,414,408,49,94,500,168
131,42,137,139,342,482,478,197,71,114,260,480
131,43,486,267,15,92,255,178,369,509,460,280
131,44,134,28,372,223,446,237,54,292,212,250
131,45,104,290,84,230,405,454,189,470,401,111
131,46,336,272,41,214,57,392,199,324,185,378
131,47,458,298,320,186,31,242,326,165,54,336
132,0,21,463,378,337,462,427,406,420,245,336
132,1,370,378,203,18,420,53,277,216,367,323
132,2,63,493,444,30,106,436,228,38,310,222
132,3,507,505,212,265,450,274,394,18,175,161
132,4,24,399,63,393,311,54,256,199,286,317
132,5,493,37,424,278,279,5,379,29,366,336
132,6,168,125,220,112,119,284,145,285,318,247
132,7,202,93,120,168,72,132,322,437,8,352
132,8,189,275,191,477,162,224,497,101,11,366
132,9,395,191,40,129,168,232,443,140,130,154
132,10,488,119,46,507,92,502,249,53,380,126
132,11,197,78,371,277,63,443,103,59,379,234
132,12,395,234,154,312,80,401,47,22,510,48
132,13,105,427,35,292,234,457,48,286,137,336
132,14,461,127,486,94,160,243,396,33,34,268
132,15,160,169,156,150,309,347,346,37,306,340
132,16,91,199,333,480,174,424,23,109,299,116
132,17,381,296,378,410,422,454,143,464,93,68
132,18,199,284,92,331,358,108,361,21,122,137
132,19,388,225,469,356,92,175,110,263,329,207
132,20,93,56,214,112,75,58,109,15,508,13
132,21,56,40,266,6,116,305,28,167,182,470
132,22,35,453,424,435,215,45,429,224,373,8
132,23,316,498,440,398,238,73,118,124,214,382
132,24,477,191,155,101,422,497,151,359,496,509
132,25,395,129,63,111,375,89,130,239,301,467
132,26,119,280,60,473,488,211,92,506,240,422
132,27,78,126,258,103,273,36,197,366,406,471
132,28,48,288,80,459,395,82,234,18,228,73
132,29,457,119,427,356,385,105,508,35,250,334
132,30,160,461,319,486,127,396,243,105,424,254
132,31,309,347,160,37,169,346,209,25,269,156
132,32,91,174,223,116,424,25,438,299,109,480
132,33,410,296,285,187,81,381,464,276,378,105
132,34,199,58,419,361,331,122,390,108,92,395
132,35,286,207,456,175,469,92,332,308,498,486
132,36,214,5,75,93,112,64,41,58,136,177
132,37,305,40,266,56,28,78,470,167,116,376
132,38,215,35,8,435,373,424,45,224,453,429
132,39,498,316,440,124,398,238,382,354,119,511
132,40,198,505,146,223,136,171,227,482,330,229
132,41,358,168,151,414,499,494,418,170,438,49
132,42,482,71,137,382,260,394,139,130,114,355
132,43,267,15,486,92,369,255,481,49,178,93
132,44,237,55,372,28,212,54,280,250,473,196
132,45,230,104,405,290,470,189,454,70,401,249
132,46,214,199,57,41,392,390,322,336,325,193
132,47,458,270,360,54,31,336,480,52,349,492
133,0,267,190,362,258,186,430,218,306,345,210
133,1,203,370,402,85,61,477,215,226,316,410
133,2,44,493,310,198,472,500,451,105,436,185
133,3,175,383,505,507,174,18,414,362,310,450
133,4,152,310,311,399,168,317,74,265,87,468
133,5,493,160,424,487,82,366,20,5,97,172
133,6,471,338,220,142,112,285,417,255,168,324
133,7,168,437,322,259,245,164,120,202,117,267
133,8,275,482,366,189,151,191,311,162,349,361
133,9,191,232,395,443,77,40,498,129,349,140
133,10,253,488,490,380,37,53,77,429,444,173
133,11,481,343,277,76,287,443,59,398,367,17
133,12,312,33,401,47,395,234,166,434,510,272
133,13,427,105,48,121,211,348,292,486,336,206
133,14,461,33,334,305,20,127,34,486,96,18
133,15,6,346,375,150,289,37,226,156,306,25
133,16,424,174,199,283,299,231,90,191,91,325
133,17,296,81,285,273,381,156,410,420,214,276
133,18,331,199,58,395,326,306,390,21,414,284
133,19,207,175,469,255,225,498,332,396,286,110
133,20,93,214,5,13,75,345,167,58,366,112
133,21,305,56,40,28,281,354,116,266,198,6
133,22,424,186,469,125,467,381,373,453,429,303
133,23,316,398,498,402,317,486,511,453,238,440
133,24,477,482,151,275,191,101,389,349,311,487
133,25,395,89,129,145,232,63,54,77,301,140
133,26,488,60,92,46,119,473,29,173,490,380
133,27,78,277,471,379,36,131,2,17,343,63
133,28,288,48,312,234,395,33,401,47,228,154
133,29,427,105,457,147,100,234,415,292,370,6
133,30,461,319,486,294,196,127,334,33,20,366
133,31,309,37,347,150,160,6,496,156,346,2
133,32,174,116,424,223,299,438,283,199,90,368
133,33,296,81,410,276,381,285,355,156,202,323
133,34,58,331,199,361,306,395,390,219,56,414
133,35,286,456,207,175,469,332,14,498,356,273
133,36,214,5,75,93,58,112,64,41,177,366
133,37,305,56,40,78,28,281,354,164,239,116
133,38,186,424,469,125,467,373,429,453,303,435
133,39,498,316,440,124,398,416,238,511,119,382
133,40,198,505,146,330,171,223,227,136,203,95
133,41,151,358,168,414,494,499,418,49,438,216
133,42,114,137,394,139,482,304,355,448,177,62
133,43,267,15,92,486,369,255,178,93,481,104
133,44,55,237,372,28,212,54,473,301,280,446
133,45,230,104,470,290,454,189,70,401,351,232
133,46,214,57,199,392,390,336,322,193,185,325
133,47,270,336,480,54,31,298,492,349,326,320
134,0,62,167,176,98,401,211,272,198,291,10
134,1,34,240,304,134,62,293,287,366,483,410
134,2,211,263,360,418,185,439,310,404,449,470
134,3,18,161,507,265,274,237,332,205,141,496
134,4,166,299,308,96,177,225,67,508,290,287
134,5,90,131,415,275,5,505,81,425,120,487
134,6,279,73,417,42,471,113,335,422,495,383
134,7,101,245,108,117,282,118,132,427,8,334
134,8,477,191,101,155,496,482,422,11,296,162
134,9,77,129,395,349,301,360,398,191,40,140
134,10,253,119,490,488,380,145,507,248,269,473
134,11,78,103,343,148,379,126,279,398,371,287
134,12,48,303,299,286,307,372,223,269,262,120
134,13,457,292,100,250,35,211,246,422,105,356
134,14,396,18,461,305,509,6,268,160,254,243
134,15,309,346,347,209,6,160,156,340,169,280
134,16,199,424,333,438,174,91,325,223,116,25
134,17,378,296,285,214,410,381,67,143,147,273
134,18,168,341,58,414,108,326,255,373,62,84
134,19,62,469,175,292,396,92,20,242,286,332
134,20,140,75,93,136,214,445,112,56,173,58
134,21,470,419,502,268,354,292,338,11,312,331
134,22,349,444,17,253,215,434,328,52,499,242
134,23,498,316,443,440,214,238,124,118,73,354
134,24,477,155,191,101,422,496,151,215,275,482
134,25,395,77,129,130,301,89,111,306,375,349
134,26,119,253,490,361,494,67,488,380,103,378
134,27,78,148,86,343,103,126,379,36,322,69
134,28,48,303,288,299,307,372,286,223,161,426
134,29,457,292,234,367,105,177,427,241,246,147
134,30,509,461,396,192,160,489,127,254,251,486
134,31,309,347,160,150,37,25,2,427,287,209
134,32,424,174,116,325,438,216,199,31,35,223
134,33,156,214,378,296,410,39,202,0,381,276
134,34,341,168,108,122,58,255,246,414,199,62
134,35,110,207,135,62,242,92,469,160,327,286
134,36,140,64,136,112,93,214,138,47,445,75
134,37,470,268,502,419,331,292,111,338,376,354
134,38,349,444,17,215,253,52,434,328,499,435
134,39,440,498,119,124,263,316,214,349,177,257
134,40,505,198,77,229,95,330,0,223,52,466
134,41,168,499,175,146,158,170,147,424,243,259
134,42,62,491,362,216,261,23,379,369,508,387
134,43,280,369,427,106,107,498,458,256,94,49
134,44,319,364,224,220,164,250,249,273,228,225
134,45,447,401,249,3,472,33,49,390,193,232
134,46,323,128,325,381,464,218,431,412,329,162
134,47,446,292,234,39,458,175,390,131,269,9
135,0,46,160,505,330,218,117,235,407,306,375
135,1,71,483,251,447,112,215,385,338,471,53
135,2,10,101,211,142,483,185,226,284,354,216
135,3,510,216,161,265,332,454,2,511,98,255
135,4,495,417,499,349,359,329,110,118,248,177
135,5,273,373,258,352,366,425,266,233,336,337
135,6,476,354,136,279,137,335,337,84,189,396
135,7,231,170,118,245,117,101,160,108,8,329
135,8,307,155,477,101,191,496,422,386,361,325
135,9,395,89,129,88,208,375,335,464,398,154
135,10,60,501,119,253,488,507,298,188,37,215
135,11,343,471,78,277,148,258,379,442,188,498
135,12,351,457,463,484,48,47,380,272,243,343
135,13,71,82,138,292,457,105,113,486,35,509
135,14,461,319,273,489,94,196,254,396,127,18
135,15,309,150,347,160,156,37,100,272,506,166
135,16,116,174,91,424,199,192,299,333,223,194
135,17,296,156,378,410,137,214,464,187,381,159
135,18,213,434,122,108,330,255,326,246,373,284
135,19,223,483,160,135,207,175,469,110,396,234
135,20,64,136,93,112,214,138,56,428,58,75
135,21,419,154,271,208,119,376,120,447,354,201
135,22,479,374,177,150,435,276,48,192,422,441
135,23,214,119,498,440,4,316,124,78,453,349
135,24,307,477,386,155,101,191,239,432,113,496
135,25,395,89,464,63,88,467,375,107,208,284
135,26,60,501,119,488,29,153,473,188,65,92
135,27,277,471,498,379,78,126,343,36,366,207
135,28,351,288,457,463,484,48,343,47,380,395
135,29,370,82,457,441,71,105,234,138,100,147
135,30,319,251,461,196,486,273,254,58,327,162
135,31,309,160,347,150,277,2,272,269,25,100
135,32,116,174,438,192,424,199,50,136,239,25
135,33,464,137,410,296,156,82,378,440,148,132
135,34,213,434,330,361,122,58,108,220,246,472
135,35,327,135,223,483,420,469,321,262,253,337
135,36,64,112,41,47,138,422,214,94,180,421
135,37,271,154,376,208,459,119,447,78,419,201
135,38,479,374,150,177,48,422,276,192,441,435
135,39,119,440,498,124,214,349,410,177,453,219
135,40,198,505,229,95,466,330,52,355,0,9
135,41,264,499,158,168,146,220,259,216,147,508
135,42,403,379,113,508,268,23,55,163,222,332
135,43,280,369,256,106,458,107,137,427,150,149
135,44,247,364,224,273,228,479,346,181,465,492
135,45,401,447,508,114,249,3,49,294,390,232
135,46,323,464,325,431,128,185,381,412,409,390
135,47,88,166,269,89,8,357,131,390,45,278
136,0,360,138,34,338,473,19,147,149,272,384
136,1,237,405,244,403,160,16,483,499,251,445
136,2,135,210,36,399,481,226,483,211,215,370
136,3,161,265,183,454,406,332,244,180,507,451
136,4,358,136,270,216,177,166,503,493,16,502
136,5,161,283,391,450,505,425,120,52,402,398
136,6,45,476,459,354,365,84,312,335,44,234
136,7,206,395,353,228,503,134,5,329,160,334
136,8,307,68,339,155,171,177,113,408,496,110
136,9,464,89,439,46,390,129,395,160,462,505
136,10,87,223,60,222,51,501,488,31,188,494
136,11,442,498,410,277,126,343,503,366,471,207
136,12,419,266,457,155,60,93,399,404,242,48
136,13,370,292,113,211,138,180,71,467,105,246
136,14,196,213,437,461,251,254,344,18,218,58
136,15,150,160,6,25,309,226,237,66,375,427
136,16,199,174,31,35,424,325,90,116,438,432
136,17,74,39,296,440,410,378,81,199,164,505
136,18,283,213,34,500,326,220,461,244,229,95
136,19,223,135,469,82,175,483,255,327,332,88
136,20,347,64,117,251,96,47,422,140,75,41
136,21,48,154,301,271,354,119,459,447,409,253
136,22,390,386,308,126,422,66,355,193,507,316
136,23,119,214,316,498,317,124,440,237,398,4
136,24,307,68,477,113,101,110,171,331,155,191
136,25,89,464,395,439,390,129,46,349,160,301
136,26,29,60,87,488,223,222,305,282,369,188
136,27,428,410,287,498,442,194,471,126,277,503
136,28,288,419,266,155,107,457,242,327,399,369
136,29,370,421,241,246,467,234,100,144,105,206
136,30,251,213,461,486,437,504,196,254,18,183
136,31,160,150,309,6,427,237,287,128,58,25
136,32,174,199,325,203,31,194,116,438,34,424
136,33,74,187,296,410,85,378,440,164,81,39
136,34,283,229,34,500,461,213,244,482,220,165
136,35,223,482,82,469,135,88,327,373,420,483
136,36,64,347,117,112,251,140,422,41,47,138
136,37,48,154,409,301,376,253,271,119,354,447
136,38,390,126,115,386,308,193,111,422,355,316
136,39,440,498,119,124,214,349,410,316,100,177
136,40,198,229,466,95,330,355,505,52,482,102
136,41,158,168,216,499,146,264,147,220,366,12
136,42,351,237,403,436,391,59,379,508,389,394
136,43,369,256,458,280,267,380,106,435,150,495
136,44,364,224,228,99,503,143,444,492,121,451
136,45,26,249,3,114,447,49,294,131,401,149
136,46,164,162,325,314,323,412,128,381,185,35
136,47,501,61,210,178,458,36,302,54,390,278
137,0,400,167,376,272,322,258,66,461,233,19
137,1,237,405,499,403,244,251,326,160,483,487
137,2,226,481,154,402,210,433,264,290,483,110
137,3,161,454,265,332,451,406,476,488,185,101
137,4,166,177,136,50,216,225,358,38,327,117
137,5,450,161,391,90,346,425,505,275,25,220
137,6,423,84,459,476,312,354,365,24,44,45
137,7,206,503,134,228,329,353,160,71,274,466
137,8,101,307,477,68,155,171,191,113,496,333
137,9,464,89,505,395,390,375,157,467,107,83
137,10,87,60,223,153,222,188,488,501,494,507
137,11,207,442,126,498,379,88,277,256,78,471
137,12,419,155,266,457,299,404,48,60,418,269
137,13,113,441,71,370,467,138,180,186,292,58
137,14,401,196,58,299,102,135,251,18,319,254
137,15,309,347,150,160,25,100,277,269,156,272
137,16,116,192,174,199,424,50,136,438,25,239
137,17,159,378,440,464,93,132,412,410,137,143
137,18,500,229,213,34,461,283,220,326,165,323
137,19,223,135,82,420,20,321,498,337,482,167
137,20,64,112,347,140,422,138,117,252,73,428
137,21,301,253,409,447,154,459,119,376,354,492
137,22,316,193,66,422,177,384,115,435,507,192
137,23,214,440,498,119,78,316,124,4,177,100
137,24,307,101,477,155,68,171,333,113,422,191
137,25,464,390,89,467,395,505,375,107,424,53
137,26,60,87,223,153,188,506,501,162,222,207
137,27,207,308,498,277,379,471,126,194,93,442
137,28,419,155,457,288,266,299,60,372,404,327
137,29,370,441,71,167,113,138,119,457,103,241
137,30,319,251,58,327,135,299,401,102,435,38
137,31,309,347,150,160,277,194,269,2,287,242
137,32,116,192,50,136,438,239,424,174,311,25
137,33,159,464,123,187,132,412,505,403,378,296
137,34,500,229,213,34,461,220,165,283,244,216
137,35,420,135,223,20,482,321,82,203,327,486
137,36,64,112,347,140,117,252,422,138,41,94
137,37,301,409,154,376,459,253,447,119,11,354
137,38,316,193,384,66,177,422,111,435,115,419
137,39,119,440,498,124,214,349,410,177,219,100
137,40,229,198,466,95,505,52,355,102,0,330
137,41,158,168,146,264,499,21,147,259,2,220
137,42,436,59,403,237,55,389,424,268,379,332
137,43,369,256,458,280,106,427,150,400,149,75
137,44,364,224,47,288,333,233,273,500,465,503
137,45,249,435,114,3,401,49,447,24,214,376
137,46,128,325,323,381,464,121,244,266,35,431
137,47,89,8,88,357,269,390,45,265,166,185
138,0,173,19,338,386,392,68,360,272,441,492
138,1,135,403,405,237,65,179,16,48,182,499
138,2,226,110,481,424,210,290,36,371,168,368
138,3,161,129,265,454,40,332,406,244,498,476
138,4,136,177,327,174,264,38,213,244,160,454
138,5,450,425,25,404,346,120,52,182,13,161
138,6,24,365,480,335,459,138,228,312,119,316
138,7,329,228,206,353,71,261,156,486,200,510
138,8,333,307,101,477,217,171,20,331,191,224
138,9,464,467,89,505,146,107,390,468,375,53
138,10,222,87,487,369,236,120,267,152,223,60
138,11,207,150,379,88,308,126,93,194,442,18
138,12,266,155,236,404,419,60,281,327,27,214
138,13,467,167,441,367,113,21,397,226,292,58
138,14,135,327,58,0,64,162,401,254,38,202
138,15,347,309,2,25,277,366,225,269,166,160
138,16,239,116,438,50,192,136,25,424,48,63
138,17,464,412,132,312,159,261,256,148,176,137
138,18,283,165,39,461,500,34,213,384,437,229
138,19,420,223,337,82,321,135,482,316,138,111
138,20,64,112,428,117,347,252,213,445,187,73
138,21,154,400,146,206,447,376,301,299,442,253
138,22,305,66,269,193,111,295,316,369,384,123
138,23,440,214,498,177,124,349,100,155,119,219
138,24,333,477,101,307,331,217,20,155,171,224
138,25,464,467,89,146,107,375,424,505,390,53
138,26,222,236,369,60,67,87,487,501,494,223
138,27,277,207,308,379,471,93,150,126,378,498
138,28,155,236,266,288,327,419,404,281,457,494
138,29,370,441,167,119,367,103,71,144,457,467
138,30,251,142,135,58,218,202,319,327,254,299
138,31,160,309,347,150,194,269,2,242,277,67
138,32,116,174,239,192,50,438,424,136,31,199
138,33,371,74,412,409,187,378,252,159,487,464
138,34,416,165,67,283,437,117,482,213,461,394
138,35,373,73,321,420,16,469,223,285,510,20
138,36,252,315,112,297,64,117,213,41,445,436
138,37,146,345,311,206,400,442,11,376,154,299
138,38,305,66,295,193,111,269,316,500,495,384
138,39,155,498,440,119,401,81,124,96,214,316
138,40,198,6,95,157,418,229,466,165,356,482
138,41,168,12,146,494,158,380,306,245,402,289
138,42,479,257,97,22,438,45,67,68,237,133
138,43,94,387,369,378,458,181,486,84,267,178
138,44,270,294,474,173,47,364,224,191,196,4
138,45,249,126,119,49,3,201,132,297,114,145
138,46,128,325,446,381,193,245,266,244,499,186
138,47,89,29,199,357,390,33,8,12,185,297
139,0,274,4,180,162,126,228,235,217,294,356
139,1,451,108,394,368,475,0,182,391,405,257
139,2,236,346,391,107,452,112,444,200,424,277
139,3,402,108,29,381,282,161,349,328,246,310
139,4,223,114,199,130,34,5,73,212,131,68
139,5,374,80,93,47,312,153,247,37,348,26
139,6,288,140,208,176,118,119,292,168,335,24
139,7,167,65,410,166,316,94,123,496,155,329
139,8,307,126,138,191,477,356,155,304,482,113
139,9,395,439,129,89,139,154,160,389,349,301
139,10,29,60,488,119,501,424,305,380,65,413
139,11,277,410,3,59,78,481,471,442,115,126
139,12,363,218,410,432,87,78,143,457,284,95
139,13,370,292,457,246,180,252,234,324,422,105
139,14,461,147,213,18,388,74,77,504,254,486
139,15,6,160,66,346,150,156,37,375,58,237
139,16,424,174,199,31,35,90,403,116,191,223
139,17,172,196,371,17,296,410,39,430,118,74
139,18,103,178,385,388,282,497,248,95,326,132
139,19,184,469,255,210,331,66,16,47,285,175
139,20,345,315,297,413,436,366,290,464,47,124
139,21,454,107,456,337,178,163,74,40,56,175
139,22,343,465,472,74,381,292,281,387,56,171
139,23,155,401,96,81,317,316,404,69,402,327
139,24,138,126,304,356,233,482,389,191,205,189
139,25,63,395,232,129,89,171,424,439,301,210
139,26,29,60,10,129,488,424,273,65,413,380
139,27,277,12,363,471,59,3,415,428,379,481
139,28,363,410,288,87,228,143,432,218,220,475
139,29,370,195,412,128,252,234,168,100,105,246
139,30,486,388,323,74,461,504,90,188,69,432
139,31,160,6,150,37,128,346,209,58,306,66
139,32,174,424,438,203,31,231,368,199,470,34
139,33,17,172,196,74,430,371,410,422,81,73
139,34,103,178,385,497,388,282,248,391,249,331
139,35,14,510,469,88,286,184,210,66,127,16
139,36,41,366,315,413,297,58,436,215,2,75
139,37,454,178,337,456,107,163,40,28,33,56
139,38,343,465,472,292,281,74,23,381,373,435
139,39,316,155,498,238,69,95,401,416,398,124
139,40,407,482,244,171,423,157,146,198,136,6
139,41,51,435,484,494,94,180,500,67,146,358
139,42,85,45,194,438,114,472,91,22,123,286
139,43,294,378,486,15,92,509,84,267,178,420
139,44,489,474,43,95,196,372,237,495,4,212
139,45,167,132,104,230,503,290,406,401,26,249
139,46,446,64,71,57,325,119,193,323,381,492
139,47,487,17,152,65,171,54,281,336,329,480
140,0,219,70,44,23,468,505,485,267,148,114
140,1,80,394,423,23,115,3,5,68,174,85
140,2,387,294,454,311,444,107,493,359,321,200
140,3,283,23,426,384,507,459,197,323,252,255
140,4,14,237,471,199,152,371,114,130,386,292
140,5,76,47,509,257,5,244,97,54,259,340
140,6,391,207,324,22,425,188,208,416,162,142
140,7,166,473,492,267,220,115,132,357,439,119
140,8,126,322,363,497,116,366,138,78,242,162
140,9,152,300,299,232,439,168,313,245,457,395
140,10,265,29,362,327,502,92,53,135,10,305
140,11,277,380,481,235,287,496,59,468,336,154
140,12,434,33,340,218,289,284,493,143,231,475
140,13,239,297,303,313,201,370,48,348,206,234
140,14,504,251,484,301,381,55,183,437,333,293
140,15,160,237,6,58,66,150,128,36,375,10
140,16,35,174,199,459,203,34,325,306,227,9
140,17,74,14,199,338,296,410,208,487,34,85
140,18,396,178,326,125,249,96,386,81,1,21
140,19,255,469,289,157,88,59,331,510,327,210
140,20,215,229,47,401,413,290,335,41,366,260
140,21,454,337,384,91,287,76,178,147,175,107
140,22,307,181,401,339,358,408,69,334,328,467
140,23,69,237,317,95,316,146,363,416,52,119
140,24,497,363,322,126,353,116,78,389,189,242
140,25,152,300,89,168,439,349,299,301,140,232
140,26,265,29,112,362,327,488,92,10,95,369
140,27,380,277,110,235,287,336,442,255,247,129
140,28,434,33,340,288,47,493,289,228,218,143
140,29,239,297,206,348,201,303,336,42,455,234
140,30,251,183,196,437,504,461,486,333,254,484
140,31,160,150,6,209,309,25,237,10,306,58
140,32,199,325,174,219,35,227,34,438,9,460
140,33,74,14,199,85,296,240,383,208,82,410
140,34,178,396,125,386,96,249,361,109,307,287
140,35,88,289,469,495,33,104,67,51,217,167
140,36,215,41,47,58,2,413,75,198,335,229
140,37,76,287,277,384,91,454,337,83,107,147
140,38,307,401,69,408,339,181,358,328,334,77
140,39,316,69,416,498,398,410,363,124,511,317
140,40,407,482,157,215,171,198,227,223,389,43
140,41,494,435,500,94,164,425,259,444,46,484
140,42,303,119,428,123,261,16,114,138,197,222
140,43,121,217,178,486,509,420,498,15,460,464
140,44,225,4,95,156,346,158,134,292,212,446
140,45,282,104,503,351,230,294,249,26,290,232
140,46,504,71,42,506,390,325,218,128,57,265
140,47,80,175,65,39,234,48,466,152,364,390
141,0,381,416,79,468,219,464,70,485,149,188
141,1,174,434,23,437,262,80,414,471,215,162
141,2,387,321,379,454,294,494,457,311,44,142
141,3,288,52,323,384,216,197,357,86,371,426
141,4,128,340,191,329,292,14,499,199,152,349
141,5,172,180,399,76,340,96,11,509,20,122
141,6,416,74,391,272,188,207,441,151,324,53
141,7,119,437,175,220,268,176,208,275,122,473
141,8,322,363,182,451,505,116,353,78,497,162
141,9,258,300,348,393,152,89,503,256,439,53
141,10,502,102,497,141,189,163,135,222,1,507
141,11,277,380,416,287,496,110,251,336,337,32
141,12,22,7,493,33,340,221,227,434,47,258
141,13,239,206,137,297,313,42,332,129,300,348
141,14,504,251,485,254,437,58,454,419,461,484
141,15,160,150,309,347,25,2,166,395,67,381
141,16,199,174,325,424,438,116,460,432,35,203
141,17,378,74,296,410,440,199,208,93,175,487
141,18,337,260,331,326,450,98,1,307,38,343
141,19,469,175,254,88,139,510,255,46,332,292
141,20,332,41,401,64,2,47,18,75,226,10
141,21,77,175,496,247,67,56,40,281,69,147
141,22,432,20,65,408,23,469,69,358,74,255
141,23,317,316,119,498,214,398,237,69,124,363
141,24,322,182,451,505,363,353,63,351,477,487
141,25,89,395,464,300,349,129,54,63,258,319
141,26,112,102,188,252,119,462,488,369,189,269
141,27,126,380,442,110,498,471,287,416,277,188
141,28,22,7,493,227,258,47,33,340,195,288
141,29,239,206,297,332,370,201,455,137,373,205
141,30,461,251,485,419,328,504,183,484,34,196
141,31,160,150,309,6,209,25,287,347,302,324
141,32,199,174,325,116,219,438,460,424,203,227
141,33,85,199,74,208,296,487,440,104,285,180
141,34,331,337,450,260,98,361,109,304,307,58
141,35,254,469,51,504,33,88,327,46,144,157
141,36,41,2,47,75,332,249,64,198,401,177
141,37,77,496,67,247,281,56,78,69,40,277
141,38,432,23,65,20,408,469,255,69,358,74
141,39,316,69,410,317,416,398,498,53,124,117
141,40,482,43,389,171,223,157,503,198,215,227
141,41,494,500,164,32,220,216,352,508,499,259
141,42,197,16,480,342,20,410,478,114,260,138
141,43,486,178,460,71,119,420,137,106,149,15
141,44,95,446,134,223,181,372,4,212,120,136
141,45,84,503,290,111,104,15,189,401,351,134
141,46,181,421,57,272,124,392,390,185,42,325
141,47,338,326,336,337,144,54,349,202,480,492
142,0,316,98,459,401,58,167,99,384,62,96
142,1,378,370,238,293,23,302,287,294,336,363
142,2,470,439,387,311,472,105,454,367,263,30
142,3,168,404,174,265,507,384,274,337,323,406
142,4,96,339,402,393,287,67,69,508,502,299
142,5,505,485,143,131,414,90,52,202,82,415
142,6,129,383,220,53,132,498,145,495,142,417
142,7,86,429,258,352,20,72,317,122,48,282
142,8,363,322,451,420,182,461,78,468,162,487
142,9,300,348,256,349,498,89,168,313,393,257
142,10,3,112,457,507,502,497,490,1,189,102
142,11,110,287,380,416,398,32,496,277,481,325
142,12,258,502,98,303,22,227,47,48,193,15
142,13,206,239,332,348,455,313,227,14,454,42
142,14,70,437,183,485,419,484,461,251,87,425
142,15,150,6,10,160,190,346,209,375,25,309
142,16,199,325,174,424,432,203,438,460,35,79
142,17,208,429,296,199,85,74,180,410,104,487
142,18,343,62,319,326,168,246,58,152,1,142
142,19,33,46,469,292,510,327,175,255,332,482
142,20,41,2,75,64,47,157,278,122,27,140
142,21,277,69,502,470,268,354,94,78,351,67
142,22,499,320,349,192,328,52,434,23,16,8
142,23,317,316,398,237,498,410,238,52,124,24
142,24,322,420,451,468,351,78,461,363,182,487
142,25,300,395,89,129,349,256,168,140,498,313
142,26,3,112,507,92,488,354,490,189,332,494
142,27,110,287,380,398,503,126,416,496,442,78
142,28,502,258,47,288,303,48,227,223,98,286
142,29,206,239,455,486,297,227,332,14,348,454
142,30,70,437,183,461,485,251,396,192,196,419
142,31,160,309,209,150,6,347,25,287,346,302
142,32,199,325,174,438,432,460,424,370,35,219
142,33,429,85,199,296,285,208,74,378,0,104
142,34,343,62,319,246,361,168,58,142,326,84
142,35,33,469,46,292,327,88,144,80,51,62
142,36,41,75,122,64,58,47,278,2,27,136
142,37,277,69,78,470,94,502,354,268,351,250
142,38,499,320,349,328,52,434,8,23,16,192
142,39,316,498,398,317,410,124,263,440,416,238
142,40,482,498,227,223,43,503,450,198,65,215
142,41,427,417,467,499,147,259,508,151,168,2
142,42,362,491,163,216,394,367,62,261,369,23
142,43,280,464,106,509,137,256,369,427,149,278
142,44,35,127,181,220,273,164,479,224,156,465
142,45,401,496,33,447,134,244,232,70,49,104
142,46,464,218,390,431,373,504,323,185,128,186
142,47,175,269,39,234,166,357,509,109,45,131
143,0,234,79,188,495,123,485,201,282,149,409
143,1,261,437,447,471,323,281,53,434,272,336
143,2,135,457,494,470,387,367,436,38,105,44
143,3,35,342,507,174,168,274,18,52,404,141
143,4,431,191,329,128,402,168,192,339,287,46
143,5,75,399,485,505,331,273,160,414,258,172
143,6,417,129,151,383,132,74,311,498,142,495
143,7,18,48,295,429,176,175,117,352,86,437
143,8,461,119,314,185,451,182,189,311,505,256
143,9,349,293,498,145,300,154,483,100,282,40
143,10,469,112,332,102,95,457,300,314,20,488
143,11,230,451,188,501,110,324,129,416,235,481
143,12,377,438,111,7,502,47,258,257,22,48
143,13,227,374,206,390,18,14,278,491,454,316
143,14,43,467,70,28,425,268,461,34,478,302
143,15,150,6,25,306,160,309,10,302,178,156
143,16,199,79,368,133,460,424,9,108,219,174
143,17,460,208,199,429,296,85,454,81,355,74
143,18,319,304,343,241,58,478,326,477,414,246
143,19,273,469,389,80,292,349,46,286,255,505
143,20,75,41,448,278,58,136,167,501,64,2
143,21,78,307,69,470,434,94,268,208,250,388
143,22,494,495,39,434,192,320,255,16,413,23
143,23,316,317,398,486,498,511,237,410,263,372
143,24,119,461,311,505,451,113,420,314,487,351
143,25,300,395,140,145,377,349,301,129,54,40
143,26,469,332,112,92,269,12,119,196,3,488
143,27,188,110,103,131,255,146,279,442,380,230
143,28,438,377,48,502,288,47,111,7,258,223
143,29,206,374,14,227,239,486,297,454,316,491
143,30,461,70,302,196,485,183,34,467,425,43
143,31,150,209,160,309,6,25,10,306,302,37
143,32,199,174,424,460,368,438,370,116,325,79
143,33,429,199,85,285,296,378,208,74,460,81
143,34,241,343,58,246,304,319,188,361,414,62
143,35,46,292,327,144,469,33,80,187,286,88
143,36,64,75,41,278,136,47,448,177,138,58
143,37,78,69,470,94,354,192,208,502,268,250
143,38,494,495,434,320,39,192,16,23,113,349
143,39,498,316,440,410,124,317,398,263,453,511
143,40,498,43,482,198,223,450,503,505,171,330
143,41,427,417,499,168,220,147,508,259,151,2
143,42,362,62,367,394,508,369,163,23,216,261
143,43,280,369,137,106,256,149,427,509,278,49
143,44,127,35,224,181,220,479,156,465,364,273
143,45,33,401,447,496,134,249,244,49,294,70
143,46,464,390,431,323,218,128,325,185,186,381
143,47,234,175,269,166,357,292,109,131,39,54
144,0,464,234,79,416,188,258,384,473,201,58
144,1,71,447,483,189,237,264,285,215,323,16
144,2,406,101,10,139,44,367,185,379,153,500
144,3,288,274,265,161,404,362,406,86,507,450
144,4,495,58,329,237,499,128,340,314,16,391
144,5,79,505,373,273,172,391,296,414,258,485
144,6,441,417,476,354,472,132,136,142,416,198
144,7,352,48,390,200,119,429,108,345,117,461
144,8,461,307,468,328,317,314,451,224,182,185
144,9,89,349,300,498,439,168,340,483,129,395
144,10,112,189,248,457,409,354,196,507,3,37
144,11,287,110,398,324,481,380,188,416,32,496
144,12,227,351,93,48,457,47,33,343,22,271
144,13,206,227,486,14,332,239,454,491,480,455
144,14,344,70,196,484,437,461,425,207,485,406
144,15,150,6,160,25,346,10,209,309,302,324
144,16,199,325,460,174,79,424,9,432,203,283
144,17,199,429,296,440,42,208,74,85,156,180
144,18,58,213,319,98,343,326,390,304,219,188
144,19,292,327,80,469,175,46,73,254,135,332
144,20,41,75,64,167,391,278,47,58,214,2
144,21,154,271,354,250,400,69,78,351,201,266
144,22,163,295,126,408,489,495,192,23,369,269
144,23,316,263,398,117,317,498,237,24,511,416
144,24,307,461,317,113,328,468,420,419,351,177
144,25,395,300,89,349,54,129,377,301,439,140
144,26,112,409,60,189,269,196,494,332,354,488
144,27,110,442,287,126,188,380,503,498,496,78
144,28,48,47,351,33,227,93,457,127,343,288
144,29,206,455,486,239,227,14,332,276,71,297
144,30,344,251,437,461,196,406,183,370,425,484
144,31,150,160,309,25,209,347,6,302,287,410
144,32,199,174,325,116,219,460,438,424,9,370
144,33,440,199,285,154,85,429,42,74,93,208
144,34,58,98,213,242,361,319,390,343,142,219
144,35,254,46,292,33,392,144,327,88,51,187
144,36,75,391,41,58,47,64,198,177,511,249
144,37,354,271,69,78,201,250,351,154,192,400
144,38,126,163,408,295,23,489,192,469,369,495
144,39,117,511,498,263,440,316,416,398,453,410
144,40,215,43,498,171,6,389,198,482,85,330
144,41,12,306,220,216,146,151,508,394,499,352
144,42,138,130,67,394,303,382,508,23,202,71
144,43,280,435,137,106,369,178,149,84,427,387
144,44,99,293,4,181,495,224,156,346,291,122
144,45,401,26,447,405,89,294,201,104,134,49
144,46,390,431,464,323,325,42,185,128,412,381
144,47,269,166,54,80,131,357,281,2,501,278
145,0,19,173,347,272,258,68,242,474,392,360
145,1,244,160,403,487,237,189,499,285,363,405
145,2,406,36,382,481,139,215,371,210,153,211
145,3,406,265,274,161,507,18,244,454,102,207
145,4,166,508,16,299,177,136,117,93,327,487
145,5,346,161,52,79,61,402,283,505,187,91
145,6,459,480,447,44,147,422,472,354,113,247
145,7,200,353,352,457,206,156,108,324,326,345
145,8,339,461,307,477,201,317,236,20,155,113
145,9,395,129,140,349,168,89,49,300,154,301
145,10,112,354,248,507,103,488,494,145,189,409
145,11,503,110,398,131,287,78,471,247,481,65
145,12,48,404,266,269,209,419,242,155,326,227
145,13,206,227,419,455,14,71,246,332,457,391
145,14,437,142,461,196,396,18,484,254,485,425
145,15,150,346,6,10,160,309,209,166,190,271
145,16,325,199,174,424,370,432,35,368,438,79
145,17,199,296,74,378,42,429,85,208,410,371
145,18,229,461,321,416,283,58,384,326,54,142
145,19,469,373,82,316,292,88,252,429,80,482
145,20,347,75,218,41,445,140,278,64,167,57
145,21,206,354,442,250,311,351,465,400,69,201
145,22,111,500,66,273,269,468,495,489,113,193
145,23,263,316,117,174,398,317,24,498,124,74
145,24,339,461,317,307,328,236,173,419,201,351
145,25,395,89,140,300,168,54,49,129,301,508
145,26,112,409,488,236,29,354,103,494,92,223
145,27,503,110,287,131,53,442,277,78,398,380
145,28,404,269,266,48,288,242,155,419,327,209
145,29,206,455,227,419,14,71,167,246,316,332
145,30,142,484,461,437,183,196,344,419,70,18
145,31,209,160,6,150,309,306,10,346,347,166
145,32,199,325,174,438,432,370,368,424,9,35
145,33,199,207,440,85,74,425,371,429,266,296
145,34,461,229,283,437,321,54,150,384,416,394
145,35,373,316,469,292,184,16,73,33,505,88
145,36,75,347,41,391,58,64,47,125,140,57
145,37,206,311,354,250,400,351,266,465,69,442
145,38,111,500,468,66,273,113,489,269,292,369
145,39,511,263,316,498,117,440,398,214,124,205
145,40,85,215,43,6,171,482,198,355,450,498
145,41,12,508,151,306,494,49,289,414,216,146
145,42,205,237,67,71,479,138,45,97,22,394
145,43,387,369,280,435,178,149,92,486,267,84
145,44,47,270,181,4,293,495,99,224,237,136
145,45,405,104,26,447,126,401,49,249,119,201
145,46,323,390,325,41,446,185,128,42,186,381
145,47,125,29,54,33,181,80,458,48,131,269
146,0,305,224,208,178,379,218,217,200,306,245
146,1,477,108,176,242,423,277,191,323,424,299
146,2,162,112,452,391,50,406,423,278,344,326
146,3,29,199,381,402,281,371,3,304,307,24
146,4,130,296,507,34,114,428,155,367,190,19
146,5,475,416,153,47,27,37,312,366,333,15
146,6,176,140,180,288,253,459,247,147,208,403
146,7,258,123,155,352,65,353,166,496,410,48
146,8,111,339,442,461,126,307,357,314,177,328
146,9,498,349,46,89,300,313,168,213,508,108
146,10,112,288,441,457,196,409,336,248,37,362
146,11,110,287,243,398,3,496,503,268,443,46
146,12,432,206,78,87,506,340,135,378,218,428
146,13,206,455,227,339,157,486,239,14,276,348
146,14,448,406,251,437,65,485,183,344,70,461
146,15,150,160,6,10,346,25,166,309,209,190
146,16,199,325,174,460,402,438,424,9,432,203
146,17,85,462,199,74,296,208,246,145,440,410
146,18,435,178,336,164,331,326,388,142,385,1
146,19,327,46,407,469,88,408,292,510,245,255
146,20,41,321,64,75,47,2,401,157,391,167
146,21,163,21,414,107,69,214,208,167,388,337
146,22,40,126,387,74,162,23,509,381,42,469
146,23,316,317,398,237,498,214,119,453,124,24
146,24,442,111,177,339,126,357,351,322,113,461
146,25,89,46,395,349,300,129,301,168,464,390
146,26,112,288,362,488,252,441,222,137,51,332
146,27,126,496,110,503,287,442,243,103,32,247
146,28,47,432,206,78,506,288,340,378,87,135
146,29,339,206,455,486,157,239,276,14,297,348
146,30,448,251,461,183,406,18,344,485,437,196
146,31,160,150,309,347,287,25,427,209,2,302
146,32,199,174,116,219,438,460,325,424,333,402
146,33,462,85,199,285,440,378,296,154,74,208
146,34,435,336,178,242,164,361,142,331,58,249
146,35,254,88,327,407,46,392,469,33,144,504
146,36,41,75,64,58,47,321,391,198,177,249
146,37,414,21,163,69,167,107,307,201,78,388
146,38,126,40,162,387,74,23,509,381,42,469
146,39,498,511,440,453,410,316,124,119,398,214
146,40,85,43,482,198,171,355,389,503,65,498
146,41,216,220,32,146,508,499,352,500,494,168
146,42,91,394,382,130,260,508,484,113,23,163
146,43,280,435,369,137,106,149,178,267,92,256
146,44,99,293,181,495,224,122,156,291,95,212
146,45,26,401,447,104,49,294,134,249,89,244
146,46,323,464,431,390,325,412,128,35,381,42
146,47,54,166,269,152,278,131,281,357,501,390
147,0,19,392,203,425,289,272,9,258,473,474
147,1,244,6,487,456,403,160,499,237,113,162
147,2,36,406,382,481,210,139,153,273,72,62
147,3,406,185,265,161,274,102,454,364,244,507
147,4,166,136,177,16,493,327,508,117,467,174
147,5,346,283,79,161,391,61,402,52,404,505
147,6,459,327,147,44,480,312,234,422,220,135
147,7,190,156,206,353,352,457,200,213,171,501
147,8,339,351,101,412,20,236,317,307,43,270
147,9,89,168,395,355,8,319,257,464,468,49
147,10,103,326,189,248,357,112,305,488,145,231
147,11,503,247,498,442,287,53,126,207,398,379
147,12,266,404,155,413,327,48,369,418,242,326
147,13,206,455,14,419,246,227,326,457,339,144
147,14,437,196,18,344,254,142,461,396,185,370
147,15,160,309,150,410,25,347,427,166,6,2
147,16,174,325,199,116,63,35,283,424,438,146
147,17,440,378,74,93,296,410,199,39,461,505
147,18,229,283,416,321,54,486,461,58,326,384
147,19,82,373,88,469,252,316,223,292,482,144
147,20,347,64,218,422,180,147,167,41,445,198
147,21,206,465,201,354,442,351,311,250,78,23
147,22,390,111,193,273,269,66,468,113,386,489
147,23,117,498,24,263,214,124,316,174,317,398
147,24,351,339,101,412,454,331,171,155,294,317
147,25,89,168,464,395,301,319,49,377,107,375
147,26,326,103,29,488,494,92,51,305,112,236
147,27,503,442,428,498,53,205,110,126,103,131
147,28,327,404,369,155,266,288,418,48,269,326
147,29,455,206,246,420,14,467,370,419,144,241
147,30,142,18,196,437,183,461,344,213,485,484
147,31,160,410,309,150,427,25,302,347,209,6
147,32,174,325,199,35,116,227,219,438,283,460
147,33,74,371,199,461,440,425,207,118,429,309
147,34,229,486,416,321,461,283,54,482,156,384
147,35,373,184,16,210,66,469,33,392,157,88
147,36,315,75,41,58,347,57,436,140,218,391
147,37,250,311,206,442,465,400,354,345,351,266
147,38,111,390,273,489,193,500,269,66,468,386
147,39,511,117,263,316,498,155,401,398,440,174
147,40,6,482,215,171,227,498,203,198,450,43
147,41,289,12,151,49,508,306,494,252,414,175
147,42,479,71,237,45,22,67,97,138,438,257
147,43,387,92,15,267,486,149,178,369,93,435
147,44,339,47,270,4,173,237,294,474,55,447
147,45,405,104,126,119,70,201,230,26,454,132
147,46,446,151,57,499,325,390,504,185,492,42
147,47,125,29,33,80,181,54,463,48,12,52
148,0,412,251,168,319,235,431,205,262,148,218
148,1,440,125,57,475,88,505,383,446,310,140
148,2,496,511,37,89,436,109,207,107,444,171
148,3,249,293,196,507,205,408,496,335,269,305
148,4,325,346,357,465,73,294,199,344,506,389
148,5,68,74,56,510,482,112,471,154,110,294
148,6,185,435,68,237,397,292,259,168,182,442
148,7,316,33,139,302,489,177,276,242,351,191
148,8,304,356,138,189,191,233,461,162,366,389
148,9,232,395,168,191,171,161,439,100,208,139
148,10,10,29,488,92,273,348,327,129,126,103
148,11,277,363,59,415,3,154,481,235,234,294
148,12,246,218,287,113,37,228,301,220,73,288
148,13,412,252,195,128,370,234,336,292,105,329
148,14,486,74,461,388,127,90,323,188,383,147
148,15,375,66,6,346,306,58,226,178,150,237
148,16,174,35,424,299,129,90,199,231,23,133
148,17,172,196,430,17,324,70,422,73,72,381
148,18,510,503,127,282,497,388,483,248,49,385
148,19,210,184,66,47,255,376,331,289,212,127
148,20,413,345,366,228,290,297,507,215,247,464
148,21,242,464,337,474,18,456,340,54,74,107
148,22,78,283,77,43,401,292,281,181,122,86
148,23,155,401,95,390,96,327,146,384,69,363
148,24,304,138,356,233,503,389,189,191,154,205
148,25,232,161,62,171,63,210,395,132,439,424
148,26,29,10,273,424,488,125,348,129,46,92
148,27,277,363,12,415,59,294,234,3,206,422
148,28,288,228,246,220,37,459,143,218,475,410
148,29,370,128,412,195,252,102,168,52,329,147
148,30,486,388,74,323,69,188,90,319,383,127
148,31,306,226,6,375,160,150,66,58,128,486
148,32,174,299,368,424,231,108,225,129,438,26
148,33,172,196,17,430,422,324,484,343,73,72
148,34,503,510,497,127,282,483,385,386,388,248
148,35,14,110,212,207,289,225,234,66,383,63
148,36,215,413,228,366,507,290,335,58,423,47
148,37,464,456,337,18,287,242,91,474,54,33
148,38,283,78,77,43,401,292,281,181,86,264
148,39,390,416,498,95,119,69,440,511,177,214
148,40,244,407,471,203,423,229,215,397,59,278
148,41,435,226,94,434,484,385,67,146,180,414
148,42,287,428,476,123,119,303,301,472,365,457
148,43,207,509,217,475,87,377,142,180,2,369
148,44,189,51,158,440,43,4,276,196,471,143
148,45,406,282,48,365,332,200,249,295,359,86
148,46,469,77,239,141,162,147,303,315,125,351
148,47,142,280,11,222,329,1,424,369,154,390
149,0,28,340,80,399,342,223,354,324,280,118
149,1,128,225,266,501,60,157,130,335,255,303
149,2,181,480,349,149,260,169,492,276,477,86
149,3,161,332,454,265,183,498,274,297,372,40
149,4,136,177,433,475,280,160,174,503,179,249
149,5,182,393,352,443,230,256,404,425,157,25
149,6,105,169,179,18,443,155,39,38,101,120
149,7,329,114,151,508,336,218,294,104,403,337
149,8,93,191,333,354,267,470,101,110,49,148
149,9,258,464,467,505,53,107,427,130,185,462
149,10,349,497,413,163,173,10,202,399,194,216
149,11,378,207,277,410,200,69,498,234,93,59
149,12,145,236,43,436,257,36,261,189,162,350
149,13,70,270,234,370,42,155,171,129,147,257
149,14,251,381,374,196,319,249,403,401,486,58
149,15,150,160,309,347,496,242,25,2,19,6
149,16,174,116,442,424,129,438,91,199,115,299
149,17,276,495,422,137,86,410,82,14,338,488
149,18,450,267,185,340,477,326,442,102,7,401
149,19,207,234,110,255,378,225,263,321,502,420
149,20,366,47,401,64,190,112,167,507,413,345
149,21,117,286,279,466,43,212,166,147,329,130
149,22,301,279,346,400,371,399,486,504,116,380
149,23,119,214,498,69,177,440,100,290,252,410
149,24,93,354,470,191,330,267,497,101,333,477
149,25,464,424,89,395,53,258,232,439,63,152
149,26,349,413,10,497,173,399,163,29,488,194
149,27,277,378,169,59,379,410,471,234,337,126
149,28,145,288,228,475,168,261,350,36,470,82
149,29,370,147,234,70,42,105,445,441,472,6
149,30,319,486,251,249,254,381,58,218,77,127
149,31,160,150,309,347,70,66,58,226,306,37
149,32,174,116,438,424,192,442,199,136,239,489
149,33,276,137,338,34,202,82,74,14,410,412
149,34,473,267,450,196,442,278,39,260,402,401
149,35,378,321,502,420,207,428,234,347,110,113
149,36,112,401,146,169,213,486,384,47,190,64
149,37,117,130,376,368,286,466,200,279,212,166
149,38,301,279,346,399,27,371,116,506,123,486
149,39,177,119,338,115,211,498,440,219,197,470
149,40,229,300,52,382,386,270,48,356,34,208
149,41,54,366,384,495,436,185,227,115,44,383
149,42,402,272,496,181,64,296,66,0,271,63
149,43,338,475,142,385,495,165,253,48,428,508
149,44,202,142,227,300,143,249,217,124,105,451
149,45,66,293,356,510,339,357,268,99,322,273
149,46,162,228,91,299,288,362,404,334,18,458
149,47,420,334,263,0,388,49,256,195,106,398
150,0,28,459,322,399,118,359,238,308,342,201
150,1,266,10,501,298,310,13,181,42,303,122
150,2,64,169,260,230,484,163,487,446,165,480
150,3,498,332,40,161,454,244,296,366,295,372
150,4,475,136,177,467,280,179,244,313,230,205
150,5,182,393,404,256,405,443,352,123,157,120
150,6,105,18,38,439,284,155,169,101,299,39
150,7,329,151,114,448,336,510,337,104,508,358
150,8,267,333,382,355,199,354,114,101,49,435
150,9,406,356,467,274,107,468,126,505,496,251
150,10,399,58,83,192,218,343,50,422,152,365
150,11,200,310,93,246,207,10,410,379,229,169
150,12,236,36,43,10,145,436,473,261,281,189
150,13,370,453,40,441,167,368,141,253,508,103
150,14,135,299,249,202,300,492,452,327,415,297
150,15,347,225,366,309,194,277,269,242,2,401
150,16,50,116,192,25,239,48,438,262,424,362
150,17,464,31,506,51,457,480,137,90,256,412
150,18,267,477,442,39,289,335,440,7,80,465
150,19,420,111,378,25,123,486,154,328,45,502
150,20,112,169,197,428,225,146,48,73,486,362
150,21,117,130,368,376,212,286,166,352,459,390
150,22,346,371,400,301,27,486,116,123,367,399
150,23,177,211,498,219,440,349,197,214,126,173
150,24,333,267,382,93,101,49,20,114,355,477
150,25,467,505,464,406,130,53,104,375,107,96
150,26,399,83,422,431,218,274,244,194,207,480
150,27,410,45,93,207,169,379,150,246,310,83
150,28,236,36,281,372,350,189,494,10,216,288
150,29,370,441,167,175,70,40,453,467,103,508
150,30,299,135,202,327,249,213,251,218,0,492
150,31,347,309,194,225,231,269,2,242,277,444
150,32,50,192,116,239,31,136,438,424,25,311
150,33,412,506,464,31,457,51,480,256,176,351
150,34,442,267,39,473,80,477,289,478,278,335
150,35,420,428,378,502,111,123,154,328,45,347
150,36,146,112,169,197,384,375,21,48,35,486
150,37,117,368,130,376,437,390,286,445,352,212
150,38,371,346,400,27,486,123,399,460,332,301
150,39,177,211,215,287,197,115,454,470,364,403
150,40,229,300,382,52,420,270,466,34,48,356
150,41,366,54,253,231,495,227,115,172,463,185
150,42,496,402,42,296,166,285,235,74,154,381
150,43,495,475,338,385,54,253,142,339,375,430
150,44,142,300,249,451,485,227,143,202,415,105
150,45,510,356,42,40,268,273,22,339,477,29
150,46,362,294,142,162,378,6,208,91,263,303
150,47,263,195,334,139,388,0,140,420,358,49
151,0,192,318,102,296,389,459,482,372,28,205
151,1,10,297,310,266,501,13,136,181,163,303
151,2,169,64,260,230,480,68,446,424,400,401
151,3,332,165,161,498,454,366,296,243,180,131
151,4,3,475,249,136,486,500,177,179,280,94
151,5,393,182,256,443,352,404,401,277,449,425
151,6,284,439,105,38,155,18,125,490,299,282
151,7,329,508,114,151,2,218,336,303,337,152
151,8,333,101,359,267,114,477,422,93,191,382
151,9,130,496,464,468,505,467,71,395,375,104
151,10,218,422,365,280,366,202,176,23,153,27
151,11,10,197,9,207,93,511,270,379,234,200
151,12,80,72,73,236,103,489,504,10,273,90
151,13,427,253,103,139,441,508,378,119,490,271
151,14,299,33,135,492,452,101,38,408,254,202
151,15,366,347,225,69,277,492,350,410,269,395
151,16,25,106,48,462,50,333,116,262,63,184
151,17,464,273,296,90,152,234,377,361,53,221
151,18,419,332,477,179,358,137,468,272,361,284
151,19,486,25,156,123,420,111,211,270,258,434
151,20,334,48,112,13,64,170,169,428,331,421
151,21,376,329,288,130,117,243,437,274,462,489
151,22,6,346,486,27,317,22,371,378,456,351
151,23,177,124,219,498,173,431,211,440,203,50
151,24,359,101,114,25,412,382,75,477,20,119
151,25,496,468,358,247,130,251,419,440,403,353
151,26,422,143,499,366,41,211,473,279,153,218
151,27,246,10,93,270,201,9,197,229,86,181
151,28,80,72,10,489,216,36,150,236,192,73
151,29,334,253,119,378,139,40,441,508,103,271
151,30,492,299,101,135,294,452,254,38,297,283
151,31,225,366,347,492,409,444,69,277,350,47
151,32,25,48,116,462,106,64,184,50,262,490
151,33,464,152,234,129,296,33,3,506,46,273
151,34,419,477,407,179,39,332,358,272,3,465
151,35,486,111,123,420,236,328,25,270,147,350
151,36,112,327,331,197,428,294,35,450,421,169
151,37,376,288,130,468,373,162,462,405,277,437
151,38,6,456,317,346,89,27,289,217,344,458
151,39,219,211,177,173,197,203,498,324,431,479
151,40,410,229,466,423,320,356,328,69,385,474
151,41,366,504,53,189,478,386,168,129,146,215
151,42,312,55,49,396,222,65,75,268,92,496
151,43,212,400,147,159,302,369,54,356,424,163
151,44,503,300,190,444,350,364,103,249,221,170
151,45,24,510,86,56,324,178,267,105,49,214
151,46,357,274,290,303,142,125,378,266,156,162
151,47,399,195,230,139,329,362,1,263,506,303
152,0,138,481,147,434,26,352,427,367,119,15
152,1,501,266,10,298,255,13,118,335,154,279
152,2,446,163,484,152,218,329,165,169,349,487
152,3,40,498,454,296,332,295,244,161,396,265
152,4,136,280,467,177,244,179,313,230,455,454
152,5,393,182,404,352,405,443,425,230,123,120
152,6,18,105,101,284,38,413,155,294,270,169
152,7,329,448,151,510,336,104,2,389,435,148
152,8,267,101,333,382,52,355,20,359,477,114
152,9,274,468,406,130,496,505,126,467,356,440
152,10,399,422,143,83,21,70,365,366,50,218
152,11,310,200,10,379,207,93,229,246,259,194
152,12,236,36,10,281,216,189,436,344,257,72
152,13,453,167,253,485,271,370,40,441,508,368
152,14,135,136,341,300,299,2,180,492,202,282
152,15,225,347,366,350,309,2,242,410,164,361
152,16,50,116,25,262,48,192,106,239,438,362
152,17,51,412,480,506,31,90,464,256,152,273
152,18,477,442,267,80,110,402,478,39,418,335
152,19,420,111,25,154,123,486,328,418,169,321
152,20,112,48,428,169,197,73,225,146,35,64
152,21,117,376,130,286,212,279,239,162,423,390
152,22,346,201,332,116,123,20,340,399,285,380
152,23,177,219,211,406,498,197,235,124,440,349
152,24,333,382,267,101,355,20,114,199,135,52
152,25,274,505,440,126,406,467,130,89,318,468
152,26,399,422,83,143,366,21,431,218,50,365
152,27,207,246,310,93,83,369,200,379,10,201
152,28,36,236,216,281,10,189,257,436,494,344
152,29,453,40,253,141,370,485,368,441,167,139
152,30,135,341,492,299,136,202,300,361,327,254
152,31,347,309,225,221,444,194,2,269,366,350
152,32,116,50,239,192,262,438,25,136,48,290
152,33,412,31,464,256,51,506,480,176,129,457
152,34,442,39,267,477,80,110,478,401,335,482
152,35,420,111,123,113,154,486,328,321,378,163
152,36,112,146,197,64,169,190,448,401,48,384
152,37,117,130,376,239,67,286,212,437,279,466
152,38,346,332,123,201,116,399,39,202,506,380
152,39,177,119,498,440,214,211,219,470,124,287
152,40,229,466,300,505,418,382,52,198,146,485
152,41,116,168,146,366,157,495,189,149,457,54
152,42,42,364,55,379,49,59,496,222,478,16
152,43,369,508,267,400,142,475,147,163,156,159
152,44,227,249,143,485,364,24,503,224,196,170
152,45,357,225,229,465,49,249,425,24,447,248
152,46,378,30,438,162,404,6,303,325,185,128
152,47,230,337,395,458,73,302,163,297,452,296
153,0,5,406,329,199,157,1,69,337,269,476
153,1,18,228,265,356,286,181,96,463,501,198
153,2,380,250,91,424,494,469,442,368,361,462
153,3,161,332,197,52,454,171,265,366,354,252
153,4,63,417,438,440,81,249,443,17,177,95
153,5,350,331,258,75,20,180,182,55,393,11
153,6,352,99,452,155,105,335,180,493,305,50
153,7,329,481,268,66,148,459,337,90,114,194
153,8,93,101,337,333,477,267,114,191,20,432
153,9,467,53,475,104,505,258,375,107,464,130
153,10,421,202,274,399,194,172,480,58,173,413
153,11,207,378,83,379,93,256,498,126,343,234
153,12,463,406,409,261,236,199,103,479,257,377
153,13,70,370,103,472,441,234,270,378,171,186
153,14,299,327,58,385,251,254,319,202,135,162
153,15,347,309,25,225,242,2,166,277,269,374
153,16,116,50,192,438,239,424,25,91,337,362
153,17,464,102,273,457,137,412,44,176,31,480
153,18,39,409,477,196,450,434,326,401,478,330
153,19,113,420,123,163,328,378,234,106,25,110
153,20,112,146,169,64,401,48,448,332,73,197
153,21,130,459,212,376,104,117,447,43,279,437
153,22,39,276,461,112,304,422,177,368,169,32
153,23,498,440,177,214,119,124,197,211,349,235
153,24,101,93,114,330,477,333,135,191,386,49
153,25,53,467,375,464,115,475,463,505,130,104
153,26,274,480,194,207,413,422,83,399,192,233
153,27,378,246,379,93,207,343,169,45,277,126
153,28,288,261,236,463,168,10,202,409,73,228
153,29,370,70,441,472,40,119,234,103,324,82
153,30,299,327,249,251,202,135,374,162,58,205
153,31,347,309,194,225,277,269,243,366,374,242
153,32,192,50,116,239,424,136,438,489,25,13
153,33,176,412,464,457,137,480,234,31,44,152
153,34,39,409,358,330,196,434,401,332,477,268
153,35,420,113,328,111,123,163,321,486,234,106
153,36,112,169,146,197,344,35,375,187,448,384
153,37,130,376,437,104,212,462,459,447,445,221
153,38,39,276,112,461,368,422,32,177,433,471
153,39,177,219,211,197,440,498,470,287,235,349
153,40,229,300,466,52,102,356,382,328,414,505
153,41,168,366,146,50,189,457,495,363,333,227
153,42,49,364,55,379,381,465,222,332,108,396
153,43,369,508,400,147,444,142,163,162,159,302
153,44,227,143,364,141,170,483,503,333,33,228
153,45,357,24,249,465,3,295,49,86,248,425
153,46,404,162,266,325,303,283,381,185,419,128
153,47,369,82,302,497,88,230,296,390,163,506
154,0,199,476,17,157,74,329,480,269,404,335
154,1,386,470,286,229,159,465,228,48,96,181
154,2,424,306,469,91,147,151,402,434,224,281
154,3,171,161,115,332,454,178,139,40,366,500
154,4,283,342,81,66,249,95,102,309,500,50
154,5,454,167,478,182,204,492,348,352,368,425
154,6,201,99,493,169,335,84,66,281,352,446
154,7,114,239,263,80,329,350,202,66,499,358
154,8,114,93,101,477,473,337,96,33,254,184
154,9,467,130,463,115,104,53,505,375,449,443
154,10,194,480,192,170,202,422,329,58,110,228
154,11,83,246,207,379,201,10,93,504,30,482
154,12,162,261,265,168,103,467,97,504,170,192
154,13,40,271,103,379,508,70,472,338,186,368
154,14,299,327,135,441,317,492,329,162,205,202
154,15,347,309,225,277,366,194,242,269,25,2
154,16,50,192,116,25,262,424,223,48,239,438
154,17,464,234,84,31,480,176,3,102,273,61
154,18,100,358,39,47,465,7,273,289,87,201
154,19,328,420,123,25,111,45,113,71,434,486
154,20,112,169,146,197,344,225,170,48,375,142
154,21,130,80,459,445,376,437,212,471,117,489
154,22,49,410,405,149,217,478,309,109,189,252
154,23,498,177,440,211,197,219,349,173,287,240
154,24,101,477,114,382,359,333,135,20,93,473
154,25,130,467,375,505,463,238,107,301,287,468
154,26,274,365,280,83,202,422,27,207,506,188
154,27,9,246,379,256,207,201,197,126,78,10
154,28,73,236,288,489,150,36,192,189,103,281
154,29,441,40,241,370,186,435,119,139,334,461
154,30,299,327,160,461,374,105,420,254,381,486
154,31,347,309,269,277,194,242,2,37,25,225
154,32,174,91,424,192,438,337,239,50,25,116
154,33,410,464,273,378,276,480,93,102,105,234
154,34,419,100,80,39,47,350,268,379,289,332
154,35,420,111,25,486,328,45,426,502,169,7
154,36,169,197,146,225,344,375,112,35,65,262
154,37,437,80,130,489,445,462,376,373,342,265
154,38,49,410,405,478,149,217,189,109,456,411
154,39,177,197,219,211,470,287,235,324,115,465
154,40,229,300,466,356,48,102,239,382,52,414
154,41,366,455,457,189,54,495,363,333,257,261
154,42,402,249,49,108,155,21,181,413,415,496
154,43,444,302,508,147,142,188,495,400,54,240
154,44,227,143,483,486,111,22,141,508,213,29
154,45,357,412,24,248,295,249,416,455,465,170
154,46,404,162,303,256,507,232,346,408,433,313
154,47,296,409,85,272,403,255,388,82,507,450
155,0,71,309,32,130,437,286,221,25,324,279
155,1,398,181,91,86,298,286,208,266,68,335
155,2,380,424,477,13,143,400,475,61,75,246
155,3,354,161,40,332,454,296,272,409,171,318
155,4,349,196,440,275,17,177,500,367,245,502
155,5,182,404,352,393,230,300,66,70,434,64
155,6,493,189,346,123,452,201,284,18,244,96
155,7,114,341,50,329,170,7,231,184,263,303
155,8,114,354,359,473,333,382,25,101,477,422
155,9,468,496,130,467,124,373,505,510,31,353
155,10,422,365,27,218,366,198,230,431,401,50
155,11,10,246,270,197,6,93,511,369,436,226
155,12,72,80,261,248,315,463,238,265,236,10
155,13,253,92,139,334,427,40,485,103,508,271
155,14,101,408,272,492,135,167,361,113,297,202
155,15,225,366,492,347,47,304,179,409,243,157
155,16,462,490,25,106,48,262,64,89,184,50
155,17,152,36,339,182,335,129,377,33,296,256
155,18,477,419,332,358,407,281,90,301,15,348
155,19,486,211,119,156,258,350,305,25,236,111
155,20,294,331,475,21,43,48,334,450,169,312
155,21,376,162,288,437,329,405,462,489,117,328
155,22,6,217,351,276,426,27,410,372,341,365
155,23,431,219,211,173,203,24,482,181,197,50
155,24,25,359,119,412,382,114,75,199,321,333
155,25,251,496,297,247,468,497,285,353,191,358
155,26,422,143,493,41,192,469,154,359,434,463
155,27,501,10,246,451,230,6,93,102,201,200
155,28,72,10,216,80,257,476,69,36,504,129
155,29,253,92,334,485,40,103,340,141,275,338
155,30,492,101,135,341,113,167,272,193,225,299
155,31,225,366,347,69,47,122,350,492,423,78
155,32,25,490,48,262,478,106,462,64,184,72
155,33,152,33,271,182,224,51,129,464,36,506
155,34,477,419,407,358,179,39,332,478,418,392
155,35,486,236,111,119,211,123,430,232,328,420
155,36,331,294,327,35,169,112,65,475,156,197
155,37,288,373,510,376,468,437,336,473,162,393
155,38,6,282,456,147,27,406,426,218,276,410
155,39,219,211,173,431,203,177,197,479,235,324
155,40,410,229,300,315,423,356,320,382,325,466
155,41,366,504,103,189,53,227,478,495,411,129
155,42,312,49,55,396,222,8,21,466,285,418
155,43,302,356,159,212,54,400,424,444,430,34
155,44,503,103,190,232,364,213,350,444,486,155
155,45,452,24,324,86,56,214,280,510,153,101
155,46,357,404,290,381,196,274,427,303,266,186
155,47,399,391,388,255,302,362,507,55,452,382
156,0,67,293,369,338,15,49,14,95,348,289
156,1,243,465,91,398,181,298,16,93,273,357
156,2,161,110,165,347,443,415,427,152,477,356
156,3,40,498,296,244,161,332,193,295,179,366
156,4,467,244,132,454,177,502,160,136,351,280
156,5,33,182,404,393,230,43,405,384,465,130
156,6,393,135,121,267,258,346,228,43,433,56
156,7,50,69,508,88,214,31,269,343,341,472
156,8,412,359,355,199,382,25,114,333,75,321
156,9,496,247,373,468,403,412,257,17,297,510
156,10,422,365,50,143,307,511,369,178,361,344
156,11,10,6,229,270,313,86,301,384,246,472
156,12,72,216,10,36,51,302,238,69,385,129
156,13,485,40,92,253,156,167,344,435,301,453
156,14,341,101,300,492,135,1,408,167,272,361
156,15,225,366,304,492,444,336,350,423,17,164
156,16,106,48,490,262,462,25,501,250,444,64
156,17,152,335,339,27,106,221,102,36,9,170
156,18,281,418,348,332,392,419,301,366,467,3
156,19,431,211,236,486,195,493,430,216,314,232
156,20,65,294,322,257,419,421,450,169,320,330
156,21,437,489,330,288,275,376,336,156,65,488
156,22,310,252,217,351,394,389,423,352,14,342
156,23,219,173,255,141,228,456,211,235,197,10
156,24,412,199,321,359,355,467,25,382,114,75
156,25,247,470,496,297,274,3,373,428,468,257
156,26,422,365,143,41,266,307,372,344,511,168
156,27,6,10,246,229,313,102,369,86,201,270
156,28,10,72,216,69,302,129,36,51,504,385
156,29,253,485,92,40,435,344,334,275,377,141
156,30,341,492,463,101,300,171,343,193,272,391
156,31,366,225,350,492,304,381,164,69,379,277
156,32,48,490,106,262,508,25,501,64,250,29
156,33,152,335,221,102,339,182,36,457,129,158
156,34,419,418,25,407,332,442,80,301,487,477
156,35,431,236,430,486,111,211,232,364,84,363
156,36,327,65,419,421,428,225,146,144,369,257
156,37,437,288,286,129,359,468,130,166,277,117
156,38,147,217,423,252,351,332,394,342,80,372
156,39,219,197,173,211,24,203,324,235,444,479
156,40,229,317,410,300,325,499,54,425,356,367
156,41,343,330,103,395,204,209,345,215,283,201
156,42,42,8,249,396,256,49,65,9,55,108
156,43,147,302,400,243,477,372,408,369,395,354
156,44,350,24,73,213,466,227,190,103,486,472
156,45,149,3,24,452,457,46,39,357,324,196
156,46,357,427,260,290,404,221,161,143,292,346
156,47,399,362,388,153,230,486,507,376,117,242
157,0,326,7,440,352,492,64,54,105,161,350
157,1,243,441,298,210,181,91,465,16,357,467
157,2,267,484,410,355,165,158,329,213,348,218
157,3,498,296,40,193,47,454,244,332,366,295
157,4,467,244,454,502,177,479,280,93,136,313
157,5,182,507,404,476,393,405,352,33,300,130
157,6,393,267,43,314,109,135,433,244,346,450
157,7,50,448,69,329,510,502,343,88,151,7
157,8,114,359,199,382,412,355,473,101,25,333
157,9,274,496,126,468,130,467,297,247,17,251
157,10,422,143,41,150,90,50,365,116,344,83
157,11,246,10,270,379,229,93,194,310,86,6
157,12,72,216,10,36,236,189,504,238,425,69
157,13,485,40,253,156,453,271,508,167,92,175
157,14,341,492,101,300,135,84,361,272,113,297
157,15,225,347,366,423,69,409,492,444,194,361
157,16,25,48,262,106,50,64,462,116,490,508
157,17,234,31,152,457,102,129,464,273,335,480
157,18,366,418,442,110,379,402,25,7,80,477
157,19,486,25,111,45,154,195,211,420,328,81
157,20,169,294,170,35,146,112,421,428,197,48
157,21,437,376,359,130,286,489,117,477,225,53
157,22,332,389,503,290,217,394,410,351,357,3
157,23,177,219,211,197,228,203,173,287,479,324
157,24,114,199,382,412,359,25,355,101,43,473
157,25,274,496,468,297,126,247,251,130,305,510
157,26,422,143,365,41,429,90,50,150,434,366
157,27,246,10,310,229,201,86,93,270,412,207
157,28,10,216,72,36,236,189,51,281,129,23
157,29,485,253,453,40,508,271,156,435,139,338
157,30,341,492,135,300,2,101,136,297,361,445
157,31,347,225,366,194,309,409,423,269,350,277
157,32,262,25,116,48,50,192,490,277,106,462
157,33,31,464,457,152,102,234,129,480,176,256
157,34,418,442,366,80,110,25,379,76,487,240
157,35,25,420,486,378,328,154,111,321,81,331
157,36,401,112,64,10,190,197,73,47,256,315
157,37,67,130,286,376,117,279,496,212,466,175
157,38,332,20,3,346,217,389,201,503,290,233
157,39,119,214,498,440,124,177,117,74,69,100
157,40,418,229,157,466,356,461,198,330,300,171
157,41,500,158,146,168,408,32,220,40,494,495
157,42,42,478,410,9,249,232,342,20,197,419
157,43,267,178,369,4,460,481,163,486,15,387
157,44,24,196,227,134,446,170,223,120,143,95
157,45,357,386,425,126,375,249,182,447,2,49
157,46,87,419,261,346,296,260,404,325,281,472
157,47,491,444,242,230,388,465,255,400,327,510
158,0,329,1,172,31,69,445,240,5,273,199
158,1,166,462,181,356,228,208,276,464,136,441
158,2,424,467,469,95,107,214,259,195,21,425
158,3,161,332,454,171,398,40,265,366,129,296
158,4,452,283,92,472,81,95,243,73,502,177
158,5,459,196,297,182,454,404,478,20,481,425
158,6,493,244,326,149,352,346,66,357,335,510
158,7,378,329,182,50,436,469,148,193,2,341
158,8,93,114,101,477,333,191,359,382,473,49
158,9,130,496,467,505,468,375,107,318,53,38
158,10,422,83,274,218,50,202,192,431,361,230
158,11,246,10,410,379,207,93,30,126,310,45
158,12,202,236,462,372,10,72,444,36,504,350
158,13,370,40,441,171,175,271,139,324,368,156
158,14,299,327,504,374,254,135,452,202,361,101
158,15,347,225,309,366,269,242,277,194,2,243
158,16,25,116,50,438,192,48,424,239,262,333
158,17,464,457,31,273,102,234,296,72,3,412
158,18,233,428,80,418,76,442,260,379,240,7
158,19,25,378,420,328,111,486,140,331,123,71
158,20,112,64,401,225,170,213,48,73,190,428
158,21,175,286,67,212,130,147,496,279,412,74
158,22,20,366,332,473,3,11,469,201,290,133
158,23,498,119,440,214,124,177,316,74,417,211
158,24,101,477,93,49,330,114,333,191,382,355
158,25,130,464,375,53,89,467,107,505,468,496
158,26,274,83,422,361,399,218,207,431,27,192
158,27,246,45,379,207,93,229,310,10,378,126
158,28,202,236,36,281,216,494,288,189,10,366
158,29,370,171,441,324,40,175,167,368,119,139
158,30,374,251,299,504,213,254,77,218,202,58
158,31,160,309,347,242,269,194,2,67,231,58
158,32,239,174,116,424,438,199,192,50,333,311
158,33,412,487,175,74,14,338,312,457,148,34
158,34,450,233,260,428,248,442,331,117,487,240
158,35,321,378,469,254,327,328,504,217,167,420
158,36,401,64,47,41,112,10,190,366,73,226
158,37,67,496,281,247,78,376,466,136,351,56
158,38,20,366,23,469,332,201,65,473,10,346
158,39,119,214,498,100,440,124,410,69,416,117
158,40,330,198,389,418,157,171,136,466,229,35
158,41,500,32,158,220,352,164,146,494,216,168
158,42,419,410,342,478,20,197,480,16,232,133
158,43,178,460,267,486,280,481,369,137,107,106
158,44,196,134,446,95,223,120,293,228,503,333
158,45,447,84,49,2,111,126,357,249,104,294
158,46,323,325,272,181,421,124,69,185,381,266
158,47,202,400,144,338,29,326,297,465,54,336
159,0,463,17,378,337,406,265,245,375,21,158
159,1,265,370,378,294,18,56,356,277,98,315
159,2,63,106,30,424,95,404,442,228,143,91
159,3,212,1,197,161,23,332,86,454,265,288
159,4,393,199,63,54,370,498,437,243,322,490
159,5,278,20,379,290,430,493,196,350,122,50
159,6,145,352,5,149,326,335,250,493,52,220
159,7,72,374,20,208,378,329,119,66,437,380
159,8,448,93,191,78,101,389,397,294,170,291
159,9,46,464,391,53,503,258,424,467,89,71
159,10,274,349,497,413,202,173,172,393,218,10
159,11,378,277,380,337,496,207,59,69,498,336
159,12,154,227,284,98,444,22,82,502,166,475
159,13,370,270,129,445,171,234,232,239,348,373
159,14,251,374,504,484,454,381,406,58,77,486
159,15,160,150,309,25,347,242,166,2,66,208
159,16,174,116,438,424,442,199,50,460,239,362
159,17,487,412,175,338,74,477,14,82,86,276
159,18,92,98,260,428,326,331,450,152,93,287
159,19,255,327,321,254,217,225,469,167,135,223
159,20,401,64,47,366,167,177,10,180,98,41
159,21,67,167,175,247,412,78,92,164,147,351
159,22,23,126,35,224,320,469,45,121,125,453
159,23,119,237,214,316,498,410,317,100,69,124
159,24,448,389,191,170,236,162,78,93,224,101
159,25,464,424,89,46,391,395,439,390,232,299
159,26,274,10,413,497,507,131,222,349,172,207
159,27,277,496,378,380,287,337,207,336,471,88
159,28,154,288,227,98,22,47,82,475,444,502
159,29,239,370,332,232,348,147,201,297,129,234
159,30,251,454,58,406,486,484,254,196,504,77
159,31,160,309,150,347,67,25,287,269,2,237
159,32,174,116,199,239,438,424,192,304,203,460
159,33,487,412,34,477,74,312,82,148,464,14
159,34,92,98,152,361,93,109,384,331,260,432
159,35,321,327,167,217,469,254,504,420,328,337
159,36,64,180,112,98,177,47,73,187,41,401
159,37,78,167,67,351,192,247,164,376,88,354
159,38,35,224,23,126,45,121,320,469,255,328
159,39,119,214,100,498,410,440,124,416,177,349
159,40,198,466,229,389,505,330,418,355,95,300
159,41,158,32,220,352,500,146,168,259,216,499
159,42,382,260,113,419,130,62,202,23,222,508
159,43,280,137,435,369,106,107,481,256,178,84
159,44,293,99,228,495,503,196,364,346,120,479
159,45,294,447,26,49,89,390,249,401,24,232
159,46,323,185,412,381,325,431,446,409,464,128
159,47,234,446,2,269,501,131,281,166,292,175
160,0,71,258,130,32,160,278,330,117,221,437
160,1,370,71,427,53,113,378,497,265,112,417
160,2,380,153,250,142,63,424,226,483,354,81
160,3,272,212,354,216,23,161,332,288,454,229
160,4,245,440,196,349,340,490,498,322,243,154
160,5,278,379,20,456,29,50,96,48,40,252
160,6,452,6,220,258,189,198,352,403,284,166
160,7,269,34,72,170,268,208,329,280,119,249
160,8,224,236,358,448,3,101,294,78,291,20
160,9,424,464,53,467,505,391,89,46,463,375
160,10,172,207,225,202,210,329,218,507,393,413
160,11,277,380,378,207,88,18,337,496,63,416
160,12,409,463,227,22,248,444,47,98,406,82
160,13,332,239,129,300,397,232,441,122,139,234
160,14,299,135,454,202,38,251,0,327,64,254
160,15,347,225,309,2,366,194,166,78,350,444
160,16,50,116,239,192,25,48,438,262,136,304
160,17,412,487,464,90,480,152,351,312,256,268
160,18,384,92,464,332,98,434,152,492,343,93
160,19,420,321,328,486,25,111,361,147,167,123
160,20,428,64,73,112,451,187,98,497,401,180
160,21,3,78,67,104,167,208,192,376,152,247
160,22,126,426,276,461,112,150,192,507,422,45
160,23,214,119,100,498,124,440,177,410,349,211
160,24,224,236,333,20,101,3,382,358,363,161
160,25,464,89,424,505,146,375,107,467,287,71
160,26,225,172,218,431,207,215,486,222,502,463
160,27,207,277,93,18,88,369,380,150,379,510
160,28,409,227,463,22,47,248,236,288,444,406
160,29,397,332,239,141,441,122,139,129,253,300
160,30,454,299,202,135,251,0,484,38,327,77
160,31,347,309,225,269,277,194,2,444,366,221
160,32,239,116,50,192,304,48,136,438,25,349
160,33,412,487,464,90,42,312,256,480,351,129
160,34,384,464,92,434,361,109,332,286,152,98
160,35,321,420,361,337,328,223,327,147,118,111
160,36,112,187,180,451,64,497,98,73,428,138
160,37,78,3,104,221,192,447,376,208,167,201
160,38,126,276,426,461,112,150,192,422,507,115
160,39,100,119,440,498,214,124,410,177,349,186
160,40,229,425,198,466,505,330,300,35,95,52
160,41,158,283,501,146,168,259,220,499,419,147
160,42,55,113,56,426,379,225,332,508,163,222
160,43,391,256,156,369,137,243,280,400,106,150
160,44,364,79,479,145,503,33,444,228,465,122
160,45,294,447,452,24,49,390,3,249,401,232
160,46,196,323,381,185,128,325,464,121,186,266
160,47,88,226,8,188,269,357,166,131,45,351
161,0,8,119,425,369,14,338,293,358,19,360
161,1,16,493,465,401,56,23,160,403,273,499
161,2,153,70,481,251,226,168,503,382,36,42
161,3,406,161,244,454,274,40,265,102,384,488
161,4,136,186,16,93,480,358,177,349,47,264
161,5,52,379,61,161,391,324,346,120,296,402
161,6,459,258,480,44,49,348,220,335,119,365
161,7,269,134,228,329,206,353,34,395,5,69
161,8,224,236,20,339,358,333,101,408,51,78
161,9,424,89,464,53,355,194,505,375,503,83
161,10,494,225,222,31,131,507,172,207,357,218
161,11,88,277,18,380,207,496,32,503,442,378
161,12,266,227,209,419,269,176,155,55,60,404
161,13,332,129,397,373,48,114,239,270,146,232
161,14,454,251,58,484,77,351,301,254,38,196
161,15,309,160,2,347,67,166,225,150,340,496
161,16,116,239,438,311,174,50,136,25,304,109
161,17,487,412,42,505,260,464,440,14,296,261
161,18,384,283,326,461,500,34,150,62,286,152
161,19,337,223,321,20,396,420,255,118,167,361
161,20,64,187,180,98,347,251,428,112,445,138
161,21,78,301,458,409,351,253,336,376,192,48
161,22,66,511,316,111,507,192,193,422,384,498
161,23,214,100,124,119,498,410,440,78,53,177
161,24,224,236,339,20,333,101,78,170,162,191
161,25,464,424,89,53,355,306,503,375,83,467
161,26,494,225,222,507,172,223,131,31,103,207
161,27,277,88,18,207,380,496,32,442,287,343
161,28,266,419,227,209,288,47,155,269,60,82
161,29,397,332,486,129,239,233,373,232,441,122
161,30,484,454,251,351,58,77,196,254,0,38
161,31,309,160,347,2,269,150,277,67,194,287
161,32,239,116,192,438,304,50,216,136,424,199
161,33,487,412,505,464,42,123,132,159,296,148
161,34,384,461,283,500,34,286,150,220,229,244
161,35,20,337,321,396,420,223,147,469,482,361
161,36,112,347,180,64,187,428,98,445,284,422
161,37,301,409,376,351,78,221,458,354,253,459
161,38,66,111,511,316,192,193,384,507,115,422
161,39,440,498,119,100,214,124,177,349,219,410
161,40,229,466,198,505,95,0,300,130,52,35
161,41,158,146,168,205,58,264,252,259,147,386
161,42,55,237,391,436,59,403,424,332,417,56
161,43,256,369,400,458,438,34,25,37,147,243
161,44,364,287,490,503,288,233,333,500,47,479
161,45,185,249,114,103,264,49,87,7,214,24
161,46,54,429,325,9,123,128,381,337,491,121
161,47,433,458,307,357,452,351,59,390,302,88
162,0,19,173,198,358,187,14,24,120,418,317
162,1,16,493,160,403,465,244,499,237,487,23
162,2,153,481,226,210,70,36,402,382,341,503
162,3,406,161,265,454,384,244,102,332,274,396
162,4,480,349,177,490,136,270,358,186,438,425
162,5,379,52,161,61,391,346,324,505,120,283
162,6,459,258,480,220,335,119,354,44,346,476
162,7,228,134,206,269,329,353,34,5,200,473
162,8,224,236,101,20,333,294,477,358,339,161
162,9,464,53,89,424,505,130,395,300,467,14
162,10,222,507,225,218,172,207,494,202,502,166
162,11,18,207,88,277,496,380,32,378,10,379
162,12,266,227,419,55,47,444,209,155,176,129
162,13,253,441,397,239,332,92,139,277,427,129
162,14,254,135,492,38,485,299,101,452,0,202
162,15,366,225,347,350,395,304,340,69,410,492
162,16,106,48,25,508,239,116,63,349,39,325
162,17,296,464,90,335,152,351,92,412,221,348
162,18,384,332,108,455,500,492,419,220,142,343
162,19,486,147,211,328,111,420,270,156,321,430
162,20,428,187,112,64,421,138,284,98,197,94
162,21,376,447,301,253,409,211,221,459,119,492
162,22,316,422,177,66,384,193,192,115,507,137
162,23,219,124,440,214,479,498,177,186,24,203
162,24,412,114,43,101,359,382,333,20,355,467
162,25,496,468,510,247,305,412,373,434,297,419
162,26,422,365,41,307,218,463,344,225,248,357
162,27,10,229,471,86,510,369,177,392,6,246
162,28,10,281,80,413,236,72,69,129,302,489
162,29,334,441,253,139,397,119,92,429,435,280
162,30,492,485,299,254,38,0,452,192,283,101
162,31,366,347,395,225,492,340,69,353,67,277
162,32,25,48,239,106,508,116,290,438,349,63
162,33,464,152,296,159,92,90,351,234,401,129
162,34,384,419,500,286,455,92,220,332,330,108
162,35,20,420,321,147,223,337,113,486,111,203
162,36,112,284,428,64,180,94,187,86,347,422
162,37,459,376,221,301,447,336,208,409,119,78
162,38,316,66,384,193,111,192,177,507,115,422
162,39,440,498,214,124,119,100,177,219,349,197
162,40,229,466,198,95,505,300,0,365,52,102
162,41,146,168,158,264,19,386,343,259,53,73
162,42,55,436,237,59,424,268,403,56,379,332
162,43,256,369,400,458,147,243,150,37,438,34
162,44,364,503,479,233,288,500,333,224,465,47
162,45,435,294,249,114,49,3,24,376,214,447
162,46,128,325,381,121,186,35,435,266,323,464
162,47,88,89,357,8,45,452,131,390,351,431
163,0,67,338,49,289,14,349,92,64,400,326
163,1,16,135,493,243,65,233,351,319,47,267
163,2,161,110,153,427,415,443,165,273,347,278
163,3,40,161,454,265,498,244,332,406,102,185
163,4,467,136,177,132,244,479,174,454,16,327
163,5,33,404,182,123,147,43,405,18,130,465
163,6,121,267,393,433,197,327,135,228,481,56
163,7,69,214,509,472,2,508,6,395,50,329
163,8,412,355,199,333,359,25,114,236,217,382
163,9,496,373,468,247,403,510,412,305,3,228
163,10,365,361,422,369,307,317,152,344,178,231
163,11,10,229,6,471,86,205,177,269,392,344
163,12,10,72,177,51,281,302,372,318,413,69
163,13,92,441,167,344,435,40,397,253,119,485
163,14,101,492,254,272,343,262,0,167,187,452
163,15,366,225,395,492,69,350,304,157,410,347
163,16,106,48,508,25,63,444,462,490,64,501
163,17,27,140,361,152,351,335,106,348,53,0
163,18,467,419,332,502,455,303,80,403,69,214
163,19,195,430,486,211,111,44,97,156,202,190
163,20,428,197,386,421,235,103,187,48,184,310
163,21,376,288,479,330,437,336,221,115,493,328
163,22,355,14,51,252,302,403,356,310,431,351
163,23,479,214,219,203,24,124,326,197,173,63
163,24,412,281,43,359,355,199,467,382,347,114
163,25,305,412,496,510,468,434,228,471,297,257
163,26,422,369,143,41,161,115,307,153,197,463
163,27,10,6,229,168,71,471,125,232,474,93
163,28,10,72,216,413,69,281,80,238,504,370
163,29,334,253,92,441,119,26,398,179,467,377
163,30,492,283,101,497,185,254,297,343,0,171
163,31,366,225,347,395,423,350,69,340,164,67
163,32,25,106,48,508,64,397,116,444,63,262
163,33,401,152,234,464,53,129,16,92,90,323
163,34,419,80,455,467,69,154,384,403,473,41
163,35,486,430,502,428,138,195,211,337,169,55
163,36,112,225,284,428,369,187,298,421,94,146
163,37,479,376,48,129,115,221,336,381,194,286
163,38,355,51,123,356,302,511,351,305,506,14
163,39,440,219,498,124,214,177,235,287,328,197
163,40,28,229,466,257,198,391,0,365,421,102
163,41,100,168,196,146,333,386,457,505,421,161
163,42,59,235,490,141,39,396,55,332,381,237
163,43,369,147,400,380,458,243,256,188,34,113
163,44,472,364,444,24,283,224,73,34,288,204
163,45,149,429,3,249,214,49,233,24,229,105
163,46,161,35,325,381,128,221,435,164,319,260
163,47,76,61,42,226,392,8,452,486,469,153
164,0,326,7,479,139,0,64,350,403,358,254
164,1,210,135,441,143,342,39,243,65,429,498
164,2,410,165,192,369,287,153,168,161,415,313
164,3,40,454,161,498,296,265,332,221,244,200
164,4,467,136,177,244,454,351,327,91,479,502
164,5,404,405,33,182,497,120,123,465,43,384
164,6,267,423,245,121,197,433,327,393,365,148
164,7,329,472,343,69,195,2,50,214,486,510
164,8,355,412,382,114,359,20,333,236,101,199
164,9,468,496,17,247,373,67,510,318,297,384
164,10,365,422,152,222,361,307,357,218,431,41
164,11,10,86,229,471,177,510,18,412,30,194
164,12,51,281,10,69,177,466,372,302,318,192
164,13,397,167,344,441,177,241,435,250,247,419
164,14,262,492,135,254,64,19,299,38,300,142
164,15,347,366,225,309,2,350,69,0,269,277
164,16,48,239,106,25,116,438,262,50,277,192
164,17,102,457,464,90,412,351,152,487,463,215
164,18,82,80,154,106,384,252,25,69,418,280
164,19,138,321,430,361,486,337,111,420,55,147
164,20,428,284,187,349,112,421,225,86,154,231
164,21,479,376,115,447,221,253,48,336,211,370
164,22,51,449,115,310,230,239,123,431,102,498
164,23,219,177,235,440,100,124,324,498,228,214
164,24,355,101,382,333,114,412,20,236,359,199
164,25,17,496,468,373,247,510,297,464,80,467
164,26,361,422,365,152,225,431,222,218,486,41
164,27,86,369,18,10,229,510,471,177,322,201
164,28,177,10,281,51,302,372,69,494,238,192
164,29,397,241,177,167,441,344,435,238,355,474
164,30,262,5,254,299,38,19,135,0,454,374
164,31,347,366,309,269,277,225,2,160,340,51
164,32,239,25,48,116,438,192,50,300,290,262
164,33,412,464,487,102,409,256,132,296,159,457
164,34,384,69,154,252,34,25,80,286,473,54
164,35,321,223,420,259,138,486,337,20,55,147
164,36,112,428,94,187,180,508,64,252,298,421
164,37,376,221,479,253,115,459,206,409,447,458
164,38,51,123,102,230,305,356,449,503,96,316
164,39,440,498,124,100,219,177,214,349,119,197
164,40,229,466,198,28,95,102,52,0,330,502
164,41,168,146,158,505,333,196,259,366,386,147
164,42,59,141,235,490,55,237,332,39,403,424
164,43,369,458,256,400,147,150,75,34,243,137
164,44,364,444,224,288,503,500,465,24,143,233
164,45,3,249,24,49,214,114,357,233,294,105
164,46,128,325,381,244,185,435,186,35,121,104
164,47,89,8,76,357,226,45,390,302,452,265
165,0,63,68,7,64,12,19,233,100,338,92
165,1,441,65,135,279,381,243,119,182,45,342
165,2,424,153,165,117,369,256,289,226,66,313
165,3,161,40,454,332,265,366,498,296,372,244
165,4,136,177,174,454,166,467,327,479,16,502
165,5,425,404,25,182,266,120,405,449,130,218
165,6,335,455,296,138,431,267,170,480,119,291
165,7,329,250,34,2,501,269,66,486,472,457
165,8,224,236,101,20,477,381,333,422,339,365
165,9,464,424,89,467,53,67,505,468,130,375
165,10,222,78,357,218,172,346,487,225,162,365
165,11,18,30,207,86,379,510,277,126,10,471
165,12,91,136,453,302,331,192,75,345,32,177
165,13,397,420,441,252,474,355,129,241,263,373
165,14,254,58,504,38,77,142,262,299,196,135
165,15,347,309,160,459,2,166,150,19,506,242
165,16,438,116,239,192,109,174,50,136,25,424
165,17,412,371,487,409,464,425,159,102,42,187
165,18,384,416,117,25,67,506,170,156,286,76
165,19,321,420,373,25,445,16,328,337,486,210
165,20,428,112,64,73,315,197,506,235,225,187
165,21,206,311,299,442,223,74,221,458,400,351
165,22,10,269,503,468,369,159,273,295,305,414
165,23,100,214,119,96,401,155,498,440,124,74
165,24,236,224,101,20,477,339,170,333,381,191
165,25,464,89,424,467,375,505,53,390,130,71
165,26,172,346,78,225,222,361,103,131,487,223
165,27,277,88,3,496,18,207,471,93,126,379
165,28,453,91,288,345,73,136,82,75,202,331
165,29,420,252,397,370,373,168,441,195,355,455
165,30,251,504,58,299,142,254,77,432,374,202
165,31,160,309,150,347,242,67,100,58,395,371
165,32,174,239,116,438,199,424,402,63,136,479
165,33,371,412,487,74,425,430,17,73,270,461
165,34,384,416,117,286,156,321,67,487,248,170
165,35,321,66,16,210,373,469,167,510,376,328
165,36,315,73,112,436,226,64,401,428,413,422
165,37,311,337,442,206,299,351,400,221,223,130
165,38,500,269,273,503,369,295,468,415,10,305
165,39,214,119,498,100,440,124,155,96,117,401
165,40,418,157,6,198,171,466,366,95,165,88
165,41,245,494,146,12,158,500,168,40,94,216
165,42,479,22,97,45,67,133,138,237,187,205
165,43,387,267,378,178,369,294,481,435,486,84
165,44,270,191,196,173,120,495,4,337,43,134
165,45,126,201,119,249,49,210,2,104,5,447
165,46,446,325,128,381,41,323,30,343,162,161
165,47,125,463,29,297,33,181,17,203,199,340
166,0,412,251,168,319,235,431,205,262,109,294
166,1,440,125,57,446,181,475,310,88,505,136
166,2,37,496,511,107,207,342,444,137,109,89
166,3,196,249,293,205,408,269,197,496,82,335
166,4,199,357,346,325,73,465,294,506,389,410
166,5,56,68,74,112,154,110,471,244,482,510
166,6,292,68,435,397,237,185,182,259,403,119
166,7,33,316,351,139,302,177,489,92,242,333
166,8,138,356,236,191,224,304,93,233,503,414
166,9,424,171,464,71,161,139,53,395,62,89
166,10,10,273,29,393,218,129,424,348,48,202
166,11,277,378,363,12,3,59,415,234,207,442
166,12,218,246,287,73,220,37,301,113,228,143
166,13,412,370,195,252,128,329,373,168,234,193
166,14,188,74,374,486,461,388,90,127,323,383
166,15,37,160,156,346,169,66,347,150,340,6
166,16,299,91,424,116,174,480,333,199,223,192
166,17,172,196,17,324,72,430,422,73,484,70
166,18,503,510,282,127,497,385,388,483,248,49
166,19,66,210,47,376,127,331,255,184,212,469
166,20,413,366,228,290,345,247,215,507,464,297
166,21,456,337,464,242,18,474,54,340,107,74
166,22,283,78,43,77,401,281,292,181,122,86
166,23,390,95,96,327,384,401,146,404,416,69
166,24,138,304,233,356,503,389,191,154,205,93
166,25,395,171,232,62,424,161,89,132,306,464
166,26,10,29,273,129,274,348,125,413,488,424
166,27,12,277,378,415,363,294,59,3,471,206
166,28,246,288,228,220,218,143,37,113,475,459
166,29,370,128,195,412,102,168,252,220,52,329
166,30,486,388,74,188,323,90,69,140,92,374
166,31,160,37,6,226,150,306,66,346,375,58
166,32,174,424,299,438,129,225,223,470,116,108
166,33,17,343,324,196,172,484,430,422,73,267
166,34,503,497,127,510,483,282,85,385,248,49
166,35,14,127,383,212,289,66,225,234,63,47
166,36,228,413,366,215,247,58,290,423,335,167
166,37,337,464,456,18,287,91,242,474,107,54
166,38,283,43,78,292,77,281,401,181,86,264
166,39,390,416,95,498,511,316,146,119,440,260
166,40,471,244,407,397,203,222,186,215,59,423
166,41,435,385,226,484,434,94,149,67,146,180
166,42,287,476,428,123,301,472,119,365,303,322
166,43,207,509,217,377,87,475,142,180,2,393
166,44,189,158,51,440,43,4,276,54,471,196
166,45,406,282,48,365,332,477,359,510,295,22
166,46,469,77,239,141,25,147,351,504,125,315
166,47,142,280,11,222,329,1,424,204,369,390
167,0,34,173,272,458,19,233,473,384,416,470
167,1,209,123,128,130,242,157,60,225,303,175
167,2,321,286,405,87,304,399,503,311,333,171
167,3,13,29,384,507,426,459,274,450,265,249
167,4,324,24,199,428,292,507,14,296,399,130
167,5,257,187,509,11,346,5,112,391,26,136
167,6,272,179,235,22,309,285,78,234,142,208
167,7,181,492,220,174,442,333,154,120,357,5
167,8,116,230,471,111,241,402,330,189,442,470
167,9,471,232,39,45,34,299,167,132,185,139
167,10,349,65,410,497,10,84,269,31,216,77
167,11,288,337,77,76,378,390,243,468,99,59
167,12,206,252,340,510,495,4,14,475,218,432
167,13,116,9,34,261,415,31,234,201,42,348
167,14,20,124,486,381,450,275,65,127,461,448
167,15,375,6,150,66,58,226,160,178,346,156
167,16,174,90,424,129,203,368,470,231,438,459
167,17,246,276,422,81,321,196,338,145,410,82
167,18,324,307,85,326,386,381,248,340,219,125
167,19,110,255,127,51,36,67,408,47,407,234
167,20,366,124,47,413,345,215,167,507,335,325
167,21,337,320,384,91,340,466,287,163,414,76
167,22,181,358,59,292,401,386,339,373,225,40
167,23,146,416,95,69,390,327,402,155,316,237
167,24,116,230,471,189,111,389,241,470,151,442
167,25,232,34,45,471,167,39,299,439,395,89
167,26,65,349,410,10,46,180,77,92,84,507
167,27,288,99,337,243,76,59,378,77,390,339
167,28,288,206,228,252,475,340,432,510,495,324
167,29,34,9,348,147,234,415,261,157,160,105
167,30,486,20,124,319,65,349,450,69,254,334
167,31,150,160,226,6,70,306,309,66,58,347
167,32,174,438,90,116,424,470,203,108,442,265
167,33,321,246,81,422,276,82,34,196,410,163
167,34,324,307,85,386,125,381,219,391,109,96
167,35,110,14,234,289,127,469,175,67,36,217
167,36,215,413,124,366,58,335,47,41,5,325
167,37,337,287,384,91,76,320,33,163,414,340
167,38,358,181,292,339,401,386,59,373,225,40
167,39,416,498,511,146,390,316,69,95,440,486
167,40,203,407,244,215,222,227,198,423,146,171
167,41,435,94,151,434,414,67,494,358,180,484
167,42,190,303,428,119,123,62,16,472,91,351
167,43,509,217,142,15,92,475,267,207,486,178
167,44,440,189,4,143,158,227,225,196,124,43
167,45,477,510,273,282,295,357,249,406,131,171
167,46,41,162,504,303,125,142,325,274,315,404
167,47,203,360,1,329,458,424,452,164,450,80
168,0,228,274,4,156,162,356,306,294,3,200
168,1,172,209,130,475,198,310,0,336,253,136
168,2,41,304,405,277,423,377,81,199,87,326
168,3,13,426,29,399,246,341,150,507,381,282
168,4,212,223,370,199,24,322,367,157,304,249
168,5,257,93,5,188,11,442,463,339,416,187
168,6,493,125,272,310,284,425,19,309,162,31
168,7,492,327,357,202,220,93,181,94,396,333
168,8,230,471,93,497,241,330,402,361,189,294
168,9,464,89,45,395,443,467,39,505,204,232
168,10,65,410,24,84,180,207,202,218,334,66
168,11,339,378,379,77,428,288,471,207,340,126
168,12,510,234,317,206,80,324,363,272,203,82
168,13,261,415,34,234,9,55,160,116,147,351
168,14,20,319,124,492,192,33,135,317,38,334
168,15,347,309,160,2,166,150,277,269,193,272
168,16,116,90,192,424,174,25,91,438,50,199
168,17,137,464,294,86,321,234,296,202,246,334
168,18,137,386,324,307,85,96,358,125,37,326
168,19,234,110,106,420,207,36,67,280,408,113
168,20,64,112,169,124,325,486,507,215,413,146
168,21,287,91,376,337,384,329,130,147,320,116
168,22,401,472,181,77,343,435,59,339,373,78
168,23,214,177,440,498,119,219,349,203,124,252
168,24,93,101,230,114,333,477,471,497,33,267
168,25,464,467,89,505,107,53,375,395,206,96
168,26,410,65,2,180,422,413,399,46,84,202
168,27,45,378,340,379,207,126,471,288,343,277
168,28,288,324,234,445,80,73,261,510,206,317
168,29,34,160,370,441,261,415,60,351,55,234
168,30,319,317,124,38,135,254,202,492,20,251
168,31,309,347,277,160,366,269,2,272,194,505
168,32,116,192,25,438,48,50,90,239,424,136
168,33,137,464,202,90,82,132,276,256,296,321
168,34,358,375,324,307,137,85,468,361,386,164
168,35,420,234,110,233,350,106,113,36,280,203
168,36,169,64,112,146,21,486,110,375,136,421
168,37,287,376,261,384,329,337,147,91,130,163
168,38,472,343,401,181,339,77,373,281,59,381
168,39,177,219,287,290,324,203,440,197,235,328
168,40,229,48,52,386,102,466,300,194,423,339
168,41,366,54,185,149,161,455,168,146,401,172
168,42,428,119,62,16,303,194,369,85,261,287
168,43,393,165,475,495,142,188,237,147,369,253
168,44,451,440,124,189,158,4,143,300,227,419
168,45,477,178,295,510,273,357,406,191,409,249
168,46,162,504,274,71,125,142,325,303,493,128
168,47,80,1,329,39,152,222,175,424,450,390
169,0,188,485,286,123,222,324,80,203,472,387
169,1,172,434,437,261,209,225,130,336,162,489
169,2,457,135,436,321,377,286,304,159,81,171
169,3,342,35,290,219,86,507,51,255,13,365
169,4,191,168,431,292,184,370,278,322,113,434
169,5,75,11,112,340,180,487,399,257,442,187
169,6,272,151,310,285,359,142,162,441,498,234
169,7,437,295,174,492,333,357,175,220,275,208
169,8,230,162,119,116,492,241,497,189,151,310
169,9,145,293,208,395,349,232,54,191,154,129
169,10,469,488,126,92,65,504,119,24,77,14
169,11,451,379,371,17,189,501,200,197,59,192
169,12,377,438,312,510,470,480,257,178,103,317
169,13,390,415,105,116,121,261,234,193,431,509
169,14,486,127,461,231,305,506,243,162,268,94
169,15,346,178,6,289,375,306,199,347,209,156
169,16,480,424,231,199,299,91,26,133,283,23
169,17,296,381,422,410,285,84,467,273,355,243
169,18,241,331,306,260,307,109,444,219,38,58
169,19,469,286,47,225,388,356,349,14,9,255
169,20,345,5,58,448,366,124,434,214,75,467
169,21,136,239,340,147,281,56,28,305,40,86
169,22,65,255,125,186,39,494,179,373,469,225
169,23,498,316,238,372,354,398,242,440,511,486
169,24,477,191,389,151,230,101,497,189,11,414
169,25,395,301,129,130,111,89,40,511,508,145
169,26,488,280,119,92,65,506,10,46,425,77
169,27,273,78,379,36,471,17,86,258,371,250
169,28,288,438,459,312,48,228,80,470,113,73
169,29,415,34,105,370,9,508,261,46,115,387
169,30,486,461,127,69,20,349,254,427,305,160
169,31,6,306,226,309,347,375,209,410,37,150
169,32,90,174,283,231,35,438,223,203,224,116
169,33,276,410,321,81,422,163,355,296,381,74
169,34,306,241,219,419,307,331,58,109,444,324
169,35,14,273,286,456,332,175,51,469,177,67
169,36,5,366,124,58,448,177,41,214,75,167
169,37,136,239,281,305,78,56,67,40,28,164
169,38,255,125,186,65,469,225,494,373,179,39
169,39,498,316,416,440,511,238,398,124,354,53
169,40,203,498,198,146,215,171,136,323,227,330
169,41,151,358,414,49,418,494,220,216,243,145
169,42,16,448,482,304,355,20,480,342,123,114
169,43,267,92,15,486,178,93,369,255,481,416
169,44,237,55,473,372,136,54,446,212,272,280
169,45,230,470,454,104,84,189,290,351,70,2
169,46,181,392,66,57,214,199,378,322,185,390
169,47,202,320,337,336,326,480,492,54,270,31
170,0,384,378,34,138,190,427,463,316,288,282
170,1,203,102,18,209,293,130,483,420,280,378
170,2,495,436,451,321,30,377,333,310,38,367
170,3,1,13,342,505,175,507,86,35,290,450
170,4,399,311,168,54,393,292,184,431,468,460
170,5,160,133,391,290,487,430,11,493,112,20
170,6,255,498,142,250,73,151,272,47,310,441
170,7,168,374,295,322,437,208,275,333,154,117
170,8,230,420,311,402,419,241,162,471,151,116
170,9,232,145,39,471,100,204,208,349,168,457
170,10,425,65,410,77,24,488,84,490,92,269
170,11,481,76,288,77,337,59,115,428,339,390
170,12,401,312,313,154,495,438,98,227,252,481
170,13,9,415,261,116,348,201,105,390,121,234
170,14,20,275,334,192,486,132,461,43,124,450
170,15,375,6,346,178,150,58,226,66,306,209
170,16,174,424,90,203,231,129,199,438,470,224
170,17,81,145,276,321,296,39,410,286,156,460
170,18,395,331,306,241,219,326,307,324,224,287
170,19,110,255,51,175,67,273,332,469,36,47
170,20,124,5,511,345,167,93,366,47,13,177
170,21,305,56,136,281,239,40,164,198,86,340
170,22,429,255,186,125,469,225,424,224,121,320
170,23,316,511,402,453,398,498,238,416,486,237
170,24,230,151,482,420,389,311,116,275,487,189
170,25,395,232,145,89,471,39,129,439,206,262
170,26,410,65,10,46,425,180,488,77,507,24
170,27,76,288,168,337,287,339,340,59,77,343
170,28,312,288,401,154,313,438,495,228,47,445
170,29,415,9,34,348,105,147,261,234,60,427
170,30,20,461,349,334,192,486,254,124,448,305
170,31,37,6,150,309,347,209,346,160,302,25
170,32,470,174,424,90,223,283,224,368,438,231
170,33,81,296,410,321,355,285,276,145,460,442
170,34,306,331,395,219,241,58,307,199,361,224
170,35,110,286,456,469,332,14,175,67,273,36
170,36,5,214,75,58,93,511,124,41,177,112
170,37,305,78,56,281,40,164,239,136,28,354
170,38,429,186,125,424,469,255,224,225,121,65
170,39,498,316,440,416,398,511,124,354,238,119
170,40,198,146,498,330,203,227,505,223,171,136
170,41,151,358,414,494,49,168,216,220,418,438
170,42,137,114,139,482,448,394,355,304,177,62
170,43,267,15,486,92,178,369,93,255,481,104
170,44,55,237,28,372,473,212,54,280,446,272
170,45,230,470,454,104,290,189,70,351,401,84
170,46,214,392,336,57,322,199,390,185,325,193
170,47,270,480,336,31,54,298,320,349,492,326
171,0,98,401,270,62,427,316,99,9,474,176
171,1,240,62,293,304,34,366,287,483,420,292
171,2,263,360,436,439,310,491,185,418,451,393
171,3,168,265,161,507,332,412,406,454,451,297
171,4,308,96,67,177,299,166,38,136,41,117
171,5,458,131,487,485,425,120,505,25,357,280
171,6,383,73,42,255,264,335,495,142,471,113
171,7,86,108,219,43,329,501,41,427,245,154
171,8,101,477,482,311,201,402,361,230,189,349
171,9,77,89,145,301,349,395,168,497,375,467
171,10,215,488,380,37,65,425,77,410,490,119
171,11,379,481,428,115,343,78,76,425,471,194
171,12,303,48,307,223,502,401,286,120,462,426
171,13,415,467,9,457,100,370,261,292,55,105
171,14,461,254,275,196,162,213,396,351,18,34
171,15,6,309,347,346,150,156,160,410,209,340
171,16,116,283,174,90,325,424,35,438,199,25
171,17,296,187,81,410,214,39,197,505,464,286
171,18,246,168,341,326,58,395,373,241,84,306
171,19,308,469,175,255,223,67,332,51,292,396
171,20,445,136,214,112,124,64,41,167,58,93
171,21,354,268,502,470,419,312,208,376,78,11
171,22,435,499,349,253,434,444,374,17,242,52
171,23,498,316,124,440,238,398,410,53,24,214
171,24,101,477,482,215,402,201,311,330,151,59
171,25,89,77,145,395,301,375,232,107,54,168
171,26,410,65,29,215,2,488,77,380,425,282
171,27,428,379,481,53,205,36,471,287,131,115
171,28,288,303,48,307,286,107,223,350,426,502
171,29,415,370,9,55,261,105,467,234,100,147
171,30,254,351,461,162,213,486,164,20,196,275
171,31,309,347,160,6,410,209,150,427,302,496
171,32,283,116,438,174,90,223,424,35,325,368
171,33,187,410,81,296,214,74,39,123,156,197
171,34,246,341,58,168,122,373,361,84,414,326
171,35,308,67,469,33,327,223,332,286,62,51
171,36,445,136,214,64,41,112,124,140,122,58
171,37,354,268,502,470,419,78,208,119,292,376
171,38,349,253,499,435,444,17,434,52,441,328
171,39,498,124,440,316,53,410,398,453,349,219
171,40,198,505,0,223,95,330,102,156,43,500
171,41,168,499,175,259,220,146,170,19,475,147
171,42,362,62,268,491,23,216,78,379,508,261
171,43,280,369,106,256,149,427,49,458,137,107
171,44,220,224,346,364,492,479,127,181,273,465
171,45,447,401,33,249,49,3,232,390,143,26
171,46,323,185,325,464,218,128,390,381,329,431
171,47,292,234,458,175,39,131,269,390,452,9
172,0,46,160,330,306,2,219,79,218,375,3
172,1,71,483,112,447,323,492,148,455,412,275
172,2,10,101,277,189,266,67,488,330,143,81
172,3,510,216,161,265,332,297,500,231,469,87
172,4,417,495,499,41,359,177,430,457,439,447
172,5,258,373,273,352,425,25,266,280,230,463
172,6,476,198,335,354,136,396,395,383,284,500
172,7,231,170,329,7,243,8,334,437,498,118
172,8,101,307,477,6,473,370,361,325,230,482
172,9,89,375,395,467,468,130,511,464,505,154
172,10,119,60,215,37,507,207,100,65,280,438
172,11,379,10,471,36,436,339,428,78,126,378
172,12,351,463,47,484,80,457,502,504,272,409
172,13,415,441,457,119,427,261,71,487,486,338
172,14,254,33,275,461,319,492,38,205,192,135
172,15,347,309,366,340,160,277,269,181,156,122
172,16,48,25,116,91,90,192,438,333,174,424
172,17,464,137,187,86,296,273,194,374,256,297
172,18,137,434,213,108,284,308,90,358,181,330
172,19,486,364,36,223,110,420,92,308,123,388
172,20,64,112,138,94,428,56,146,86,170,421
172,21,154,376,271,119,208,419,211,447,162,32
172,22,150,479,374,192,177,435,507,276,48,422
172,23,440,124,498,219,214,316,119,177,349,78
172,24,101,477,114,155,191,307,359,93,161,422
172,25,395,375,89,468,496,443,107,53,467,306
172,26,422,280,153,60,84,279,119,207,77,507
172,27,471,10,258,78,379,36,444,366,201,436
172,28,489,288,48,80,351,73,463,72,192,281
172,29,457,415,370,441,71,103,261,508,55,445
172,30,254,461,319,205,486,351,492,162,275,160
172,31,347,309,160,340,277,366,269,410,506,2
172,32,438,116,25,174,48,90,91,424,192,333
172,33,187,296,410,464,81,256,148,74,378,276
172,34,434,213,361,419,330,58,92,246,373,472
172,35,223,444,327,469,483,308,262,337,486,420
172,36,64,41,214,112,508,94,138,180,75,192
172,37,271,154,119,208,459,376,58,447,354,78
172,38,479,374,150,435,177,192,48,441,507,422
172,39,124,440,498,410,316,349,53,453,219,119
172,40,198,229,223,102,95,0,43,466,330,485
172,41,264,168,499,146,19,170,259,220,421,303
172,42,403,379,268,508,23,113,424,163,222,95
172,43,369,280,256,458,149,49,147,106,137,286
172,44,374,364,224,479,346,492,465,273,181,247
172,45,447,114,249,3,401,49,26,232,390,104
172,46,455,323,325,464,128,431,381,185,390,121
172,47,166,269,88,131,8,357,45,390,226,89
173,0,360,173,392,184,19,386,272,338,293,242
173,1,405,237,403,179,65,160,499,182,251,483
173,2,210,226,36,371,251,481,382,134,503,205
173,3,161,265,454,406,332,297,40,396,185,244
173,4,177,136,38,299,166,174,264,2,327,216
173,5,346,25,425,161,324,357,266,505,120,61
173,6,335,476,365,354,312,459,291,136,396,44
173,7,329,206,219,228,71,353,156,108,200,365
173,8,101,477,307,331,482,201,20,61,370,230
173,9,89,467,375,129,301,107,208,505,285,154
173,10,215,87,60,119,488,282,145,37,24,103
173,11,379,428,471,503,53,131,126,370,78,425
173,12,155,404,48,327,266,355,372,457,369,462
173,13,467,457,370,71,415,292,509,100,499,441
173,14,254,461,213,351,162,275,396,18,196,327
173,15,309,347,427,160,25,277,506,150,2,464
173,16,116,174,90,438,283,35,325,424,25,192
173,17,187,296,410,81,505,464,256,0,197,261
173,18,500,283,34,229,213,326,220,482,165,381
173,19,223,308,82,482,252,469,316,175,123,420
173,20,445,112,64,347,138,214,508,298,94,18
173,21,154,253,354,409,119,301,447,376,271,206
173,22,193,316,422,111,435,384,507,66,177,115
173,23,498,440,78,124,316,407,214,199,349,238
173,24,101,477,331,307,20,61,422,402,155,207
173,25,89,375,107,145,395,301,306,285,208,83
173,26,215,119,87,60,29,361,236,92,305,162
173,27,428,379,131,53,36,436,471,126,78,503
173,28,155,404,327,288,48,372,107,494,369,281
173,29,467,370,415,241,457,167,246,55,441,100
173,30,254,213,461,162,351,142,34,345,196,5
173,31,309,347,160,427,410,209,302,464,6,496
173,32,116,283,438,174,90,424,223,325,25,368
173,33,187,296,74,505,409,410,81,123,378,256
173,34,500,229,34,482,283,437,213,165,381,220
173,35,223,482,308,82,469,20,483,286,373,486
173,36,445,64,112,214,508,347,41,94,315,138
173,37,154,301,11,354,253,409,119,206,311,459
173,38,316,193,384,435,111,66,422,177,507,419
173,39,440,498,124,410,219,349,78,316,53,407
173,40,198,95,102,229,0,505,330,466,223,421
173,41,168,264,146,289,499,259,170,147,2,19
173,42,403,237,436,59,424,222,389,235,95,141
173,43,369,256,458,280,149,49,106,438,400,147
173,44,364,224,339,465,479,500,288,492,47,273
173,45,3,435,114,249,193,447,49,214,104,401
173,46,325,128,381,431,464,121,185,323,244,390
173,47,89,357,88,45,269,8,166,390,226,131
174,0,20,234,46,338,360,188,111,358,87,150
174,1,179,405,182,135,483,264,71,491,161,237
174,2,251,101,226,363,10,457,494,135,24,215
174,3,35,161,52,332,288,216,397,265,454,488
174,4,495,128,340,499,314,237,349,58,431,177
174,5,399,215,273,266,373,172,270,296,425,25
174,6,291,119,335,74,24,136,138,431,296,480
174,7,176,329,82,175,119,390,34,261,274,437
174,8,101,307,477,230,61,277,317,217,505,370
174,9,89,467,375,242,464,130,107,154,505,389
174,10,102,60,215,487,84,119,346,37,65,408
174,11,379,471,428,126,78,36,416,10,77,366
174,12,7,221,457,48,271,343,252,453,355,75
174,13,457,71,241,415,370,355,499,441,422,137
174,14,461,254,275,196,401,160,94,396,509,424
174,15,347,309,160,340,156,150,506,37,325,193
174,16,174,91,116,283,480,424,90,192,299,223
174,17,187,371,296,409,410,464,118,86,256,137
174,18,416,156,304,213,67,117,326,216,321,381
174,19,469,308,36,286,373,364,388,420,71,486
174,20,297,315,112,506,124,436,214,252,345,226
174,21,400,206,345,442,311,354,74,154,11,417
174,22,163,435,269,432,295,468,273,495,500,369
174,23,401,155,81,498,96,316,440,74,124,404
174,24,477,101,307,505,230,389,61,191,155,402
174,25,395,89,447,208,232,389,375,54,63,306
174,26,65,29,2,60,102,77,10,119,84,488
174,27,379,471,428,36,366,126,59,78,194,3
174,28,288,453,7,107,462,75,91,48,345,174
174,29,370,415,9,55,100,304,225,222,246,420
174,30,504,486,461,183,254,213,142,374,293,69
174,31,160,6,150,209,309,58,306,237,66,427
174,32,174,438,203,306,227,35,90,283,224,459
174,33,74,371,172,461,81,410,118,175,383,199
174,34,156,416,117,321,67,248,394,505,487,76
174,35,469,445,373,510,16,184,14,66,51,210
174,36,41,124,436,2,58,315,297,226,75,366
174,37,345,311,442,400,199,206,337,354,11,351
174,38,163,273,269,468,295,500,495,415,136,435
174,39,316,53,81,124,498,401,155,238,96,69
174,40,482,6,198,171,157,227,366,136,223,165
174,41,494,12,245,380,500,171,259,475,168,94
174,42,22,479,97,257,67,45,138,267,71,133
174,43,378,486,94,15,294,420,178,267,181,369
174,44,474,173,294,270,472,191,374,495,4,447
174,45,119,103,104,126,201,297,149,132,456,213
174,46,446,325,499,248,53,164,185,161,128,381
174,47,125,29,33,17,463,181,372,126,61,12
175,0,412,251,168,319,235,431,205,109,294,371
175,1,440,125,57,475,446,310,216,323,191,136
175,2,496,511,137,37,436,444,107,308,207,109
175,3,196,249,293,269,305,205,82,335,223,150
175,4,346,357,199,325,73,294,344,465,423,389
175,5,56,68,74,112,110,482,154,471,510,185
175,6,68,397,435,237,292,291,259,255,182,168
175,7,33,139,316,302,177,351,489,276,333,92
175,8,138,402,230,471,356,304,482,189,389,330
175,9,471,232,62,161,132,439,497,100,206,171
175,10,65,2,425,77,10,24,29,410,84,92
175,11,428,59,481,115,468,363,3,390,238,415
175,12,218,246,113,287,301,475,220,37,96,228
175,13,370,9,304,415,195,372,412,234,499,225
175,14,486,74,175,388,275,45,461,90,188,323
175,15,375,66,6,58,150,306,237,160,226,346
175,16,90,174,35,424,129,438,148,224,338,368
175,17,172,430,196,73,70,17,81,422,39,267
175,18,503,282,127,510,483,248,497,385,388,49
175,19,210,66,47,255,289,376,184,177,225,14
175,20,413,366,345,228,215,290,507,47,464,124
175,21,337,464,18,474,242,456,340,54,107,147
175,22,283,78,43,470,77,401,292,281,122,181
175,23,390,95,327,416,69,384,146,363,425,163
175,24,138,304,233,356,503,389,154,189,230,471
175,25,232,471,62,171,299,161,89,132,210,122
175,26,65,10,2,29,273,129,77,348,125,220
175,27,363,415,59,390,206,3,428,12,294,468
175,28,246,288,228,220,113,218,475,37,143,287
175,29,195,412,370,128,304,372,336,415,225,252
175,30,486,69,388,74,323,188,175,45,90,293
175,31,226,375,6,306,66,128,58,237,160,209
175,32,174,148,26,108,438,459,227,442,368,470
175,33,172,196,324,17,430,484,343,422,73,267
175,34,503,127,510,497,483,282,49,248,385,386
175,35,14,212,289,225,207,383,66,59,255,469
175,36,215,413,228,366,290,58,15,167,335,423
175,37,464,287,18,337,456,91,340,474,147,33
175,38,283,78,43,77,401,181,281,470,264,86
175,39,390,416,146,95,238,511,69,260,354,316
175,40,407,203,244,59,186,471,397,222,215,357
175,41,435,226,434,94,385,67,484,145,445,304
175,42,365,428,287,119,476,123,472,303,301,457
175,43,217,207,509,2,377,87,180,15,92,185
175,44,189,51,158,440,43,4,276,471,54,405
175,45,282,22,406,48,365,332,34,359,459,232
175,46,25,469,77,239,372,141,147,351,504,64
175,47,142,280,204,11,222,424,254,1,329,369
176,0,435,315,114,395,351,249,90,333,109,20
176,1,130,32,74,128,505,235,97,51,383,88
176,2,89,475,357,4,295,37,0,27,372,171
176,3,249,205,305,269,293,408,182,496,82,335
176,4,325,465,28,156,506,410,389,252,222,423
176,5,482,468,292,112,263,236,185,100,98,471
176,6,164,185,13,505,165,394,112,233,468,237
176,7,141,489,158,242,191,425,316,199,173,333
176,8,19,87,356,191,503,35,335,11,132,449
176,9,161,132,171,214,232,111,37,502,68,346
176,10,10,348,432,240,488,125,97,48,393,129
176,11,163,371,154,234,294,422,415,273,84,500
176,12,288,459,37,228,246,475,253,390,113,9
176,13,387,128,286,52,329,412,385,426,102,273
176,14,486,90,127,138,212,335,69,117,92,506
176,15,375,6,346,494,178,486,289,199,209,426
176,16,441,23,278,299,26,272,391,140,129,243
176,17,372,422,324,499,172,467,72,196,166,389
176,18,471,49,510,127,483,42,264,184,497,248
176,19,47,212,66,63,14,174,376,383,210,289
176,20,507,366,228,413,15,290,215,464,457,345
176,21,340,464,18,474,54,242,337,100,33,287
176,22,77,293,78,223,30,81,41,264,86,345
176,23,390,163,146,95,363,416,327,260,425,242
176,24,87,503,356,389,335,35,304,233,138,189
176,25,161,132,232,111,214,171,346,37,299,502
176,26,348,10,488,424,335,48,125,129,273,432
176,27,273,294,250,422,48,12,206,234,154,415
176,28,459,288,228,113,246,37,220,9,390,217
176,29,128,387,426,52,195,102,412,22,286,115
176,30,486,69,90,127,188,427,388,74,92,80
176,31,6,306,375,226,178,128,494,209,346,486
176,32,26,23,278,441,299,51,174,231,368,129
176,33,422,324,172,196,484,372,267,343,499,17
176,34,471,127,510,49,42,483,497,503,184,386
176,35,212,14,225,383,207,289,47,255,174,63
176,36,228,366,413,15,215,507,290,167,58,247
176,37,464,18,337,340,33,287,474,54,91,100
176,38,293,78,77,264,81,30,86,223,181,41
176,39,390,416,146,260,238,511,95,69,363,316
176,40,407,203,244,471,186,397,59,323,215,357
176,41,226,435,434,385,94,445,67,304,145,414
176,42,287,301,428,476,123,472,87,119,393,322
176,43,217,207,509,180,377,2,185,87,92,506
176,44,189,440,158,51,43,277,276,4,405,471
176,45,34,406,282,479,48,365,359,28,265,280
176,46,77,469,239,256,171,372,388,188,141,504
176,47,280,142,11,272,424,85,78,451,329,218
177,0,485,384,138,470,103,316,282,342,44,310
177,1,130,209,157,152,60,225,434,128,123,38
177,2,89,286,87,171,308,405,393,280,436,321
177,3,342,249,505,403,175,507,405,150,205,293
177,4,168,292,184,198,222,367,399,51,37,431
177,5,487,420,11,187,112,160,20,259,71,5
177,6,234,112,285,179,47,272,63,233,498,329
177,7,174,95,168,357,333,117,220,322,437,438
177,8,116,151,162,87,470,449,414,316,279,191
177,9,232,132,395,140,502,208,145,393,360,214
177,10,349,488,350,92,5,481,10,429,240,46
177,11,17,154,337,234,425,59,163,238,371,268
177,12,312,253,475,251,470,401,182,459,288,313
177,13,286,121,42,31,105,6,147,431,201,255
177,14,486,127,461,450,69,34,340,383,305,425
177,15,375,6,178,346,209,226,306,150,25,486
177,16,441,299,129,424,368,174,231,283,438,130
177,17,422,276,72,81,467,296,372,410,431,196
177,18,319,306,109,287,58,444,185,219,331,241
177,19,207,47,255,225,14,263,456,80,273,452
177,20,5,167,366,345,15,47,441,58,457,75
177,21,305,56,340,40,116,28,86,54,281,266
177,22,125,225,255,59,424,373,186,429,469,485
177,23,398,511,416,154,316,498,486,176,402,242
177,24,162,151,389,116,191,470,189,87,449,482
177,25,232,395,132,145,140,349,393,89,301,502
177,26,488,46,349,10,92,173,77,5,424,467
177,27,17,337,154,234,277,59,78,288,63,189
177,28,312,401,228,470,288,251,253,475,313,459
177,29,286,147,42,348,6,105,121,201,31,234
177,30,486,127,461,69,450,366,20,294,319,132
177,31,6,375,226,209,306,346,150,178,25,271
177,32,174,299,438,424,368,283,108,26,231,442
177,33,422,276,81,410,79,72,381,196,460,296
177,34,306,58,109,319,219,241,331,444,199,287
177,35,14,207,286,456,217,175,332,469,255,47
177,36,5,58,366,167,75,214,93,41,177,441
177,37,305,78,56,116,40,28,340,281,86,33
177,38,125,255,373,186,225,469,424,429,59,65
177,39,416,498,511,316,398,238,354,440,53,486
177,40,330,498,203,171,482,136,323,505,198,223
177,41,151,414,358,243,220,49,494,424,304,145
177,42,394,137,304,139,482,114,355,123,448,177
177,43,92,486,15,267,178,255,93,185,481,71
177,44,372,55,237,54,28,212,280,473,446,186
177,45,454,230,470,189,104,290,70,381,351,84
177,46,214,336,392,199,322,504,57,185,390,193
177,47,458,360,31,480,270,336,320,298,349,54
178,0,188,234,79,123,485,282,277,149,286,495
178,1,209,261,437,130,272,123,338,303,397,157
178,2,135,436,495,89,286,393,280,405,457,308
178,3,342,35,205,74,388,403,255,266,463,175
178,4,168,431,184,292,278,191,306,322,37,439
178,5,487,187,160,75,420,11,112,20,352,259
178,6,112,125,285,234,47,498,151,63,80,272
178,7,437,295,357,117,168,438,118,8,174,95
178,8,497,151,191,162,361,325,359,449,132,414
178,9,395,111,132,208,145,154,360,398,130,140
178,10,488,280,92,119,202,46,126,211,456,298
178,11,78,197,371,273,63,234,366,127,9,511
178,12,470,312,438,510,80,459,82,317,73,253
178,13,385,35,423,311,411,50,286,119,250,387
178,14,127,160,461,486,383,94,396,105,243,231
178,15,169,346,347,309,160,209,22,193,37,185
178,16,91,333,480,299,199,23,223,25,424,405
178,17,381,72,378,61,499,84,68,422,305,467
178,18,179,284,272,291,419,308,347,316,468,181
178,19,145,434,225,356,388,26,469,129,64,313
178,20,56,407,15,170,112,109,258,344,346,55
178,21,70,376,155,379,288,243,275,142,338,428
178,22,125,373,424,186,255,97,485,458,456,429
178,23,498,316,440,124,238,177,214,338,73,349
178,24,477,283,191,155,422,101,11,175,509,496
178,25,111,395,360,443,130,89,376,501,375,361
178,26,424,280,119,296,279,211,456,488,506,365
178,27,78,9,86,258,197,273,126,201,371,250
178,28,459,48,288,80,150,11,113,290,192,73
178,29,457,385,364,435,387,311,423,356,119,463
178,30,160,461,233,383,127,396,212,486,105,254
178,31,347,37,309,169,346,209,156,100,283,269
178,32,480,91,223,23,299,174,424,25,479,399
178,33,50,105,422,499,305,372,410,296,464,72
178,34,419,179,347,444,58,306,350,241,199,239
178,35,426,388,207,420,234,434,14,469,92,286
178,36,214,5,112,56,15,93,75,109,64,441
178,37,305,56,40,116,78,376,239,28,54,281
178,38,125,186,255,373,469,424,429,225,494,65
178,39,498,440,316,124,382,445,238,177,214,349
178,40,229,146,136,423,171,223,198,450,330,107
178,41,499,168,151,243,414,358,170,424,418,494
178,42,394,137,482,114,304,448,139,355,177,123
178,43,486,92,267,15,369,255,178,93,49,475
178,44,55,372,237,28,54,212,473,280,446,186
178,45,454,470,230,104,189,290,70,351,401,381
178,46,214,336,392,199,322,57,185,390,193,252
178,47,270,31,480,320,336,298,349,492,54,326
179,0,316,459,384,98,427,401,470,10,79,99
179,1,62,304,240,130,483,293,209,287,34,420
179,2,436,263,185,393,449,310,280,439,405,411
179,3,274,507,342,174,168,450,150,496,405,183
179,4,67,485,168,184,299,96,308,460,386,488
179,5,82,485,487,187,505,112,131,470,202,81
179,6,368,234,73,47,42,112,498,495,142,113
179,7,86,95,117,43,14,154,438,333,281,196
179,8,162,151,256,349,311,316,482,201,389,372
179,9,132,232,77,457,395,145,497,208,131,140
179,10,488,92,380,490,325,481,350,135,37,46
179,11,277,17,344,337,481,63,59,425,154,405
179,12,223,198,120,401,251,303,370,227,48,15
179,13,201,105,176,193,147,121,480,286,255,48
179,14,127,486,461,201,34,237,450,207,334,430
179,15,375,6,150,178,472,254,209,346,212,25
179,16,129,424,368,231,224,299,438,174,35,3
179,17,81,156,276,410,505,296,313,422,460,359
179,18,490,58,84,306,444,199,168,241,246,227
179,19,207,263,255,396,47,110,225,332,469,14
179,20,167,91,366,122,318,345,339,47,136,93
179,21,268,78,116,88,86,470,340,266,164,199
179,22,160,52,225,499,404,28,215,306,253,23
179,23,410,154,290,498,237,416,398,316,507,511
179,24,275,162,151,389,189,482,191,349,361,477
179,25,232,439,89,395,457,443,393,77,424,132
179,26,46,92,10,488,173,29,507,270,490,77
179,27,277,337,59,17,154,73,287,234,343,63
179,28,223,198,288,303,251,228,395,286,502,120
179,29,147,286,105,427,48,234,348,201,336,6
179,30,486,127,319,20,461,334,192,365,254,132
179,31,6,226,375,150,347,306,237,37,160,209
179,32,424,174,223,299,438,116,470,35,283,442
179,33,156,202,381,410,81,276,422,296,495,214
179,34,58,199,490,62,227,122,168,109,246,84
179,35,110,14,207,175,332,469,286,113,225,396
179,36,136,339,214,58,93,140,122,91,494,318
179,37,268,470,78,116,266,331,419,354,201,502
179,38,52,499,160,225,28,215,306,424,321,328
179,39,498,316,238,440,511,416,124,398,119,354
179,40,505,136,198,330,171,146,482,223,423,227
179,41,475,175,151,499,358,414,494,168,49,259
179,42,62,349,267,325,491,261,369,78,394,23
179,43,509,267,92,15,486,255,498,94,280,93
179,44,256,212,237,55,372,144,164,293,250,468
179,45,188,230,104,200,454,401,249,61,119,189
179,46,41,71,359,110,325,390,162,199,57,185
179,47,65,136,458,360,54,292,329,1,336,480
180,0,264,321,305,430,312,79,209,267,36,132
180,1,209,62,130,34,483,304,240,293,287,402
180,2,307,436,303,20,393,310,185,333,263,405
180,3,450,507,495,274,150,323,342,505,394,371
180,4,192,310,168,24,386,67,405,74,184,265
180,5,82,487,415,146,424,37,493,485,255,187
180,6,368,444,301,73,47,495,112,42,498,255
180,7,134,154,95,282,259,200,128,86,117,438
180,8,162,189,151,275,191,349,482,389,361,224
180,9,132,232,395,439,457,139,145,77,424,208
180,10,488,46,92,350,507,380,53,29,77,377
180,11,277,337,17,59,63,481,154,343,425,378
180,12,198,223,17,401,400,251,395,379,227,303
180,13,147,105,48,201,176,286,193,491,336,445
180,14,334,127,365,486,319,461,192,20,87,476
180,15,6,375,150,66,346,226,237,25,309,178
180,16,424,174,35,129,299,438,490,116,283,3
180,17,156,81,276,296,410,123,495,125,505,214
180,18,227,199,122,246,108,58,62,326,168,81
180,19,207,110,396,255,332,263,225,234,175,113
180,20,136,167,93,345,95,366,90,138,394,112
180,21,470,268,233,116,266,78,208,292,354,340
180,22,434,215,48,428,328,440,435,321,225,297
180,23,316,498,453,237,214,78,238,410,402,398
180,24,275,162,191,477,151,389,482,101,189,239
180,25,395,89,439,443,232,424,464,152,375,467
180,26,46,29,488,173,92,10,413,507,77,490
180,27,343,277,73,379,471,378,59,337,194,78
180,28,288,395,198,400,168,234,17,484,379,48
180,29,427,147,370,105,234,82,441,100,6,415
180,30,319,486,461,20,127,334,435,273,327,254
180,31,309,347,37,150,160,25,156,496,287,2
180,32,116,424,174,192,223,299,199,216,25,438
180,33,137,202,156,410,381,296,276,464,148,123
180,34,108,199,122,361,81,358,21,58,227,330
180,35,110,207,113,14,234,123,469,286,420,175
180,36,136,214,112,64,93,75,5,58,41,95
180,37,470,111,233,419,116,331,376,183,268,266
180,38,215,428,434,328,48,320,307,440,444,467
180,39,498,316,440,124,214,119,398,238,177,511
180,40,505,198,229,146,171,423,223,52,136,95
180,41,358,499,168,494,151,414,170,438,49,243
180,42,62,50,216,214,261,362,139,369,114,23
180,43,267,92,15,280,369,486,509,498,107,93
180,44,372,237,212,55,225,280,35,224,250,319
180,45,104,230,454,401,189,470,200,249,447,70
180,46,390,57,71,199,392,325,218,185,323,128
180,47,65,175,336,480,54,292,492,39,349,1
181,0,62,98,167,175,176,401,211,198,272,291
181,1,34,240,304,62,134,366,287,482,293,483
181,2,263,211,185,360,418,449,436,310,439,393
181,3,18,507,161,265,274,332,205,488,237,412
181,4,166,299,308,96,67,290,41,306,26,177
181,5,90,119,131,275,415,505,81,487,120,357
181,6,471,279,27,73,417,113,422,42,335,383
181,7,282,117,108,101,245,427,118,194,41,43
181,8,477,191,162,275,101,482,296,422,402,189
181,9,129,77,395,349,154,301,360,40,191,139
181,10,253,380,119,488,490,361,92,162,305,507
181,11,78,343,103,148,63,481,471,379,17,367
181,12,48,303,286,299,307,223,269,120,372,262
181,13,292,105,421,457,100,193,280,509,445,422
181,14,461,305,18,396,6,127,509,243,435,254
181,15,346,6,309,169,156,37,347,209,100,193
181,16,199,424,91,223,174,325,333,299,480,116
181,17,296,214,378,410,285,156,273,381,276,39
181,18,341,168,326,58,108,414,255,106,373,246
181,19,62,469,396,292,175,207,20,110,255,242
181,20,140,136,75,112,214,445,93,173,508,90
181,21,502,470,354,419,268,312,292,116,376,11
181,22,349,253,444,17,434,328,52,215,499,242
181,23,498,316,214,443,440,238,124,118,73,354
181,24,477,191,155,215,101,275,482,151,496,296
181,25,395,129,77,89,301,130,83,54,375,467
181,26,253,119,29,92,490,488,280,305,473,380
181,27,343,148,78,379,471,36,126,103,59,428
181,28,48,288,303,307,299,223,286,426,161,82
181,29,234,427,147,292,105,457,370,421,100,467
181,30,461,489,509,435,319,396,127,76,486,334
181,31,309,347,37,160,150,25,156,287,427,272
181,32,424,174,216,116,31,223,199,192,438,325
181,33,214,156,378,410,296,39,137,381,123,285
181,34,122,341,108,168,255,58,246,199,414,330
181,35,110,113,207,135,62,234,242,123,420,14
181,36,140,136,112,64,93,214,445,122,56,169
181,37,470,268,502,419,111,376,331,292,329,338
181,38,349,444,253,17,328,434,52,215,499,8
181,39,440,119,498,177,124,263,214,349,316,257
181,40,229,505,52,423,198,77,466,95,330,300
181,41,168,146,366,175,499,158,170,147,424,475
181,42,62,362,216,261,491,23,369,379,387,508
181,43,280,369,475,142,498,107,106,427,458,256
181,44,364,143,220,227,224,319,249,164,503,250
181,45,447,249,401,200,357,3,49,33,510,472
181,46,162,323,128,325,381,218,464,303,125,329
181,47,292,446,39,1,175,234,329,154,222,369
182,0,46,160,505,330,218,407,375,117,235,452
182,1,71,483,447,251,215,112,509,385,59,364
182,2,10,101,142,211,483,185,269,277,361,284
182,3,510,216,161,332,265,2,414,462,511,98
182,4,495,417,499,349,359,439,70,329,118,306
182,5,373,273,258,352,366,266,336,337,308,280
182,6,354,476,136,137,198,189,335,337,84,382
182,7,231,170,329,118,8,117,437,160,245,243
182,8,307,477,155,101,191,422,496,361,325,459
182,9,395,464,88,89,208,467,335,375,129,304
182,10,60,501,253,119,507,280,188,488,153,298
182,11,343,78,471,258,63,366,126,379,207,378
182,12,351,457,463,484,48,243,380,47,272,343
182,13,71,82,119,234,113,105,138,35,103,509
182,14,319,461,127,401,273,486,489,327,334,428
182,15,309,347,156,150,160,25,242,166,2,37
182,16,91,116,174,192,424,333,299,50,25,223
182,17,378,123,137,464,86,410,381,296,159,156
182,18,213,434,330,108,122,326,255,284,373,220
182,19,223,483,110,207,234,135,160,420,175,498
182,20,64,112,93,136,214,138,146,56,508,428
182,21,154,271,419,208,119,376,459,447,116,354
182,22,479,374,150,177,276,48,435,192,507,422
182,23,214,498,119,440,4,124,316,118,78,453
182,24,307,386,477,155,101,191,215,239,397,427
182,25,395,464,89,88,242,375,467,284,63,208
182,26,60,488,153,92,501,65,29,207,119,473
182,27,297,471,343,379,36,277,498,78,126,366
182,28,351,288,463,457,484,48,343,47,82,395
182,29,82,71,147,370,234,457,105,441,138,292
182,30,319,461,251,196,486,273,254,351,127,162
182,31,309,347,160,150,277,25,269,287,2,156
182,32,116,174,438,424,90,199,192,25,136,442
182,33,410,296,81,187,156,464,381,276,148,39
182,34,213,434,330,122,361,58,108,246,220,472
182,35,327,483,223,135,469,207,262,420,486,308
182,36,64,112,138,94,41,214,47,136,180,508
182,37,271,154,208,376,459,119,447,419,261,201
182,38,479,374,150,177,48,276,192,422,507,441
182,39,119,440,498,124,214,349,410,316,53,177
182,40,198,505,229,95,466,52,0,145,330,223
182,41,264,499,158,168,146,220,147,170,259,90
182,42,403,379,508,113,268,23,55,163,312,424
182,43,280,369,256,458,106,427,107,149,137,400
182,44,247,364,273,224,465,228,479,346,503,181
182,45,447,508,114,401,249,3,49,390,24,232
182,46,323,464,128,431,325,381,412,185,409,390
182,47,88,166,269,357,8,89,131,390,45,265
183,0,360,138,34,338,147,473,19,149,384,272
183,1,405,237,244,403,16,160,499,48,483,65
183,2,135,36,210,399,226,481,483,211,205,277
183,3,161,265,183,406,244,507,454,294,162,180
183,4,358,136,216,177,270,503,16,178,166,117
183,5,450,283,161,391,505,425,120,402,187,449
183,6,476,459,45,365,354,84,312,335,18,480
183,7,395,206,353,228,329,503,134,5,160,334
183,8,307,68,191,110,339,200,361,408,113,414
183,9,464,270,492,390,439,53,46,368,89,241
183,10,87,60,306,331,223,429,222,501,246,298
183,11,169,59,442,471,498,366,277,343,63,126
183,12,419,155,266,457,404,93,60,399,372,369
183,13,370,421,292,138,234,105,172,113,246,71
183,14,213,461,249,251,98,254,401,428,196,18
183,15,6,226,156,150,160,375,427,399,25,506
183,16,174,31,35,199,424,403,129,325,146,90
183,17,410,74,296,39,93,440,378,81,276,123
183,18,213,34,283,500,461,220,229,244,13,326
183,19,223,82,135,483,469,255,175,88,396,225
183,20,347,64,117,96,251,140,422,167,138,229
183,21,154,48,301,459,271,119,409,447,253,354
183,22,390,422,308,386,66,355,193,419,126,511
183,23,214,498,316,119,440,372,306,454,4,434
183,24,307,215,68,331,171,477,110,191,389,101
183,25,464,89,270,395,439,447,129,480,160,168
183,26,29,60,87,488,305,361,282,222,51,223
183,27,428,205,59,410,194,471,442,287,277,481
183,28,288,419,266,155,327,404,107,457,369,399
183,29,370,421,241,147,467,246,100,234,292,105
183,30,213,461,486,251,437,504,254,218,147,196
183,31,160,150,6,226,237,427,128,58,306,25
183,32,174,31,424,325,194,35,199,438,182,116
183,33,74,187,410,164,381,296,81,371,39,0
183,34,283,213,229,500,34,220,461,482,244,165
183,35,223,82,482,483,135,14,469,420,88,337
183,36,64,347,112,117,140,96,251,138,8,180
183,37,154,301,409,48,376,253,271,119,447,11
183,38,390,111,193,422,386,115,316,66,126,308
183,39,440,119,498,124,214,349,410,177,199,100
183,40,198,229,466,95,52,102,330,355,300,0
183,41,158,264,168,499,146,216,147,220,366,436
183,42,351,237,403,59,436,391,389,379,490,508
183,43,369,256,458,280,380,106,267,495,188,75
183,44,364,224,228,503,99,451,143,444,288,333
183,45,249,26,3,49,114,447,24,131,294,214
183,46,164,162,325,128,323,412,314,381,185,431
183,47,61,458,501,178,210,302,131,54,390,36
184,0,400,376,167,272,322,258,66,461,19,233
184,1,237,405,499,403,244,160,326,251,487,483
184,2,481,226,154,402,210,433,264,290,483,110
184,3,161,454,332,265,451,406,488,244,500,507
184,4,177,50,166,136,216,225,358,117,38,411
184,5,450,161,391,90,425,505,346,25,275,283
184,6,423,84,476,459,312,354,365,24,45,44
184,7,206,503,329,228,134,353,160,71,274,466
184,8,101,307,68,477,113,191,171,333,155,20
184,9,464,505,390,53,89,467,83,395,375,107
184,10,87,60,223,153,222,429,494,507,488,501
184,11,207,442,126,498,379,366,471,335,277,308
184,12,419,155,266,457,404,372,48,299,60,369
184,13,113,71,441,421,370,138,186,292,172,397
184,14,196,58,401,251,102,18,461,299,135,344
184,15,309,150,25,347,160,156,506,242,100,424
184,16,116,174,199,192,50,136,424,270,239,438
184,17,159,378,440,93,410,505,132,464,187,296
184,18,500,213,229,34,461,283,326,220,323,39
184,19,223,135,82,20,483,420,337,482,469,396
184,20,64,140,347,112,138,422,428,117,96,252
184,21,301,253,409,154,447,459,119,354,376,271
184,22,316,422,193,66,177,384,115,507,435,419
184,23,214,498,440,119,78,316,4,124,306,100
184,24,307,477,68,101,155,171,215,331,191,224
184,25,464,89,390,467,395,505,375,107,146,53
184,26,60,87,153,223,501,162,67,188,361,331
184,27,308,207,498,297,194,343,126,379,471,277
184,28,419,155,288,266,457,372,299,404,327,60
184,29,71,370,138,441,421,113,467,457,292,167
184,30,319,401,251,435,196,327,135,58,489,38
184,31,309,347,150,277,269,2,194,287,242,25
184,32,116,192,50,136,239,424,216,174,438,341
184,33,159,187,464,132,137,403,123,505,148,378
184,34,500,213,229,34,461,220,283,165,39,216
184,35,223,420,135,482,20,82,483,203,327,486
184,36,64,112,347,140,117,252,138,94,41,508
184,37,154,301,409,253,447,376,11,119,459,206
184,38,316,193,384,66,177,422,111,435,115,507
184,39,440,119,498,124,214,349,177,410,219,26
184,40,229,198,466,505,95,52,102,145,0,355
184,41,264,168,158,146,499,21,147,259,2,289
184,42,59,436,403,237,55,389,235,424,332,222
184,43,369,458,256,280,106,438,400,427,75,149
184,44,364,224,288,47,500,503,465,273,333,233
184,45,249,435,3,114,49,24,447,214,401,232
184,46,128,325,381,323,244,121,464,431,266,162
184,47,89,8,88,357,269,166,390,45,265,131
185,0,173,19,392,338,386,360,68,272,441,492
185,1,135,65,403,405,179,16,48,182,237,491
185,2,226,110,481,424,290,153,168,36,210,371
185,3,161,129,454,332,265,40,406,244,498,185
185,4,177,136,327,174,264,117,454,90,503,213
185,5,450,425,25,120,346,182,404,52,218,13
185,6,24,335,365,480,138,459,119,312,431,228
185,7,329,2,228,206,486,261,200,353,457,34
185,8,307,333,477,101,191,113,422,171,155,217
185,9,464,467,505,89,390,146,107,375,468,238
185,10,60,487,501,222,67,162,331,153,78,357
185,11,207,308,442,471,126,379,150,498,18,251
185,12,266,155,372,236,404,457,419,60,327,281
185,13,370,113,292,467,421,441,71,103,355,509
185,14,401,135,213,327,162,461,58,254,243,142
185,15,309,347,25,156,150,160,2,166,506,287
185,16,116,192,174,50,239,424,31,199,136,438
185,17,409,371,378,159,464,252,132,164,410,143
185,18,165,416,283,39,213,461,67,437,252,384
185,19,420,223,82,73,285,373,445,469,482,71
185,20,252,117,64,112,315,347,445,225,56,506
185,21,146,206,400,154,311,442,345,11,74,299
185,22,66,305,269,193,369,111,123,468,295,201
185,23,155,401,214,440,81,498,96,404,177,100
185,24,307,217,477,331,155,101,171,333,505,191
185,25,464,89,389,395,467,424,63,375,53,505
185,26,60,67,29,78,487,501,361,448,162,331
185,27,308,277,205,471,379,410,194,126,428,251
185,28,288,327,494,155,107,91,457,281,404,266
185,29,370,421,355,241,144,292,441,467,252,457
185,30,486,504,461,401,142,213,218,327,432,319
185,31,160,150,309,347,37,272,422,486,226,25
185,32,174,424,116,299,438,192,31,199,223,115
185,33,371,74,410,172,81,381,409,187,461,276
185,34,67,416,117,156,76,165,248,482,170,321
185,35,14,16,373,445,210,510,469,285,286,73
185,36,315,297,41,436,366,506,112,47,64,167
185,37,146,345,311,442,400,206,337,11,199,376
185,38,305,66,269,273,295,111,495,193,415,201
185,39,155,498,440,81,316,401,119,124,69,214
185,40,6,198,482,157,418,407,95,171,423,165
185,41,494,500,380,245,168,12,94,146,435,306
185,42,257,22,479,97,438,45,237,133,67,472
185,43,378,94,387,369,181,15,178,486,267,420
185,44,270,294,474,173,196,224,471,4,191,47
185,45,119,126,249,357,3,132,406,49,297,201
185,46,128,446,325,343,381,193,499,162,323,266
185,47,89,29,199,33,125,357,390,297,126,12
186,0,297,240,74,239,493,335,212,442,166,144
186,1,394,386,313,475,130,57,249,215,423,389
186,2,444,107,236,469,300,200,436,280,342,109
186,3,178,496,249,507,202,108,237,269,205,335
186,4,333,379,199,114,506,73,325,81,389,24
186,5,348,110,101,47,185,112,354,37,353,98
186,6,168,292,195,68,208,118,162,176,119,397
186,7,83,93,167,260,202,325,166,129,316,65
186,8,191,138,126,307,356,389,304,162,482,189
186,9,395,152,439,2,210,139,232,53,443,71
186,10,29,10,265,424,60,488,362,46,77,92
186,11,277,251,59,154,234,481,337,17,367,238
186,12,410,218,289,143,228,475,340,82,288,220
186,13,370,147,292,234,105,303,252,280,193,246
186,14,381,504,486,461,127,360,147,432,45,77
186,15,375,237,66,6,58,150,160,128,226,346
186,16,35,174,31,403,424,129,203,438,231,199
186,17,196,172,495,17,430,74,73,466,422,276
186,18,398,178,388,103,282,497,326,248,249,385
186,19,210,255,110,331,184,234,469,47,225,14
186,20,413,366,345,315,297,215,290,47,167,507
186,21,178,454,337,456,163,107,91,74,340,287
186,22,32,281,465,309,74,181,472,401,122,77
186,23,155,69,95,401,390,96,416,327,363,146
186,24,138,126,389,356,191,353,189,304,233,162
186,25,152,2,232,395,443,439,210,63,89,160
186,26,10,29,265,424,488,92,77,60,46,362
186,27,277,59,378,337,234,154,17,73,471,194
186,28,410,288,289,228,218,143,475,234,220,340
186,29,370,147,234,379,105,303,6,286,412,348
186,30,319,486,381,383,127,476,365,388,461,69
186,31,150,160,226,37,496,347,306,6,309,375
186,32,174,424,116,299,438,192,223,129,442,3
186,33,137,495,196,422,172,202,276,410,72,17
186,34,398,178,388,282,386,103,497,385,249,358
186,35,110,234,14,113,207,225,217,263,233,321
186,36,366,413,112,215,47,146,64,167,41,169
186,37,337,454,178,456,287,107,33,376,163,91
186,38,281,465,32,309,472,74,401,181,77,373
186,39,177,498,440,119,390,214,416,211,290,349
186,40,229,244,52,423,505,300,386,48,278,407
186,41,366,94,435,180,54,484,149,146,226,51
186,42,123,85,194,472,428,303,261,119,287,322
186,43,475,509,142,87,369,393,217,188,162,178
186,44,249,158,143,227,43,4,196,440,300,274
186,45,357,510,406,295,200,273,477,191,86,249
186,46,162,303,125,504,315,325,404,369,128,381
186,47,152,1,369,329,222,39,80,154,175,487
187,0,340,399,80,223,28,15,354,33,280,118
187,1,266,181,501,313,229,489,42,91,392,298
187,2,181,480,149,260,349,169,492,424,446,477
187,3,161,332,454,498,366,40,296,372,55,265
187,4,433,475,136,177,280,179,91,459,365,174
187,5,393,182,404,256,352,443,425,230,157,395
187,6,105,169,18,38,120,155,443,284,101,39
187,7,114,329,151,336,508,218,294,337,104,83
187,8,267,333,354,93,353,49,101,114,382,52
187,9,505,467,53,104,130,463,251,185,107,464
187,10,194,399,421,58,497,152,343,192,110,202
187,11,207,93,200,378,83,379,256,473,310,169
187,12,145,236,257,43,261,436,372,36,473,344
187,13,472,370,103,441,118,378,234,119,421,70
187,14,249,299,19,374,444,385,135,501,180,213
187,15,347,309,231,242,225,277,19,194,272,496
187,16,192,116,50,91,110,25,405,31,403,424
187,17,137,457,86,464,506,31,234,3,381,105
187,18,267,477,39,442,80,473,7,289,401,478
187,19,420,378,502,123,113,45,328,428,234,350
187,20,169,146,112,225,439,21,486,197,202,375
187,21,130,117,459,376,368,445,329,202,390,437
187,22,346,301,371,486,27,116,400,279,367,123
187,23,177,211,498,440,349,290,126,197,240,28
187,24,93,49,267,354,333,477,101,114,435,330
187,25,270,464,53,185,104,505,467,130,463,71
187,26,194,399,274,244,413,29,207,361,480,83
187,27,169,378,205,45,59,93,277,69,366,207
187,28,288,145,494,36,281,236,189,372,436,43
187,29,370,472,441,421,119,241,167,321,234,103
187,30,249,213,218,374,486,299,251,202,135,319
187,31,231,309,347,496,242,194,150,19,160,2
187,32,174,116,192,239,424,31,50,194,489,311
187,33,457,164,137,410,412,464,31,276,381,86
187,34,473,267,442,39,102,278,482,477,80,7
187,35,420,502,378,428,45,321,328,154,140,123
187,36,146,169,112,384,197,439,225,486,375,84
187,37,117,130,368,376,200,437,445,286,166,390
187,38,346,301,27,486,371,116,399,279,123,506
187,39,177,115,211,197,338,215,470,240,290,219
187,40,229,300,382,52,270,48,34,356,386,466
187,41,366,54,495,384,185,231,227,436,115,383
187,42,496,402,296,285,42,64,74,271,181,0
187,43,338,475,495,385,54,142,165,393,237,48
187,44,202,300,142,249,227,124,217,451,143,485
187,45,66,356,293,510,268,42,339,273,99,322
187,46,162,362,299,91,208,228,404,349,288,458
187,47,420,334,263,388,0,195,49,256,4,106
188,0,28,459,322,399,238,118,359,342,308,201
188,1,266,10,310,181,298,13,501,42,83,357
188,2,64,169,260,230,163,487,446,473,165,480
188,3,498,332,296,161,40,244,454,295,366,47
188,4,475,177,136,467,280,179,21,353,313,244
188,5,182,393,404,256,405,443,352,123,157,401
188,6,105,18,38,439,284,155,169,101,299,39
188,7,114,151,329,448,336,510,337,104,159,358
188,8,267,333,382,114,101,359,199,354,355,456
188,9,468,496,406,297,467,130,373,510,356,107
188,10,365,422,366,399,21,218,83,50,204,234
188,11,10,6,200,197,93,36,246,310,392,109
188,12,72,36,10,236,80,315,46,43,216,489
188,13,253,92,334,485,508,441,365,271,139,290
188,14,101,408,492,135,113,297,272,361,167,480
188,15,225,366,409,361,444,47,492,414,164,395
188,16,48,25,64,106,508,490,262,461,184,462
188,17,129,377,46,271,152,451,182,92,239,97
188,18,419,358,301,332,317,477,468,311,77,455
188,19,195,211,486,119,41,111,430,328,156,278
188,20,310,65,421,13,331,469,428,273,146,294
188,21,393,288,373,162,437,376,329,397,493,368
188,22,371,6,372,27,234,346,55,197,394,400
188,23,219,203,173,479,324,197,383,211,41,287
188,24,412,43,25,199,333,359,382,289,119,75
188,25,471,496,305,468,297,419,257,3,355,440
188,26,422,143,41,351,499,463,169,472,161,307
188,27,10,6,246,229,71,157,168,369,93,313
188,28,10,72,216,80,36,69,315,504,385,281
188,29,253,334,92,179,485,242,441,377,119,508
188,30,492,101,341,283,297,300,348,113,503,497
188,31,225,366,409,423,414,67,350,164,347,69
188,32,48,25,64,508,106,116,490,184,461,311
188,33,129,53,264,271,464,92,90,152,359,46
188,34,419,407,455,358,39,179,477,332,134,77
188,35,195,106,486,211,364,111,234,232,4,350
188,36,327,65,310,419,13,146,294,169,331,421
188,37,288,373,393,445,376,166,329,423,437,117
188,38,6,371,346,372,394,445,271,501,50,456
188,39,219,173,203,324,197,479,211,177,41,287
188,40,410,385,229,114,356,79,287,466,353,150
188,41,189,366,485,257,99,71,246,386,194,345
188,42,49,55,312,396,378,65,84,331,75,299
188,43,147,302,400,424,243,356,159,113,444,125
188,44,350,258,45,413,190,503,249,401,228,221
188,45,24,510,178,105,267,142,133,40,146,86
188,46,357,290,274,378,303,142,288,208,266,362
188,47,263,334,463,337,395,299,190,329,195,303
189,0,192,318,102,389,296,372,459,205,482,371
189,1,310,297,10,501,181,13,266,163,136,446
189,2,169,64,260,230,68,424,480,446,401,163
189,3,165,332,161,498,296,454,366,179,40,243
189,4,3,475,486,122,300,11,177,484,452,179
189,5,277,178,503,397,287,467,182,412,359,403
189,6,284,439,105,511,386,38,128,125,369,18
189,7,127,204,508,102,454,17,68,179,303,384
189,8,456,181,439,450,114,282,495,379,370,325
189,9,71,96,87,368,321,68,80,142,203,442
189,10,107,322,71,422,14,379,366,213,473,243
189,11,84,511,371,49,422,350,270,444,166,273
189,12,96,228,37,150,459,390,277,73,72,491
189,13,387,22,508,458,288,338,91,417,253,250
189,14,212,138,486,80,492,233,314,506,136,135
189,15,346,169,426,375,193,288,199,494,449,347
189,16,23,278,91,480,391,140,26,272,58,429
189,17,389,372,305,50,422,499,84,467,488,419
189,18,347,49,264,26,184,471,350,465,335,460
189,19,426,434,377,453,14,364,31,222,414,413
189,20,78,457,45,485,15,344,16,109,127,348
189,21,379,255,142,418,100,376,25,176,46,44
189,22,41,205,287,57,261,86,456,345,267,351
189,23,338,498,390,372,356,260,115,219,325,407
189,24,11,191,356,87,319,160,13,175,425,477
189,25,111,346,361,376,142,442,502,139,58,132
189,26,213,107,71,335,330,14,471,506,48,488
189,27,49,48,273,163,511,250,197,165,84,422
189,28,113,459,37,390,228,96,288,246,150,220
189,29,22,288,387,184,97,385,221,273,426,50
189,30,233,136,80,314,212,486,138,14,284,506
189,31,375,306,346,426,193,68,37,347,169,288
189,32,26,278,23,140,91,51,480,74,243,58
189,33,50,389,372,422,305,499,105,324,120,467
189,34,347,49,184,471,119,510,350,264,497,250
189,35,426,453,96,222,169,377,434,509,174,486
189,36,16,485,348,248,159,78,243,55,324,291
189,37,117,46,376,379,130,437,462,468,397,95
189,38,41,317,86,205,346,264,283,27,261,371
189,39,115,177,470,299,450,334,157,236,110,197
189,40,229,138,48,300,508,52,382,34,208,356
189,41,54,366,217,421,440,495,44,231,115,261
189,42,272,42,496,140,294,84,296,166,235,271
189,43,385,495,475,339,430,48,373,444,508,20
189,44,249,227,143,300,485,286,124,217,451,184
189,45,510,477,40,357,273,356,178,409,268,42
189,46,162,142,303,362,337,378,438,208,274,232
189,47,195,139,230,450,362,329,334,154,388,358
190,0,138,481,147,434,26,352,427,367,119,15
190,1,501,266,10,13,298,255,118,357,279,335
190,2,446,163,152,484,218,329,165,169,349,487
190,3,498,296,40,332,454,295,244,396,161,366
190,4,136,280,177,467,244,179,454,502,503,479
190,5,393,404,182,352,405,443,425,123,230,120
190,6,18,105,284,101,38,413,155,294,443,169
190,7,329,448,151,510,336,2,104,389,435,218
190,8,267,101,52,382,333,359,20,477,114,355
190,9,274,468,406,130,496,505,126,467,356,142
190,10,399,422,365,143,21,83,70,50,361,58
190,11,310,200,10,93,207,379,246,259,229,511
190,12,236,36,216,10,281,189,436,344,72,257
190,13,271,453,253,508,167,40,321,485,441,368
190,14,135,341,136,299,300,361,202,492,452,4
190,15,225,347,366,350,2,309,423,269,361,194
190,16,50,25,116,262,48,192,438,106,362,239
190,17,51,480,31,464,506,90,273,256,234,152
190,18,477,442,267,80,335,110,39,478,418,289
190,19,420,111,25,123,486,154,328,418,434,169
190,20,112,48,169,197,428,225,146,486,170,35
190,21,130,376,117,286,194,390,423,329,437,471
190,22,346,201,332,123,116,340,285,380,367,398
190,23,177,211,219,498,440,197,124,406,173,235
190,24,382,101,267,333,114,20,355,477,199,359
190,25,130,406,505,467,126,440,318,468,274,496
190,26,399,422,83,365,50,366,143,21,431,361
190,27,246,310,207,93,201,10,379,83,200,256
190,28,236,36,281,216,10,189,372,494,46,192
190,29,40,453,370,141,167,103,508,441,421,368
190,30,299,135,327,202,341,361,492,300,205,136
190,31,347,225,309,194,444,269,366,277,409,2
190,32,50,192,116,239,25,262,48,424,136,13
190,33,31,464,176,256,480,506,234,457,412,152
190,34,442,267,39,80,477,401,110,482,478,7
190,35,420,111,328,123,486,154,113,25,378,163
190,36,112,146,197,169,344,384,448,225,48,332
190,37,117,130,376,437,462,115,286,239,445,390
190,38,346,332,123,201,116,39,399,506,478,217
190,39,177,498,440,119,211,470,219,124,287,197
190,40,229,466,300,382,418,505,52,461,198,356
190,41,366,168,146,495,116,189,54,157,149,118
190,42,42,364,55,49,59,379,496,465,235,222
190,43,369,508,400,475,142,163,54,267,162,147
190,44,227,249,143,24,485,364,503,224,333,196
190,45,357,465,49,425,225,229,249,248,24,477
190,46,378,404,438,162,30,6,303,281,142,301
190,47,337,230,458,73,296,395,242,302,255,388
191,0,5,406,329,1,199,157,69,269,337,476
191,1,18,228,265,181,286,356,96,501,463,479
191,2,380,250,91,424,469,494,442,368,361,464
191,3,161,332,197,52,171,265,366,454,252,296
191,4,63,417,438,81,440,17,249,443,95,122
191,5,350,331,258,182,20,75,55,425,393,300
191,6,352,99,335,452,105,155,493,180,305,276
191,7,329,66,481,268,148,337,114,83,335,336
191,8,101,93,477,114,267,432,333,353,342,20
191,9,467,104,53,505,475,375,130,107,449,463
191,10,194,421,202,274,480,167,497,58,399,413
191,11,207,83,93,378,379,343,256,9,200,126
191,12,463,261,409,406,236,199,73,168,444,377
191,13,472,103,370,441,119,378,186,368,271,172
191,14,299,444,327,385,360,268,319,476,135,249
191,15,347,309,25,225,185,242,277,352,100,287
191,16,91,192,110,116,50,333,25,424,299,270
191,17,464,102,273,67,234,143,381,84,105,474
191,18,409,39,477,434,330,401,478,267,80,7
191,19,113,328,420,123,163,71,25,234,140,118
191,20,112,169,146,225,332,448,197,73,375,439
191,21,130,459,376,104,117,447,437,445,462,440
191,22,39,276,112,461,304,177,422,435,32,368
191,23,440,177,498,211,214,197,349,126,240,233
191,24,101,477,114,93,386,191,333,135,49,184
191,25,463,53,375,467,464,104,115,130,475,505
191,26,274,480,194,207,57,110,202,192,280,233
191,27,9,126,201,379,78,246,504,93,366,444
191,28,288,261,463,73,236,168,202,409,192,162
191,29,441,370,119,241,472,51,103,40,127,378
191,30,299,327,381,461,273,205,432,251,476,374
191,31,309,347,277,194,225,25,269,287,242,427
191,32,192,50,116,239,489,424,377,311,136,13
191,33,137,464,176,457,234,412,374,224,31,480
191,34,409,39,358,330,477,268,434,401,7,350
191,35,420,113,328,111,123,163,321,486,382,234
191,36,197,169,146,112,344,375,225,384,439,35
191,37,130,376,437,104,459,462,445,447,221,117
191,38,39,276,112,461,368,32,422,433,177,478
191,39,177,219,211,197,440,498,470,287,235,119
191,40,229,300,466,52,382,356,461,102,328,505
191,41,168,366,189,146,50,495,363,457,333,261
191,42,49,364,55,379,465,222,332,381,108,235
191,43,369,508,400,147,444,142,162,163,159,302
191,44,227,143,364,141,483,503,333,170,228,33
191,45,357,24,249,465,49,3,295,248,425,86
191,46,404,266,162,303,325,283,381,419,128,185
191,47,369,82,497,88,302,296,390,450,230,351
192,0,199,476,157,17,74,480,269,329,404,423
192,1,470,386,286,229,228,159,181,465,96,95
192,2,306,424,469,91,151,147,434,402,305,224
192,3,171,161,115,332,454,178,113,124,500,139
192,4,283,342,66,81,249,95,102,50,8,309
192,5,454,167,478,204,182,492,185,368,348,326
192,6,201,493,169,99,335,84,66,281,96,446
192,7,239,263,114,80,329,350,499,66,202,83
192,8,114,473,477,101,33,93,96,184,342,287
192,9,467,463,130,104,53,115,505,375,449,443
192,10,194,192,480,170,202,329,422,228,343,167
192,11,246,197,10,93,207,201,83,379,30,504
192,12,265,261,162,168,467,103,72,192,97,359
192,13,40,271,103,508,379,368,472,338,186,20
192,14,299,327,135,441,162,492,324,105,274,294
192,15,347,225,366,309,242,269,277,194,25,243
192,16,25,50,116,192,262,424,48,223,283,89
192,17,464,234,273,61,72,3,31,296,480,474
192,18,358,100,477,284,465,39,87,289,7,268
192,19,486,328,25,420,111,123,434,350,341,26
192,20,112,48,197,169,170,428,142,407,21,35
192,21,130,80,376,459,445,437,489,117,329,471
192,22,49,410,405,252,149,217,478,109,309,233
192,23,498,211,440,177,124,219,173,431,73,122
192,24,101,477,114,359,382,20,25,497,135,139
192,25,130,468,496,358,467,375,38,353,443,407
192,26,422,473,280,211,79,434,172,176,401,307
192,27,10,9,201,181,246,197,379,78,93,21
192,28,80,150,10,444,489,288,192,73,103,236
192,29,334,40,119,311,441,253,487,202,378,449
192,30,299,254,294,452,160,383,101,327,105,135
192,31,347,225,366,309,269,47,340,492,277,243
192,32,25,48,462,116,424,478,89,192,269,50
192,33,464,272,234,72,296,129,467,61,273,33
192,34,419,179,477,272,350,332,100,362,41,268
192,35,111,420,486,25,328,426,388,45,236,154
192,36,197,169,146,225,112,344,87,439,194,375
192,37,437,130,80,445,489,376,462,373,117,95
192,38,49,410,405,478,149,217,411,252,189,456
192,39,177,211,470,197,219,465,287,203,324,235
192,40,229,300,466,356,52,382,141,326,402,239
192,41,366,189,495,294,455,74,54,257,261,363
192,42,402,249,21,49,108,155,181,42,285,415
192,43,302,444,508,147,163,142,188,54,159,400
192,44,227,143,483,486,141,22,111,213,29,331
192,45,357,412,248,24,295,170,416,238,455,388
192,46,404,507,232,303,162,346,256,55,408,374
192,47,296,409,85,82,403,255,507,272,388,450
193,0,71,309,32,130,437,221,279,25,286,336
193,1,181,398,91,86,286,298,208,266,335,118
193,2,380,424,477,13,143,453,400,475,488,189
193,3,354,161,332,40,454,296,272,409,165,436
193,4,349,196,440,275,17,91,245,500,177,367
193,5,182,404,352,393,230,300,66,434,456,64
193,6,189,493,452,123,346,201,284,244,281,443
193,7,114,341,50,170,231,7,184,329,111,263
193,8,114,473,354,359,495,25,3,0,456,457
193,9,468,496,124,224,373,353,461,192,130,467
193,10,422,365,198,191,249,359,27,401,489,499
193,11,10,6,197,270,33,246,93,341,311,36
193,12,72,80,315,248,238,463,46,406,265,261
193,13,253,92,334,427,409,485,139,103,141,271
193,14,101,408,272,492,135,167,361,113,297,202
193,15,225,366,492,409,347,47,69,157,312,438
193,16,462,25,64,106,48,184,490,262,89,508
193,17,234,182,377,36,152,339,129,271,335,46
193,18,419,358,332,477,407,301,179,317,468,348
193,19,119,486,211,195,156,258,97,305,423,236
193,20,450,294,43,132,257,156,331,239,421,334
193,21,288,405,329,105,437,376,489,277,328,275
193,22,6,351,217,426,252,276,410,372,394,344
193,23,173,203,219,424,304,479,50,211,474,41
193,24,25,412,119,359,75,321,485,114,382,168
193,25,496,247,428,358,468,353,251,191,305,419
193,26,422,359,41,511,237,401,493,143,472,380
193,27,10,6,313,301,433,315,103,451,232,93
193,28,72,80,10,216,315,257,236,476,36,353
193,29,334,253,119,92,179,213,485,508,441,141
193,30,101,272,167,193,492,225,113,294,178,403
193,31,347,225,366,47,492,202,69,381,312,462
193,32,25,462,48,478,279,184,283,490,54,262
193,33,33,36,271,182,129,464,234,506,296,152
193,34,477,419,407,179,39,478,130,41,332,267
193,35,486,350,119,211,111,236,97,258,123,364
193,36,331,327,294,21,169,35,146,421,320,450
193,37,288,376,405,477,329,142,510,373,437,162
193,38,6,456,406,27,282,426,458,351,83,421
193,39,219,173,211,431,479,203,177,197,482,181
193,40,410,229,423,320,466,300,356,382,69,328
193,41,366,504,478,189,215,103,53,257,386,481
193,42,312,55,396,285,222,49,62,379,8,256
193,43,302,212,400,356,159,147,163,430,54,424
193,44,190,503,350,103,232,227,364,213,444,155
193,45,452,24,324,214,510,86,56,46,172,267
193,46,357,404,290,196,303,266,381,427,205,260
193,47,399,391,388,255,302,507,188,452,195,55
194,0,67,293,369,338,15,49,14,95,289,348
194,1,243,465,398,91,181,16,298,93,273,357
194,2,161,110,347,165,443,427,499,477,415,152
194,3,40,296,498,244,332,161,295,179,193,366
194,4,244,467,132,160,177,454,502,479,351,91
194,5,404,33,182,43,384,230,130,465,393,405
194,6,393,135,121,258,267,346,56,228,43,380
194,7,50,69,508,88,214,269,31,343,341,502
194,8,412,359,355,199,25,382,114,333,321,75
194,9,496,247,373,468,403,257,297,412,428,305
194,10,422,365,143,50,511,361,369,307,178,289
194,11,10,6,270,313,229,140,301,384,493,246
194,12,72,216,10,36,69,238,51,274,302,177
194,13,485,253,92,40,156,334,435,167,275,344
194,14,341,101,408,167,300,272,1,492,361,463
194,15,225,492,366,304,444,336,17,164,157,423
194,16,490,106,48,262,462,444,29,501,64,277
194,17,152,335,339,36,170,434,27,316,358,431
194,18,348,419,332,301,281,191,436,407,477,467
194,19,236,431,486,211,119,493,156,216,363,430
194,20,294,257,322,421,450,48,493,326,134,130
194,21,288,58,156,437,376,275,449,330,65,329
194,22,6,252,217,351,310,394,342,483,389,22
194,23,141,219,456,255,173,203,197,436,228,235
194,24,321,25,359,412,122,152,199,168,114,382
194,25,470,247,428,496,336,358,226,297,468,497
194,26,422,266,143,365,41,168,359,511,186,329
194,27,6,313,10,465,246,369,301,31,448,140
194,28,10,72,69,216,121,80,247,415,504,425
194,29,253,92,275,141,334,485,40,179,506,87
194,30,463,193,101,492,167,223,341,178,372,294
194,31,366,225,379,492,304,164,350,444,381,157
194,32,490,48,64,160,29,485,25,106,262,250
194,33,152,335,339,358,256,129,36,316,481,221
194,34,419,407,332,179,348,39,301,418,477,487
194,35,431,236,123,147,486,211,216,111,430,441
194,36,327,421,257,326,294,65,428,450,263,322
194,37,288,130,156,437,181,468,477,433,225,65
194,38,6,147,351,342,369,100,456,394,217,463
194,39,219,173,203,444,207,235,211,479,197,185
194,40,317,300,54,477,274,119,475,390,114,365
194,41,343,330,204,395,386,3,459,201,209,481
194,42,9,42,249,386,396,62,285,49,13,108
194,43,147,400,302,395,267,354,233,408,372,243
194,44,350,24,103,260,227,213,190,422,466,76
194,45,324,357,149,3,457,39,168,386,24,481
194,46,357,427,346,260,292,404,290,143,374,161
194,47,399,388,230,362,153,486,117,242,453,207
195,0,326,7,440,352,492,64,54,105,161,350
195,1,243,441,298,210,181,465,91,16,357,398
195,2,267,484,410,355,158,165,213,329,348,3
195,3,498,296,40,193,47,244,454,332,366,295
195,4,244,467,454,502,177,479,280,93,136,160
195,5,182,507,404,476,405,393,352,300,33,130
195,6,393,267,43,109,314,135,244,433,346,380
195,7,50,448,69,329,502,510,88,343,7,269
195,8,359,114,199,382,412,473,355,25,101,477
195,9,274,496,468,126,130,467,297,247,17,453
195,10,422,143,41,150,365,90,116,21,83,344
195,11,246,10,270,86,93,6,379,194,310,511
195,12,72,216,36,10,236,189,51,69,274,504
195,13,485,40,253,271,156,453,508,92,167,148
195,14,341,492,135,101,84,300,361,272,136,408
195,15,225,347,366,423,361,444,69,409,492,164
195,16,25,48,262,106,50,64,462,490,116,277
195,17,152,234,31,102,129,457,464,273,335,221
195,18,366,418,442,110,379,80,477,25,408,7
195,19,486,25,154,45,111,328,420,211,195,81
195,20,169,294,155,112,197,35,48,146,170,142
195,21,437,376,130,359,286,489,117,477,53,225
195,22,332,217,410,503,389,394,290,159,351,357
195,23,177,219,211,197,228,173,203,287,324,185
195,24,114,199,382,359,25,101,412,473,355,20
195,25,274,496,468,297,126,130,247,467,251,510
195,26,422,143,365,41,90,150,429,83,361,434
195,27,246,10,310,201,86,93,229,270,412,369
195,28,10,216,72,36,236,189,177,281,51,238
195,29,485,40,453,253,508,271,156,435,148,338
195,30,341,492,135,300,2,101,136,297,361,299
195,31,347,225,194,309,269,409,366,423,444,2
195,32,116,50,192,25,262,239,48,490,462,269
195,33,457,31,464,152,480,234,102,176,129,256
195,34,442,418,366,416,110,80,25,76,240,379
195,35,25,378,328,420,486,140,154,321,16,331
195,36,401,315,112,297,436,366,64,225,41,47
195,37,130,442,376,206,117,337,311,345,286,466
195,38,332,11,3,346,415,201,217,133,10,500
195,39,119,214,498,440,124,155,74,69,81,316
195,40,418,6,157,229,171,356,482,198,107,77
195,41,245,500,494,40,408,146,490,168,220,380
195,42,42,9,22,245,478,249,232,45,257,472
195,43,178,267,378,4,460,486,481,94,387,369
195,44,270,196,24,134,446,191,173,95,223,474
195,45,386,126,182,375,132,425,357,84,119,249
195,46,87,419,343,261,346,30,421,296,274,492
195,47,491,444,400,297,230,340,144,127,242,465
196,0,329,1,172,31,69,445,240,5,199,273
196,1,166,462,181,228,276,208,356,464,191,95
196,2,424,467,469,95,62,214,107,344,266,246
196,3,332,161,398,171,454,296,330,129,128,265
196,4,452,283,92,472,95,81,73,243,249,365
196,5,459,196,297,182,236,368,481,454,113,326
196,6,244,493,352,149,326,346,335,357,510,66
196,7,378,329,182,50,436,2,469,148,66,193
196,8,93,101,114,477,191,333,359,422,49,473
196,9,130,467,496,505,468,375,53,318,38,115
196,10,422,274,83,361,218,50,365,202,192,194
196,11,10,246,379,9,197,207,126,93,511,366
196,12,202,372,236,72,444,504,462,359,73,192
196,13,40,370,441,271,103,324,171,368,119,139
196,14,299,504,135,374,327,254,452,492,101,202
196,15,347,225,366,309,269,277,242,185,340,160
196,16,25,116,333,438,48,50,91,192,424,239
196,17,72,464,273,31,102,61,296,3,234,457
196,18,233,80,76,418,379,442,240,416,428,156
196,19,25,420,486,331,328,378,140,111,123,71
196,20,225,112,64,170,256,401,506,48,213,56
196,21,130,442,286,74,206,345,311,376,212,175
196,22,366,473,332,3,171,11,415,500,269,290
196,23,498,440,119,177,214,316,124,211,238,81
196,24,477,101,93,49,191,114,330,333,359,155
196,25,130,89,464,375,395,53,505,107,185,71
196,26,274,83,361,280,422,424,399,207,10,27
196,27,471,93,379,9,207,126,45,246,10,229
196,28,202,288,36,236,494,189,281,73,489,228
196,29,370,441,119,168,324,421,171,378,6,241
196,30,374,213,486,461,504,299,254,432,251,218
196,31,160,347,309,37,231,150,58,66,242,226
196,32,174,424,438,116,333,199,299,239,192,223
196,33,410,371,74,175,457,409,270,296,172,17
196,34,233,156,416,248,76,442,240,117,428,482
196,35,469,321,14,510,378,16,262,445,140,286
196,36,401,41,47,64,366,315,436,167,297,226
196,37,442,337,67,345,466,311,206,286,33,496
196,38,366,415,269,473,20,332,495,201,11,10
196,39,119,214,498,316,69,124,440,416,410,117
196,40,482,157,171,418,215,330,6,198,389,77
196,41,500,494,331,245,32,220,164,408,158,12
196,42,478,22,232,245,257,45,42,133,342,197
196,43,178,486,460,378,267,481,369,94,387,294
196,44,196,134,270,446,95,223,191,173,43,474
196,45,126,84,132,169,375,111,447,15,104,290
196,46,343,124,421,181,446,272,325,323,64,499
196,47,29,400,202,144,297,125,338,12,326,17
197,0,297,240,17,74,493,239,335,69,241,265
197,1,313,386,394,276,166,181,356,208,389,462
197,2,107,236,467,469,508,424,346,95,91,502
197,3,330,108,178,202,269,197,205,11,398,496
197,4,333,379,199,114,73,212,223,370,290,81
197,5,196,47,348,101,368,113,80,154,93,185
197,6,352,326,66,149,195,292,181,244,335,448
197,7,469,167,436,182,83,65,378,316,166,173
197,8,126,191,356,93,138,101,307,477,113,294
197,9,395,119,389,467,185,360,375,53,111,129
197,10,274,194,10,273,29,424,129,413,202,497
197,11,277,59,378,12,126,234,471,63,456,78
197,12,284,410,363,218,143,220,87,287,202,82
197,13,370,234,292,193,119,246,509,324,105,128
197,14,374,461,486,504,127,388,90,213,484,74
197,15,346,37,6,25,66,150,226,156,375,347
197,16,174,424,199,116,299,35,333,223,192,91
197,17,371,172,196,17,192,175,296,381,410,378
197,18,233,178,103,497,248,156,398,385,388,331
197,19,469,331,255,16,285,66,210,47,329,356
197,20,315,297,345,506,436,401,366,226,64,225
197,21,345,454,107,456,74,311,337,175,40,442
197,22,465,472,366,32,415,171,74,343,495,23
197,23,401,81,316,155,498,317,96,237,398,238
197,24,126,138,191,389,356,233,482,477,304,205
197,25,395,129,89,232,63,171,119,210,62,389
197,26,29,10,273,274,488,129,436,424,265,125
197,27,12,277,471,363,59,415,78,379,154,428
197,28,288,410,284,143,228,218,220,363,87,459
197,29,370,412,195,128,252,168,100,220,147,457
197,30,486,388,461,432,504,323,90,74,127,374
197,31,6,160,37,209,346,150,226,306,178,25
197,32,424,174,203,438,199,299,182,470,231,223
197,33,17,196,410,74,371,172,381,422,430,79
197,34,233,497,178,103,385,388,156,282,248,398
197,35,14,286,469,510,16,127,88,66,262,210
197,36,41,366,58,47,75,315,297,64,401,214
197,37,337,454,107,456,178,345,33,199,163,311
197,38,465,472,32,281,366,292,74,343,309,23
197,39,316,498,238,81,214,119,124,69,237,416
197,40,482,407,6,244,171,215,77,223,146,357
197,41,484,51,494,435,94,380,245,500,180,499
197,42,45,257,194,85,472,22,97,123,114,325
197,43,378,486,94,294,15,509,92,267,387,178
197,44,294,196,474,489,43,471,4,495,191,158
197,45,132,167,104,119,406,126,249,401,297,447
197,46,446,64,185,323,325,499,193,492,359,390
197,47,171,487,17,152,372,125,29,126,12,54
198,0,416,320,464,458,44,264,132,485,219,346
198,1,80,313,115,174,423,434,157,130,131,3
198,2,454,294,311,321,436,414,405,493,379,300
198,3,283,507,426,384,323,150,237,197,249,288
198,4,471,152,14,371,199,292,267,114,237,324
198,5,47,509,5,257,54,340,76,20,97,244
198,6,324,22,207,188,326,40,441,352,479,391
198,7,166,132,275,220,469,267,105,492,439,328
198,8,363,126,162,242,497,322,189,32,191,389
198,9,152,439,300,395,232,424,299,89,139,208
198,10,265,436,362,497,29,92,146,10,269,76
198,11,277,337,154,17,481,235,59,343,380,287
198,12,434,33,284,340,231,493,218,267,227,82
198,13,297,239,303,313,348,201,232,206,234,42
198,14,251,504,484,381,333,183,435,486,450,132
198,15,6,150,160,237,66,58,375,209,128,427
198,16,35,174,199,203,227,459,325,438,34,9
198,17,74,14,199,81,296,383,338,410,240,34
198,18,125,326,178,81,249,96,21,287,386,1
198,19,255,104,469,289,510,88,59,327,157,46
198,20,47,215,366,401,167,501,413,290,335,260
198,21,384,287,91,337,481,147,454,148,175,83
198,22,307,181,401,339,358,408,69,328,467,59
198,23,237,69,363,95,119,316,146,416,317,214
198,24,363,497,116,126,322,389,353,189,78,162
198,25,152,439,299,89,168,300,232,140,395,160
198,26,265,29,92,436,327,10,488,502,497,362
198,27,277,235,110,380,287,337,496,59,336,255
198,28,434,33,288,340,493,47,228,82,475,289
198,29,239,297,201,348,206,303,42,232,336,455
198,30,251,183,437,196,333,486,504,450,381,461
198,31,160,6,237,150,209,58,66,306,226,128
198,32,174,227,199,35,325,34,442,219,203,402
198,33,74,14,199,240,383,85,173,410,500,82
198,34,125,386,178,96,361,109,249,223,287,307
198,35,104,289,469,88,14,217,495,167,33,510
198,36,215,41,413,366,47,335,198,58,64,401
198,37,287,384,91,277,337,83,33,147,481,148
198,38,307,69,408,339,401,181,358,328,59,467
198,39,119,69,416,214,316,498,124,238,440,95
198,40,215,407,157,482,171,505,198,203,136,389
198,41,494,94,435,259,500,46,425,164,220,180
198,42,303,119,16,428,123,222,261,114,197,138
198,43,217,178,486,15,509,498,370,420,92,460
198,44,4,225,134,95,446,196,372,156,292,223
198,45,282,104,351,503,2,111,230,290,15,249
198,46,504,71,325,42,218,323,57,381,128,185
198,47,80,175,39,65,446,234,48,152,390,364
199,0,495,485,188,79,234,286,409,282,158,88
199,1,437,434,174,281,336,414,106,438,323,90
199,2,457,454,494,387,321,81,135,189,423,246
199,3,35,288,52,197,357,323,86,161,414,136
199,4,128,191,431,14,329,471,328,152,199,447
199,5,399,340,180,290,20,172,122,430,366,66
199,6,74,416,151,188,441,324,500,425,359,413
199,7,437,119,176,175,208,295,275,79,243,492
199,8,363,497,505,322,101,170,353,477,243,20
199,9,89,348,467,395,464,152,53,375,505,130
199,10,102,163,172,497,210,131,222,502,202,436
199,11,207,496,380,379,126,277,471,88,336,378
199,12,22,7,33,493,47,438,444,434,227,154
199,13,239,441,129,171,427,348,297,332,313,137
199,14,251,504,254,299,58,485,38,33,406,37
199,15,347,309,160,225,2,166,366,269,277,340
199,16,239,116,438,109,48,50,25,174,192,424
199,17,412,487,464,273,296,477,90,312,378,102
199,18,260,304,331,450,98,361,223,326,92,1
199,19,321,420,25,486,469,327,254,440,135,245
199,20,64,401,428,112,10,73,41,226,229,177
199,21,496,175,67,281,56,247,40,412,92,147
199,22,20,65,23,469,39,224,432,255,69,125
199,23,119,214,498,317,124,316,440,74,100,69
199,24,363,497,101,20,505,322,477,170,333,191
199,25,89,464,424,348,505,375,467,395,300,71
199,26,172,225,163,222,102,131,207,431,369,218
199,27,380,277,88,496,93,207,150,126,379,336
199,28,22,227,7,288,33,47,438,493,444,178
199,29,239,297,373,441,206,129,332,370,122,313
199,30,251,58,454,485,254,327,504,0,202,406
199,31,309,160,347,2,269,150,277,194,67,242
199,32,239,116,174,199,438,304,192,63,50,424
199,33,487,412,74,85,312,42,477,296,464,82
199,34,304,331,98,361,260,450,109,223,307,432
199,35,321,254,327,469,504,420,217,440,167,328
199,36,64,401,41,112,10,47,73,177,2,198
199,37,67,496,281,78,247,164,56,175,376,192
199,38,65,23,20,255,224,469,69,39,125,186
199,39,214,119,498,440,124,100,317,117,410,69
199,40,157,330,198,418,171,505,466,389,229,35
199,41,494,32,158,500,352,164,216,220,408,438
199,42,16,260,20,197,410,419,480,342,478,232
199,43,178,486,267,460,481,369,280,137,107,119
199,44,134,446,223,95,196,120,372,292,249,181
199,45,2,84,447,111,104,49,503,290,249,294
199,46,378,181,272,211,323,421,325,57,381,193
199,47,337,144,149,202,326,338,54,336,320,480
