-4,0,220,215,38,353,145,508,122,237,101,446
-3,0,446,434,189,414,211,503,133,432,226,507
-2,0,280,461,322,496,383,12,63,80,145,354
-1,0,182,498,499,35,183,445,212,335,318,240
-4,1,157,19,320,345,144,431,225,131,165,496
-3,1,58,30,390,496,45,474,267,352,320,27
-2,1,314,220,406,390,58,45,474,30,8,214
-1,1,220,129,52,382,95,314,328,410,15,214
-4,2,75,12,394,22,209,324,69,190,403,257
-3,2,96,283,75,86,258,385,163,446,431,394
-2,2,202,75,394,276,83,431,34,190,61,146
-1,2,426,158,394,75,324,214,220,69,22,61
-4,3,14,78,469,280,24,392,470,405,374,310
-3,3,78,374,14,280,370,392,405,60,143,103
-2,3,78,280,374,326,14,100,60,370,103,34
-1,3,78,280,14,374,392,300,143,491,316,64
-4,4,309,289,13,252,432,110,430,306,169,424
-3,4,420,331,430,309,436,178,252,135,117,289
-2,4,331,420,430,121,498,436,433,138,135,62
-1,4,13,430,289,148,498,331,138,309,62,232
-4,5,280,1,236,242,202,38,92,216,122,256
-3,5,293,216,85,405,378,51,342,321,280,477
-2,5,460,34,421,507,57,476,302,293,336,404
-1,5,507,421,34,460,163,302,57,366,336,129
-4,6,223,33,40,286,144,415,379,283,256,395
-3,6,169,7,286,395,428,325,33,373,280,123
-2,6,146,7,401,374,381,286,373,193,61,499
-1,6,193,134,231,7,333,286,269,54,398,61
-4,7,346,451,84,49,382,432,455,303,312,242
-3,7,299,225,406,346,312,37,419,121,462,87
-2,7,312,397,505,299,107,419,346,62,462,217
-1,7,312,500,346,299,383,417,462,419,303,397
-4,8,370,308,439,456,175,387,163,181,225,88
-3,8,225,370,88,247,204,216,355,429,325,439
-2,8,225,370,443,247,439,88,216,204,309,136
-1,8,370,225,439,88,247,204,443,510,70,89
-4,9,511,407,32,68,504,90,154,180,410,218
-3,9,511,221,56,410,423,274,255,327,466,499
-2,9,56,499,511,327,221,50,337,412,176,321
-1,9,126,511,221,180,68,56,321,190,220,423
-4,10,461,325,107,278,164,495,485,322,203,508
-3,10,461,278,325,509,16,123,203,238,22,234
-2,10,483,474,16,325,108,461,179,197,433,278
-1,10,206,22,325,157,203,461,179,16,278,107
-4,11,311,397,132,492,350,464,361,393,384,252
-3,11,311,492,467,397,392,420,252,86,384,261
-2,11,311,175,295,365,492,383,14,252,361,289
-1,11,311,492,252,467,149,397,384,273,84,102
-4,12,28,139,440,123,509,461,356,352,297,229
-3,12,356,440,46,110,352,215,338,139,189,51
-2,12,356,77,190,338,440,375,468,2,137,167
-1,12,356,123,23,440,433,139,468,2,63,264
-4,13,293,466,68,400,262,294,224,219,428,170
-3,13,290,387,153,322,68,148,302,400,343,203
-2,13,127,32,322,68,350,53,400,153,293,290
-1,13,68,485,387,290,224,400,302,53,286,322
-4,14,398,495,331,9,312,53,40,168,266,138
-3,14,470,377,341,479,331,300,387,311,274,173
-2,14,470,384,507,190,377,42,108,488,331,479
-1,14,377,84,470,331,387,138,212,460,274,479
-4,15,283,174,103,215,342,330,38,477,188,156
-3,15,135,245,227,295,420,193,494,339,15,280
-2,15,135,245,15,420,227,339,65,373,295,380
-1,15,245,135,318,193,227,501,259,494,15,195
-4,16,228,487,243,473,259,361,391,142,272,132
-3,16,380,228,191,391,260,322,263,487,7,388
-2,16,428,380,191,391,260,228,322,270,197,340
-1,16,260,391,380,191,429,270,238,7,307,383
-4,17,486,136,510,105,209,340,84,155,363,200
-3,17,463,177,105,58,391,363,457,340,469,486
-2,17,418,391,38,363,257,200,15,32,144,177
-1,17,105,363,200,4,177,80,391,161,15,473
-4,18,88,128,449,119,29,201,228,10,185,318
-3,18,438,201,442,280,157,221,237,111,378,33
-2,18,312,232,218,18,315,380,438,201,44,68
-1,18,68,201,318,128,119,438,65,193,371,312
-4,19,362,413,406,434,293,342,375,105,4,170
-3,19,362,143,446,353,403,105,478,464,463,342
-2,19,362,463,403,478,141,107,105,42,470,125
-1,19,362,403,375,478,434,2,121,125,470,42
-4,20,210,169,363,155,409,250,378,146,76,358
-3,20,409,210,145,202,311,148,11,354,62,250
-2,20,355,145,328,155,382,311,62,11,70,309
-1,20,155,328,141,62,382,376,309,151,70,311
-4,21,64,457,152,169,280,190,24,324,385,346
-3,21,152,64,451,372,360,448,477,101,457,160
-2,21,477,160,101,316,421,152,125,50,122,360
-1,21,457,190,125,324,477,152,326,101,126,468
-4,22,490,322,319,402,12,284,454,73,279,467
-3,22,380,423,399,329,402,123,187,116,241,15
-2,22,216,265,324,204,329,365,238,187,152,197
-1,22,420,456,298,218,157,197,55,117,470,89
-4,23,356,199,227,297,14,299,177,504,290,32
-3,23,199,356,120,59,68,213,504,331,217,47
-2,23,199,452,356,185,68,504,59,17,407,217
-1,23,199,292,356,290,415,466,504,51,68,17
-4,24,439,370,308,456,175,225,409,181,387,252
-3,24,225,370,88,439,247,308,216,204,429,181
-2,24,225,443,370,439,247,300,136,308,309,285
-1,24,225,370,439,88,247,204,308,70,45,510
-4,25,407,511,192,504,180,411,427,150,182,154
-3,25,511,221,56,327,445,374,411,423,182,499
-2,25,499,56,511,221,337,203,50,327,411,248
-1,25,511,126,274,221,321,68,203,180,109,410
-4,26,461,325,107,278,508,495,341,485,417,203
-3,26,461,325,16,123,234,278,485,22,509,40
-2,26,16,474,108,179,483,325,461,22,226,120
-1,26,206,420,461,325,157,203,372,16,167,285
-4,27,311,430,361,132,397,104,273,130,166,400
-3,27,311,492,457,392,211,467,391,317,272,420
-2,27,311,175,492,295,439,477,317,192,391,222
-1,27,311,492,252,84,397,102,500,391,273,466
-4,28,28,356,139,123,509,297,461,440,300,130
-3,28,46,352,356,110,139,130,440,338,421,23
-2,28,77,123,375,167,139,190,440,112,356,125
-1,28,356,23,123,440,139,63,490,433,153,164
-4,29,293,68,466,224,400,262,387,170,285,219
-3,29,290,387,148,322,400,68,224,153,302,203
-2,29,322,127,32,293,290,68,496,148,315,61
-1,29,485,290,387,68,224,496,148,302,53,400
-4,30,470,377,331,274,14,506,398,312,441,137
-3,30,470,377,341,331,479,387,311,424,280,1
-2,30,470,507,377,190,479,384,424,42,331,434
-1,30,84,377,470,460,331,387,402,138,212,510
-4,31,283,232,174,477,193,183,38,318,71,295
-3,31,135,245,295,494,227,193,15,156,318,232
-2,31,135,227,15,245,339,295,156,373,318,215
-1,31,318,193,136,245,135,354,494,71,195,345
-4,32,228,487,243,263,277,272,391,259,41,142
-3,32,380,391,228,191,322,487,7,429,260,473
-2,32,428,380,391,322,340,228,7,412,467,191
-1,32,391,429,228,7,156,380,487,401,191,243
-4,33,105,136,486,510,84,489,209,251,130,139
-3,33,105,463,391,177,58,161,486,363,15,473
-2,33,391,418,105,363,32,38,293,200,19,209
-1,33,105,80,161,200,363,160,391,4,209,428
-4,34,119,88,449,111,128,29,185,10,459,319
-3,34,438,157,221,33,119,201,442,173,111,509
-2,34,232,312,218,18,315,380,397,201,68,221
-1,34,68,318,119,128,449,201,488,115,65,371
-4,35,362,406,446,4,413,105,457,434,342,403
-3,35,362,464,143,463,105,107,297,403,395,413
-2,35,362,141,372,90,105,221,403,297,463,478
-1,35,362,413,478,375,314,105,293,426,462,463
-4,36,210,311,409,76,155,169,230,160,151,105
-3,36,355,145,311,210,409,76,328,431,373,151
-2,36,355,145,311,155,328,431,384,169,76,107
-1,36,141,311,155,384,376,78,495,360,11,374
-4,37,64,152,457,169,280,428,101,303,477,324
-3,37,152,64,360,477,372,101,451,160,457,421
-2,37,477,101,160,421,316,457,360,152,372,125
-1,37,101,334,457,432,326,246,125,401,324,443
-4,38,490,322,402,319,284,279,12,73,238,454
-3,38,402,380,241,187,265,13,238,106,504,15
-2,38,216,265,204,298,187,238,324,365,279,218
-1,38,157,420,298,250,120,456,470,197,238,218
-4,39,356,199,394,285,506,227,477,120,242,32
-3,39,199,120,394,68,247,59,452,351,356,506
-2,39,199,120,68,115,59,394,356,247,126,407
-1,39,199,120,68,59,292,185,177,442,219,126
-4,40,141,120,398,449,335,282,240,309,301,40
-3,40,499,141,120,254,449,395,403,346,348,316
-2,40,141,499,254,301,210,17,343,286,33,305
-1,40,499,141,52,424,286,10,412,210,315,502
-4,41,132,217,261,275,116,276,58,480,404,205
-3,41,87,261,217,30,489,47,300,378,27,88
-2,41,351,38,27,510,30,56,105,307,69,88
-1,41,84,493,56,217,30,443,301,510,105,69
-4,42,423,319,343,142,354,37,211,243,341,462
-3,42,354,319,279,136,243,218,37,462,265,293
-2,42,106,319,136,279,388,90,341,37,463,243
-1,42,388,226,319,296,124,223,203,161,413,452
-4,43,300,124,206,120,173,456,302,346,24,366
-3,43,148,206,124,120,24,359,328,467,131,300
-2,43,148,206,124,24,328,403,467,120,300,473
-1,43,206,148,124,366,200,24,85,328,300,264
-4,44,402,322,297,327,287,370,447,505,358,103
-3,44,297,39,90,402,58,358,217,100,150,115
-2,44,358,58,37,115,36,454,198,66,83,15
-1,44,169,315,433,115,58,238,207,228,486,80
-4,45,280,64,366,264,237,363,475,283,226,261
-3,45,280,136,64,335,363,229,489,45,261,226
-2,45,99,66,231,335,489,261,103,6,301,441
-1,45,475,168,442,489,443,160,335,236,347,204
-4,46,54,491,23,350,258,107,477,236,288,115
-3,46,167,350,163,257,227,107,242,393,452,236
-2,46,299,258,115,246,416,454,510,491,350,242
-1,46,25,484,418,305,242,350,85,496,58,258
-1,47,445,157,60,343,254,204,227,244,30,296
0,0,227,165,109,194,435,331,83,380,90,249
0,1,382,70,466,206,97,220,383,349,95,36
0,2,426,239,270,324,84,365,394,220,75,125
0,3,14,78,4,280,497,300,405,394,205,392
0,4,430,496,289,426,252,13,506,498,325,309
0,5,1,445,242,236,468,111,436,9,91,129
0,6,54,193,231,415,505,280,398,395,286,269
0,7,76,346,303,242,241,60,140,84,312,452
0,8,370,225,439,252,247,204,88,45,397,181
0,9,220,407,511,504,180,68,32,280,111,304
0,10,485,157,461,325,203,278,299,164,22,240
0,11,311,492,467,384,434,7,500,397,273,317
0,12,356,153,123,288,230,63,139,440,130,346
0,13,387,286,68,290,53,224,322,148,309,400
0,14,470,377,387,441,434,274,331,212,57,137
0,15,245,193,135,227,362,167,123,424,259,15
0,16,391,380,228,7,191,260,487,156,388,259
0,17,105,80,420,491,161,15,469,200,499,363
0,18,318,128,115,68,10,264,465,201,124,285
0,19,362,170,319,463,2,426,125,478,413,42
0,20,141,155,70,62,382,144,210,292,87,384
0,21,334,190,468,246,324,457,273,142,101,401
0,22,157,250,30,75,60,456,197,120,117,210
0,23,292,228,403,465,302,356,504,185,455,213
0,24,370,225,165,439,175,45,252,308,247,206
0,25,504,407,511,220,280,180,32,68,452,494
0,26,157,285,485,461,22,325,420,278,203,16
0,27,492,311,92,252,500,384,467,180,84,439
0,28,153,123,230,356,346,490,53,440,130,28
0,29,387,286,224,290,496,148,68,309,352,50
0,30,377,470,274,57,441,387,434,479,137,212
0,31,245,135,15,227,295,73,420,339,193,232
0,32,391,380,7,322,191,260,88,228,156,429
0,33,80,420,105,491,391,15,363,209,139,489
0,34,318,10,115,128,264,119,68,121,160,488
0,35,362,185,463,13,93,105,413,395,405,453
0,36,141,360,311,374,490,210,51,410,11,419
0,37,101,316,334,246,401,432,404,457,160,443
0,38,157,250,60,30,75,120,24,210,345,322
0,39,120,199,68,394,247,59,185,351,452,442
0,40,141,499,395,254,74,206,266,412,392,315
0,41,300,84,47,87,510,399,30,124,56,217
0,42,226,124,27,243,319,368,462,218,223,179
0,43,148,124,206,24,120,457,328,200,359,403
0,44,100,238,322,115,58,433,297,36,83,417
0,45,475,47,204,160,442,335,489,17,254,261
0,46,484,350,338,418,388,305,107,242,452,282
0,47,138,60,273,244,137,108,343,451,30,4
1,0,154,121,332,299,478,433,45,226,195,90
1,1,223,510,340,219,382,427,344,320,410,405
1,2,426,142,446,240,75,319,163,487,366,51
1,3,78,374,14,103,280,370,203,180,268,503
1,4,331,420,430,498,363,278,135,434,477,178
1,5,85,3,281,465,405,293,221,342,30,445
1,6,7,325,395,373,18,101,280,61,28,452
1,7,299,76,69,346,225,419,236,303,45,312
1,8,225,370,216,45,247,491,510,440,415,355
1,9,56,254,221,410,511,504,499,190,50,32
1,10,195,307,325,486,489,234,239,427,116,488
1,11,311,392,401,420,33,127,351,295,289,443
1,12,230,323,139,356,46,118,338,176,25,10
1,13,350,322,68,53,433,400,347,290,196,56
1,14,470,377,479,331,197,405,387,149,402,424
1,15,245,135,15,295,187,227,420,373,339,380
1,16,380,88,260,391,7,340,78,156,467,322
1,17,420,391,15,200,363,280,105,459,463,473
1,18,237,104,121,243,128,10,65,160,449,318
1,19,362,185,105,314,403,125,394,395,42,141
1,20,141,360,374,311,11,155,382,70,384,490
1,21,101,316,246,432,421,404,468,443,160,334
1,22,157,250,490,120,422,218,280,234,456,197
1,23,185,292,199,120,68,309,504,227,247,259
1,24,225,45,130,247,165,416,248,84,216,344
1,25,56,221,411,27,452,511,248,124,344,51
1,26,260,34,325,360,229,495,203,461,259,307
1,27,311,180,457,439,57,272,475,106,445,289
1,28,356,139,46,323,230,490,28,450,176,329
1,29,350,322,68,387,290,496,418,476,230,284
1,30,470,377,7,479,402,294,197,387,2,148
1,31,245,135,15,295,227,339,187,420,221,454
1,32,391,380,7,88,340,78,156,322,260,473
1,33,391,420,135,363,161,15,105,200,428,20
1,34,121,237,10,104,344,243,446,36,160,193
1,35,362,105,463,185,93,141,395,213,314,500
1,36,141,374,360,311,490,270,11,384,410,328
1,37,101,316,246,160,432,421,404,401,334,125
1,38,157,490,250,120,319,218,322,147,73,234
1,39,120,199,68,394,247,59,185,351,452,227
1,40,141,499,395,254,74,135,266,210,17,343
1,41,300,47,30,87,56,510,69,261,124,462
1,42,319,243,226,462,218,27,179,223,368,1
1,43,124,148,206,24,328,457,467,120,403,473
1,44,322,100,238,115,58,36,297,83,15,360
1,45,475,204,47,335,489,272,261,17,102,441
1,46,350,23,305,452,107,282,242,391,395,433
1,47,108,60,66,137,112,119,451,238,324,115
2,0,320,220,39,464,346,485,44,38,416,458
2,1,144,190,382,496,174,80,219,345,111,64
2,2,335,142,324,75,454,500,426,403,308,61
2,3,78,280,374,14,392,234,365,489,220,255
2,4,331,83,430,152,469,289,471,278,62,367
2,5,83,91,433,23,376,281,117,321,465,242
2,6,289,239,22,31,188,54,286,203,445,441
2,7,105,49,312,346,451,172,299,303,19,100
2,8,45,225,439,370,493,415,409,510,247,84
2,9,70,56,76,221,511,388,95,190,254,187
2,10,397,195,485,157,325,427,203,461,56,106
2,11,311,427,443,216,149,317,492,445,302,417
2,12,356,139,2,342,230,434,280,501,125,495
2,13,286,68,322,400,350,53,309,433,343,146
2,14,470,377,291,405,331,197,402,479,408,176
2,15,15,373,245,135,275,227,339,494,73,187
2,16,340,380,7,238,260,322,277,391,270,383
2,17,420,336,391,363,32,245,264,80,200,4
2,18,12,121,10,346,96,344,104,88,160,193
2,19,362,438,463,90,497,306,478,499,215,319
2,20,311,141,490,155,24,328,51,382,384,169
2,21,443,450,404,350,468,101,387,84,485,231
2,22,82,238,319,101,447,456,481,246,62,117
2,23,438,185,452,290,199,17,0,179,499,150
2,24,225,45,493,439,510,247,269,408,359,479
2,25,56,511,76,70,411,221,254,504,248,422
2,26,157,485,73,203,259,267,367,34,416,57
2,27,311,492,439,261,102,180,445,4,275,314
2,28,356,501,342,230,434,153,125,139,329,490
2,29,387,322,230,290,309,68,286,496,132,350
2,30,377,470,434,237,339,176,479,387,29,510
2,31,15,135,245,373,227,339,354,187,345,420
2,32,391,380,340,7,260,473,238,322,388,191
2,33,391,363,245,336,161,105,264,32,420,200
2,34,12,121,88,10,344,346,65,372,105,355
2,35,362,438,105,478,463,232,375,306,403,237
2,36,311,328,319,51,490,24,141,270,155,169
2,37,443,84,350,485,101,404,450,172,303,326
2,38,82,238,319,101,481,490,360,246,73,218
2,39,438,452,199,120,68,499,5,247,59,185
2,40,141,135,344,346,288,34,254,395,266,270
2,41,390,47,140,88,265,44,301,479,356,143
2,42,37,319,18,359,458,354,296,142,74,376
2,43,173,24,38,148,484,30,47,124,349,451
2,44,358,456,402,228,143,58,225,66,199,239
2,45,428,174,348,45,489,335,301,468,261,283
2,46,163,350,495,363,167,1,107,305,452,5
2,47,108,508,137,479,66,400,119,112,253,324
3,0,461,280,12,223,189,80,383,63,277,340
3,1,90,438,489,269,281,137,314,194,414,396
3,2,276,202,75,34,81,400,149,326,189,118
3,3,78,280,434,255,100,73,232,374,34,21
3,4,83,121,331,420,498,52,436,430,427,356
3,5,421,507,106,377,362,305,221,414,23,408
3,6,401,7,484,286,61,373,395,367,381,291
3,7,312,397,107,474,480,299,505,32,290,419
3,8,225,324,493,510,309,84,92,443,370,273
3,9,56,327,496,421,221,499,108,50,123,271
3,10,483,182,430,397,108,367,372,179,41,300
3,11,175,311,295,80,365,417,272,192,450,93
3,12,280,191,338,137,122,356,112,190,164,333
3,13,127,322,68,459,61,400,53,290,272,462
3,14,470,42,190,394,377,391,488,50,384,479
3,15,135,373,227,15,245,191,339,420,389,65
3,16,391,380,7,340,277,270,383,460,78,156
3,17,418,391,200,280,15,363,330,472,32,135
3,18,380,12,232,218,166,139,338,18,315,356
3,19,362,438,470,90,319,478,394,208,125,105
3,20,311,328,376,382,70,120,62,379,384,197
3,21,450,84,350,412,204,125,443,152,274,348
3,22,82,229,216,238,158,4,447,197,392,413
3,23,438,185,452,120,1,415,17,199,504,492
3,24,225,413,324,300,493,408,299,443,329,441
3,25,499,56,108,411,248,74,321,199,147,445
3,26,367,259,108,325,418,430,267,295,73,201
3,27,439,454,417,445,160,104,311,289,180,128
3,28,191,122,112,356,164,437,280,402,333,77
3,29,322,127,350,495,68,132,418,315,158,244
3,30,470,190,377,42,479,434,402,4,510,424
3,31,135,373,15,227,420,339,191,345,380,229
3,32,391,340,7,380,78,191,156,259,473,460
3,33,391,418,161,336,15,200,363,32,87,1
3,34,380,139,12,344,232,218,121,166,19,18
3,35,362,105,306,463,438,141,90,478,403,232
3,36,311,328,24,319,155,82,431,296,274,51
3,37,84,450,443,350,499,468,303,218,101,204
3,38,82,158,216,4,229,238,218,298,147,413
3,39,438,120,452,199,68,185,144,499,374,59
3,40,346,141,135,254,344,382,499,288,143,239
3,41,47,390,356,351,88,38,143,265,27,30
3,42,37,359,302,175,458,293,319,279,466,296
3,43,484,31,173,24,47,124,148,245,451,338
3,44,358,70,199,228,402,1,207,66,292,239
3,45,348,231,239,428,186,99,45,283,462,394
3,46,194,454,311,299,416,444,350,115,383,6
3,47,90,457,303,478,206,217,163,4,395,151
4,0,393,166,491,116,182,258,457,23,297,335
4,1,281,90,196,388,417,105,336,238,113,280
4,2,486,212,25,350,503,387,172,61,14,394
4,3,301,280,78,374,255,143,294,220,100,81
4,4,203,83,289,29,430,13,469,331,143,498
4,5,421,460,507,106,278,202,183,201,305,104
4,6,491,173,7,307,83,333,31,4,311,74
4,7,129,312,480,173,260,221,96,299,473,105
4,8,493,225,445,203,510,117,441,107,423,227
4,9,56,221,421,327,70,496,76,50,291,95
4,10,397,367,56,347,41,427,138,372,232,325
4,11,311,175,283,394,80,427,493,403,179,365
4,12,396,122,139,125,280,21,338,356,164,467
4,13,322,163,68,196,286,146,258,53,400,459
4,14,470,291,339,287,210,209,402,510,454,176
4,15,373,15,135,245,339,227,69,420,187,247
4,16,340,380,277,322,7,391,30,490,461,22
4,17,264,391,41,336,32,87,418,46,308,330
4,18,139,12,121,338,172,302,226,140,311,344
4,19,306,463,235,438,362,90,349,497,232,369
4,20,311,82,24,197,63,169,449,495,152,328
4,21,350,84,450,443,244,125,326,387,367,489
4,22,82,238,101,298,246,327,22,168,140,62
4,23,438,179,452,185,276,13,290,240,415,51
4,24,493,225,408,441,329,413,247,125,220,274
4,25,56,76,499,60,221,199,411,303,175,254
4,26,367,347,397,235,372,259,395,418,315,57
4,27,311,427,492,221,403,239,394,179,439,57
4,28,396,342,356,280,122,153,62,139,338,125
4,29,322,163,290,196,309,68,459,350,387,433
4,30,470,377,339,287,405,156,510,247,237,266
4,31,15,135,373,380,187,295,227,390,245,339
4,32,340,380,322,473,391,388,7,3,22,191
4,33,264,391,265,41,336,472,363,308,200,161
4,34,139,12,121,355,446,456,172,344,88,311
4,35,362,105,463,15,58,369,141,306,478,424
4,36,311,328,82,431,274,419,379,376,11,382
4,37,84,350,218,443,244,326,499,24,213,231
4,38,82,101,298,238,218,22,246,140,411,360
4,39,120,199,452,438,68,179,185,150,59,499
4,40,141,346,291,254,135,499,101,34,344,210
4,41,356,88,47,390,261,265,30,129,50,349
4,42,37,19,293,458,296,400,466,233,430,319
4,43,24,124,473,451,148,30,234,475,504,197
4,44,358,368,110,483,228,314,402,240,227,5
4,45,32,408,218,63,482,494,451,283,236,10
4,46,490,434,363,356,37,350,1,242,20,78
4,47,467,479,108,299,137,66,305,151,397,213
5,0,364,81,285,153,303,332,256,476,408,50
5,1,112,35,474,497,281,200,355,161,90,455
5,2,446,487,163,366,96,169,273,75,88,29
5,3,78,374,280,392,103,370,503,263,34,312
5,4,420,331,430,498,436,427,11,178,52,278
5,5,85,405,216,293,511,221,305,234,6,384
5,6,325,7,395,143,228,18,169,286,373,2
5,7,69,299,225,510,62,78,431,419,346,121
5,8,225,370,355,199,247,216,510,204,365,459
5,9,56,511,221,291,410,327,489,321,50,164
5,10,325,234,116,238,365,366,397,461,195,367
5,11,311,392,272,86,420,391,229,175,246,192
5,12,356,11,46,450,139,338,10,329,208,440
5,13,68,290,322,53,400,203,508,343,387,302
5,14,470,377,331,479,424,387,138,214,135,397
5,15,135,227,339,2,420,15,280,295,354,454
5,16,380,391,388,116,205,7,383,191,48,228
5,17,161,444,200,221,15,280,391,363,90,428
5,18,239,371,148,64,247,201,465,119,65,488
5,19,105,319,470,375,147,125,364,324,42,261
5,20,292,250,384,70,232,419,377,424,62,116
5,21,152,256,468,497,374,397,273,47,274,190
5,22,436,378,380,383,197,329,218,117,402,89
5,23,199,415,422,504,324,177,302,440,150,431
5,24,225,84,370,247,333,286,359,181,422,180
5,25,511,56,489,203,221,248,411,147,124,496
5,26,325,372,201,312,461,416,75,295,429,167
5,27,457,180,311,391,454,397,361,439,102,430
5,28,356,450,139,46,490,329,373,150,164,25
5,29,68,387,290,22,505,400,148,302,154,288
5,30,470,377,424,64,331,479,243,165,397,339
5,31,135,354,15,227,245,193,454,29,374,295
5,32,380,391,352,7,473,228,388,322,156,191
5,33,105,161,15,391,1,200,58,363,84,473
5,34,239,119,40,148,488,355,333,124,195,263
5,35,105,470,232,221,324,462,478,261,54,2
5,36,292,425,384,495,113,149,500,378,152,250
5,37,468,152,274,326,303,256,374,125,382,497
5,38,383,436,197,218,418,378,329,266,456,508
5,39,199,120,396,324,219,173,177,442,413,7
5,40,499,141,254,385,472,210,403,17,453,346
5,41,30,309,56,105,510,88,261,189,149,471
5,42,430,286,233,413,306,223,400,425,165,219
5,43,206,504,475,200,328,473,296,467,85,451
5,44,483,76,207,415,227,358,228,380,150,314
5,45,63,408,218,451,443,168,236,452,487,416
5,46,356,37,297,510,152,240,232,235,78,324
5,47,260,233,225,470,305,494,416,403,168,296
6,0,230,84,125,159,436,364,449,287,226,474
6,1,161,200,281,90,355,388,113,109,395,196
6,2,229,486,373,419,212,350,128,34,177,2
6,3,78,374,280,301,240,370,305,503,255,220
6,4,276,331,83,430,420,232,436,498,246,427
6,5,349,156,385,375,109,376,463,252,293,342
6,6,470,350,429,7,100,491,25,403,395,54
6,7,96,404,299,312,54,419,480,465,397,346
6,8,225,493,510,370,247,220,429,216,439,329
6,9,50,327,221,56,76,511,333,143,481,499
6,10,397,56,242,42,235,307,232,400,347,367
6,11,311,403,175,427,239,365,179,248,80,295
6,12,62,356,71,338,95,109,342,26,2,478
6,13,163,322,196,459,59,53,286,343,433,309
6,14,470,377,42,218,291,287,405,479,402,190
6,15,373,135,15,245,494,339,295,420,227,247
6,16,340,380,7,391,209,383,322,22,419,348
6,17,281,264,391,336,41,418,32,15,25,108
6,18,456,193,121,12,53,19,73,204,68,380
6,19,362,90,158,463,141,42,438,360,166,306
6,20,311,141,328,82,309,398,314,24,379,248
6,21,44,84,125,350,450,158,231,290,218,326
6,22,298,430,437,82,67,313,4,395,326,197
6,23,452,438,185,290,179,120,415,199,1,293
6,24,225,493,220,510,117,247,260,216,92,329
6,25,50,499,56,221,327,76,333,143,481,511
6,26,242,42,347,324,400,315,367,397,235,56
6,27,311,403,175,221,295,427,102,492,57,149
6,28,342,62,356,71,338,280,478,109,95,414
6,29,322,163,68,59,459,101,53,83,23,290
6,30,470,377,42,287,479,50,7,60,296,405
6,31,373,135,15,339,245,227,187,380,389,494
6,32,340,380,22,391,7,209,322,352,383,388
6,33,391,264,281,363,336,490,161,108,32,473
6,34,456,193,380,121,204,73,344,197,19,480
6,35,158,362,105,213,166,90,478,463,54,261
6,36,311,141,328,89,62,495,431,11,398,309
6,37,44,432,404,326,303,244,139,125,101,401
6,38,430,298,218,67,437,238,197,80,82,4
6,39,120,139,5,284,185,179,115,68,244,292
6,40,239,451,141,424,135,270,412,82,493,420
6,41,84,351,301,493,13,88,390,510,234,56
6,42,430,37,302,388,286,136,319,223,280,296
6,43,139,451,24,361,31,173,473,320,467,125
6,44,315,358,356,483,368,169,150,314,5,266
6,45,348,262,442,428,22,238,42,213,218,115
6,46,510,445,454,81,311,232,422,350,266,304
6,47,90,120,457,163,151,343,370,230,297,125
7,0,499,182,241,212,408,192,294,109,59,372
7,1,382,362,328,245,200,315,196,90,423,270
7,2,65,377,208,61,335,212,125,11,75,426
7,3,78,280,491,427,143,234,220,180,60,232
7,4,148,498,163,430,370,331,232,52,476,94
7,5,442,209,129,281,356,237,91,23,488,504
7,6,54,350,100,429,395,31,240,154,474,403
7,7,383,404,361,303,96,46,312,493,488,346
7,8,493,370,225,510,91,117,181,359,336,247
7,9,76,56,511,87,321,203,60,108,221,43
7,10,325,397,56,422,372,203,167,500,195,57
7,11,311,492,272,163,93,102,391,130,84,427
7,12,356,139,342,264,338,90,433,288,491,125
7,13,387,68,53,322,290,286,400,343,302,505
7,14,470,377,331,479,434,138,387,212,137,265
7,15,245,15,135,193,280,352,494,339,420,373
7,16,380,388,7,391,340,260,322,191,482,205
7,17,200,280,363,161,105,428,15,1,473,365
7,18,371,356,31,148,205,155,449,149,119,201
7,19,470,362,319,125,413,42,105,170,2,403
7,20,309,382,377,311,70,62,350,171,398,261
7,21,44,190,326,273,159,320,231,489,497,382
7,22,420,298,227,197,351,311,421,218,132,213
7,23,199,504,415,247,422,330,365,408,186,419
7,24,225,84,370,247,412,286,359,495,460,180
7,25,420,56,511,203,489,147,248,221,49,349
7,26,372,461,325,312,195,201,135,203,167,100
7,27,311,492,397,180,392,33,102,350,391,261
7,28,356,245,139,490,2,329,373,153,342,164
7,29,387,290,154,68,302,501,315,250,148,132
7,30,470,377,387,434,479,495,424,339,130,29
7,31,15,245,135,73,339,2,420,354,454,374
7,32,380,322,473,391,388,482,7,228,352,340
7,33,105,489,200,363,15,490,463,281,139,428
7,34,193,95,31,71,356,247,372,301,371,355
7,35,362,232,470,105,462,60,413,288,426,403
7,36,311,495,292,144,398,80,113,482,141,309
7,37,44,432,326,256,125,497,209,303,231,142
7,38,298,197,420,218,157,147,120,508,498,329
7,39,120,88,5,14,185,115,197,504,442,413
7,40,239,288,270,472,301,17,315,466,82,432
7,41,84,301,493,13,246,255,234,238,56,498
7,42,388,319,430,233,296,223,83,404,204,441
7,43,85,451,361,200,148,116,48,296,206,196
7,44,315,238,141,356,169,483,58,170,227,486
7,45,442,204,270,168,218,489,388,443,95,6
7,46,418,350,484,308,305,232,404,58,242,24
7,47,343,60,204,445,66,137,254,108,163,273
8,0,227,194,298,109,380,331,83,261,165,114
8,1,382,70,466,11,362,53,245,88,344,367
8,2,426,365,239,125,65,84,377,335,61,459
8,3,14,497,280,4,405,78,143,394,318,427
8,4,430,426,496,27,252,498,118,406,104,469
8,5,442,445,91,242,129,236,326,9,83,448
8,6,54,154,350,100,445,280,31,420,156,403
8,7,76,346,404,140,122,303,241,335,330,45
8,8,493,45,510,487,117,408,397,139,464,415
8,9,76,56,494,256,187,95,221,422,496,70
8,10,400,203,56,419,325,304,416,150,240,334
8,11,311,477,261,163,367,150,402,371,128,90
8,12,21,264,139,53,342,153,125,230,356,0
8,13,205,322,451,146,11,101,110,341,258,188
8,14,434,416,287,510,291,221,470,402,321,176
8,15,373,15,245,135,69,339,227,420,247,275
8,16,340,380,7,22,277,461,98,30,322,490
8,17,281,264,308,108,46,150,363,391,32,192
8,18,193,160,115,68,121,95,205,38,355,474
8,19,84,362,166,158,270,235,497,470,476,319
8,20,311,419,304,141,482,33,126,19,171,350
8,21,44,489,432,125,356,231,404,468,37,190
8,22,24,250,157,60,62,210,120,70,75,130
8,23,290,232,142,476,90,51,415,197,328,455
8,24,406,165,493,80,225,45,160,359,344,445
8,25,76,411,256,114,494,56,21,124,191,147
8,26,267,259,57,367,41,452,418,204,416,203
8,27,311,427,57,439,475,361,317,443,180,371
8,28,153,342,53,139,356,346,230,129,490,323
8,29,230,68,496,495,387,315,132,23,110,290
8,30,470,237,434,510,287,377,176,185,478,221
8,31,15,373,135,69,2,339,227,147,122,73
8,32,340,380,473,22,228,383,461,412,156,434
8,33,281,391,200,15,363,161,489,24,473,1
8,34,193,115,372,355,160,1,406,311,488,344
8,35,362,462,478,180,237,105,261,486,219,30
8,36,311,141,51,495,356,384,374,398,156,500
8,37,44,432,303,401,326,246,404,141,125,497
8,38,157,250,60,24,120,147,210,197,75,411
8,39,120,199,179,68,247,88,5,499,413,291
8,40,141,239,499,395,472,210,286,453,343,254
8,41,124,300,56,390,30,84,105,13,54,140
8,42,226,124,243,319,223,27,441,179,296,400
8,43,148,124,24,206,200,120,25,451,77,473
8,44,238,100,58,314,154,198,207,322,177,115
8,45,204,489,335,254,388,168,475,442,420,17
8,46,418,338,350,305,484,33,242,258,496,223
8,47,138,60,273,343,295,242,227,115,223,238
9,0,478,433,45,121,154,332,195,405,56,229
9,1,223,219,340,75,330,40,22,488,507,280
9,2,240,426,377,142,75,61,459,491,113,51
9,3,203,414,386,140,180,234,14,409,294,361
9,4,363,331,246,244,217,160,400,476,503,498
9,5,442,3,91,456,414,430,305,177,223,122
9,6,54,28,101,273,19,284,34,173,204,445
9,7,437,443,76,45,346,122,211,388,266,19
9,8,415,412,487,15,226,299,222,225,472,235
9,9,56,496,1,3,92,253,123,24,190,13
9,10,116,281,458,486,325,37,13,339,144,372
9,11,311,272,394,489,106,439,128,102,192,475
9,12,139,356,203,176,230,323,264,312,129,358
9,13,428,67,350,439,230,63,366,53,409,68
9,14,310,479,470,53,426,424,387,197,389,135
9,15,135,15,245,227,420,339,167,373,2,24
9,16,380,340,473,383,7,260,156,277,322,71
9,17,90,428,280,435,482,363,489,251,183,15
9,18,449,83,356,488,40,367,205,301,263,454
9,19,261,462,439,350,282,375,211,98,43,41
9,20,486,126,284,425,419,234,279,116,312,103
9,21,468,189,219,489,174,382,217,209,241,363
9,22,490,130,395,448,476,429,370,125,480,218
9,23,186,44,419,366,431,474,300,178,243,30
9,24,494,456,185,24,21,38,411,282,43,417
9,25,102,71,496,16,198,397,324,498,419,123
9,26,81,11,15,95,189,225,141,457,498,101
9,27,254,430,361,455,398,90,306,167,166,27
9,28,247,119,106,419,69,349,262,481,60,227
9,29,327,104,430,395,216,422,41,278,48,359
9,30,474,193,35,58,259,491,131,307,3,121
9,31,379,415,428,296,478,176,104,326,144,327
9,32,463,204,161,495,485,44,300,413,250,81
9,33,240,275,203,261,481,318,56,21,260,412
9,34,311,332,281,477,150,199,123,430,412,348
9,35,179,431,462,406,164,393,87,119,108,416
9,36,311,384,156,425,119,80,107,482,21,292
9,37,44,244,209,497,303,125,326,241,256,89
9,38,197,490,147,476,8,508,130,448,132,234
9,39,120,88,179,14,413,199,185,396,328,115
9,40,141,239,453,472,210,288,343,286,206,432
9,41,30,56,390,124,11,4,54,88,13,309
9,42,319,296,223,458,330,18,381,400,413,289
9,43,24,148,124,451,206,508,473,85,200,328
9,44,238,81,58,76,115,483,268,15,154,66
9,45,204,489,335,17,301,388,356,6,95,437
9,46,350,305,242,282,187,391,317,496,153,47
9,47,108,66,137,60,295,238,145,115,253,436
10,0,220,393,290,99,474,282,18,38,122,41
10,1,144,382,55,345,62,24,236,302,293,219
10,2,287,335,377,507,154,61,75,459,451,38
10,3,280,240,78,14,392,180,220,232,234,503
10,4,430,331,498,289,402,476,427,356,107,485
10,5,279,305,91,499,453,414,216,23,97,115
10,6,31,173,54,83,286,445,239,101,18,268
10,7,417,49,312,346,476,45,1,319,484,299
10,8,510,225,487,415,84,323,211,483,279,147
10,9,187,220,221,56,190,403,143,496,123,422
10,10,443,116,231,444,427,364,381,56,37,41
10,11,311,443,396,307,477,317,439,472,458,102
10,12,396,123,440,139,115,264,15,122,485,2
10,13,322,53,68,343,286,350,488,47,196,496
10,14,470,434,444,137,106,387,424,327,237,479
10,15,135,15,245,339,195,227,420,2,182,373
10,16,380,340,7,259,383,388,277,490,434,59
10,17,391,363,200,281,315,308,490,428,24,4
10,18,193,172,139,68,121,490,395,65,319,95
10,19,166,369,362,58,84,470,235,236,65,232
10,20,51,311,11,431,60,151,63,490,304,382
10,21,172,443,489,125,213,499,231,44,218,84
10,22,140,238,481,246,101,321,490,22,319,73
10,23,179,452,330,438,142,290,408,415,396,61
10,24,225,406,510,300,16,460,84,203,495,413
10,25,411,220,199,74,496,234,248,147,124,271
10,26,259,418,260,429,372,41,416,422,367,325
10,27,439,60,57,475,160,180,302,351,104,311
10,28,396,139,193,490,356,385,15,123,373,329
10,29,230,496,495,132,315,469,322,480,290,403
10,30,470,237,2,7,434,156,176,339,185,378
10,31,135,227,15,373,339,420,2,295,173,251
10,32,340,380,391,228,22,7,78,71,156,352
10,33,391,315,15,200,1,308,363,281,161,489
10,34,193,139,172,68,121,65,1,372,355,344
10,35,58,17,369,235,237,232,166,15,41,362
10,36,311,384,11,328,431,398,62,51,425,156
10,37,84,172,303,213,326,125,443,103,218,497
10,38,238,140,481,101,246,490,73,147,319,197
10,39,120,199,452,208,179,68,394,185,88,396
10,40,141,286,239,453,210,472,291,135,206,311
10,41,356,390,210,30,88,510,56,399,359,301
10,42,458,37,18,19,319,223,280,466,400,293
10,43,24,26,349,124,197,200,262,206,146,120
10,44,81,402,36,58,115,80,66,154,128,198
10,45,325,171,494,283,335,261,507,10,489,95
10,46,434,363,350,242,490,305,282,438,33,163
10,47,479,467,108,66,137,220,112,508,119,238
11,0,81,153,364,285,332,476,303,256,50,408
11,1,497,355,312,35,223,145,455,489,248,227
11,2,463,287,419,284,75,61,14,394,229,400
11,3,78,314,241,280,374,14,312,143,301,2
11,4,11,141,498,232,430,284,331,276,448,365
11,5,421,163,507,336,366,486,279,469,356,302
11,6,190,429,7,31,484,478,284,445,409,286
11,7,96,490,126,189,17,312,147,299,419,254
11,8,225,510,370,415,247,95,323,260,286,174
11,9,221,50,56,143,327,187,321,489,190,291
11,10,367,372,165,229,315,386,463,325,312,116
11,11,311,191,443,391,104,272,349,57,394,417
11,12,356,197,338,139,467,329,25,364,440,71
11,13,322,53,428,68,403,495,293,290,366,439
11,14,470,424,479,53,377,310,214,397,387,181
11,15,135,195,227,261,182,2,339,318,280,259
11,16,380,388,228,263,383,7,116,205,156,473
11,17,280,428,251,4,15,135,200,464,183,119
11,18,239,371,356,247,201,263,262,129,31,64
11,19,426,470,319,261,170,375,125,413,488,43
11,20,384,113,425,250,292,152,120,84,149,350
11,21,469,125,152,497,8,489,385,273,189,82
11,22,383,436,212,338,218,197,484,378,421,254
11,23,16,8,140,415,422,14,64,68,13,53
11,24,225,185,84,371,510,16,495,43,359,180
11,25,74,50,248,271,489,496,124,469,411,7
11,26,457,41,429,422,104,325,463,312,57,135
11,27,60,391,57,106,430,104,180,447,417,361
11,28,197,490,329,450,373,437,139,164,415,333
11,29,403,495,428,68,85,293,402,290,268,315
11,30,144,380,180,457,0,38,35,181,495,252
11,31,354,259,221,2,186,454,182,251,239,173
11,32,228,455,241,111,239,367,381,461,44,463
11,33,1,183,200,161,412,139,330,24,489,473
11,34,239,456,372,311,421,301,355,446,64,488
11,35,278,95,511,500,390,416,164,6,237,462
11,36,503,384,398,274,311,425,62,80,281,350
11,37,244,256,303,326,209,469,468,497,267,351
11,38,383,436,218,197,402,254,126,506,474,80
11,39,120,185,59,168,88,199,442,396,179,14
11,40,141,239,472,453,210,286,206,343,101,301
11,41,129,359,356,471,30,50,305,56,54,309
11,42,413,466,165,388,204,233,285,404,496,302
11,43,234,85,381,197,116,296,451,30,508,158
11,44,368,483,315,150,110,419,207,166,76,228
11,45,408,63,218,168,394,443,356,487,451,238
11,46,37,356,297,362,88,396,206,232,363,286
11,47,225,233,260,242,416,403,305,129,195,35
12,0,230,84,125,159,436,474,226,364,449,510
12,1,161,355,200,109,489,362,417,295,388,291
12,2,287,419,229,486,451,153,2,101,373,350
12,3,78,374,280,34,392,180,301,232,190,255
12,4,276,430,331,427,436,232,246,420,498,278
12,5,163,507,421,279,349,183,109,336,453,384
12,6,429,350,470,7,395,100,25,31,445,240
12,7,96,404,54,312,147,299,465,419,421,346
12,8,225,510,370,260,247,202,229,323,174,400
12,9,50,221,327,143,187,481,321,190,56,499
12,10,56,307,235,386,315,443,367,184,179,231
12,11,311,506,443,349,450,457,239,462,472,290
12,12,62,71,440,338,356,10,478,3,109,474
12,13,235,322,237,59,510,83,53,196,389,356
12,14,470,423,42,479,397,287,224,218,197,492
12,15,373,135,15,339,245,227,295,494,247,187
12,16,340,380,7,391,22,209,260,308,430,383
12,17,391,281,110,473,264,15,280,511,308,266
12,18,456,193,53,121,480,197,73,19,135,372
12,19,235,362,213,42,58,497,319,463,105,394
12,20,311,410,384,238,300,70,240,419,316,479
12,21,231,125,44,218,326,282,406,61,489,8
12,22,430,298,67,197,4,141,218,238,80,385
12,23,403,120,494,185,14,139,177,422,415,236
12,24,225,510,260,247,202,323,117,408,220,359
12,25,50,221,333,193,499,199,143,327,56,452
12,26,315,235,42,367,307,400,386,267,56,242
12,27,311,403,57,462,47,175,149,506,241,332
12,28,62,338,373,71,10,148,356,414,21,319
12,29,322,235,83,59,68,196,433,389,315,53
12,30,470,218,423,479,137,377,7,180,2,42
12,31,135,373,15,227,339,69,494,2,75,24
12,32,340,380,228,461,430,156,7,352,78,229
12,33,391,511,281,308,46,363,32,15,130,19
12,34,456,193,480,372,453,1,380,344,301,454
12,35,127,448,84,324,232,261,405,235,511,219
12,36,227,311,384,356,141,107,495,482,419,62
12,37,401,44,326,125,441,157,246,244,432,375
12,38,430,249,197,420,67,298,80,147,218,411
12,39,244,115,470,120,243,425,338,283,27,454
12,40,451,486,295,143,371,213,469,511,288,356
12,41,84,287,493,301,196,447,381,407,359,471
12,42,388,500,302,404,203,37,204,296,5,425
12,43,77,85,237,238,196,67,200,361,372,493
12,44,315,483,76,150,166,486,207,385,314,111
12,45,168,262,442,238,443,237,22,42,218,270
12,46,445,418,416,25,232,350,404,454,168,311
12,47,445,90,343,254,204,60,49,163,242,296
13,0,83,298,331,194,109,261,380,333,169,249
13,1,97,466,70,132,362,15,77,88,46,32
13,2,239,270,84,61,125,409,324,122,197,207
13,3,14,280,78,148,4,203,300,319,405,392
13,4,496,252,426,430,406,410,469,498,325,27
13,5,9,83,242,91,236,111,354,468,174,279
13,6,429,100,445,350,18,294,468,31,240,409
13,7,215,346,49,241,303,399,10,479,492,372
13,8,493,45,510,225,241,408,397,117,147,415
13,9,76,295,56,494,221,360,68,50,95,422
13,10,397,203,267,443,57,157,367,347,381,164
13,11,311,163,427,371,477,492,244,349,295,90
13,12,342,264,139,21,63,153,298,288,356,125
13,13,322,136,53,196,343,146,433,451,286,23
13,14,470,405,42,71,197,291,434,377,479,224
13,15,15,135,245,373,339,275,389,227,295,420
13,16,340,380,322,467,7,348,88,391,98,388
13,17,391,281,420,80,336,163,138,363,511,192
13,18,193,359,462,160,480,65,433,85,60,115
13,19,127,362,148,158,77,405,13,448,235,90
13,20,141,311,374,356,360,388,490,291,24,496
13,21,401,44,246,404,432,125,443,441,326,231
13,22,249,157,60,30,75,250,24,62,120,210
13,23,139,244,185,90,290,403,470,27,142,236
13,24,200,475,493,225,416,142,165,117,45,344
13,25,295,167,76,56,221,240,202,511,114,314
13,26,367,297,397,235,56,203,416,429,267,48
13,27,311,244,492,221,427,184,99,57,30,439
13,28,342,356,153,139,63,490,329,21,230,373
13,29,136,322,68,309,23,350,387,196,230,163
13,30,470,377,405,436,42,71,339,7,434,387
13,31,15,373,245,135,339,227,73,420,147,191
13,32,340,380,322,391,7,88,3,473,22,430
13,33,391,281,163,420,489,135,363,308,336,428
13,34,359,160,480,462,193,115,121,344,488,36
13,35,362,158,405,438,463,324,448,90,13,105
13,36,141,374,311,356,11,301,375,360,490,152
13,37,44,401,101,432,246,404,316,125,326,334
13,38,157,249,197,60,120,24,75,250,210,62
13,39,244,120,13,68,199,115,59,210,413,470
13,40,451,486,386,499,295,469,382,10,395,493
13,41,84,287,493,300,42,140,185,47,426,301
13,42,226,27,124,319,368,500,233,203,310,223
13,43,148,124,77,206,85,89,493,30,20,24
13,44,238,100,199,207,76,228,483,115,198,314
13,45,204,475,47,442,254,335,489,17,388,168
13,46,350,338,418,305,107,452,282,67,388,484
13,47,60,138,273,360,244,343,137,115,253,295
14,0,121,45,154,299,332,478,433,397,488,402
14,1,340,345,510,160,223,212,135,473,487,207
14,2,113,240,171,304,61,84,489,409,308,356
14,3,203,14,0,148,280,386,374,319,186,140
14,4,363,469,480,367,387,444,246,331,430,322
14,5,242,3,91,162,9,177,175,88,407,83
14,6,468,445,235,18,31,272,194,44,270,314
14,7,215,437,492,49,476,479,299,1,100,45
14,8,45,415,147,77,412,241,475,153,445,293
14,9,56,254,76,494,295,221,176,143,500,123
14,10,41,364,510,116,195,427,316,260,381,135
14,11,311,29,427,302,476,371,349,431,401,439
14,12,342,230,264,139,118,298,323,354,260,0
14,13,350,322,196,343,53,54,433,146,415,294
14,14,405,470,492,197,402,377,479,2,434,135
14,15,15,135,245,373,339,420,227,389,295,300
14,16,380,340,7,322,98,3,88,383,78,434
14,17,391,420,363,15,46,382,200,281,307,264
14,18,65,311,121,193,160,104,372,263,85,301
14,19,362,235,127,324,77,42,84,230,58,239
14,20,141,311,374,120,479,316,292,329,279,245
14,21,401,246,468,404,44,231,125,432,241,443
14,22,249,157,250,197,120,490,62,395,458,234
14,23,199,185,407,247,122,177,68,108,120,23
14,24,225,475,241,445,200,416,15,16,460,344
14,25,56,221,147,477,110,181,349,203,375,467
14,26,422,195,41,395,260,201,316,116,364,372
14,27,472,430,57,480,493,317,259,29,119,396
14,28,139,118,415,46,192,119,72,382,329,319
14,29,230,268,403,322,293,315,290,85,474,469
14,30,180,119,185,193,38,254,339,442,496,425
14,31,2,439,454,126,14,369,184,273,478,363
14,32,432,229,250,448,473,434,50,380,509,95
14,33,139,183,24,251,348,135,428,417,298,130
14,34,311,421,372,412,149,474,432,274,52,491
14,35,208,500,169,80,164,462,227,346,195,261
14,36,156,11,311,251,291,500,328,152,119,350
14,37,125,404,44,246,326,432,209,101,443,141
14,38,197,157,62,490,120,249,250,218,222,395
14,39,120,199,247,68,5,442,413,88,185,115
14,40,499,395,141,254,213,453,412,266,210,115
14,41,124,398,56,300,479,30,271,471,88,373
14,42,319,226,243,27,203,223,413,219,280,208
14,43,148,124,206,24,120,38,200,359,85,262
14,44,238,100,322,177,358,297,115,207,58,198
14,45,204,475,335,489,254,17,246,95,373,102
14,46,350,107,23,452,5,433,305,282,242,317
14,47,108,137,60,66,112,119,324,96,238,323
15,0,320,220,458,39,416,464,334,38,353,304
15,1,345,144,382,242,496,123,174,146,323,209
15,2,335,304,129,311,171,324,287,454,50,500
15,3,280,78,374,482,220,14,319,316,489,186
15,4,289,430,406,148,331,469,62,367,144,356
15,5,83,339,117,177,91,220,279,293,162,376
15,6,239,194,116,309,468,395,409,14,260,379
15,7,49,105,383,312,492,77,323,451,441,181
15,8,45,493,77,115,111,241,409,252,510,415
15,9,76,70,56,295,221,511,423,50,254,187
15,10,492,454,157,397,410,180,427,347,203,283
15,11,311,427,371,492,99,490,244,163,462,30
15,12,342,356,21,288,280,206,2,153,501,230
15,13,322,196,68,34,53,163,400,433,309,112
15,14,470,377,405,291,197,436,434,124,492,214
15,15,15,373,135,245,275,420,73,339,295,187
15,16,340,380,238,7,388,391,322,98,383,345
15,17,163,391,336,281,138,321,264,420,32,245
15,18,12,324,121,88,193,356,372,160,65,485
15,19,324,306,438,470,319,239,90,148,42,463
15,20,309,291,311,382,106,261,431,83,292,116
15,21,450,44,350,443,404,125,485,231,135,497
15,22,82,319,298,234,238,197,458,117,474,378
15,23,438,142,420,455,23,113,14,504,80,302
15,24,493,200,142,475,241,413,397,344,111,248
15,25,76,167,295,381,56,384,411,254,469,248
15,26,454,367,347,492,392,397,73,118,41,452
15,27,244,311,427,99,478,22,57,475,60,145
15,28,342,501,280,373,139,385,356,153,21,294
15,29,452,230,96,322,112,315,68,350,341,163
15,30,436,434,237,9,124,339,7,501,135,266
15,31,373,15,227,454,71,345,135,122,194,191
15,32,340,380,391,30,383,327,56,461,473,388
15,33,163,321,15,336,391,281,41,87,417,489
15,34,12,344,107,421,301,311,356,88,449,262
15,35,324,306,77,497,176,90,463,180,478,346
15,36,311,328,338,82,291,24,11,292,384,62
15,37,84,443,450,350,326,303,125,387,244,141
15,38,82,197,238,319,218,80,101,117,147,359
15,39,438,115,185,422,499,452,510,22,197,210
15,40,270,382,126,442,469,256,48,23,79,251
15,41,471,479,88,44,231,301,507,185,390,495
15,42,296,10,165,496,162,297,280,425,240,441
15,43,173,38,196,48,20,10,240,310,28,30
15,44,207,451,267,76,419,300,166,358,483,197
15,45,428,356,42,174,398,25,348,236,416,507
15,46,495,232,438,271,363,488,281,508,19,362
15,47,242,108,398,442,162,117,129,193,86,403
16,0,461,280,12,80,189,223,383,63,266,340
16,1,489,438,90,281,269,336,137,396,41,379
16,2,213,276,202,277,441,34,119,71,118,81
16,3,78,280,100,73,374,434,255,392,144,34
16,4,331,121,83,82,420,442,430,424,60,135
16,5,460,34,476,421,57,336,302,366,432,106
16,6,401,7,286,61,395,484,373,381,151,106
16,7,397,312,299,107,480,32,290,474,419,505
16,8,225,370,92,216,439,493,324,510,84,247
16,9,126,274,511,123,321,42,469,221,56,144
16,10,483,206,397,182,430,307,102,347,367,94
16,11,311,30,175,295,492,349,417,50,163,365
16,12,2,338,356,191,23,112,280,122,468,77
16,13,322,350,196,68,163,459,415,433,127,290
16,14,84,377,470,42,331,2,479,492,106,402
16,15,373,135,15,339,245,389,380,420,345,247
16,16,340,380,270,59,391,260,277,7,322,197
16,17,391,418,280,41,32,428,308,363,330,393
16,18,380,218,12,139,315,166,44,232,338,356
16,19,497,324,360,235,43,499,306,470,2,239
16,20,82,328,480,152,384,311,319,120,382,309
16,21,84,450,125,443,244,209,437,342,274,269
16,22,82,216,4,80,65,266,450,421,69,130
16,23,452,1,415,185,80,492,438,85,23,41
16,24,225,493,40,329,484,136,324,413,299,125
16,25,56,126,324,469,248,381,203,261,499,274
16,26,367,383,422,429,479,201,452,57,500,312
16,27,265,272,391,439,104,240,259,430,145,188
16,28,359,192,332,319,497,122,112,23,402,119
16,29,428,495,230,452,322,267,68,290,338,403
16,30,180,84,467,7,2,34,184,275,510,113
16,31,509,379,292,190,395,99,393,118,369,259
16,32,56,111,228,259,327,71,36,205,30,473
16,33,417,15,472,330,24,239,1,427,183,393
16,34,380,139,441,12,421,304,40,218,311,445
16,35,324,2,77,497,406,232,164,462,208,402
16,36,338,328,82,311,11,107,24,83,384,120
16,37,84,450,125,382,326,190,443,239,350,204
16,38,82,197,147,216,4,458,395,62,105,337
16,39,185,115,138,403,328,120,197,290,438,374
16,40,291,346,270,23,469,301,48,382,213,79
16,41,88,356,390,495,398,471,54,418,38,479
16,42,296,441,359,496,363,165,233,37,203,439
16,43,484,173,150,31,451,20,48,372,85,401
16,44,207,358,228,199,506,300,64,76,483,305
16,45,348,356,42,398,428,231,99,293,360,480
16,46,299,232,194,258,454,240,267,311,96,139
16,47,90,457,303,242,86,398,284,315,389,291
17,0,393,491,166,116,457,23,182,178,258,335
17,1,90,281,196,388,336,417,105,280,234,422
17,2,486,212,503,350,25,63,201,172,387,425
17,3,301,280,31,255,374,100,81,140,34,453
17,4,83,203,188,29,331,469,246,143,319,235
17,5,421,163,460,34,366,336,57,476,183,302
17,6,491,173,307,311,7,462,83,101,426,145
17,7,129,480,397,312,221,96,299,292,419,105
17,8,493,215,441,40,203,445,291,484,229,153
17,9,76,421,327,56,394,176,123,158,496,469
17,10,397,410,61,232,347,180,65,115,24,56
17,11,283,340,175,73,403,427,311,179,302,30
17,12,445,122,396,280,332,5,342,125,437,184
17,13,163,322,112,196,132,182,68,188,459,34
17,14,124,339,156,470,42,287,436,479,397,209
17,15,373,135,15,420,191,339,345,227,75,245
17,16,340,380,461,7,78,391,277,59,388,30
17,17,41,391,336,321,163,281,308,32,418,87
17,18,139,12,441,121,226,338,205,356,140,124
17,19,324,208,349,232,319,235,239,488,346,497
17,20,83,82,338,120,311,384,449,197,350,211
17,21,84,437,82,8,125,321,106,141,489,244
17,22,266,82,1,168,22,447,167,288,274,459
17,23,420,113,90,8,415,293,142,252,408,13
17,24,344,413,493,125,38,299,18,333,120,180
17,25,56,469,147,110,397,375,496,51,381,464
17,26,367,116,156,41,383,452,76,135,300,418
17,27,306,342,423,93,104,155,283,41,453,27
17,28,102,319,212,122,402,5,342,93,348,328
17,29,452,96,403,182,41,54,492,158,86,230
17,30,292,282,434,180,392,378,216,339,495,17
17,31,345,257,385,424,214,355,393,256,269,59
17,32,473,30,199,71,72,259,136,44,56,137
17,33,183,427,239,412,417,472,89,251,134,330
17,34,90,311,188,262,281,355,40,490,421,372
17,35,324,208,402,164,406,497,195,95,349,494
17,36,338,425,82,156,328,311,107,384,292,250
17,37,125,489,84,106,141,244,382,8,161,241
17,38,22,82,197,168,288,147,447,323,62,126
17,39,185,413,199,1,115,120,415,197,126,150
17,40,291,346,270,79,48,23,301,17,472,286
17,41,495,418,88,356,471,323,120,479,249,507
17,42,363,496,296,51,469,233,165,44,504,146
17,43,196,85,311,424,240,234,312,253,372,292
17,44,483,207,197,227,143,419,451,67,141,201
17,45,408,32,356,42,218,443,451,398,63,461
17,46,490,434,232,362,85,19,20,37,27,438
17,47,467,242,299,398,140,403,86,442,129,237
18,0,364,81,285,153,303,185,256,408,50,476
18,1,35,15,112,455,145,497,461,217,474,275
18,2,446,453,18,327,366,169,88,487,244,178
18,3,374,78,312,114,319,259,278,28,263,457
18,4,11,236,300,228,331,171,108,268,481,61
18,5,199,281,511,85,428,462,384,315,64,359
18,6,395,228,325,414,351,167,363,18,369,122
18,7,17,96,102,488,384,254,69,490,292,278
18,8,225,370,396,359,286,415,456,84,364,247
18,9,321,511,56,87,291,489,203,477,27,108
18,10,325,229,312,116,372,243,73,148,75,41
18,11,311,192,272,317,391,106,191,130,104,332
18,12,356,139,450,329,90,264,25,490,150,338
18,13,68,387,400,53,290,322,501,428,469,256
18,14,470,377,331,424,138,212,387,214,274,479
18,15,135,245,193,280,15,227,347,295,494,269
18,16,380,388,482,260,191,7,322,391,205,59
18,17,105,161,473,280,200,469,363,428,215,90
18,18,119,371,201,465,64,488,148,274,209,124
18,19,470,170,362,319,105,394,413,125,2,131
18,20,309,486,377,261,62,70,342,191,382,116
18,21,273,497,468,462,387,152,157,491,126,159
18,22,197,380,218,266,378,421,492,89,217,497
18,23,199,247,186,504,415,68,492,44,191,387
18,24,370,225,286,84,247,63,180,16,495,417
18,25,489,420,511,165,51,199,147,74,248,56
18,26,107,461,203,325,471,372,312,201,213,167
18,27,311,492,391,33,261,54,397,180,104,350
18,28,356,245,490,153,329,63,139,164,373,346
18,29,387,22,290,154,288,148,68,469,224,302
18,30,470,377,274,64,387,479,331,14,212,441
18,31,245,15,193,135,318,374,200,227,113,494
18,32,380,391,7,228,191,322,388,473,482,429
18,33,105,435,200,161,363,1,15,4,489,139
18,34,119,71,488,347,371,128,40,454,465,201
18,35,362,462,232,170,105,342,267,414,237,169
18,36,149,107,292,152,495,378,398,80,384,250
18,37,152,468,462,125,373,303,144,190,393,491
18,38,197,127,508,456,458,299,329,378,402,492
18,39,199,120,229,356,219,186,102,247,115,5
18,40,141,449,472,250,386,305,27,466,286,61
18,41,217,54,105,426,13,261,56,30,6,346
18,42,501,306,400,181,332,207,126,223,271,179
18,43,120,220,206,200,475,34,328,467,403,493
18,44,207,76,217,350,215,419,213,128,154,5
18,45,168,64,481,60,42,402,367,6,347,268
18,46,357,290,232,374,438,346,362,85,235,271
18,47,233,260,143,242,294,225,140,296,162,398
19,0,87,436,159,84,449,364,287,20,268,143
19,1,161,355,388,72,90,364,281,109,113,204
19,2,229,486,419,251,350,34,93,448,212,146
19,3,78,374,370,280,301,240,305,100,133,176
19,4,331,420,430,194,83,6,195,436,278,62
19,5,349,388,156,307,87,405,212,293,441,91
19,6,436,25,100,429,491,7,403,478,303,395
19,7,96,240,82,299,234,312,480,62,136,419
19,8,225,493,220,198,247,329,315,216,370,415
19,9,327,76,56,221,50,493,481,499,421,333
19,10,397,42,275,307,333,254,138,114,232,56
19,11,403,311,175,179,427,248,80,150,506,292
19,12,62,174,71,338,95,26,374,342,292,280
19,13,322,163,196,459,192,96,108,198,55,182
19,14,42,13,186,287,423,292,141,479,470,397
19,15,373,135,15,390,227,339,380,245,191,420
19,16,340,380,22,7,3,78,152,391,383,407
19,17,281,163,138,391,32,191,336,41,108,393
19,18,204,73,121,456,72,197,193,356,380,19
19,19,481,235,125,42,324,239,137,208,470,90
19,20,293,314,503,311,116,309,82,382,376,261
19,21,44,235,84,125,190,489,315,196,70,159
19,22,95,67,421,298,191,508,313,475,227,331
19,23,415,504,64,13,150,90,309,432,80,5
19,24,493,225,220,198,117,510,247,330,80,329
19,25,56,199,76,327,493,384,248,203,333,147
19,26,275,42,367,228,307,315,75,397,220,372
19,27,403,175,311,57,96,306,22,394,417,317
19,28,342,62,338,71,10,319,328,174,95,402
19,29,96,192,452,322,68,315,400,54,150,170
19,30,42,186,470,180,296,135,287,339,173,216
19,31,373,339,390,135,122,2,227,78,454,354
19,32,340,22,380,391,458,383,7,3,156,59
19,33,281,391,15,183,163,108,1,130,489,427
19,34,204,73,456,197,380,99,193,301,344,480
19,35,481,474,324,406,235,239,60,236,42,214
19,36,149,116,425,107,265,479,292,270,384,291
19,37,44,382,303,142,420,144,489,443,125,275
19,38,298,197,218,326,95,198,492,68,395,313
19,39,115,337,185,22,399,37,437,240,210,120
19,40,270,251,126,299,437,444,301,171,279,149
19,41,471,479,54,185,349,107,302,449,231,507
19,42,430,286,441,296,36,241,412,8,165,388
19,43,85,446,361,386,11,307,482,75,30,267
19,44,315,76,207,483,419,399,373,67,201,300
19,45,42,168,237,356,213,218,440,443,348,420
19,46,510,445,232,362,382,496,266,346,85,53
19,47,90,120,242,297,398,125,461,163,506,230
20,0,499,182,241,408,212,192,111,482,372,294
20,1,382,328,245,315,196,200,291,90,33,423
20,2,65,377,208,335,332,11,61,212,275,426
20,3,427,491,180,2,21,128,257,53,319,72
20,4,270,148,370,381,319,163,246,70,383,355
20,5,442,209,356,281,237,97,371,453,157,276
20,6,54,154,448,100,474,18,489,403,436,493
20,7,46,361,383,102,57,332,488,292,69,473
20,8,91,336,266,493,417,225,460,412,359,396
20,9,203,102,199,321,261,87,411,182,147,27
20,10,213,27,422,229,14,322,295,243,71,372
20,11,84,311,272,104,464,332,270,350,265,430
20,12,356,139,264,491,450,150,90,296,25,490
20,13,387,68,400,322,230,256,428,290,302,437
20,14,470,377,479,138,387,424,331,64,212,233
20,15,135,245,15,193,362,394,167,420,71,200
20,16,380,482,391,340,260,7,322,191,308,277
20,17,215,90,463,363,58,280,473,105,200,15
20,18,201,371,155,148,356,465,64,454,274,421
20,19,282,319,394,147,362,43,230,361,105,125
20,20,311,377,382,261,152,148,316,70,309,384
20,21,468,462,269,274,185,497,283,256,125,489
20,22,197,378,421,108,508,380,217,147,492,89
20,23,247,199,387,186,504,419,122,415,102,407
20,24,225,370,247,216,84,286,180,248,412,355
20,25,56,420,49,221,349,489,32,321,411,511
20,26,282,195,234,27,372,312,295,461,201,203
20,27,311,392,33,350,261,180,238,391,457,57
20,28,139,356,2,245,180,490,264,329,164,450
20,29,250,154,290,387,315,302,501,68,148,200
20,30,470,377,130,387,176,426,441,424,29,339
20,31,245,15,135,73,2,420,339,395,122,69
20,32,380,482,322,228,71,259,473,193,78,290
20,33,215,463,489,153,200,432,24,363,479,105
20,34,432,83,188,227,491,201,407,11,71,155
20,35,406,282,462,403,6,324,232,240,511,494
20,36,394,384,149,86,144,148,378,80,332,425
20,37,144,303,125,503,468,97,355,319,462,489
20,38,53,378,299,508,147,197,363,342,450,492
20,39,199,247,120,59,102,115,186,252,392,203
20,40,141,51,250,395,352,499,472,386,500,392
20,41,217,426,272,54,56,6,337,347,498,105
20,42,425,306,390,207,268,24,501,171,296,386
20,43,220,120,206,200,34,284,328,467,454,361
20,44,76,207,297,350,217,215,213,486,295,362
20,45,168,481,64,220,285,158,60,265,402,508
20,46,357,374,232,290,346,300,24,240,438,85
20,47,445,242,204,343,254,60,398,403,345,129
21,0,227,194,298,380,109,331,83,261,114,249
21,1,382,70,466,27,11,367,330,365,88,150
21,2,426,365,65,239,125,377,61,335,84,470
21,3,143,409,497,427,232,304,405,365,361,332
21,4,426,27,252,118,469,496,502,213,270,387
21,5,445,442,91,162,242,384,265,157,321,72
21,6,54,154,474,448,28,31,477,105,445,100
21,7,76,335,473,330,122,346,197,270,332,140
21,8,493,330,487,45,412,19,170,79,402,448
21,9,76,256,494,185,220,123,505,119,384,496
21,10,2,397,156,410,416,65,275,135,24,364
21,11,0,340,311,427,502,371,261,283,30,181
21,12,342,358,139,445,423,199,324,53,125,333
21,13,452,322,350,192,11,170,54,146,96,386
21,14,416,224,189,158,128,282,434,31,454,321
21,15,24,345,278,393,385,92,69,2,113,423
21,16,340,380,461,30,277,59,435,106,473,434
21,17,281,393,108,135,450,429,212,330,391,308
21,18,193,174,205,160,68,38,363,390,474,454
21,19,235,324,261,239,478,84,211,243,219,460
21,20,479,113,116,166,126,120,149,19,107,425
21,21,44,489,468,241,125,157,219,82,356,431
21,22,508,147,70,429,251,234,455,62,153,421
21,23,455,14,442,328,474,300,265,492,150,462
21,24,80,406,487,412,7,293,0,493,341,299
21,25,496,256,114,290,375,494,119,467,124,110
21,26,388,452,334,41,57,449,288,458,510,338
21,27,225,61,466,57,445,396,160,60,30,212
21,28,342,445,193,319,15,437,199,20,490,382
21,29,230,452,492,402,363,96,496,430,502,403
21,30,426,180,135,511,434,339,70,9,416,75
21,31,2,355,361,282,309,242,269,214,498,345
21,32,340,111,228,259,473,50,200,177,78,248
21,33,130,183,46,169,399,435,458,412,330,464
21,34,193,488,71,281,449,372,421,491,40,367
21,35,474,237,261,406,500,239,211,462,494,321
21,36,425,107,311,424,292,120,495,350,80,500
21,37,44,489,209,382,256,144,473,303,443,244
21,38,197,157,53,147,299,359,303,28,156,374
21,39,120,442,150,199,413,240,185,59,197,88
21,40,239,254,141,378,115,499,10,213,453,472
21,41,356,390,359,426,17,85,249,309,246,54
21,42,296,124,441,233,442,280,80,155,181,439
21,43,85,451,24,303,307,203,30,23,168,67
21,44,238,76,419,207,502,228,170,154,267,344
21,45,204,25,168,430,220,356,452,42,440,233
21,46,374,232,85,338,418,286,27,67,281,508
21,47,138,242,398,60,273,129,227,442,343,294
22,0,478,121,45,433,154,195,332,405,229,56
22,1,223,340,219,75,330,488,22,280,290,40
22,2,240,426,377,491,142,262,175,459,38,493
22,3,203,140,31,361,409,292,321,414,386,453
22,4,363,217,246,416,400,244,444,503,387,170
22,5,442,430,3,414,223,437,30,456,91,120
22,6,370,56,173,273,460,405,300,28,314,82
22,7,437,266,443,388,467,380,30,300,168,211
22,8,412,226,415,472,222,421,501,299,15,293
22,9,3,198,215,92,123,253,305,496,1,94
22,10,458,116,281,344,13,231,124,505,252,486
22,11,218,489,65,109,29,431,93,394,423,447
22,12,139,10,354,108,80,413,405,46,203,248
22,13,92,428,287,63,46,411,409,474,67,297
22,14,130,479,197,389,387,21,149,177,310,53
22,15,135,15,245,420,339,2,227,187,167,247
22,16,380,482,322,340,187,7,78,49,156,434
22,17,463,90,215,58,489,428,363,382,280,391
22,18,199,65,449,332,311,356,454,16,488,64
22,19,462,314,230,394,235,319,267,43,4,125
22,20,394,424,357,152,80,497,126,377,279,103
22,21,468,462,393,259,209,319,241,256,135,157
22,22,480,458,218,395,197,380,227,508,80,147
22,23,247,199,186,114,30,44,414,419,122,245
22,24,225,248,247,417,69,332,180,412,216,495
22,25,56,221,181,74,349,190,248,165,51,147
22,26,316,68,252,201,41,195,364,312,248,422
22,27,423,431,29,396,398,457,472,247,65,60
22,28,466,367,293,69,15,358,497,415,275,10
22,29,268,366,145,293,30,85,439,250,469,67
22,30,17,339,495,266,224,510,312,29,148,282
22,31,34,215,330,2,173,29,424,239,454,478
22,32,259,190,71,473,241,317,256,327,230,490
22,33,482,24,330,183,130,135,483,139,393,298
22,34,333,421,491,71,155,262,4,446,301,40
22,35,208,511,232,406,500,324,462,494,346,6
22,36,149,107,425,320,487,292,270,188,86,288
22,37,303,135,209,125,468,174,161,12,363,462
22,38,147,197,458,266,299,234,53,62,113,218
22,39,489,311,481,307,497,94,280,186,468,282
22,40,320,270,399,455,477,473,427,405,35,221
22,41,102,471,323,398,238,343,274,302,507,138
22,42,272,296,318,413,165,203,397,241,262,504
22,43,195,240,307,222,398,503,8,208,500,447
22,44,207,76,419,228,197,268,267,205,502,506
22,45,356,168,42,420,443,220,247,451,398,388
22,46,232,404,111,374,88,281,438,496,58,476
22,47,60,242,398,249,227,35,129,442,243,452
23,0,393,220,290,474,99,282,18,41,122,36
23,1,144,55,345,382,62,236,24,15,283,219
23,2,287,335,377,38,507,493,311,184,262,154
23,3,240,280,392,78,147,234,180,409,502,472
23,4,402,244,348,381,270,485,356,487,331,262
23,5,279,305,433,120,453,499,384,414,281,438
23,6,173,83,268,31,18,101,307,477,301,34
23,7,417,467,49,98,292,133,196,1,168,300
23,8,79,487,323,211,412,415,20,501,18,483
23,9,187,220,123,190,198,221,403,188,345,100
23,10,116,443,491,418,444,13,90,470,364,386
23,11,396,443,453,307,314,136,481,30,447,417
23,12,396,445,15,115,358,184,122,193,428,405
23,13,479,452,322,492,315,430,285,478,293,350
23,14,17,380,327,59,478,304,62,113,440,297
23,15,261,182,393,2,277,309,195,269,259,251
23,16,380,116,259,50,30,473,362,64,423,460
23,17,233,412,19,353,450,341,464,489,213,487
23,18,193,205,395,454,356,412,371,490,139,31
23,19,261,235,474,208,211,324,178,346,267,219
23,20,149,103,79,455,186,206,119,276,384,303
23,21,94,318,125,132,443,82,177,138,34,489
23,22,144,197,140,146,176,101,484,199,27,443
23,23,16,400,172,481,419,492,22,53,413,474
23,24,203,406,69,185,371,153,412,495,358,18
23,25,375,92,496,198,467,5,151,94,234,123
23,26,260,388,252,356,457,189,418,248,463,104
23,27,453,396,423,160,264,227,19,27,502,212
23,28,396,223,15,114,22,262,193,195,122,319
23,29,452,403,230,495,492,402,496,502,308,422
23,30,237,434,378,426,180,97,446,457,54,373
23,31,2,215,472,282,394,214,371,464,113,385
23,32,340,259,228,473,190,50,116,59,434,7
23,33,183,24,200,489,89,472,330,464,130,427
23,34,193,139,281,367,395,40,421,355,314,155
23,35,474,261,195,237,324,462,478,406,111,267
23,36,311,328,338,425,11,431,495,274,62,292
23,37,374,443,218,489,103,245,473,84,267,303
23,38,238,197,53,359,147,101,474,140,80,22
23,39,120,185,150,88,199,59,442,213,5,492
23,40,141,239,206,10,472,378,210,286,47,115
23,41,356,359,390,88,398,97,471,54,85,129
23,42,296,203,146,183,404,441,496,51,400,331
23,43,85,196,300,372,451,443,262,405,200,493
23,44,419,150,207,110,228,483,368,76,166,502
23,45,218,32,42,408,168,356,451,482,420,289
23,46,434,362,363,232,85,374,438,271,404,286
23,47,467,242,398,176,403,129,153,201,237,255
24,0,81,153,285,364,332,185,476,303,256,50
24,1,497,35,145,455,312,15,489,461,217,275
24,2,463,453,284,244,254,428,248,298,229,287
24,3,457,114,481,278,259,2,312,226,351,241
24,4,11,162,141,171,228,341,31,158,236,474
24,5,467,277,178,503,397,316,45,261,217,412
24,6,351,414,122,363,355,104,8,190,504,284
24,7,254,384,102,454,311,416,477,17,127,204
24,8,352,302,411,271,456,180,310,417,396,379
24,9,203,102,411,495,261,165,445,27,192,7
24,10,229,75,312,372,325,73,318,148,295,243
24,11,272,192,191,106,317,104,391,22,464,265
24,12,139,25,490,450,329,119,81,264,79,364
24,13,428,469,293,366,439,68,403,495,269,501
24,14,380,32,138,216,424,310,259,470,129,373
24,15,357,156,480,393,144,347,270,136,286,100
24,16,228,388,116,386,178,383,436,50,503,259
24,17,469,100,280,135,464,4,161,200,256,380
24,18,209,449,420,454,90,16,239,446,124,262
24,19,261,170,359,470,375,413,420,414,251,488
24,20,384,425,205,424,126,149,120,452,284,144
24,21,462,468,376,431,387,497,82,329,310,125
24,22,436,218,383,147,217,497,197,508,89,395
24,23,356,350,440,131,280,44,229,159,378,414
24,24,494,456,417,332,21,120,84,24,271,16
24,25,102,74,283,54,192,147,159,165,496,318
24,26,11,332,316,325,359,171,461,198,511,498
24,27,254,430,444,455,167,423,151,324,350,265
24,28,61,247,496,119,349,114,266,367,262,146
24,29,469,290,395,374,365,308,268,327,278,200
24,30,220,59,307,380,193,259,358,144,162,495
24,31,195,270,140,278,182,144,24,257,345,259
24,32,228,386,460,380,259,82,474,383,116,499
24,33,45,111,417,444,4,292,63,424,464,369
24,34,83,461,40,491,71,444,355,11,247,465
24,35,229,164,462,43,278,325,6,198,53,319
24,36,149,320,487,156,139,422,473,68,222,415
24,37,303,468,141,209,462,174,135,161,319,382
24,38,436,383,197,456,299,53,342,378,362,494
24,39,356,229,94,350,98,282,283,280,37,307
24,40,249,427,96,251,242,299,256,296,367,270
24,41,471,238,507,323,138,54,274,316,102,52
24,42,272,165,271,413,318,162,203,262,8,332
24,43,500,300,85,14,196,20,163,382,208,476
24,44,76,207,419,197,315,150,267,483,307,506
24,45,168,218,443,63,42,356,238,220,237,452
24,46,88,297,232,85,362,374,463,271,273,292
24,47,143,233,260,242,225,403,129,411,296,358
25,0,87,436,84,159,449,364,472,22,20,287
25,1,161,355,489,72,364,109,41,321,231,133
25,2,229,287,419,1,93,328,251,19,438,400
25,3,374,78,305,301,498,263,34,255,392,490
25,4,400,331,194,420,195,430,270,6,232,278
25,5,279,405,349,441,477,183,91,266,453,384
25,6,436,429,25,478,4,31,286,100,101,395
25,7,96,82,240,54,299,312,234,383,419,465
25,8,225,145,247,174,260,415,293,229,202,464
25,9,327,221,481,56,50,321,143,309,291,187
25,10,307,275,272,386,2,367,42,184,88,0
25,11,311,506,248,499,173,271,462,349,209,403
25,12,62,71,174,34,10,338,485,368,173,474
25,13,322,235,237,510,196,372,68,83,108,28
25,14,423,397,42,175,353,13,470,186,133,265
25,15,373,135,227,390,339,454,420,75,15,318
25,16,340,148,380,22,391,383,388,78,308,7
25,17,391,110,330,46,363,281,163,393,135,32
25,18,72,193,456,197,121,73,372,371,177,421
25,19,235,42,125,324,460,90,239,319,17,394
25,20,503,293,384,443,70,259,116,309,431,382
25,21,125,44,231,489,315,374,473,497,106,326
25,22,298,95,197,67,202,94,141,420,421,219
25,23,185,90,415,51,422,150,504,177,455,442
25,24,225,493,117,323,327,510,229,247,248,408
25,25,199,56,327,308,124,203,489,333,221,248
25,26,275,443,220,42,272,315,307,367,75,386
25,27,311,57,104,175,22,445,180,60,261,417
25,28,338,148,62,342,319,10,356,131,25,71
25,29,322,136,433,68,400,53,315,131,235,372
25,30,470,71,510,9,42,479,176,197,180,29
25,31,373,15,135,245,339,2,75,423,295,269
25,32,340,380,473,352,259,111,7,78,461,322
25,33,447,511,391,281,382,24,330,130,308,32
25,34,193,480,72,359,449,301,65,160,380,421
25,35,362,324,405,158,164,448,105,185,283,232
25,36,141,356,311,291,374,80,107,495,503,419
25,37,401,44,432,441,246,404,374,367,326,274
25,38,249,197,420,218,298,411,67,147,458,227
25,39,244,470,5,27,492,8,210,185,115,290
25,40,486,295,451,143,206,27,442,472,149,339
25,41,84,287,301,493,447,471,359,34,249,426
25,42,388,74,204,295,81,404,296,83,146,0
25,43,77,494,85,240,238,55,203,372,451,405
25,44,315,76,150,207,483,494,393,385,314,228
25,45,168,22,289,481,42,237,298,199,402,251
25,46,445,25,418,299,168,362,232,350,58,404
25,47,445,90,343,254,242,204,49,296,60,387
26,0,83,298,194,331,261,109,380,214,333,169
26,1,97,466,70,77,15,132,46,141,32,178
26,2,270,239,409,61,130,84,122,125,308,207
26,3,148,14,143,392,4,105,405,140,332,454
26,4,496,389,252,410,426,27,68,97,187,325
26,5,250,138,446,9,83,236,91,468,339,174
26,6,18,314,445,508,31,494,301,477,270,160
26,7,399,242,215,346,330,241,197,440,161,463
26,8,430,170,493,464,241,30,109,147,412,483
26,9,295,76,167,318,471,202,56,422,505,329
26,10,220,403,397,203,275,240,416,156,65,313
26,11,311,184,427,371,99,244,30,502,134,477
26,12,342,139,264,21,306,298,459,180,346,423
26,13,433,322,146,192,54,350,386,259,196,262
26,14,510,470,148,71,405,312,128,436,402,339
26,15,15,135,373,245,339,420,113,2,442,227
26,16,380,340,391,7,322,461,36,59,388,38
26,17,281,391,308,363,32,330,447,511,192,135
26,18,193,359,160,121,72,372,433,251,129,124
26,19,448,405,158,13,131,235,362,319,394,324
26,20,356,141,374,443,265,382,311,384,495,70
26,21,401,44,246,441,125,488,432,404,326,241
26,22,249,30,60,157,75,250,24,120,197,210
26,23,142,455,328,470,244,252,185,448,17,37
26,24,493,396,225,475,241,344,142,408,165,372
26,25,295,56,76,35,221,197,496,471,280,349
26,26,73,57,388,297,267,452,201,54,416,184
26,27,311,244,184,492,427,447,180,93,99,22
26,28,153,342,356,63,139,46,176,182,230,329
26,29,387,136,132,230,290,309,23,341,322,433
26,30,470,71,377,405,510,57,179,339,479,387
26,31,15,245,73,135,227,339,2,478,373,269
26,32,340,380,391,7,473,238,322,71,228,149
26,33,391,489,330,24,363,139,420,298,200,15
26,34,359,115,160,318,104,10,488,193,433,367
26,35,362,405,185,93,324,406,494,462,438,13
26,36,141,374,360,356,495,311,11,490,384,382
26,37,401,432,246,316,101,404,44,125,326,334
26,38,157,249,197,24,60,250,75,120,458,62
26,39,120,199,247,59,244,68,7,5,185,392
26,40,395,499,213,305,266,115,79,183,392,301
26,41,300,84,287,30,426,140,105,124,510,271
26,42,226,27,124,319,368,243,500,208,280,179
26,43,148,124,206,77,457,120,200,494,85,443
26,44,238,100,297,198,115,66,76,58,322,36
26,45,204,475,335,489,17,254,261,388,246,442
26,46,350,338,418,452,305,282,107,182,388,391
26,47,138,60,273,360,343,137,47,115,253,240
27,0,121,45,154,299,332,478,397,433,488,420
27,1,340,212,510,345,160,473,223,207,141,135
27,2,113,171,61,240,409,308,356,304,389,489
27,3,203,148,14,140,438,386,238,0,305,319
27,4,480,363,469,387,444,322,367,416,246,217
27,5,3,91,162,242,9,30,83,259,177,501
27,6,370,235,18,445,468,314,31,44,173,425
27,7,215,479,492,150,49,476,266,335,437,203
27,8,412,241,293,170,388,19,147,415,476,341
27,9,295,464,76,500,503,505,39,123,437,305
27,10,364,150,510,135,288,338,458,505,116,463
27,11,65,427,431,489,29,145,212,306,134,428
27,12,342,230,323,319,139,354,203,298,118,405
27,13,350,322,415,173,409,54,262,386,132,502
27,14,405,470,197,42,479,492,478,2,134,510
27,15,15,135,245,420,227,373,339,300,75,2
27,16,380,340,7,78,383,59,322,461,98,391
27,17,391,280,281,308,200,420,135,233,251,15
27,18,160,104,193,356,311,38,359,205,391,301
27,19,235,324,84,185,57,314,93,448,466,141
27,20,141,374,384,350,70,11,382,304,400,376
27,21,246,401,468,404,319,432,101,125,367,44
27,22,250,249,120,157,197,490,342,130,53,218
27,23,185,474,415,437,149,14,407,265,41,328
27,24,225,130,344,241,248,460,45,495,180,16
27,25,56,74,221,411,248,349,496,198,261,147
27,26,260,73,201,395,41,422,372,461,288,364
27,27,457,344,423,431,180,447,493,29,439,22
27,28,415,342,323,490,139,252,176,46,382,142
27,29,230,403,322,30,173,418,422,132,430,492
27,30,176,442,416,496,119,266,29,216,312,134
27,31,15,245,135,2,71,345,227,122,269,182
27,32,380,340,228,473,156,71,383,460,72,7
27,33,391,15,24,382,489,330,135,417,447,420
27,34,193,311,36,65,104,160,243,355,488,421
27,35,362,394,93,185,195,105,462,164,406,405
27,36,141,374,311,80,490,270,11,443,360,495
27,37,101,432,316,246,38,125,401,404,443,326
27,38,197,157,250,120,249,490,62,247,458,351
27,39,120,199,247,59,68,240,452,185,30,102
27,40,395,499,266,305,141,254,33,250,61,316
27,41,300,124,140,136,87,230,217,4,162,301
27,42,319,226,243,430,218,27,462,18,179,223
27,43,148,206,124,24,349,120,457,359,264,32
27,44,238,100,322,297,370,115,198,66,58,83
27,45,204,475,335,489,254,17,437,301,261,6
27,46,350,23,107,452,305,282,242,433,156,391
27,47,108,137,66,60,112,119,324,96,238,451
28,0,220,458,334,320,145,38,473,470,44,392
28,1,345,382,144,242,202,477,283,64,170,123
28,2,335,304,50,287,399,409,363,159,278,171
28,3,280,240,14,78,148,300,220,503,333,24
28,4,289,148,324,429,469,107,62,13,365,356
28,5,162,91,339,433,121,346,183,115,51,279
28,6,116,239,286,194,409,14,293,272,379,54
28,7,383,49,396,312,299,181,161,476,372,492
28,8,208,493,225,293,510,415,153,412,408,220
28,9,56,76,327,505,295,254,221,123,496,143
28,10,410,397,364,116,54,404,135,386,231,56
28,11,321,244,427,175,428,311,16,403,431,283
28,12,342,95,252,21,338,0,304,206,212,358
28,13,322,196,23,459,350,415,163,54,433,262
28,14,42,405,326,397,470,197,402,434,236,377
28,15,135,373,15,420,245,339,75,227,300,208
28,16,340,380,391,7,3,78,461,383,59,352
28,17,281,391,108,192,308,363,382,420,447,32
28,18,121,160,193,356,324,372,480,12,359,311
28,19,158,324,60,448,362,235,497,319,90,314
28,20,141,431,356,419,80,291,495,472,350,382
28,21,125,44,241,382,404,235,70,246,489,432
28,22,420,298,197,421,477,311,120,62,336,342
28,23,185,470,455,14,5,142,13,415,27,492
28,24,493,45,241,413,165,225,510,248,344,142
28,25,76,295,494,56,221,199,411,469,74,248
28,26,54,397,367,258,347,410,135,427,157,461
28,27,244,311,175,295,427,321,403,306,132,16
28,28,342,356,415,252,338,95,373,164,2,481
28,29,322,23,433,196,136,415,459,68,315,96
28,30,405,470,377,434,42,71,326,216,510,469
28,31,15,135,373,245,339,71,187,227,380,2
28,32,340,380,391,3,190,156,352,460,71,383
28,33,391,281,363,24,308,447,496,15,108,420
28,34,193,372,121,65,445,480,160,301,333,454
28,35,362,324,406,158,195,60,105,185,283,363
28,36,141,419,495,292,80,376,149,301,291,120
28,37,44,432,246,404,303,101,401,468,274,125
28,38,298,420,197,120,360,250,167,477,234,492
28,39,59,244,120,185,199,492,392,41,27,140
28,40,221,126,499,320,356,270,125,447,509,315
28,41,84,507,301,449,479,471,359,302,249,493
28,42,296,388,404,425,81,323,241,295,134,108
28,43,85,416,361,200,191,168,311,196,451,405
28,44,315,207,169,76,483,170,373,53,228,46
28,45,168,42,25,233,199,356,289,220,158,115
28,46,510,232,374,496,240,293,476,438,346,55
28,47,120,242,461,162,398,90,227,86,345,21
29,0,499,182,241,212,294,192,457,60,240,475
29,1,328,382,245,15,148,315,452,336,188,198
29,2,208,284,144,189,65,304,61,81,423,278
29,3,491,2,312,319,506,170,180,28,427,134
29,4,163,70,148,451,373,356,304,370,286,462
29,5,442,209,129,97,372,276,371,281,157,411
29,6,235,272,18,54,284,293,395,425,493,75
29,7,383,361,46,468,488,57,407,233,493,492
29,8,225,91,336,359,286,412,293,417,396,266
29,9,56,27,203,464,321,123,108,199,505,93
29,10,75,229,318,372,144,463,312,73,116,260
29,11,130,272,475,351,191,22,464,254,180,132
29,12,203,118,354,342,10,405,364,46,139,270
29,13,409,196,433,322,492,439,469,428,256,386
29,14,479,470,135,424,445,64,492,202,214,245
29,15,2,227,135,420,195,442,354,277,394,345
29,16,380,116,362,228,50,193,455,434,48,349
29,17,90,464,233,489,148,428,46,129,221,445
29,18,356,247,454,155,205,488,83,77,491,31
29,19,261,43,41,511,169,400,211,439,178,251
29,20,384,149,126,279,425,428,399,87,419,505
29,21,468,303,241,217,397,463,462,219,374,497
29,22,420,218,311,197,421,14,227,103,380,459
29,23,300,186,29,328,445,30,280,252,131,349
29,24,494,336,333,293,412,456,417,502,341,180
29,25,102,197,435,496,297,271,375,107,198,1
29,26,101,11,159,128,252,132,171,225,316,498
29,27,254,177,431,88,278,423,430,436,398,133
29,28,466,69,106,209,227,419,55,247,262,61
29,29,268,469,422,430,395,308,327,474,41,145
29,30,193,474,202,58,380,119,172,379,0,144
29,31,379,144,99,124,387,2,357,478,269,450
29,32,495,404,228,448,185,204,327,384,44,386
29,33,414,275,369,364,56,292,24,183,99,427
29,34,298,150,461,345,230,39,83,368,145,303
29,35,462,494,205,178,295,431,85,198,346,439
29,36,149,320,188,505,277,103,156,415,419,273
29,37,303,125,174,468,462,144,503,141,217,382
29,38,197,299,53,352,62,70,234,282,147,247
29,39,22,350,399,27,214,1,319,50,497,437
29,40,221,270,351,320,477,134,256,79,473,509
29,41,471,323,302,507,238,274,246,316,102,372
29,42,296,413,8,318,289,26,418,288,134,165
29,43,85,240,269,500,404,194,37,230,295,300
29,44,76,315,207,141,228,419,373,53,483,268
29,45,168,42,220,430,452,356,25,413,443,199
29,46,232,374,67,85,438,362,170,476,404,88
29,47,445,242,343,461,473,162,296,345,131,129
30,0,227,194,298,261,380,83,331,88,114,109
30,1,382,70,466,206,88,75,245,134,487,150
30,2,365,426,61,239,65,487,84,335,29,197
30,3,232,361,405,394,143,14,409,388,21,427
30,4,426,118,27,252,502,219,434,387,469,496
30,5,445,442,91,49,162,446,242,9,372,129
30,6,54,235,191,18,477,203,280,31,34,276
30,7,76,95,181,335,468,332,122,346,133,247
30,8,241,19,45,408,170,79,464,414,153,415
30,9,494,76,295,187,220,56,190,123,360,471
30,10,76,157,410,427,364,203,267,419,116,429
30,11,244,427,311,321,428,371,261,136,443,262
30,12,342,53,21,264,0,423,153,298,118,230
30,13,350,146,322,11,205,23,415,452,54,393
30,14,402,416,510,405,179,321,197,138,100,326
30,15,15,245,135,420,73,2,345,339,247,373
30,16,380,340,7,98,391,88,78,322,59,3
30,17,420,391,281,382,363,308,108,233,135,491
30,18,115,193,160,359,10,104,68,243,324,38
30,19,362,93,448,60,405,185,284,84,13,239
30,20,141,374,490,356,431,495,296,311,292,11
30,21,246,125,44,468,401,432,101,404,316,46
30,22,157,250,120,197,24,75,210,60,218,234
30,23,470,442,185,252,14,17,27,23,13,474
30,24,165,45,241,406,408,428,493,19,54,225
30,25,494,68,76,295,114,280,74,504,511,182
30,26,157,203,461,48,267,288,297,250,485,372
30,27,311,492,244,261,443,184,163,422,427,317
30,28,342,153,356,53,230,346,63,139,164,264
30,29,387,230,309,68,23,290,136,433,132,488
30,30,470,402,377,179,339,387,29,212,405,510
30,31,15,245,73,135,318,227,494,389,339,232
30,32,340,380,88,322,98,391,7,228,191,473
30,33,391,420,489,251,382,363,281,80,375,200
30,34,193,160,115,359,10,243,104,36,372,68
30,35,362,93,185,405,209,284,448,403,237,406
30,36,141,374,490,311,360,495,319,419,431,51
30,37,316,101,432,246,401,404,44,160,125,421
30,38,157,250,120,24,60,197,75,210,458,62
30,39,120,199,59,247,68,452,394,227,252,499
30,40,499,395,141,266,254,305,316,250,361,135
30,41,300,124,87,140,88,390,47,230,84,136
30,42,243,226,124,319,27,462,179,218,223,296
30,43,148,206,124,120,457,24,264,273,359,328
30,44,100,238,58,115,297,15,322,198,36,66
30,45,204,489,335,475,17,45,6,301,388,261
30,46,350,338,305,107,282,242,391,23,452,187
30,47,138,360,273,60,137,343,108,295,115,30
31,0,121,478,45,433,154,195,405,332,229,402
31,1,223,340,75,22,40,280,330,219,487,323
31,2,240,426,142,491,61,380,377,225,389,197
31,3,203,31,140,409,386,453,361,321,126,332
31,4,363,400,217,503,434,387,246,416,444,394
31,5,3,91,430,437,442,162,20,260,183,414
31,6,56,173,370,273,44,314,300,460,19,101
31,7,437,266,443,388,76,380,1,30,300,211
31,8,412,415,226,472,222,153,15,293,299,501
31,9,3,215,92,198,253,464,123,1,415,120
31,10,116,458,124,505,344,281,190,364,231,13
31,11,344,218,65,29,489,431,311,395,488,423
31,12,139,230,323,354,405,358,176,264,312,406
31,13,350,322,196,433,204,121,469,105,262,409
31,14,197,479,402,135,492,405,510,149,2,134
31,15,245,15,135,420,300,227,339,24,389,75
31,16,380,340,88,322,7,78,98,3,156,260
31,17,391,382,420,135,200,233,363,308,307,280
31,18,104,160,243,237,319,311,65,193,331,205
31,19,93,362,57,185,209,130,141,394,235,84
31,20,141,374,490,311,382,11,319,296,360,292
31,21,316,101,468,246,125,38,274,489,443,231
31,22,250,157,490,120,197,218,147,53,234,342
31,23,68,247,199,361,7,252,50,120,122,239
31,24,225,45,130,344,460,248,445,165,417,180
31,25,56,221,411,74,248,254,349,7,124,190
31,26,260,461,259,201,73,41,372,364,116,325
31,27,344,439,311,180,29,261,493,430,457,423
31,28,182,323,139,46,118,124,164,230,435,264
31,29,230,196,104,350,492,284,41,496,322,418
31,30,197,402,470,2,405,168,387,29,312,216
31,31,245,15,135,227,339,295,454,187,2,420
31,32,340,380,88,7,3,156,383,71,467,193
31,33,391,420,15,382,363,402,330,200,24,135
31,34,243,237,36,160,104,121,1,193,65,155
31,35,362,93,185,209,463,395,57,394,105,130
31,36,141,374,490,311,360,410,11,431,51,62
31,37,101,316,160,246,421,432,125,404,38,401
31,38,157,250,490,120,197,319,62,73,218,27
31,39,120,199,59,247,394,68,452,499,227,185
31,40,499,141,395,254,266,61,305,250,74,408
31,41,300,47,124,87,88,398,390,261,346,217
31,42,243,319,218,226,462,18,179,27,434,223
31,43,148,124,206,457,24,120,264,68,359,328
31,44,238,100,322,297,58,115,198,66,15,370
31,45,204,475,335,489,272,45,53,6,301,261
31,46,350,23,107,305,452,282,242,156,391,433
31,47,108,66,137,60,112,119,324,238,295,96
32,0,393,220,474,282,290,99,18,41,122,36
32,1,144,55,62,240,345,420,64,134,443,111
32,2,287,335,304,507,311,61,253,493,262,81
32,3,240,280,78,392,100,14,503,147,31,126
32,4,278,331,402,244,348,246,289,502,394,262
32,5,279,433,305,120,499,23,361,376,438,473
32,6,173,83,268,307,239,18,31,34,101,477
32,7,417,49,467,312,196,133,292,7,1,476
32,8,323,79,412,147,415,215,483,225,20,293
32,9,187,220,123,190,384,56,221,496,198,158
32,10,443,116,90,364,427,418,386,181,76,410
32,11,396,443,453,29,373,369,30,262,371,136
32,12,396,115,310,122,184,20,244,319,15,328
32,13,322,11,350,54,502,262,480,386,415,341
32,14,397,156,365,224,468,510,158,442,217,494
32,15,420,345,278,2,300,460,195,348,135,15
32,16,340,380,277,461,59,259,7,423,30,137
32,17,391,382,315,363,308,281,96,233,450,475
32,18,193,68,172,105,126,17,121,498,319,88
32,19,241,362,57,65,473,369,235,58,284,314
32,20,319,60,51,431,11,36,490,311,271,382
32,21,38,295,172,443,213,125,468,326,101,145
32,22,238,481,101,197,490,319,246,73,140,62
32,23,346,185,452,492,14,292,442,64,150,49
32,24,406,225,266,408,323,248,460,165,180,344
32,25,220,381,411,221,74,100,151,496,108,199
32,26,73,260,259,309,41,4,76,461,367,444
32,27,4,439,475,478,431,453,447,443,160,100
32,28,396,139,114,55,212,382,122,164,15,342
32,29,230,403,495,452,132,496,30,469,200,196
32,30,237,176,426,510,339,312,342,204,387,480
32,31,15,339,227,135,2,389,330,71,318,300
32,32,340,380,156,259,78,59,71,383,352,473
32,33,391,382,96,363,342,277,417,447,315,424
32,34,193,68,17,172,126,105,498,367,65,155
32,35,362,241,30,461,105,57,237,283,394,65
32,36,431,311,60,80,495,292,275,419,319,108
32,37,38,295,172,213,125,169,443,101,145,24
32,38,238,101,481,490,73,319,246,197,360,140
32,39,120,199,452,59,346,492,68,394,185,51
32,40,348,120,266,250,135,499,92,141,305,429
32,41,88,390,136,140,47,30,217,489,56,507
32,42,37,18,458,319,354,99,223,406,293,404
32,43,38,349,24,120,206,124,31,328,50,405
32,44,456,402,297,76,217,81,115,58,215,323
32,45,64,191,10,335,494,265,507,489,280,366
32,46,163,350,363,250,23,107,5,122,167,452
32,47,108,508,66,137,479,400,112,176,323,407
33,0,434,446,189,211,414,503,133,432,466,507
33,1,390,438,126,30,474,490,94,45,372,450
33,2,283,96,86,385,446,258,394,163,366,273
33,3,78,374,280,434,392,370,14,60,284,232
33,4,178,331,420,430,278,498,436,62,232,121
33,5,57,34,476,460,421,302,51,336,293,376
33,6,286,325,169,106,304,280,428,18,373,143
33,7,474,32,312,299,225,406,121,376,227,419
33,8,225,484,247,232,370,216,261,204,459,323
33,9,126,511,274,109,221,56,410,426,42,142
33,10,286,38,384,184,398,385,509,206,430,367
33,11,311,492,257,384,443,163,16,392,420,477
33,12,2,23,0,204,440,10,139,503,264,356
33,13,196,309,485,433,350,235,123,259,510,322
33,14,84,300,377,387,204,470,479,86,224,176
33,15,15,245,73,135,2,442,339,300,345,366
33,16,380,340,482,7,156,238,388,260,322,135
33,17,363,277,391,382,437,498,315,330,463,496
33,18,105,200,166,146,172,65,498,17,201,442
33,19,65,362,320,172,369,463,9,461,394,319
33,20,463,38,495,319,145,84,382,82,62,60
33,21,38,360,289,213,446,27,125,411,326,145
33,22,241,238,197,124,229,380,202,27,329,220
33,23,185,293,199,51,59,49,415,300,413,488
33,24,484,225,232,261,247,216,204,359,370,408
33,25,221,56,381,411,511,170,452,67,10,180
33,26,286,367,384,430,184,203,38,267,461,199
33,27,311,86,4,354,492,263,475,392,121,391
33,28,204,440,356,503,2,139,329,46,23,245
33,29,452,309,290,68,196,433,387,495,53,508
33,30,470,331,2,398,402,176,237,197,377,387
33,31,15,245,135,339,73,2,269,187,69,347
33,32,340,7,380,467,327,232,156,342,228,473
33,33,382,391,277,363,200,496,489,24,417,183
33,34,65,200,498,166,372,121,172,17,344,36
33,35,362,65,369,215,105,463,30,462,288,314
33,36,38,431,319,311,495,410,463,62,120,82
33,37,125,360,38,289,213,84,27,122,303,326
33,38,197,238,101,241,124,380,246,218,229,62
33,39,452,120,199,185,59,492,5,115,413,328
33,40,346,141,499,250,382,270,61,292,239,266
33,41,88,489,390,301,136,47,356,89,141,56
33,42,37,466,354,496,296,400,175,293,458,154
33,43,38,31,24,30,120,200,148,349,484,451
33,44,358,207,299,76,70,419,150,215,502,36
33,45,348,218,261,147,236,168,335,507,495,356
33,46,167,163,495,257,350,438,281,1,362,404
33,47,508,4,242,75,235,176,398,442,420,97
34,0,461,280,496,12,494,322,107,383,266,63
34,1,406,438,317,213,396,314,308,355,479,198
34,2,90,40,353,420,146,276,202,158,484,34
34,3,434,73,280,326,100,78,374,255,143,60
34,4,121,138,498,420,356,232,355,262,365,331
34,5,421,34,163,57,460,507,302,498,230,362
34,6,146,374,401,246,373,61,7,106,367,28
34,7,32,290,107,299,474,397,292,488,312,270
34,8,225,324,136,376,443,309,412,286,375,454
34,9,293,489,496,53,327,56,123,65,326,251
34,10,483,430,182,116,267,144,286,367,372,38
34,11,175,50,29,447,349,295,264,306,241,136
34,12,77,191,137,414,112,480,328,254,212,413
34,13,293,322,32,85,469,480,422,88,340,462
34,14,394,478,59,496,35,4,202,445,2,310
34,15,261,2,172,168,394,278,345,182,123,100
34,16,380,259,473,30,340,297,50,434,367,423
34,17,391,418,280,445,496,385,472,330,24,308
34,18,380,166,44,218,463,315,232,397,311,415
34,19,164,84,230,497,178,358,494,180,65,64
34,20,36,38,82,296,319,120,376,211,382,379
34,21,411,84,125,213,122,224,145,289,8,357
34,22,4,100,216,337,229,158,197,167,462,26
34,23,452,413,252,441,166,185,419,14,64,49
34,24,136,225,412,310,299,413,248,120,180,286
34,25,56,499,110,1,381,349,412,248,422,489
34,26,383,201,479,458,267,500,452,295,325,422
34,27,247,230,177,400,289,208,199,29,104,47
34,28,77,192,318,333,402,329,31,437,497,111
34,29,403,293,495,200,469,250,428,374,340,422
34,30,478,97,157,392,467,73,0,4,402,446
34,31,309,173,448,269,509,273,257,276,99,454
34,32,228,4,381,50,297,30,224,321,327,71
34,33,434,308,197,183,341,24,56,472,213,21
34,34,380,372,84,311,166,463,421,301,342,244
34,35,215,406,497,494,402,72,511,227,163,301
34,36,38,120,292,296,80,431,495,328,410,207
34,37,125,84,411,213,155,122,289,342,145,387
34,38,4,197,100,216,158,62,229,238,458,105
34,39,185,120,5,199,203,80,413,129,452,415
34,40,346,239,305,61,27,101,181,301,52,270
34,41,88,356,390,38,301,351,398,346,359,249
34,42,175,37,90,192,466,496,302,293,296,404
34,43,484,31,85,315,112,485,300,150,234,191
34,44,299,70,358,37,92,76,199,207,266,61
34,45,348,218,118,99,32,239,356,275,182,213
34,46,343,311,246,299,454,416,43,164,194,263
34,47,210,90,457,485,163,299,412,395,70,393
35,0,491,110,354,493,63,248,297,12,33,480
35,1,355,326,308,105,72,392,313,196,165,417
35,2,25,13,104,58,474,394,186,438,419,158
35,3,78,14,280,301,300,483,374,34,19,65
35,4,289,188,331,379,430,252,420,333,25,178
35,5,163,421,34,57,197,457,366,336,507,183
35,6,217,127,7,216,333,332,423,434,499,361
35,7,349,240,260,105,299,480,83,312,292,96
35,8,225,208,370,376,375,136,216,469,391,143
35,9,56,221,327,511,499,123,254,489,326,176
35,10,258,367,187,286,38,42,386,307,84,347
35,11,311,403,175,285,158,80,295,132,447,349
35,12,109,472,77,499,0,2,468,414,235,212
35,13,196,322,149,85,480,32,259,65,264,53
35,14,469,42,405,481,197,510,492,402,139,100
35,15,135,15,345,2,339,464,380,300,278,470
35,16,340,380,407,7,458,460,461,367,156,277
35,17,391,264,382,41,418,277,363,308,415,496
35,18,380,463,498,12,344,356,397,17,236,53
35,19,497,470,224,477,319,227,387,235,358,232
35,20,211,82,410,36,38,319,296,449,382,443
35,21,125,411,84,145,122,49,42,213,291,261
35,22,482,32,197,238,411,101,29,4,210,62
35,23,185,139,452,14,441,492,188,324,454,352
35,24,225,375,134,441,136,408,223,469,274,310
35,25,56,338,221,381,254,499,450,303,198,411
35,26,367,259,258,201,307,187,250,199,267,203
35,27,29,4,238,417,104,100,22,475,306,411
35,28,109,77,472,201,235,139,0,402,10,437
35,29,495,452,403,150,196,341,322,315,422,480
35,30,469,176,49,402,9,237,180,495,29,360
35,31,345,454,278,339,242,2,78,15,260,368
35,32,340,380,407,466,71,461,156,259,321,417
35,33,264,391,417,382,472,277,153,483,298,200
35,34,463,344,380,311,372,498,440,36,40,124
35,35,215,224,164,497,232,84,105,208,237,394
35,36,211,410,207,431,38,495,328,80,62,503
35,37,125,411,84,49,468,245,274,326,213,145
35,38,4,482,411,238,197,100,32,29,158,82
35,39,120,139,185,80,199,59,129,413,51,243
35,40,346,61,458,382,315,229,27,239,86,270
35,41,88,356,244,351,293,50,390,301,47,346
35,42,37,175,496,302,192,296,10,425,90,274
35,43,484,320,31,234,485,311,85,112,476,132
35,44,92,266,358,70,76,199,483,37,228,207
35,45,118,408,182,218,348,63,32,356,398,43
35,46,466,356,37,246,85,490,384,284,86,266
35,47,260,233,416,470,403,494,461,275,49,242
36,0,33,87,287,159,143,63,277,364,12,203
36,1,355,72,161,326,308,392,133,404,317,147
36,2,438,229,58,448,104,146,474,110,353,188
36,3,78,370,374,280,53,176,21,322,180,68
36,4,62,331,420,291,434,430,97,278,15,4
36,5,498,457,156,197,333,324,293,194,91,212
36,6,216,217,7,436,434,325,48,322,332,230
36,7,240,299,349,292,82,488,480,7,96,105
36,8,225,216,375,136,273,376,391,159,412,415
36,9,56,327,221,176,499,413,505,489,10,326
36,10,367,286,258,38,307,84,42,398,242,386
36,11,311,403,29,175,150,349,295,65,16,447
36,12,109,34,212,10,236,77,244,402,311,439
36,13,196,180,322,235,433,108,340,1,415,131
36,14,42,405,197,479,470,13,113,73,101,394
36,15,15,135,300,339,245,420,345,229,2,187
36,16,380,340,348,407,461,467,482,7,425,322
36,17,391,382,277,52,264,363,330,308,437,496
36,18,53,380,397,75,463,65,236,511,205,66
36,19,235,368,324,227,497,232,319,380,470,197
36,20,38,410,156,477,275,144,443,211,113,379
36,21,139,411,125,145,213,245,49,274,319,261
36,22,4,482,197,100,222,337,313,26,238,95
36,23,139,185,252,454,470,442,433,492,80,324
36,24,225,402,412,310,376,385,375,391,299,415
36,25,56,413,199,493,251,327,221,164,349,381
36,26,367,116,201,388,267,209,452,45,42,259
36,27,29,403,93,431,475,394,439,61,457,317
36,28,77,259,19,402,10,329,322,337,497,321
36,29,403,495,196,41,340,452,422,150,231,315
36,30,29,172,467,495,73,193,113,312,54,0
36,31,2,454,273,309,126,345,460,277,242,164
36,32,340,111,381,229,136,259,50,432,199,325
36,33,417,342,277,391,271,414,330,197,464,382
36,34,380,99,204,236,511,17,344,311,478,354
36,35,164,481,195,261,146,314,324,227,150,230
36,36,431,62,292,207,487,107,120,149,80,425
36,37,411,125,139,49,468,256,274,382,145,375
36,38,4,197,158,100,238,298,222,28,482,218
36,39,144,139,120,80,51,492,243,1,102,129
36,40,382,27,420,305,266,458,126,48,299,435
36,41,351,143,88,395,54,11,246,305,293,302
36,42,175,37,302,192,296,496,99,274,383,406
36,43,484,31,485,81,38,300,85,112,470,259
36,44,266,92,70,358,76,228,207,37,502,61
36,45,348,182,239,275,444,115,168,25,42,337
36,46,445,246,87,284,311,454,416,304,384,61
36,47,90,50,485,64,491,231,457,163,4,303
37,0,172,445,183,482,182,273,450,498,484,59
37,1,52,129,63,462,276,492,27,473,418,297
37,2,21,195,425,214,287,288,462,61,278,461
37,3,107,148,3,143,392,330,498,258,332,140
37,4,70,258,99,388,384,452,202,408,462,441
37,5,279,137,510,481,48,91,113,183,266,123
37,6,48,482,10,160,314,31,400,286,7,409
37,7,299,329,292,13,484,303,57,440,8,49
37,8,225,159,247,510,370,273,216,244,323,502
37,9,221,56,321,190,357,511,458,330,296,123
37,10,443,54,286,38,195,203,231,64,9,181
37,11,311,420,263,82,369,392,486,366,492,472
37,12,2,356,148,10,264,244,0,139,382,201
37,13,196,136,53,322,123,510,488,290,387,370
37,14,470,421,387,377,197,424,171,331,42,479
37,15,245,135,15,494,339,73,193,227,318,2
37,16,380,482,7,340,260,388,205,322,238,391
37,17,363,379,461,391,284,511,105,463,236,468
37,18,193,453,359,480,148,75,65,201,423,372
37,19,362,319,131,448,470,477,394,230,405,494
37,20,356,210,84,382,265,377,262,152,495,500
37,21,411,139,401,49,241,102,125,441,213,157
37,22,298,4,238,99,158,197,100,220,450,458
37,23,470,365,422,199,108,415,80,488,324,150
37,24,225,359,204,370,247,412,391,286,333,422
37,25,56,420,511,489,221,190,49,349,203,32
37,26,461,100,443,203,282,49,234,252,372,135
37,27,311,392,33,153,397,350,261,492,472,263
37,28,356,139,2,440,433,180,490,296,81,46
37,29,387,290,302,318,488,68,250,148,33,315
37,30,470,377,424,29,421,479,312,426,130,176
37,31,245,135,193,15,73,459,269,374,354,184
37,32,228,380,482,7,202,259,239,388,232,290
37,33,105,200,489,215,469,363,379,297,160,24
37,34,227,71,488,334,490,201,454,465,432,40
37,35,390,170,362,319,226,232,470,324,462,454
37,36,384,144,292,107,149,419,113,495,482,487
37,37,144,303,411,375,125,390,49,157,473,491
37,38,197,298,486,147,220,342,53,367,449,351
37,39,199,126,305,173,115,221,27,252,236,80
37,40,27,34,464,229,382,451,52,435,305,292
37,41,331,84,287,54,471,290,395,212,168,249
37,42,37,175,338,302,413,127,282,126,425,383
37,43,300,451,443,85,203,200,19,405,303,143
37,44,76,207,228,70,215,502,183,362,105,154
37,45,348,169,168,367,115,337,239,220,42,444
37,46,284,311,350,303,232,404,25,436,122,363
37,47,90,457,497,163,351,129,30,242,259,389
38,0,491,493,17,116,393,166,182,178,379,224
38,1,417,196,105,176,52,308,435,76,392,282
38,2,58,25,104,425,21,476,172,162,287,224
38,3,78,301,280,19,374,483,232,234,389,506
38,4,155,188,203,331,507,420,289,430,192,62
38,5,197,457,455,279,353,113,486,475,91,407
38,6,263,333,48,217,209,30,482,7,332,286
38,7,349,485,299,230,480,387,308,292,346,312
38,8,225,159,273,111,247,469,143,415,510,391
38,9,328,221,357,56,190,36,321,491,327,243
38,10,367,175,436,386,427,286,45,89,347,441
38,11,311,168,99,349,16,443,261,330,67,29
38,12,472,499,187,235,378,294,508,172,396,206
38,13,196,322,433,450,131,65,98,162,262,143
38,14,364,141,49,197,159,9,135,436,492,261
38,15,135,300,15,345,339,187,454,2,227,366
38,16,340,380,277,7,78,259,187,461,205,383
38,17,391,52,342,382,511,401,277,417,263,96
38,18,107,17,172,498,320,511,79,236,372,205
38,19,230,497,473,350,235,319,314,322,283,477
38,20,424,319,275,82,431,232,207,443,36,261
38,21,145,49,411,213,295,245,139,172,443,406
38,22,238,101,246,327,29,482,197,351,89,481
38,23,80,305,470,442,422,252,185,415,324,492
38,24,225,383,159,111,143,273,412,299,469,371
38,25,221,328,56,243,357,381,327,349,36,489
38,26,388,367,307,422,41,175,75,357,436,427
38,27,93,457,475,29,510,391,274,104,61,106
38,28,499,235,10,382,378,472,125,319,508,293
38,29,495,452,173,403,422,363,230,231,30,315
38,30,49,176,264,490,496,465,199,4,297,442
38,31,345,2,309,126,221,278,454,190,354,242
38,32,340,7,156,228,187,116,50,111,229,139
38,33,417,489,130,139,183,1,377,20,45,263
38,34,107,79,311,372,149,27,488,421,301,40
38,35,474,237,494,406,146,195,324,261,53,95
38,36,262,149,292,120,80,431,424,487,156,144
38,37,49,138,144,106,437,125,411,319,145,151
38,38,482,238,101,29,162,246,411,197,218,131
38,39,413,214,239,1,126,252,392,7,65,173
38,40,270,382,52,466,301,356,229,181,34,134
38,41,54,302,471,401,88,507,323,282,395,195
38,42,296,469,203,369,397,465,496,425,331,412
38,43,38,85,300,451,482,500,440,292,260,385
38,44,76,207,150,215,502,362,482,217,228,483
38,45,42,363,507,64,220,168,24,236,49,388
38,46,250,363,350,490,281,232,122,308,404,508
38,47,108,176,242,442,447,117,479,302,243,403
39,0,434,446,189,211,414,503,133,507,432,466
39,1,438,126,325,390,94,372,308,45,490,267
39,2,146,86,163,283,446,96,128,394,366,258
39,3,78,374,100,280,245,392,370,60,284,220
39,4,178,420,331,278,436,430,498,121,135,62
39,5,460,421,34,476,57,302,507,405,321,23
39,6,4,106,325,373,216,7,101,304,286,180
39,7,376,299,32,232,474,450,227,121,349,290
39,8,225,484,273,247,143,370,85,216,202,415
39,9,56,221,328,303,164,327,243,384,206,489
39,10,61,286,367,184,275,45,220,427,386,307
39,11,311,349,257,271,330,93,168,359,492,163
39,12,10,2,503,204,508,139,0,332,382,208
39,13,196,510,123,65,53,74,322,433,108,377
39,14,470,300,377,135,479,341,214,236,197,492
39,15,245,135,15,2,339,345,73,366,269,71
39,16,482,380,340,260,7,388,322,187,205,263
39,17,379,463,401,215,469,90,391,363,105,284
39,18,200,201,65,166,421,148,19,380,372,442
39,19,362,319,83,43,318,470,41,481,283,111
39,20,250,384,382,152,84,410,311,309,377,486
39,21,125,360,256,274,390,261,326,368,374,159
39,22,241,380,296,197,117,234,378,402,367,346
39,23,199,247,120,59,102,488,172,293,80,245
39,24,225,484,370,247,204,216,468,286,84,310
39,25,420,56,221,511,32,327,489,49,452,303
39,26,184,367,143,307,201,49,100,135,461,372
39,27,311,153,392,180,350,33,242,102,475,104
39,28,10,2,139,356,329,415,245,314,216,125
39,29,318,315,68,290,27,422,250,387,485,384
39,30,277,300,180,470,136,130,29,108,312,479
39,31,15,345,135,245,269,448,278,394,239,242
39,32,290,71,228,136,380,327,277,463,495,241
39,33,417,489,130,275,153,401,479,450,119,383
39,34,498,107,65,79,320,334,372,187,364,454
39,35,474,324,237,267,232,494,215,164,196,150
39,36,338,262,207,275,38,431,120,292,80,149
39,37,245,84,49,289,145,256,274,375,122,209
39,38,238,241,165,101,220,423,27,329,337,218
39,39,452,120,185,413,399,51,441,115,252,269
39,40,346,291,382,48,181,356,429,270,344,341
39,41,88,440,383,301,50,397,418,54,373,282
39,42,296,469,83,504,363,306,510,397,240,8
39,43,38,355,85,480,205,300,503,385,112,440
39,44,76,207,150,105,228,286,502,357,394,436
39,45,118,25,220,168,443,14,255,356,398,451
39,46,163,167,85,495,232,281,362,109,240,493
39,47,508,242,4,398,393,176,412,25,400,388
40,0,461,280,496,12,494,107,266,322,63,217
40,1,406,438,213,308,396,317,392,199,344,479
40,2,90,353,40,146,58,189,176,276,488,344
40,3,73,100,434,255,60,348,290,472,133,232
40,4,138,121,278,15,305,400,147,124,420,434
40,5,421,498,260,377,156,404,305,362,144,423
40,6,146,374,246,401,332,187,4,373,61,7
40,7,290,299,107,240,136,32,488,6,270,295
40,8,376,402,225,280,455,391,412,483,20,484
40,9,293,251,206,285,496,65,100,497,326,327
40,10,45,61,24,386,20,144,275,147,300,421
40,11,403,271,306,199,50,349,447,175,29,6
40,12,77,191,319,402,431,438,34,111,310,204
40,13,196,510,65,340,475,78,173,422,18,88
40,14,2,135,113,394,248,9,492,327,222,226
40,15,345,144,399,393,509,292,278,257,221,464
40,16,259,187,367,366,251,228,448,381,423,434
40,17,489,482,135,472,510,19,417,445,298,153
40,18,380,44,166,356,83,218,288,155,54,23
40,19,474,164,497,98,305,96,232,366,208,274
40,20,338,120,38,211,473,193,118,156,364,448
40,21,411,289,244,318,383,363,177,49,375,187
40,22,100,324,4,1,216,80,26,336,337,508
40,23,420,156,419,492,1,413,252,85,489,280
40,24,484,43,120,391,456,222,412,454,291,180
40,25,102,198,71,261,186,486,80,341,422,286
40,26,101,11,128,15,81,112,252,149,52,99
40,27,254,25,177,461,438,430,444,395,278,481
40,28,349,106,119,146,227,466,210,413,70,114
40,29,268,145,469,387,85,267,327,395,290,211
40,30,307,17,259,144,487,491,474,59,263,121
40,31,379,357,34,262,51,144,296,387,292,320
40,32,495,330,228,404,185,204,384,187,81,52
40,33,56,151,130,414,24,217,275,360,21,435
40,34,493,254,293,112,209,332,84,244,296,40
40,35,164,494,431,324,406,146,205,6,208,416
40,36,149,156,292,144,80,120,482,448,424,425
40,37,256,49,411,382,274,375,291,125,30,368
40,38,100,4,324,262,197,220,80,368,336,456
40,39,120,413,80,437,455,51,5,293,185,172
40,40,291,346,382,270,79,457,478,251,160,134
40,41,356,88,252,244,77,507,53,440,373,52
40,42,296,233,274,496,425,203,178,165,192,300
40,43,300,85,19,315,112,380,480,205,6,424
40,44,76,207,92,299,394,502,106,268,231,228
40,45,118,25,168,356,220,367,443,218,42,233
40,46,311,299,343,232,246,266,362,410,374,85
40,47,210,90,242,299,485,412,291,398,3,345
41,0,491,110,354,493,12,63,248,277,297,246
41,1,326,355,308,72,105,392,458,313,210,297
41,2,58,13,104,25,438,474,186,448,68,224
41,3,301,78,280,19,360,53,34,332,232,223
41,4,379,188,333,289,25,213,4,178,261,441
41,5,457,197,183,453,156,398,73,443,173,123
41,6,217,216,423,7,312,127,361,332,157,228
41,7,349,240,299,105,292,290,488,480,278,365
41,8,484,215,229,202,7,412,376,143,391,141
41,9,323,60,261,123,56,326,136,285,146,251
41,10,61,258,184,367,463,386,246,233,4,479
41,11,447,433,394,93,29,285,306,65,128,145
41,12,332,472,402,310,439,382,109,212,92,252
41,13,340,85,293,196,88,338,424,492,354,469
41,14,17,202,101,310,123,53,135,230,226,38
41,15,167,345,458,181,2,208,278,122,242,200
41,16,228,473,386,460,349,495,296,297,50,204
41,17,482,435,56,489,154,451,497,239,251,233
41,18,83,356,40,136,449,90,371,364,491,262
41,19,229,439,164,108,6,98,43,375,169,237
41,20,156,384,144,250,126,382,482,171,385,438
41,21,274,125,382,397,126,244,256,209,283,497
41,22,482,448,197,89,351,217,421,80,508,218
41,23,199,247,20,102,419,413,414,387,107,270
41,24,456,370,332,494,422,120,336,21,417,24
41,25,420,192,511,49,74,318,422,147,94,349
41,26,467,377,461,86,316,325,46,131,141,332
41,27,196,311,33,350,110,397,472,153,430,366
41,28,356,139,329,358,180,428,450,333,2,125
41,29,302,46,68,387,290,250,105,253,501,400
41,30,470,377,424,349,130,180,339,387,479,402
41,31,245,15,135,73,420,318,38,495,259,193
41,32,482,473,380,260,322,259,228,7,388,156
41,33,105,435,215,200,161,135,284,479,459,363
41,34,488,201,31,71,444,124,192,367,64,4
41,35,362,395,462,170,319,261,390,406,226,367
41,36,210,356,482,378,311,443,425,292,384,127
41,37,125,303,288,493,468,190,328,401,316,326
41,38,482,157,197,367,385,53,492,508,288,254
41,39,199,247,59,120,413,102,5,203,229,369
41,40,141,472,395,120,61,500,33,453,305,27
41,41,217,300,105,6,54,462,366,4,249,389
41,42,388,83,489,306,37,496,181,126,219,179
41,43,124,120,148,220,206,24,200,264,403,227
41,44,76,338,207,350,217,315,483,502,215,362
41,45,168,64,398,489,335,6,108,440,208,95
41,46,357,290,466,246,374,85,232,176,33,346
41,47,233,260,242,143,416,470,296,140,403,442
42,0,151,33,287,159,143,63,363,203,364,407
42,1,72,355,308,404,161,326,133,43,321,354
42,2,188,438,58,146,448,353,104,363,343,110
42,3,374,370,78,263,176,68,322,133,100,43
42,4,6,318,420,430,434,15,436,194,181,97
42,5,457,87,156,197,441,194,324,168,384,474
42,6,321,216,217,219,434,7,332,303,4,187
42,7,240,136,349,299,234,415,339,212,292,34
42,8,225,143,273,376,469,415,375,484,209,247
42,9,243,56,328,327,451,176,221,493,321,291
42,10,275,367,45,386,220,307,42,209,258,324
42,11,271,311,175,403,349,246,486,369,168,93
42,12,429,314,10,472,34,430,414,236,338,499
42,13,196,322,420,65,183,74,377,433,376,131
42,14,236,13,492,364,141,128,42,479,135,226
42,15,135,345,75,454,414,277,69,227,366,339
42,16,340,380,391,461,417,148,136,455,460,48
42,17,52,135,511,40,233,330,110,391,417,280
42,18,234,75,511,72,380,197,204,286,148,99
42,19,211,41,111,90,169,164,235,283,43,195
42,20,68,443,292,250,80,495,152,149,382,169
42,21,49,274,461,141,8,322,444,125,144,106
42,22,508,99,482,421,217,351,80,458,117,213
42,23,470,300,415,252,185,150,50,131,442,51
42,24,225,159,359,333,412,180,415,372,143,379
42,25,56,221,296,357,327,511,489,51,469,196
42,26,443,54,201,312,367,41,9,422,76,195
42,27,311,263,486,457,420,392,391,475,104,472
42,28,148,356,46,139,453,471,382,184,329,81
42,29,131,136,414,65,231,315,322,53,418,250
42,30,470,421,71,57,387,424,146,479,402,339
42,31,245,135,15,318,339,2,269,423,73,227
42,32,391,340,380,228,7,238,191,111,135,388
42,33,511,468,200,391,1,363,15,464,298,19
42,34,453,234,480,193,359,423,488,124,209,251
42,35,362,221,90,105,170,2,448,342,150,42
42,36,210,356,227,384,144,169,431,360,292,151
42,37,401,441,394,246,125,303,334,457,157,308
42,38,420,249,197,456,470,298,62,448,458,147
42,39,294,27,244,126,228,508,328,189,199,140
42,40,486,451,295,305,34,27,382,143,300,299
42,41,287,84,493,507,391,85,301,366,168,54
42,42,388,302,37,496,83,285,404,306,208,74
42,43,77,475,133,196,200,81,300,446,86,150
42,44,315,338,76,266,486,483,204,502,215,183
42,45,182,481,168,42,487,356,442,507,420,67
42,46,290,246,87,374,274,346,317,142,325,242
42,47,50,485,90,242,231,64,473,453,302,389
43,0,172,445,183,482,182,273,431,450,484,59
43,1,52,129,63,367,492,462,435,473,27,170
43,2,21,425,195,429,288,61,278,58,0,423
43,3,107,143,332,398,258,161,3,412,37,330
43,4,70,258,452,99,243,270,441,205,4,408
43,5,510,279,457,137,481,446,91,48,281,123
43,6,10,48,335,399,482,445,494,291,400,282
43,7,303,276,329,8,242,13,230,349,299,26
43,8,225,159,370,359,84,247,333,20,273,286
43,9,221,56,190,357,36,321,328,511,422,243
43,10,195,9,54,443,313,113,184,203,240,427
43,11,311,420,263,477,149,261,472,127,492,175
43,12,10,148,382,139,264,356,244,338,314,485
43,13,322,420,433,488,53,259,123,196,136,290
43,14,470,421,479,57,424,387,138,214,432,71
43,15,245,135,15,227,339,193,2,394,454,318
43,16,380,391,7,340,260,482,191,388,205,228
43,17,363,468,105,391,135,469,511,58,484,445
43,18,234,193,359,453,371,251,480,148,6,465
43,19,362,319,131,470,383,52,64,478,446,105
43,20,210,356,227,265,179,169,382,309,292,155
43,21,394,401,189,334,246,457,308,508,329,474
43,22,470,249,420,267,197,157,218,213,456,458
43,23,448,470,142,252,27,415,157,49,504,8
43,24,225,204,26,370,327,359,397,153,344,439
43,25,511,68,296,180,32,407,221,321,500,489
43,26,426,54,443,9,203,267,48,22,297,312
43,27,263,311,492,391,486,92,462,102,104,184
43,28,471,63,153,356,440,459,148,182,123,139
43,29,414,387,136,290,68,250,362,115,52,53
43,30,470,421,377,424,212,138,387,402,57,146
43,31,135,318,15,494,245,227,459,374,193,339
43,32,7,391,380,191,228,429,388,487,352,450
43,33,363,105,200,340,1,511,161,103,391,468
43,34,453,318,423,359,480,128,251,18,228,367
43,35,362,13,395,105,173,470,170,446,261,221
43,36,210,151,360,356,410,227,374,141,311,431
43,37,401,101,316,334,246,394,125,308,457,432
43,38,157,249,470,197,420,30,250,284,75,458
43,39,294,199,297,244,242,318,120,27,302,228
43,40,486,451,141,61,449,403,499,254,120,398
43,41,300,287,84,493,391,217,240,124,301,185
43,42,226,388,368,27,243,218,319,462,223,83
43,43,148,124,206,120,24,77,300,200,475,133
43,44,338,315,100,238,177,359,58,297,207,322
43,45,475,47,442,204,303,489,335,280,162,20
43,46,25,350,471,418,242,107,283,452,262,393
43,47,445,254,60,343,204,90,163,157,30,79
44,0,351,298,249,333,109,83,315,395,435,148
44,1,97,32,383,146,235,88,466,74,227,349
44,2,357,409,239,372,295,125,84,325,27,61
44,3,148,14,78,4,280,405,392,394,503,300
44,4,430,496,289,28,426,325,169,252,448,406
44,5,9,292,236,242,468,111,226,446,263,482
44,6,260,415,445,194,280,412,286,505,185,13
44,7,158,242,382,215,241,425,9,303,260,10
44,8,370,225,26,204,247,439,132,252,77,244
44,9,511,407,68,280,14,180,500,423,462,111
44,10,203,54,240,48,9,443,297,313,461,299
44,11,311,492,263,467,434,184,163,422,477,127
44,12,288,153,0,356,21,230,459,63,346,471
44,13,387,286,136,259,115,290,52,414,385,128
44,14,470,138,212,377,274,421,402,14,441,57
44,15,245,193,494,135,459,280,15,295,318,39
44,16,391,7,191,260,380,388,238,228,450,482
44,17,105,484,363,340,468,491,499,200,365,194
44,18,318,359,128,251,6,10,453,264,423,129
44,19,362,446,375,13,170,470,463,319,478,172
44,20,210,356,296,151,88,382,169,62,309,179
44,21,401,246,457,316,334,394,101,324,125,432
44,22,157,30,250,249,223,284,210,75,120,345
44,23,199,242,356,17,414,455,299,470,150,90
44,24,77,439,370,204,26,225,175,335,54,35
44,25,511,68,407,192,280,35,37,500,32,489
44,26,54,426,485,203,9,48,297,461,420,467
44,27,492,311,263,184,250,422,261,391,477,397
44,28,153,63,37,356,471,230,9,346,459,392
44,29,387,115,290,286,53,91,414,224,136,250
44,30,470,212,377,421,138,331,274,424,32,402
44,31,318,135,245,494,193,15,295,73,227,260
44,32,7,191,391,380,429,149,228,487,388,260
44,33,363,105,499,491,200,372,340,347,391,469
44,34,318,128,359,10,423,42,453,251,119,184
44,35,362,395,375,13,93,413,463,342,185,446
44,36,210,151,360,141,490,374,356,311,410,431
44,37,101,316,401,334,246,160,125,432,394,457
44,38,157,30,223,250,249,284,210,345,120,75
44,39,199,242,120,68,394,102,452,356,217,247
44,40,141,449,254,499,61,316,120,500,44,87
44,41,217,300,261,124,292,88,398,87,30,399
44,42,226,27,368,243,319,218,462,223,142,248
44,43,148,206,124,120,24,200,328,300,475,366
44,44,100,322,177,207,238,58,297,402,56,359
44,45,47,475,280,204,489,335,226,196,442,215
44,46,388,350,107,23,177,452,242,338,418,262
44,47,272,60,414,137,451,119,218,324,221,30
45,0,220,145,38,508,446,282,237,122,101,353
45,1,214,144,345,152,496,146,393,431,165,320
45,2,324,322,325,220,394,69,84,75,335,403
45,3,78,392,280,14,405,469,300,374,205,399
45,4,430,289,13,252,469,167,68,169,498,306
45,5,280,242,111,1,236,9,202,446,85,220
45,6,415,286,445,280,260,223,234,379,18,101
45,7,49,260,382,451,346,58,358,242,432,84
45,8,370,225,215,252,132,247,88,397,414,470
45,9,511,407,180,221,462,32,289,280,252,304
45,10,485,454,243,495,467,203,54,238,461,325
45,11,311,492,467,296,92,477,238,384,252,350
45,12,0,356,123,288,21,338,63,264,230,139
45,13,387,53,503,322,286,112,290,159,60,259
45,14,470,377,387,274,138,212,397,479,116,402
45,15,245,135,15,193,487,227,295,73,280,494
45,16,380,191,391,260,7,388,482,263,322,352
45,17,340,503,321,363,105,462,391,120,259,398
45,18,441,378,88,237,318,10,128,438,210,399
45,19,362,302,133,446,463,106,503,22,478,221
45,20,210,409,151,309,382,160,70,296,357,99
45,21,64,280,169,257,457,152,0,116,101,235
45,22,319,490,322,284,12,210,256,73,360,303
45,23,199,120,68,356,247,504,59,51,477,150
45,24,225,370,40,344,42,409,439,115,77,252
45,25,167,511,407,192,97,43,136,74,180,325
45,26,454,467,485,368,54,22,243,461,492,203
45,27,296,311,492,397,252,350,92,422,340,467
45,28,356,63,123,42,139,153,433,130,230,446
45,29,112,387,159,302,290,250,400,34,68,53
45,30,470,377,331,424,138,212,408,387,479,402
45,31,135,245,318,494,15,501,280,193,295,227
45,32,380,191,7,388,482,391,487,429,156,383
45,33,105,340,321,363,161,473,58,391,200,1
45,34,441,438,318,128,378,120,88,237,10,65
45,35,362,302,375,463,413,133,261,221,307,446
45,36,210,151,311,409,431,328,11,76,325,160
45,37,64,169,280,152,257,497,125,326,101,457
45,38,490,319,322,12,73,284,256,238,360,402
45,39,199,120,68,59,242,247,102,394,361,477
45,40,141,120,254,499,266,449,316,44,398,472
45,41,217,261,88,223,87,56,30,13,80,366
45,42,423,354,319,243,211,142,37,218,462,223
45,43,206,120,124,24,456,328,351,200,173,467
45,44,402,322,297,217,58,327,281,15,115,98
45,45,280,64,366,489,335,261,226,17,196,53
45,46,350,23,156,477,305,107,242,282,452,391
45,47,176,108,66,270,137,96,112,238,461,323
46,0,440,392,145,189,289,95,173,386,507,99
46,1,496,214,30,320,220,431,390,371,393,144
46,2,394,220,22,69,190,325,170,324,370,75
46,3,78,14,280,300,503,392,405,220,374,205
46,4,289,430,432,117,424,331,316,104,448,252
46,5,280,202,293,220,91,117,484,111,507,305
46,6,395,415,286,280,445,497,210,234,223,31
46,7,312,346,368,451,183,462,431,261,188,8
46,8,370,208,439,204,225,252,63,325,84,163
46,9,511,407,504,426,10,14,180,58,32,289
46,10,157,485,16,488,22,203,263,299,100,243
46,11,311,492,384,434,192,252,467,389,401,92
46,12,356,288,123,130,2,440,21,0,338,491
46,13,286,68,400,387,309,294,53,290,224,245
46,14,470,377,274,138,212,214,424,296,441,331
46,15,245,193,494,39,212,73,295,135,459,487
46,16,191,238,380,263,391,260,7,388,156,401
46,17,80,105,340,363,493,504,161,365,200,257
46,18,128,88,68,438,312,318,378,228,423,496
46,19,362,446,478,422,9,463,470,288,232,453
46,20,210,151,360,311,309,62,70,376,495,410
46,21,5,64,235,497,152,387,457,50,406,360
46,22,241,238,329,322,360,378,66,402,89,244
46,23,199,242,213,134,102,14,330,455,17,23
46,24,439,252,204,225,370,208,409,88,63,510
46,25,511,407,504,494,489,203,302,74,180,423
46,26,157,485,16,263,22,37,203,312,372,64
46,27,492,384,311,422,92,391,252,382,192,417
46,28,130,440,356,123,63,153,0,266,2,433
46,29,286,68,400,387,309,224,290,386,294,53
46,30,470,377,331,274,165,214,296,216,138,430
46,31,193,245,459,73,135,280,295,494,487,15
46,32,7,191,388,391,380,383,473,156,238,322
46,33,105,80,1,473,340,363,200,161,15,391
46,34,119,128,88,318,438,68,312,65,228,496
46,35,362,267,261,413,470,375,342,478,463,150
46,36,210,151,360,309,495,301,311,76,425,355
46,37,64,101,497,457,152,5,125,308,334,477
46,38,241,402,238,360,322,298,66,329,187,84
46,39,199,242,129,102,356,285,369,492,27,244
46,40,141,472,501,61,453,292,86,316,374,229
46,41,217,252,13,234,4,249,85,105,404,301
46,42,388,417,136,354,376,319,83,74,296,282
46,43,124,120,200,191,24,148,355,475,206,300
46,44,358,207,315,266,429,150,502,58,143,183
46,45,280,489,363,229,261,335,388,42,20,190
46,46,167,163,151,510,257,479,258,313,33,242
46,47,508,176,75,217,4,119,235,30,117,232
47,0,182,445,499,498,35,212,239,240,475,241
47,1,220,382,129,15,406,320,410,486,328,53
47,2,426,61,338,220,5,269,393,208,84,209
47,3,78,280,374,14,333,312,491,319,503,220
47,4,430,117,432,148,304,462,289,13,448,498
47,5,23,209,120,308,237,280,220,511,425,85
47,6,223,283,280,335,497,395,210,415,286,54
47,7,312,8,383,183,303,493,243,462,102,500
47,8,370,225,439,204,91,63,325,84,456,286
47,9,511,324,80,504,462,321,87,95,510,154
47,10,488,160,299,429,167,364,157,238,249,372
47,11,311,492,477,192,397,391,350,90,272,384
47,12,356,338,90,139,323,433,68,288,483,359
47,13,68,286,53,400,322,409,290,387,343,386
47,14,470,377,424,331,274,479,2,397,387,408
47,15,245,135,295,318,227,494,193,212,191,39
47,16,263,380,191,260,391,482,487,322,467,428
47,17,105,391,363,161,465,284,200,257,58,365
47,18,128,68,65,371,438,19,465,318,488,237
47,19,362,375,261,470,105,222,141,319,226,478
47,20,210,151,328,70,480,377,261,376,131,495
47,21,152,497,123,397,209,274,135,190,391,189
47,22,420,197,492,132,157,329,378,351,89,402
47,23,199,120,68,242,59,369,51,13,159,415
47,24,225,370,286,325,63,344,456,84,130,16
47,25,511,489,321,203,154,423,74,221,147,124
47,26,372,488,461,325,267,395,203,201,238,304
47,27,311,391,397,462,272,22,445,192,127,104
47,28,63,356,433,490,139,264,245,0,373,440
47,29,302,154,387,290,250,286,409,501,68,504
47,30,470,377,424,331,214,460,434,479,408,335
47,31,135,318,245,295,15,227,420,459,494,354
47,32,391,380,191,7,352,388,487,238,383,156
47,33,391,105,1,200,347,161,465,363,15,194
47,34,488,454,31,65,71,355,247,148,367,40
47,35,362,261,470,105,141,221,375,150,406,267
47,36,210,76,431,309,127,151,495,292,261,384
47,37,101,125,497,246,152,489,326,303,230,123
47,38,420,157,470,218,351,197,250,89,402,120
47,39,120,199,242,369,68,177,59,217,492,102
47,40,141,499,472,254,346,449,453,229,101,316
47,41,217,50,261,4,30,13,105,88,234,149
47,42,280,388,413,176,83,306,109,118,181,112
47,43,200,206,148,475,124,403,296,120,328,393
47,44,315,169,429,207,400,143,215,137,58,227
47,45,168,196,238,489,442,6,388,402,315,347
47,46,232,418,25,58,292,404,33,496,476,305
47,47,445,60,343,254,242,204,295,223,296,249
48,0,227,380,194,83,165,109,249,331,298,114
48,1,382,70,88,410,495,442,206,306,224,466
48,2,426,270,84,372,365,338,60,59,239,370
48,3,14,405,4,205,335,78,203,497,454,300
48,4,496,430,426,252,289,325,13,169,309,68
48,5,445,1,9,242,236,111,49,468,446,91
48,6,54,415,280,445,193,505,231,286,67,497
48,7,242,76,60,303,183,84,8,346,312,452
48,8,370,439,252,63,204,175,283,397,84,11
48,9,511,504,407,68,494,462,220,280,58,292
48,10,157,485,263,424,203,299,461,488,167,240
48,11,492,311,434,384,467,477,350,163,422,90
48,12,230,288,153,21,356,123,63,0,182,53
48,13,286,387,352,309,423,56,259,385,347,445
48,14,274,470,212,179,377,138,402,57,14,154
48,15,245,494,280,193,212,487,38,442,318,459
48,16,191,450,228,7,391,263,156,388,238,205
48,17,80,420,491,340,363,504,105,499,200,464
48,18,318,115,10,128,68,104,264,212,285,243
48,19,362,453,463,185,13,446,2,478,470,395
48,20,141,151,210,374,296,360,356,384,376,350
48,21,246,401,404,432,101,334,457,316,443,5
48,22,157,250,120,30,75,210,24,351,60,197
48,23,242,27,414,197,23,54,159,126,331,325
48,24,439,370,165,428,252,283,409,45,449,206
48,25,511,504,407,494,220,68,192,280,489,411
48,26,157,263,485,372,203,424,48,461,201,312
48,27,384,492,311,422,92,184,84,500,261,472
48,28,153,230,63,53,346,323,123,182,459,440
48,29,286,387,352,224,309,385,250,68,400,132
48,30,470,274,212,179,137,377,331,402,434,57
48,31,459,245,510,73,318,135,494,280,295,193
48,32,191,450,391,7,238,388,380,322,228,260
48,33,80,491,420,105,363,200,499,15,490,255
48,34,318,10,128,115,160,243,36,423,104,488
48,35,362,185,93,395,13,453,478,470,375,342
48,36,210,151,360,141,374,490,309,76,311,301
48,37,101,316,246,401,334,160,404,432,421,125
48,38,157,250,210,120,30,60,75,24,322,345
48,39,199,242,120,452,102,68,134,59,394,129
48,40,141,449,254,453,61,316,472,499,465,44
48,41,300,217,261,13,30,363,11,87,234,292
48,42,226,27,124,243,319,368,462,218,223,179
48,43,148,124,206,120,24,200,131,77,328,353
48,44,100,238,322,177,58,297,15,115,215,207
48,45,47,475,204,160,226,489,335,442,280,254
48,46,338,350,484,107,452,305,418,433,23,242
48,47,138,60,108,360,273,244,137,295,115,30
49,0,154,121,299,332,478,433,45,195,397,488
49,1,223,340,219,510,292,289,485,160,344,361
49,2,240,426,51,338,84,113,481,75,61,142
49,3,203,14,319,78,332,232,454,374,498,180
49,4,363,462,400,117,430,322,434,304,503,444
49,5,3,20,242,120,162,220,91,299,49,117
49,6,445,395,405,228,335,75,452,101,44,276
49,7,76,327,215,84,504,437,211,30,236,7
49,8,225,370,491,153,341,84,8,207,397,106
49,9,511,254,504,510,422,496,95,407,32,505
49,10,325,364,488,41,37,160,116,388,429,495
49,11,311,401,324,477,472,445,272,192,19,391
49,12,230,264,356,323,139,358,483,0,298,183
49,13,68,53,400,286,322,509,284,386,409,350
49,14,470,402,2,424,377,274,214,387,331,180
49,15,245,135,191,459,227,38,280,318,461,420
49,16,191,380,391,428,260,263,450,7,388,238
49,17,420,363,391,32,280,393,4,308,20,105
49,18,237,104,10,243,205,488,128,160,192,452
49,19,362,395,185,93,478,261,107,463,470,141
49,20,141,374,210,151,360,384,296,328,490,70
49,21,316,101,246,160,125,421,404,432,152,480
49,22,157,250,120,422,490,197,447,218,53,62
49,23,199,242,452,68,23,356,150,14,51,59
49,24,225,265,130,285,370,491,84,344,460,416
49,25,511,411,43,74,248,124,261,489,147,56
49,26,260,267,360,372,34,201,312,246,75,325
49,27,57,311,22,454,192,439,60,425,445,191
49,28,182,490,230,323,356,264,63,450,203,385
49,29,68,250,286,290,53,322,132,284,501,315
49,30,470,424,402,377,331,479,460,212,138,180
49,31,135,245,318,494,431,420,191,227,212,15
49,32,191,391,7,380,428,487,352,322,94,228
49,33,391,105,200,363,161,420,15,418,1,347
49,34,237,104,36,312,243,10,71,488,11,1
49,35,362,107,141,395,185,93,261,478,105,463
49,36,210,360,151,141,113,374,373,431,76,301
49,37,101,316,160,125,246,421,432,404,326,485
49,38,157,490,250,120,197,319,422,73,218,383
49,39,199,120,242,452,68,59,394,102,227,217
49,40,141,254,499,449,472,316,61,453,346,398
49,41,261,300,217,88,87,30,124,13,56,4
49,42,243,226,319,218,462,27,223,368,265,179
49,43,148,124,206,120,24,200,328,300,403,464
49,44,322,177,100,58,238,297,15,115,215,98
49,45,47,475,204,489,335,280,254,45,196,261
49,46,23,350,452,107,305,495,433,242,262,282
49,47,108,66,60,137,112,119,154,324,295,451
50,0,461,280,12,189,80,223,383,63,266,145
50,1,144,489,269,438,390,30,55,137,289,490
50,2,202,181,276,149,431,75,477,190,34,394
50,3,78,280,374,100,21,14,294,34,232,234
50,4,331,420,430,498,121,289,432,433,356,117
50,5,156,377,293,477,305,384,362,216,69,117
50,6,401,381,286,395,280,7,445,61,34,428
50,7,312,397,505,299,107,217,488,57,7,211
50,8,225,370,491,84,439,359,207,247,204,438
50,9,511,327,56,496,489,108,254,176,510,292
50,10,16,407,108,58,372,100,325,485,500,429
50,11,311,401,14,222,289,102,175,272,417,472
50,12,356,190,375,338,167,441,138,112,264,348
50,13,68,322,53,400,386,286,489,504,509,54
50,14,470,190,2,424,331,214,377,510,480,479
50,15,135,245,318,227,214,339,191,420,65,423
50,16,391,380,428,191,263,197,7,461,322,205
50,17,418,219,391,200,363,393,32,161,280,15
50,18,68,237,218,312,315,18,121,378,148,155
50,19,362,93,107,463,395,141,478,29,2,90
50,20,141,296,374,328,384,210,285,376,70,490
50,21,101,160,316,499,125,421,152,135,84,190
50,22,265,324,216,329,197,187,504,238,365,152
50,23,199,452,415,120,356,165,407,17,150,59
50,24,225,370,491,408,266,84,285,247,72,269
50,25,511,118,499,445,423,337,489,248,74,254
50,26,108,16,407,201,267,312,372,343,179,41
50,27,311,222,14,439,401,57,192,317,454,104
50,28,190,375,356,112,167,63,440,41,441,125
50,29,68,322,286,53,489,400,127,315,495,250
50,30,470,190,331,377,424,479,7,507,2,495
50,31,135,245,374,318,191,227,15,339,454,431
50,32,391,380,428,191,7,322,228,487,94,383
50,33,391,418,219,363,200,161,1,15,105,473
50,34,68,218,18,315,312,71,221,243,423,36
50,35,362,261,141,478,105,395,463,369,150,375
50,36,495,113,151,328,311,490,210,296,301,309
50,37,101,160,499,172,316,421,372,125,84,152
50,38,216,265,481,238,324,187,197,279,204,402
50,39,199,120,452,68,59,62,369,227,102,330
50,40,141,254,346,472,453,61,316,449,499,135
50,41,38,30,192,27,56,217,390,88,4,11
50,42,279,319,37,18,223,458,341,243,179,227
50,43,24,124,148,200,206,328,120,403,467,464
50,44,58,402,15,454,115,215,83,207,358,39
50,45,231,99,489,335,66,103,124,480,10,388
50,46,299,258,115,454,350,305,444,242,227,491
50,47,457,315,90,291,217,235,30,295,115,318
51,0,393,457,166,63,96,116,335,21,337,463
51,1,417,388,55,378,280,236,250,309,265,370
51,2,324,350,75,144,419,143,216,189,326,378
51,3,280,78,510,14,234,183,34,255,100,388
51,4,289,56,430,203,143,462,29,356,246,498
51,5,421,163,29,23,411,246,193,305,69,366
51,6,491,231,381,173,333,286,445,401,405,83
51,7,312,417,397,96,221,270,25,243,356,346
51,8,225,491,84,153,483,207,359,63,412,194
51,9,220,511,303,108,27,411,93,489,401,510
51,10,407,325,201,37,388,34,364,16,155,255
51,11,311,401,472,400,151,265,261,445,272,324
51,12,396,41,375,122,264,125,467,483,356,28
51,13,469,489,146,110,386,53,54,132,347,165
51,14,402,360,434,378,371,403,470,428,237,209
51,15,122,221,407,442,260,458,246,69,92,144
51,16,30,461,205,228,495,302,262,78,423,193
51,17,363,424,280,115,479,20,212,248,94,341
51,18,68,139,172,226,243,105,123,346,129,18
51,19,369,164,335,414,488,362,319,395,261,41
51,20,328,296,480,156,376,179,482,384,410,350
51,21,172,101,125,499,84,443,190,160,152,170
51,22,481,197,62,22,238,101,73,140,490,246
51,23,452,511,199,165,113,17,159,356,269,415
51,24,266,225,370,285,408,491,300,18,130,310
51,25,511,220,411,46,254,489,74,199,248,497
51,26,407,267,485,201,418,167,372,16,260,235
51,27,97,22,454,311,477,261,302,371,54,439
51,28,396,182,490,63,356,440,41,364,375,28
51,29,387,104,290,53,68,286,110,488,54,315
51,30,470,377,331,181,180,9,137,216,156,492
51,31,212,259,203,199,318,227,245,135,374,24
51,32,191,391,380,7,487,228,322,263,428,260
51,33,161,363,105,200,391,135,139,183,15,19
51,34,68,172,105,139,488,92,36,356,123,31
51,35,362,478,395,15,463,261,369,172,406,403
51,36,51,328,210,311,301,274,151,76,495,490
51,37,84,101,172,499,443,497,170,125,213,152
51,38,481,101,238,490,22,73,140,197,246,62
51,39,199,452,68,120,242,59,208,369,470,466
51,40,141,472,453,346,61,254,398,135,449,309
51,41,217,356,390,30,50,4,11,346,249,13
51,42,18,37,458,19,319,466,293,142,306,223
51,43,24,200,124,349,120,206,302,456,473,289
51,44,402,456,110,81,358,207,58,312,76,150
51,45,10,394,283,223,32,494,408,196,171,280
51,46,363,5,350,490,107,434,92,23,305,370
51,47,137,479,108,66,324,467,119,112,407,295
52,0,145,120,291,222,38,494,187,27,232,495
52,1,355,388,417,372,126,438,314,390,392,307
52,2,273,158,419,390,394,324,22,69,146,220
52,3,78,14,374,180,280,234,24,294,220,223
52,4,289,424,331,356,430,121,498,432,178,365
52,5,507,421,106,16,252,69,221,353,465,51
52,6,231,7,286,333,491,445,90,439,280,477
52,7,312,147,397,462,299,96,227,488,319,243
52,8,225,370,408,445,203,147,475,194,438,72
52,9,511,489,164,411,327,93,108,218,221,401
52,10,437,372,49,500,134,325,388,58,235,300
52,11,239,311,445,477,472,476,57,102,462,302
52,12,3,41,440,356,125,21,169,364,319,61
52,13,322,53,400,309,68,210,489,146,469,321
52,14,470,378,434,238,214,495,360,510,331,377
52,15,221,424,260,442,24,179,347,259,407,460
52,16,380,487,30,461,7,490,460,103,205,473
52,17,391,393,89,418,363,308,243,153,479,239
52,18,172,105,68,206,200,205,346,148,155,16
52,19,164,362,261,487,232,478,236,470,274,477
52,20,410,328,116,376,60,102,384,151,296,500
52,21,125,172,27,497,489,367,443,213,63,61
52,22,124,481,238,62,197,246,73,337,241,191
52,23,452,154,17,199,176,133,259,511,476,165
52,24,225,266,261,445,370,106,483,408,495,139
52,25,511,411,93,193,218,50,7,248,74,254
52,26,201,372,267,41,76,312,461,228,116,226
52,27,454,275,445,160,391,22,472,272,192,265
52,28,490,440,3,364,164,450,25,428,125,375
52,29,495,309,400,68,386,54,315,210,496,133
52,30,237,402,445,238,501,470,331,434,11,360
52,31,259,221,203,509,45,465,72,458,239,225
52,32,7,191,228,391,238,487,259,490,412,232
52,33,200,89,161,15,19,363,391,434,473,135
52,34,206,105,172,68,200,36,436,433,342,11
52,35,362,261,403,463,478,462,180,400,105,434
52,36,151,301,113,210,495,102,309,376,229,80
52,37,27,387,172,125,457,446,497,326,101,213
52,38,124,481,238,241,246,197,36,73,62,337
52,39,242,27,199,68,267,466,369,5,452,229
52,40,141,453,472,61,188,27,229,135,206,101
52,41,489,143,30,301,217,346,232,56,433,132
52,42,37,458,18,354,223,285,319,142,306,293
52,43,24,200,289,206,124,418,237,85,473,488
52,44,402,81,207,358,76,183,106,456,58,502
52,45,283,223,264,171,415,443,400,494,218,370
52,46,163,363,167,481,305,33,285,355,313,258
52,47,4,508,479,75,217,137,119,220,324,30
53,0,290,291,145,53,38,322,107,99,496,495
53,1,355,406,372,126,438,390,314,15,165,341
53,2,419,390,394,324,22,190,220,170,337,287
53,3,78,280,493,14,374,290,423,405,220,180
53,4,289,432,424,422,104,356,462,365,430,213
53,5,364,394,266,202,484,91,117,376,111,51
53,6,286,330,280,374,445,30,392,304,146,395
53,7,462,227,451,188,312,381,346,49,89,296
53,8,225,370,261,439,204,438,84,194,269,72
53,9,511,133,324,87,108,489,150,103,351,218
53,10,49,395,255,372,226,267,160,504,58,203
53,11,311,492,477,317,445,163,261,476,472,272
53,12,134,356,0,21,440,364,503,368,139,373
53,13,286,309,68,400,374,387,53,509,33,331
53,14,470,305,2,377,331,137,214,247,237,510
53,15,318,407,260,29,461,246,38,280,424,155
53,16,191,391,428,7,205,487,263,103,228,336
53,17,363,161,126,1,424,84,355,308,243,428
53,18,105,200,172,378,88,414,206,148,186,124
53,19,362,463,105,319,261,15,2,232,478,470
53,20,151,26,410,296,376,377,500,447,102,350
53,21,27,125,497,248,326,123,422,80,315,50
53,22,238,241,124,481,329,190,197,140,62,246
53,23,242,14,199,17,213,356,54,365,332,369
53,24,261,370,225,142,107,204,439,359,63,344
53,25,511,411,93,136,295,7,489,191,40,423
53,26,267,117,203,49,372,312,167,181,226,76
53,27,492,445,121,311,163,22,261,391,317,192
53,28,134,63,356,130,440,182,490,364,25,3
53,29,286,68,309,387,400,451,471,405,290,374
53,30,470,247,212,377,237,445,137,331,402,214
53,31,318,494,280,259,135,212,193,423,295,361
53,32,191,391,7,322,473,388,263,228,487,238
53,33,105,161,327,200,473,363,84,490,435,472
53,34,378,200,88,172,414,105,36,488,507,119
53,35,15,362,183,478,105,463,261,413,173,375
53,36,151,26,210,344,311,301,410,376,309,76
53,37,118,248,422,497,101,125,150,152,131,5
53,38,124,238,190,241,140,73,481,197,378,246
53,39,242,267,199,82,68,234,120,369,62,452
53,40,141,254,472,449,18,61,44,453,316,501
53,41,30,445,56,217,13,301,424,261,105,433
53,42,90,276,248,223,37,354,376,306,458,112
53,43,146,206,200,328,264,467,120,2,69,87
53,44,81,387,405,429,37,58,207,137,400,5
53,45,227,335,280,489,171,472,190,48,81,431
53,46,471,242,167,398,350,189,277,282,204,391
53,47,479,508,485,30,75,217,62,418,223,245
54,0,269,199,108,496,157,494,423,476,107,411
54,1,470,406,355,101,317,228,120,494,314,213
54,2,151,469,334,403,61,419,123,306,394,464
54,3,78,124,493,14,374,205,405,280,88,143
54,4,289,342,252,356,488,498,283,304,406,423
54,5,454,502,167,369,216,162,221,111,204,91
54,6,392,60,146,374,77,330,30,280,446,445
54,7,350,9,346,451,80,239,312,462,260,303
54,8,225,370,439,158,408,269,204,510,227,297
54,9,511,40,489,108,423,271,68,176,338,496
54,10,117,226,500,461,264,325,167,388,372,419
54,11,311,102,492,406,192,163,477,371,472,445
54,12,356,134,63,264,97,153,288,21,0,265
54,13,286,68,387,322,53,290,470,302,504,307
54,14,377,470,212,137,460,408,138,247,424,274
54,15,245,39,459,424,38,135,481,318,501,193
54,16,391,191,380,260,263,238,429,383,7,156
54,17,363,327,200,365,435,126,15,428,105,84
54,18,378,261,277,100,91,371,19,372,119,124
54,19,362,478,125,375,261,183,2,15,42,293
54,20,151,26,376,500,70,410,328,495,62,309
54,21,248,324,280,118,152,5,497,150,50,35
54,22,190,275,149,49,405,238,442,12,345,104
54,23,242,199,267,14,17,68,369,213,217,504
54,24,265,225,439,142,158,203,370,510,344,227
54,25,136,511,68,93,43,445,203,489,234,199
54,26,117,246,309,372,312,461,203,201,495,167
54,27,454,492,391,445,422,406,351,311,291,192
54,28,134,97,63,153,356,490,164,364,25,265
54,29,286,68,387,290,400,22,132,495,469,405
54,30,377,470,212,402,424,247,181,331,7,495
54,31,135,227,318,191,280,245,420,65,15,501
54,32,391,191,380,428,7,322,383,156,260,263
54,33,327,105,200,15,84,363,161,68,391,1
54,34,378,261,36,91,277,100,35,422,121,11
54,35,362,183,412,105,403,141,478,15,375,21
54,36,151,26,373,210,311,76,328,376,70,495
54,37,248,150,118,152,125,35,435,50,324,123
54,38,190,275,149,104,49,405,345,197,238,57
54,39,199,267,242,120,68,59,394,452,234,217
54,40,141,254,18,499,449,316,44,101,395,472
54,41,30,217,261,87,13,56,47,234,439,4
54,42,276,248,455,223,218,423,112,176,1,357
54,43,206,146,328,2,264,235,58,13,200,467
54,44,387,405,209,429,400,56,137,58,80,107
54,45,227,48,235,335,472,190,280,237,81,489
54,46,242,189,256,398,350,204,197,419,277,399
54,47,272,293,85,78,30,451,62,11,223,414
55,0,270,309,37,398,0,304,291,99,353,95
55,1,247,353,320,398,341,118,431,86,44,101
55,2,150,334,75,185,388,431,459,310,109,203
55,3,78,374,255,447,34,180,234,280,240,232
55,4,289,432,498,168,418,365,252,232,117,356
55,5,216,487,420,221,169,305,511,126,106,408
55,6,77,329,63,179,47,73,94,383,417,33
55,7,87,41,193,117,238,341,256,427,312,44
55,8,181,225,158,439,370,510,316,227,500,408
55,9,511,87,207,489,108,308,452,338,150,271
55,10,117,461,269,167,226,264,372,300,395,325
55,11,508,406,477,311,268,371,163,492,291,307
55,12,251,134,421,356,286,264,303,63,21,0
55,13,286,307,350,470,322,399,264,110,68,476
55,14,470,247,377,460,402,212,165,378,148,138
55,15,38,424,189,318,394,123,227,464,103,355
55,16,391,191,428,380,7,336,238,197,263,78
55,17,327,317,308,363,15,391,214,483,24,428
55,18,378,310,414,246,121,422,444,11,373,19
55,19,183,362,15,21,92,412,463,159,223,478
55,20,26,373,151,328,285,311,477,410,289,236
55,21,152,324,5,237,125,248,32,435,35,155
55,22,349,182,225,434,328,394,242,190,444,300
55,23,199,242,234,68,267,452,62,407,59,504
55,24,265,158,225,203,500,370,316,510,181,142
55,25,511,136,445,68,199,93,43,74,7,51
55,26,117,246,309,167,461,372,367,203,325,228
55,27,454,422,406,291,508,311,445,100,492,351
55,28,134,251,421,63,356,286,182,364,21,264
55,29,286,307,110,399,350,277,127,476,37,495
55,30,470,377,402,247,212,424,190,257,176,339
55,31,135,431,227,191,15,65,318,259,245,501
55,32,391,191,428,380,7,322,197,238,453,94
55,33,327,403,214,105,391,363,418,15,465,282
55,34,378,310,19,11,422,121,36,246,414,168
55,35,362,412,183,141,21,403,213,92,120,11
55,36,151,26,373,328,311,285,76,99,62,111
55,37,152,125,324,435,32,248,5,366,502,9
55,38,190,182,394,349,253,242,225,300,499,328
55,39,199,120,68,242,452,267,234,394,59,361
55,40,18,141,499,254,346,449,395,316,61,500
55,41,439,217,261,87,47,273,88,443,292,381
55,42,455,276,218,62,265,77,93,95,171,464
55,43,206,148,366,359,300,120,342,146,469,302
55,44,311,387,220,370,297,186,104,207,177,119
55,45,280,363,235,162,421,472,331,237,415,57
55,46,350,329,419,241,195,510,200,262,305,80
55,47,292,444,446,234,66,108,323,112,461,366
56,0,32,160,278,71,330,130,79,46,170,221
56,1,247,112,427,471,447,58,71,250,59,398
56,2,483,380,101,109,334,150,185,142,272,75
56,3,78,272,354,374,357,255,447,143,414,234
56,4,245,196,289,498,440,359,331,329,349,252
56,5,456,273,127,421,487,479,106,221,433,420
56,6,452,6,166,189,50,258,395,77,63,284
56,7,170,268,312,397,231,243,441,289,335,269
56,8,225,3,370,439,158,510,181,386,500,269
56,9,511,87,271,143,176,68,324,181,475,469
56,10,117,500,7,251,325,116,461,264,278,364
56,11,406,311,477,508,371,272,36,57,192,492
56,12,380,356,264,463,406,409,248,63,251,474
56,13,286,274,68,350,387,470,53,476,322,307
56,14,470,377,212,402,424,138,460,148,2,479
56,15,135,245,420,318,227,65,15,195,355,40
56,16,391,380,191,263,7,197,78,474,429,59
56,17,363,105,327,200,15,365,308,428,391,209
56,18,378,464,472,434,310,11,308,422,19,108
56,19,362,92,403,183,223,21,118,412,141,399
56,20,26,497,373,151,328,451,311,289,204,376
56,21,152,237,3,476,45,413,119,125,435,155
56,22,243,426,112,150,422,461,441,471,300,177
56,23,199,62,68,452,470,242,59,217,267,330
56,24,225,3,265,158,203,370,500,142,408,460
56,25,511,499,56,445,136,452,199,74,469,248
56,26,117,260,367,246,264,40,116,167,461,278
56,27,454,422,406,100,311,163,332,221,160,272
56,28,406,463,248,409,380,63,356,251,474,182
56,29,350,322,127,290,53,132,37,307,134,82
56,30,470,424,377,402,190,479,212,148,339,7
56,31,135,15,420,339,318,245,389,212,227,29
56,32,391,380,428,197,340,322,453,191,94,7
56,33,418,403,391,465,105,363,327,434,25,15
56,34,464,434,310,19,378,11,121,118,36,422
56,35,141,412,183,403,21,362,92,221,213,15
56,36,311,151,497,26,451,328,373,76,285,82
56,37,152,3,125,155,476,119,248,32,237,104
56,38,422,426,243,112,300,150,461,192,441,471
56,39,199,120,452,68,242,174,234,267,394,59
56,40,18,499,141,254,346,449,395,500,174,87
56,41,439,501,261,88,217,87,273,47,292,356
56,42,218,276,455,93,265,426,77,56,95,464
56,43,206,366,359,148,300,391,120,342,302,469
56,44,79,387,311,297,145,199,177,119,243,232
56,45,280,363,162,421,235,57,148,367,331,452
56,46,350,241,196,195,262,419,185,200,70,412
56,47,88,89,461,391,45,188,323,66,108,444
57,0,451,49,369,293,120,100,134,338,349,147
57,1,58,426,247,243,197,454,156,16,305,465
57,2,431,180,127,273,483,83,158,150,238,196
57,3,78,374,473,255,50,280,26,503,100,34
57,4,331,29,420,289,117,498,436,149,430,432
57,5,421,507,460,163,34,366,336,296,220,221
57,6,437,94,472,258,353,33,7,249,395,269
57,7,312,397,235,44,441,307,217,269,250,299
57,8,225,370,510,500,204,158,247,260,244,297
57,9,511,221,63,50,56,95,489,327,308,271
57,10,117,251,415,197,488,6,7,298,238,12
57,11,311,406,272,14,89,175,57,477,192,317
57,12,474,356,75,127,380,345,360,21,2,304
57,13,68,504,322,307,286,274,245,470,53,400
57,14,470,377,190,460,424,479,434,224,428,153
57,15,189,135,459,191,245,318,420,374,227,424
57,16,380,391,428,191,94,276,78,260,490,197
57,17,403,391,418,252,363,483,42,308,32,327
57,18,11,327,19,310,494,422,378,467,118,121
57,19,213,73,21,412,141,403,183,159,362,120
57,20,328,373,311,26,285,151,111,99,143,76
57,21,152,438,424,476,223,237,45,452,366,32
57,22,15,295,414,404,417,142,300,304,502,2
57,23,199,68,242,120,27,59,227,452,361,217
57,24,225,500,370,158,510,247,100,408,155,496
57,25,511,472,445,221,499,124,51,87,68,248
57,26,117,278,415,267,203,488,253,350,12,300
57,27,406,454,422,14,311,291,508,317,477,221
57,28,474,63,127,356,75,251,380,345,360,25
57,29,127,269,286,307,274,489,322,312,399,367
57,30,470,190,377,479,148,460,402,212,239,424
57,31,431,135,318,15,420,191,245,65,424,247
57,32,391,380,428,241,7,191,322,78,383,352
57,33,403,327,391,105,418,25,308,465,15,282
57,34,310,11,327,19,494,378,422,36,121,266
57,35,403,412,183,120,362,141,21,213,73,342
57,36,151,26,285,311,328,373,125,99,431,24
57,37,438,152,155,435,248,223,453,32,424,366
57,38,15,295,414,394,190,300,304,242,225,148
57,39,199,452,68,242,120,267,499,361,59,217
57,40,18,141,499,254,316,449,87,472,395,143
57,41,439,217,273,261,124,88,87,292,47,12
57,42,276,68,455,265,171,464,447,93,67,280
57,43,206,366,146,300,148,273,359,190,120,196
57,44,311,387,337,148,119,37,76,59,207,90
57,45,210,363,235,280,57,331,421,330,162,275
57,46,245,419,510,350,292,221,293,305,262,6
57,47,136,444,370,461,366,153,108,181,391,485
58,0,301,361,101,293,76,21,265,369,362,186
58,1,58,250,426,247,230,61,76,226,493,410
58,2,490,483,166,180,431,196,127,354,238,109
58,3,78,374,473,255,503,26,50,416,232,447
58,4,175,265,331,449,29,498,420,117,289,149
58,5,296,206,127,342,333,483,411,221,246,305
58,6,382,437,87,175,236,353,94,269,7,347
58,7,397,305,470,44,441,312,307,423,418,269
58,8,225,158,370,500,244,386,496,247,426,406
58,9,511,469,88,271,308,335,489,87,475,472
58,10,117,7,500,300,461,446,120,438,269,334
58,11,406,272,102,314,477,192,57,307,371,286
58,12,243,380,474,400,356,264,278,416,164,251
58,13,274,307,233,504,322,286,68,316,264,53
58,14,470,190,479,460,428,424,489,371,148,298
58,15,420,318,135,191,374,227,339,65,394,459
58,16,380,197,391,428,78,191,352,307,94,425
58,17,391,327,418,403,426,308,42,363,214,101
58,18,183,472,310,11,467,19,378,422,255,121
58,19,183,412,242,213,403,399,21,120,141,90
58,20,285,373,328,26,311,151,111,361,11,143
58,21,152,424,438,425,111,476,452,366,299,429
58,22,297,441,221,243,165,417,242,304,2,416
58,23,199,242,59,361,466,452,68,120,80,165
58,24,225,370,247,386,500,265,184,426,460,495
58,25,461,118,87,7,511,248,147,124,51,43
58,26,117,300,120,167,461,350,367,446,395,423
58,27,454,422,406,317,417,57,225,102,100,371
58,28,243,63,474,182,400,278,380,416,264,38
58,29,269,387,22,290,469,250,53,307,428,274
58,30,148,470,212,402,424,257,64,445,205,181
58,31,29,24,259,454,156,330,260,361,507,69
58,32,391,228,78,7,307,243,380,429,352,202
58,33,105,363,327,465,126,454,308,424,221,434
58,34,310,378,19,183,11,36,494,467,422,472
58,35,403,183,342,120,412,29,372,401,90,64
58,36,76,285,361,151,311,417,328,431,111,11
58,37,425,152,438,248,155,125,435,424,45,32
58,38,441,221,243,297,304,242,394,300,190,165
58,39,199,120,452,68,59,242,499,165,227,217
58,40,141,499,449,254,87,18,316,472,395,277
58,41,217,88,261,292,87,47,381,124,356,439
58,42,276,455,265,447,93,464,53,218,154,158
58,43,206,148,366,300,120,82,132,359,323,273
58,44,311,387,119,200,148,59,207,232,297,58
58,45,363,280,57,235,331,162,421,200,75,388
58,46,350,419,495,329,1,378,510,292,293,241
58,47,108,24,154,444,151,369,66,461,483,234
59,0,461,280,12,223,80,340,149,63,246,42
59,1,489,269,137,504,247,438,415,222,58,194
59,2,149,276,34,431,180,202,150,181,75,477
59,3,78,374,100,473,255,73,348,280,132,34
59,4,420,331,433,289,436,121,430,135,498,62
59,5,421,460,34,507,163,336,366,297,156,488
59,6,401,281,7,94,120,236,51,499,249,169
59,7,397,312,107,217,299,225,396,419,505,474
59,8,225,370,158,500,454,247,443,426,244,429
59,9,511,337,56,489,327,499,496,118,221,271
59,10,120,117,108,448,197,238,7,500,385,6
59,11,406,311,175,317,14,102,272,192,57,417
59,12,356,474,190,112,167,338,364,441,25,233
59,13,68,322,127,53,489,504,307,134,343,400
59,14,470,190,424,377,2,360,479,434,331,16
59,15,135,459,245,15,65,420,191,339,214,227
59,16,380,391,197,428,94,482,461,297,78,467
59,17,418,403,391,200,385,257,284,308,32,434
59,18,218,315,11,494,19,111,118,44,422,310
59,19,90,412,21,141,213,246,29,362,403,183
59,20,417,285,328,477,26,88,45,143,373,70
59,21,425,152,435,366,299,125,452,248,204,53
59,22,216,275,152,400,164,357,105,364,265,324
59,23,199,68,452,59,267,17,217,242,165,15
59,24,225,500,158,370,247,510,316,426,454,309
59,25,118,511,221,499,445,56,337,423,469,327
59,26,108,385,117,120,267,448,278,251,415,361
59,27,14,422,89,175,221,311,454,35,353,406
59,28,356,63,167,112,190,264,182,125,474,0
59,29,127,322,489,53,250,302,269,307,68,290
59,30,470,424,190,377,479,148,402,42,16,507
59,31,135,420,15,339,227,374,245,65,24,300
59,32,380,391,94,197,322,175,352,428,78,7
59,33,105,418,391,327,465,403,385,200,25,363
59,34,19,218,494,315,422,310,118,11,5,36
59,35,412,403,183,90,141,445,372,307,21,213
59,36,417,26,151,285,66,328,76,311,111,24
59,37,248,155,435,125,152,299,413,32,11,223
59,38,216,275,190,152,400,15,357,133,105,3
59,39,199,267,242,425,68,361,466,165,120,59
59,40,18,254,143,141,499,397,137,449,277,342
59,41,38,449,16,87,192,88,261,273,356,353
59,42,276,455,257,357,464,187,67,184,499,495
59,43,146,190,206,490,132,300,359,47,82,366
59,44,37,387,311,207,474,337,148,454,173,76
59,45,235,210,330,99,363,231,275,103,57,280
59,46,510,299,419,350,163,444,115,311,194,348
59,47,370,340,444,315,485,341,508,291,400,457
60,0,499,212,241,240,294,192,59,457,60,109
60,1,328,245,247,57,389,398,386,394,383,475
60,2,208,109,150,180,305,334,245,237,65,403
60,3,78,202,491,447,309,205,473,143,34,335
60,4,163,346,294,325,506,252,498,289,469,418
60,5,421,34,163,507,460,336,366,129,57,101
60,6,404,118,269,168,77,510,439,417,153,59
60,7,129,493,325,11,351,221,312,193,47,87
60,8,158,225,370,439,408,181,41,227,407,219
60,9,511,87,68,240,338,96,489,308,236,60
60,10,117,267,167,48,285,278,120,226,372,7
60,11,422,406,371,477,84,492,508,238,268,311
60,12,264,63,288,134,356,0,182,21,37,421
60,13,286,274,68,470,245,259,307,312,123,387
60,14,138,212,460,137,470,257,148,377,237,434
60,15,394,424,38,103,259,407,405,239,448,362
60,16,391,7,191,56,429,243,141,228,307,78
60,17,126,363,105,499,209,308,135,155,479,428
60,18,285,28,398,11,414,475,454,422,372,118
60,19,403,375,283,137,500,120,293,362,349,208
60,20,477,26,113,144,457,88,151,116,78,500
60,21,125,422,293,324,395,155,248,5,317,511
60,22,190,309,175,165,493,281,197,275,32,87
60,23,138,510,403,470,14,332,228,115,391,126
60,24,158,181,225,227,160,356,370,41,510,439
60,25,511,68,87,199,280,203,489,376,7,324
60,26,117,48,167,267,235,203,278,243,285,372
60,27,492,311,422,163,291,58,317,454,406,49
60,28,37,63,356,153,182,134,288,390,0,264
60,29,387,286,22,274,68,288,97,290,385,312
60,30,470,138,137,212,402,460,377,148,181,424
60,31,318,259,24,113,394,156,29,193,280,444
60,32,7,391,191,429,307,228,243,78,473,383
60,33,105,499,200,372,298,126,19,119,491,209
60,34,28,285,398,11,397,275,411,86,414,36
60,35,362,403,120,23,237,462,170,406,460,478
60,36,113,151,111,410,242,210,87,419,425,80
60,37,125,422,303,468,256,155,497,131,324,101
60,38,197,190,493,309,80,62,87,175,275,191
60,39,242,338,27,267,5,189,283,374,337,349
60,40,451,141,60,486,27,10,4,206,188,154
60,41,301,351,143,402,346,232,331,458,203,383
60,42,10,276,376,185,90,106,500,388,285,280
60,43,146,85,237,381,485,24,368,20,82,338
60,44,37,207,141,387,266,358,315,300,419,174
60,45,235,275,42,451,227,168,462,237,169,280
60,46,419,87,490,300,283,389,305,349,413,261
60,47,485,444,151,341,491,479,50,163,206,395
61,0,35,498,48,183,269,445,1,329,182,494
61,1,464,276,129,166,245,101,52,341,247,462
61,2,288,150,475,334,502,305,14,203,122,195
61,3,107,78,14,491,7,42,255,180,309,414
61,4,99,202,382,92,289,388,304,356,205,469
61,5,163,421,34,57,507,460,366,336,137,476
61,6,404,7,439,231,409,94,152,390,445,204
61,7,397,312,500,383,462,147,277,243,173,106
61,8,225,117,370,327,510,203,84,247,158,219
61,9,511,50,106,254,489,327,126,87,176,330
61,10,167,436,226,372,500,117,179,235,438,76
61,11,192,311,317,106,149,102,272,371,241,476
61,12,148,125,264,134,474,356,373,304,20,483
61,13,23,127,68,374,286,210,322,314,307,33
61,14,507,402,470,432,360,282,378,478,445,137
61,15,221,246,415,124,150,2,259,14,38,458
61,16,391,380,428,7,191,461,435,197,423,262
61,17,375,363,391,293,418,161,483,393,308,126
61,18,480,453,232,160,18,451,380,124,206,121
61,19,185,450,205,478,85,318,93,164,90,329
61,20,141,78,152,116,144,113,376,296,495,484
61,21,125,401,246,355,432,276,488,189,404,190
61,22,420,62,147,458,473,298,80,483,249,218
61,23,240,138,14,197,470,236,403,115,352,213
61,24,225,327,107,106,299,416,438,495,483,374
61,25,511,35,254,74,124,51,176,248,108,100
61,26,426,167,267,76,504,41,118,116,34,337
61,27,311,391,454,241,493,265,371,61,421,439
61,28,182,148,474,373,304,125,264,364,329,131
61,29,127,23,414,286,374,210,61,322,476,216
61,30,470,507,402,377,190,424,148,331,257,137
61,31,135,245,318,15,227,65,373,339,214,420
61,32,391,380,191,340,7,322,474,416,428,241
61,33,375,391,126,420,293,19,200,418,119,274
61,34,453,160,359,480,232,71,36,18,423,488
61,35,362,185,93,141,405,403,209,105,329,261
61,36,360,210,151,141,374,126,113,490,227,292
61,37,401,125,246,101,404,316,432,155,303,480
61,38,197,157,120,250,420,249,62,470,458,147
61,39,242,338,199,356,129,120,27,197,236,391
61,40,451,486,61,239,437,299,372,243,206,229
61,41,84,300,140,301,398,493,287,387,124,113
61,42,388,285,203,295,350,289,8,124,376,396
61,43,196,30,148,85,206,366,20,200,300,77
61,44,315,207,76,61,419,393,314,10,215,502
61,45,168,22,270,42,238,356,101,308,218,442
61,46,25,418,283,67,343,404,346,258,55,286
61,47,445,254,343,204,60,169,140,242,388,359
62,0,298,194,83,380,109,169,114,165,331,262
62,1,466,36,495,383,252,167,97,485,151,184
62,2,324,239,125,61,84,308,171,436,115,255
62,3,14,405,78,335,4,205,473,320,336,453
62,4,426,496,506,68,469,387,213,15,325,118
62,5,9,242,83,354,162,111,91,326,221,468
62,6,193,445,94,404,482,409,280,134,269,439
62,7,479,215,243,303,106,241,7,312,346,242
62,8,408,397,77,359,231,117,225,414,370,204
62,9,511,35,68,254,280,500,87,321,308,106
62,10,267,48,500,461,203,438,419,504,264,240
62,11,311,492,163,422,477,401,184,238,212,371
62,12,230,264,182,288,0,153,356,63,21,37
62,13,286,68,387,262,259,165,505,418,476,11
62,14,470,212,377,274,138,402,179,154,434,148
62,15,245,459,424,38,73,259,212,394,495,318
62,16,391,191,450,7,238,260,429,78,380,59
62,17,420,363,375,499,491,105,402,490,209,341
62,18,359,104,160,124,10,115,31,243,121,385
62,19,362,185,93,284,13,463,360,2,403,48
62,20,141,374,376,410,78,144,151,384,479,99
62,21,125,401,246,155,316,488,274,157,190,404
62,22,250,157,60,120,249,197,267,62,125,24
62,23,199,242,217,303,23,165,474,68,17,361
62,24,45,428,510,416,406,225,370,165,160,248
62,25,511,68,35,74,411,504,321,500,280,423
62,26,260,267,48,420,167,76,73,372,393,157
62,27,422,311,84,454,371,425,492,163,350,444
62,28,63,37,182,153,230,346,323,356,264,87
62,29,286,387,23,53,68,33,302,132,290,250
62,30,470,402,212,179,424,377,138,460,165,479
62,31,73,245,318,135,15,227,459,420,74,495
62,32,391,7,191,450,380,238,487,260,88,429
62,33,420,490,402,491,375,255,391,105,363,499
62,34,160,10,359,104,36,423,115,243,193,318
62,35,362,93,185,13,209,405,141,284,395,403
62,36,151,210,311,141,360,374,410,384,490,328
62,37,125,316,101,246,401,155,432,160,404,421
62,38,197,157,250,60,120,24,249,75,30,62
62,39,199,120,68,242,59,247,361,452,227,351
62,40,141,499,254,61,395,449,316,500,44,266
62,41,300,87,292,124,261,47,88,217,462,398
62,42,226,27,124,218,243,319,462,368,128,18
62,43,148,206,124,120,24,366,273,359,300,25
62,44,238,100,322,177,207,297,311,281,370,510
62,45,204,280,47,475,162,45,148,173,265,196
62,46,350,338,418,452,107,433,471,23,388,67
62,47,138,60,360,273,204,137,248,343,108,96
63,0,121,154,279,299,336,45,420,433,478,195
63,1,340,160,292,485,344,361,117,81,199,207
63,2,324,240,50,171,113,482,61,75,108,481
63,3,203,14,319,473,453,140,320,232,137,255
63,4,363,387,444,322,503,400,315,97,75,244
63,5,162,3,221,242,299,402,220,268,407,406
63,6,405,94,44,445,173,467,463,469,460,218
63,7,479,215,504,149,211,1,476,443,266,30
63,8,22,415,408,234,289,341,412,362,293,453
63,9,13,496,510,254,305,3,455,415,511,324
63,10,116,41,364,438,500,124,261,219,281,471
63,11,436,212,311,324,477,208,488,41,401,400
63,12,264,230,124,323,139,354,356,118,182,358
63,13,53,68,350,322,509,502,400,463,347,469
63,14,470,424,479,2,492,148,402,257,176,397
63,15,245,135,15,227,420,339,214,208,259,221
63,16,380,260,191,78,391,116,277,263,156,434
63,17,20,363,15,391,420,200,4,490,444,445
63,18,237,104,311,243,160,40,504,205,452,65
63,19,185,362,93,141,403,2,478,284,209,395
63,20,141,311,384,11,374,204,151,376,210,328
63,21,125,316,101,246,190,274,462,160,141,489
63,22,157,422,250,197,490,80,120,62,234,115
63,23,199,68,120,361,488,102,165,59,415,55
63,24,225,130,460,344,3,248,299,72,180,502
63,25,511,56,221,411,74,321,124,248,51,271
63,26,260,267,225,116,73,229,500,457,416,295
63,27,311,420,265,454,472,57,180,54,102,439
63,28,264,46,182,176,203,323,474,402,125,124
63,29,250,290,322,302,403,53,154,501,132,307
63,30,424,470,479,304,148,377,298,387,331,460
63,31,135,245,15,420,227,339,24,191,29,259
63,32,380,391,78,307,191,352,322,132,348,166
63,33,465,391,105,382,116,288,201,420,58,363
63,34,237,11,104,243,65,36,71,201,160,311
63,35,403,141,362,93,221,185,150,267,64,120
63,36,311,151,210,111,374,143,141,62,431,113
63,37,316,101,160,125,246,303,152,421,404,155
63,38,157,250,120,490,197,372,62,319,458,299
63,39,120,199,242,68,59,247,452,361,227,102
63,40,141,499,254,449,395,472,27,277,453,316
63,41,88,300,261,87,292,462,47,217,124,381
63,42,218,243,226,319,27,462,265,18,58,128
63,43,206,148,124,366,120,273,24,359,300,261
63,44,238,322,177,100,281,297,311,370,207,232
63,45,204,475,196,280,162,45,173,363,373,148
63,46,350,23,452,433,107,241,262,370,67,44
63,47,108,66,137,60,112,323,248,89,119,451
64,0,290,9,145,38,415,53,189,348,220,95
64,1,144,94,390,30,55,438,78,1,490,156
64,2,202,431,154,435,127,287,88,421,75,479
64,3,78,240,374,14,280,473,50,255,320,503
64,4,331,117,430,420,445,305,498,278,135,232
64,5,159,279,293,221,117,220,280,32,23,384
64,6,94,381,347,286,280,395,428,234,472,437
64,7,312,307,505,299,225,462,57,106,37,7
64,8,225,510,370,491,204,408,269,247,438,8
64,9,221,511,254,187,36,190,203,496,321,93
64,10,407,16,267,116,372,58,381,415,438,167
64,11,401,311,443,57,102,272,457,477,462,387
64,12,360,375,264,356,75,497,440,0,2,125
64,13,286,68,322,262,504,245,53,284,400,146
64,14,470,402,377,424,176,479,331,397,2,434
64,15,245,459,73,374,135,495,510,414,494,49
64,16,380,238,260,191,88,7,391,78,322,135
64,17,219,363,391,402,330,420,490,475,449,135
64,18,68,237,378,221,243,298,121,46,18,423
64,19,93,362,107,463,143,351,209,460,73,283
64,20,311,210,374,218,373,490,384,141,51,431
64,21,160,101,125,316,421,372,499,235,443,489
64,22,452,187,265,329,148,197,15,71,87,66
64,23,68,199,361,217,23,227,120,59,62,242
64,24,225,510,491,266,408,247,413,397,502,260
64,25,511,36,221,187,254,74,423,32,469,411
64,26,267,407,16,485,312,118,167,260,372,76
64,27,422,401,82,311,462,265,351,439,314,475
64,28,360,182,375,63,125,41,356,264,75,497
64,29,230,286,53,68,104,501,15,250,356,283
64,30,470,402,424,148,492,507,479,488,377,460
64,31,135,227,245,494,156,24,71,339,15,232
64,32,380,7,391,228,241,78,352,191,348,88
64,33,219,391,363,420,255,105,435,135,490,489
64,34,68,243,298,18,46,221,423,327,36,121
64,35,93,362,209,511,73,406,329,84,403,251
64,36,218,384,113,11,311,431,292,490,87,210
64,37,125,101,160,499,316,443,421,172,169,303
64,38,265,481,187,238,148,431,324,295,452,15
64,39,199,120,68,59,242,247,217,394,330,452
64,40,141,120,266,61,135,254,386,239,303,472
64,41,27,140,399,87,390,300,363,12,132,223
64,42,279,18,458,37,243,296,332,319,504,336
64,43,24,206,120,200,148,124,300,403,349,493
64,44,402,207,162,311,217,76,297,456,154,66
64,45,231,7,64,325,494,10,196,280,124,489
64,46,350,257,454,227,471,258,363,398,242,179
64,47,457,90,235,217,176,75,129,481,317,139
65,0,393,457,96,166,21,23,474,288,337,463
65,1,417,55,280,236,87,370,378,148,430,56
65,2,324,189,144,246,81,143,216,488,378,111
65,3,510,280,255,453,388,232,209,78,294,193
65,4,487,56,502,244,289,270,137,315,253,185
65,5,279,29,159,23,118,305,162,425,246,384
65,6,381,231,333,286,44,145,5,347,492,173
65,7,417,312,7,133,453,57,25,205,106,356
65,8,225,147,84,491,408,415,265,235,501,412
65,9,190,220,221,254,143,496,93,397,365,511
65,10,201,364,407,267,438,388,13,219,37,420
65,11,401,19,324,311,447,212,423,57,420,477
65,12,396,264,247,41,375,17,182,298,125,423
65,13,165,146,133,295,54,509,347,502,172,284
65,14,365,402,168,257,351,303,176,2,301,148
65,15,38,124,345,208,2,69,14,184,414,278
65,16,380,473,434,461,259,251,241,76,495,411
65,17,20,298,479,2,135,417,424,142,429,330
65,18,68,243,105,129,40,65,123,412,92,172
65,19,95,284,164,462,261,494,178,283,511,121
65,20,384,292,64,431,149,126,113,169,33,479
65,21,443,172,295,125,38,489,169,462,241,190
65,22,481,197,351,22,490,62,147,217,299,97
65,23,488,502,157,305,474,44,473,472,113,151
65,24,266,422,460,299,222,180,502,285,8,190
65,25,80,297,362,422,419,343,5,175,435,186
65,26,144,86,457,267,104,225,189,141,449,101
65,27,423,374,260,19,278,54,391,488,261,212
65,28,367,55,210,247,115,72,182,337,114,171
65,29,403,250,492,473,469,395,268,308,104,200
65,30,336,59,52,193,307,207,121,440,43,347
65,31,312,99,357,92,144,156,469,462,482,104
65,32,228,100,93,474,448,296,404,386,139,460
65,33,2,135,99,217,332,176,292,509,21,256
65,34,105,352,328,247,52,134,92,188,209,81
65,35,64,462,406,139,251,2,121,54,511,170
65,36,113,431,463,384,11,292,218,169,80,62
65,37,169,125,172,443,152,209,213,489,27,446
65,38,481,490,238,73,22,197,101,319,53,147
65,39,199,120,59,452,68,197,413,236,126,405
65,40,120,141,27,229,348,430,266,221,305,453
65,41,399,217,426,223,88,363,422,347,301,54
65,42,37,18,458,319,293,142,423,181,128,354
65,43,24,206,38,349,124,120,31,456,300,200
65,44,402,456,217,297,150,207,76,215,327,323
65,45,64,325,10,494,280,191,265,223,42,196
65,46,350,250,363,23,107,5,490,281,300,452
65,47,108,66,479,176,137,220,117,112,151,317
66,0,434,189,446,211,414,133,503,466,118,507
66,1,126,490,390,30,438,372,27,501,45,474
66,2,283,96,446,385,163,86,258,366,152,70
66,3,78,374,280,503,392,96,220,232,284,60
66,4,178,420,331,278,62,430,135,372,436,424
66,5,34,57,421,476,460,366,336,507,463,293
66,6,325,286,169,304,373,94,428,39,280,143
66,7,225,474,299,312,121,376,419,406,227,37
66,8,225,232,247,204,70,261,88,459,370,216
66,9,383,221,511,67,170,458,303,324,108,507
66,10,286,430,159,509,267,331,450,500,451,116
66,11,311,354,420,392,477,30,163,259,257,119
66,12,159,0,10,264,191,440,254,503,56,215
66,13,33,502,53,250,322,508,469,214,294,68
66,14,2,4,267,492,135,331,202,136,444,440
66,15,2,245,229,15,69,208,135,71,78,269
66,16,380,391,50,474,349,434,460,232,116,193
66,17,363,20,464,102,4,90,2,317,135,428
66,18,166,200,105,442,146,65,201,267,195,148
66,19,261,169,43,150,481,164,270,236,251,198
66,20,145,169,245,463,152,384,87,380,301,482
66,21,360,125,152,446,289,213,27,462,303,489
66,22,380,241,296,116,458,123,449,480,502,337
66,23,199,59,488,470,44,213,405,126,165,502
66,24,225,232,247,261,70,333,299,370,84,286
66,25,383,511,67,221,123,411,80,297,321,489
66,26,286,430,383,267,201,422,76,461,203,116
66,27,354,263,311,86,447,423,265,391,457,472
66,28,159,46,191,201,182,318,367,115,503,437
66,29,403,250,469,422,269,322,54,200,41,340
66,30,267,35,59,4,496,331,97,444,144,465
66,31,182,2,221,347,361,369,69,242,122,29
66,32,241,460,340,416,50,474,380,461,228,304
66,33,277,417,4,63,498,2,292,135,332,464
66,34,200,65,166,172,146,346,71,498,423,105
66,35,369,320,354,126,450,236,30,197,65,478
66,36,431,384,80,11,113,111,38,62,292,82
66,37,125,213,360,152,289,84,27,209,122,170
66,38,458,241,380,238,197,124,402,481,116,268
66,39,199,452,120,68,59,499,197,492,428,405
66,40,141,61,239,346,430,266,288,135,31,499
66,41,88,390,489,507,477,347,426,301,141,356
66,42,37,203,354,496,500,332,76,296,458,280
66,43,38,30,31,443,355,24,237,303,200,451
66,44,150,207,305,300,362,483,215,450,76,419
66,45,507,42,168,248,147,229,220,443,356,348
66,46,167,163,438,257,350,281,496,232,33,495
66,47,4,508,242,176,117,75,398,106,388,442
67,0,461,280,496,12,494,266,217,107,63,306
67,1,406,438,314,317,213,396,117,199,27,344
67,2,90,276,40,81,353,143,420,146,202,189
67,3,73,434,255,100,374,326,180,50,290,118
67,4,138,121,420,331,315,262,160,400,305,278
67,5,163,421,57,498,34,230,157,393,118,425
67,6,146,374,401,61,373,246,7,106,187,332
67,7,397,474,107,32,290,299,312,7,270,505
67,8,324,376,225,443,84,300,412,114,333,299
67,9,496,401,489,271,297,251,208,273,123,314
67,10,430,308,267,483,116,182,500,58,474,364
67,11,175,122,236,447,306,212,497,132,50,93
67,12,77,191,137,414,115,56,112,319,337,328
67,13,340,322,462,172,509,422,183,469,262,32
67,14,478,440,496,446,2,176,257,394,158,35
67,15,2,69,214,414,361,507,14,407,221,345
67,16,380,434,327,461,50,76,460,297,423,229
67,17,20,226,385,330,135,2,489,450,257,63
67,18,380,166,232,44,397,218,311,23,489,262
67,19,164,270,169,197,198,414,359,229,224,494
67,20,156,379,11,384,152,364,68,328,17,149
67,21,125,276,84,213,503,219,489,375,244,468
67,22,4,459,158,197,442,62,147,217,337,97
67,23,488,452,59,300,293,44,492,447,72,441
67,24,225,324,136,375,299,422,274,153,180,222
67,25,56,80,221,123,445,248,469,397,197,51
67,26,267,295,422,500,116,383,201,429,312,337
67,27,457,188,132,208,374,391,447,416,306,61
67,28,77,191,402,367,319,58,112,61,184,271
67,29,403,315,269,422,127,386,473,326,511,41
67,30,392,491,478,144,480,4,7,91,440,346
67,31,464,2,393,415,309,470,122,277,454,214
67,32,381,136,4,448,386,100,350,328,228,460
67,33,292,417,464,46,412,434,481,63,77,253
67,34,380,232,166,397,71,218,311,328,188,372
67,35,126,511,283,420,180,179,379,388,321,146
67,36,11,431,328,384,292,38,379,80,398,113
67,37,152,84,125,8,209,186,422,213,141,303
67,38,4,158,53,197,152,216,258,475,458,298
67,39,120,199,115,492,17,415,59,455,61,396
67,40,451,221,79,430,385,31,435,193,270,453
67,41,88,246,50,507,134,38,316,238,411,458
67,42,37,302,388,76,496,208,332,439,175,233
67,43,31,303,67,30,300,484,240,85,8,367
67,44,266,207,315,70,92,150,37,305,502,183
67,45,348,182,168,42,218,238,425,147,443,99
67,46,246,311,87,454,299,232,284,75,362,96
67,47,90,485,50,242,231,86,315,210,303,398
68,0,172,445,183,482,182,59,498,450,273,431
68,1,129,52,207,27,96,275,117,472,260,98
68,2,214,324,378,424,21,195,425,461,81,482
68,3,107,78,374,332,392,140,21,498,453,263
68,4,99,331,278,305,178,384,148,232,97,462
68,5,137,163,481,23,498,333,40,196,361,384
68,6,7,333,48,209,134,400,460,276,335,373
68,7,312,299,7,329,383,211,236,57,292,488
68,8,225,159,261,70,510,273,502,370,501,15
68,9,221,308,496,477,254,327,176,271,108,511
68,10,286,179,438,116,334,429,94,219,420,267
68,11,354,311,304,208,387,462,82,447,420,272
68,12,148,337,414,264,56,124,464,333,483,41
68,13,23,322,53,469,192,262,476,502,289,33
68,14,507,470,304,424,402,479,2,375,257,58
68,15,135,227,245,339,389,15,65,73,420,454
68,16,380,166,7,348,340,260,78,76,238,434
68,17,375,391,490,330,233,293,135,428,15,363
68,18,18,232,453,380,480,193,206,160,187,423
68,19,450,478,283,355,477,346,87,448,494,169
68,20,227,119,245,479,141,64,384,281,11,84
68,21,125,401,462,246,488,489,276,8,189,432
68,22,420,197,113,62,498,80,213,268,497,458
68,23,68,240,150,392,142,144,165,59,369,213
68,24,225,510,64,333,327,180,248,139,222,502
68,25,221,63,500,411,36,511,50,496,271,56
68,26,426,267,260,179,295,347,34,463,41,116
68,27,82,462,454,311,351,447,22,47,394,54
68,28,182,148,329,373,337,382,437,328,125,264
68,29,23,15,414,322,131,307,509,230,504,250
68,30,470,304,402,148,424,460,257,479,377,2
68,31,135,227,15,339,318,389,373,156,494,245
68,32,391,340,7,380,78,166,238,429,191,276
68,33,375,293,490,391,209,19,1,511,105,363
68,34,193,359,160,480,453,232,349,71,423,262
68,35,405,448,450,362,283,329,131,197,403,462
68,36,151,113,425,374,141,210,419,490,292,484
68,37,125,401,256,246,209,432,480,155,404,143
68,38,197,80,268,420,249,470,448,53,352,120
68,39,294,302,228,215,27,115,61,391,338,510
68,40,451,486,61,188,482,69,453,466,384,282
68,41,85,418,84,301,504,238,458,411,149,146
68,42,285,388,381,496,332,233,412,8,57,501
68,43,85,24,366,203,200,300,267,372,477,446
68,44,315,207,76,415,408,451,362,150,144,61
68,45,168,42,430,356,238,443,398,67,507,367
68,46,346,396,362,374,308,476,58,438,258,24
68,47,445,242,254,398,86,90,140,409,129,331
69,0,298,380,194,83,262,109,169,148,114,331
69,1,466,344,27,77,452,117,151,199,367,141
69,2,324,239,84,61,255,482,308,272,81,143
69,3,14,473,143,453,405,320,21,4,365,336
69,4,213,97,232,68,469,262,387,498,15,140
69,5,242,162,83,91,9,504,354,137,401,66
69,6,193,269,400,153,333,134,94,508,430,10
69,7,215,479,7,106,1,303,243,313,100,356
69,8,408,147,397,502,327,414,359,225,266,510
69,9,254,500,35,496,511,321,349,358,68,48
69,10,267,219,380,359,155,372,286,429,364,116
69,11,311,324,401,462,184,82,367,238,477,387
69,12,264,182,230,0,124,125,423,63,288,37
69,13,11,393,386,146,469,262,509,165,488,54
69,14,402,138,470,212,71,510,421,241,257,321
69,15,38,424,69,24,103,2,14,347,507,330
69,16,7,450,391,191,238,141,259,499,145,382
69,17,375,363,490,298,479,142,100,330,135,417
69,18,359,160,104,259,193,263,465,433,301,454
69,19,405,2,448,360,346,414,105,478,283,494
69,20,151,374,141,78,250,376,356,479,320,41
69,21,125,190,401,480,126,488,141,462,189,468
69,22,197,157,250,120,60,97,80,249,156,62
69,23,213,240,17,142,23,150,165,470,474,232
69,24,160,406,45,77,8,510,416,322,344,180
69,25,500,35,280,68,511,496,411,344,498,106
69,26,73,372,267,260,394,426,36,41,471,388
69,27,184,454,84,422,163,447,54,444,351,275
69,28,182,264,230,37,153,346,373,323,329,63
69,29,230,387,317,250,338,255,290,273,469,181
69,30,470,148,212,138,434,402,424,64,257,305
69,31,24,156,259,173,347,318,232,251,444,448
69,32,7,228,191,56,429,78,307,327,503,243
69,33,490,105,375,489,19,499,209,372,100,251
69,34,359,160,488,10,262,193,11,104,436,433
69,35,362,403,511,405,434,283,406,413,448,150
69,36,151,374,376,210,111,113,80,141,126,62
69,37,125,303,480,401,209,256,382,143,246,432
69,38,197,157,268,60,120,250,53,299,97,127
69,39,242,68,199,129,267,466,17,126,510,115
69,40,188,141,61,500,87,449,305,239,356,288
69,41,140,301,346,398,113,197,85,102,458,347
69,42,285,226,124,27,233,289,319,381,18,332
69,43,124,148,24,206,85,77,366,120,200,309
69,44,207,76,238,61,451,419,362,344,215,121
69,45,204,475,443,47,168,507,42,280,220,25
69,46,338,418,350,281,476,67,374,388,508,438
69,47,138,60,273,242,398,204,331,274,442,453
70,0,121,154,279,420,299,336,45,433,478,195
70,1,340,160,292,344,361,187,485,252,2,223
70,2,240,50,324,482,171,356,108,481,61,487
70,3,203,140,180,14,453,141,319,25,275,137
70,4,322,444,400,387,327,363,315,372,244,270
70,5,162,244,30,416,242,3,246,260,504,402
70,6,44,14,469,94,173,467,406,218,34,82
70,7,437,215,504,293,149,443,266,203,479,133
70,8,22,412,401,3,472,415,152,226,480,234
70,9,500,219,5,94,496,510,498,397,201,64
70,10,186,13,116,364,339,248,281,505,104,261
70,11,324,32,436,448,364,41,19,90,151,362
70,12,264,230,182,247,139,323,358,406,164,124
70,13,509,283,121,469,502,503,250,53,68,204
70,14,470,424,402,479,162,138,380,321,257,298
70,15,227,2,420,347,135,245,453,164,318,374
70,16,380,78,263,260,116,7,191,482,162,276
70,17,490,444,161,464,280,391,428,296,135,363
70,18,104,78,331,205,40,243,488,160,452,31
70,19,261,2,375,462,478,283,355,270,413,414
70,20,41,64,99,384,78,479,425,250,109,420
70,21,125,468,175,52,26,126,45,8,97,189
70,22,490,197,157,485,97,125,62,299,234,469
70,23,68,199,102,16,361,414,344,73,165,140
70,24,422,460,8,225,344,180,263,495,333,16
70,25,271,496,221,498,411,74,248,467,147,51
70,26,457,372,90,104,248,462,144,225,252,13
70,27,32,436,54,272,151,88,430,374,444,391
70,28,182,264,139,364,203,367,318,129,312,428
70,29,250,302,501,290,121,53,322,488,326,307
70,30,470,424,479,298,148,377,460,180,380,495
70,31,135,420,29,212,24,318,339,15,251,454
70,32,380,391,78,263,322,116,261,191,162,307
70,33,105,391,465,58,1,288,382,201,417,462
70,34,11,454,71,247,262,301,474,263,311,40
70,35,403,150,346,283,92,239,342,84,251,221
70,36,151,80,384,328,204,292,11,143,376,111
70,37,303,152,125,209,241,489,462,497,127,366
70,38,157,197,490,53,87,280,421,147,351,508
70,39,120,199,242,68,59,102,267,247,351,30
70,40,499,254,500,141,430,449,472,188,395,87
70,41,217,88,347,87,4,261,80,381,469,124
70,42,218,332,418,285,319,280,406,181,265,226
70,43,206,148,120,359,366,124,273,220,24,403
70,44,207,238,76,311,156,281,297,415,387,232
70,45,204,280,475,507,168,388,196,162,171,217
70,46,350,452,433,107,404,438,281,23,5,415
70,47,60,108,137,66,92,112,96,97,317,461
71,0,220,99,270,38,145,0,347,282,122,353
71,1,144,55,205,170,485,490,191,153,327,64
71,2,335,324,287,315,143,81,189,171,488,450
71,3,493,78,280,473,21,14,255,234,449,34
71,4,289,407,213,502,137,462,356,253,104,365
71,5,364,279,394,159,23,162,221,91,384,120
71,6,239,445,30,276,44,442,78,286,468,413
71,7,49,451,106,476,478,245,89,484,421,284
71,8,323,510,84,147,8,502,408,400,415,10
71,9,511,500,187,489,314,360,295,298,218,498
71,10,181,429,267,116,395,438,372,58,201,419
71,11,121,324,457,479,272,317,477,102,445,396
71,12,134,264,182,0,125,21,183,407,20,316
71,13,286,11,68,502,283,262,121,294,505,54
71,14,402,470,247,99,360,282,2,510,108,148
71,15,318,347,423,2,215,173,424,330,418,29
71,16,238,7,191,391,450,394,78,75,141,156
71,17,490,388,327,479,330,100,363,308,483,126
71,18,105,378,172,423,121,193,346,186,58,1
71,19,463,183,84,158,15,478,92,329,349,283
71,20,151,410,311,210,78,376,296,60,477,344
71,21,125,248,422,155,324,480,52,152,437,190
71,22,197,481,238,190,73,62,241,246,140,475
71,23,150,267,17,23,61,213,365,165,88,242
71,24,406,510,142,344,72,130,323,310,460,445
71,25,136,411,511,74,124,500,234,51,248,93
71,26,246,73,260,309,267,372,117,259,418,4
71,27,191,439,121,351,454,464,54,275,104,457
71,28,134,182,265,329,125,364,373,21,490,183
71,29,286,230,132,350,307,68,471,495,496,245
71,30,470,247,402,212,377,460,237,424,148,495
71,31,135,494,318,459,173,347,423,24,259,330
71,32,7,391,238,191,78,429,380,111,473,307
71,33,327,490,68,105,173,391,489,417,363,84
71,34,378,121,193,105,172,36,88,423,302,261
71,35,183,15,362,403,145,92,158,342,413,84
71,36,151,210,311,328,26,143,11,376,431,99
71,37,125,248,422,152,118,155,131,392,303,324
71,38,481,238,190,73,197,241,140,246,360,101
71,39,267,199,120,68,59,242,247,452,361,224
71,40,499,188,449,141,254,266,91,316,500,87
71,41,88,217,449,261,87,292,445,47,299,489
71,42,276,37,248,354,458,18,457,218,455,265
71,43,146,206,349,24,180,120,366,359,306,273
71,44,81,387,207,402,203,358,162,311,232,119
71,45,283,227,171,280,34,239,200,357,223,218
71,46,471,163,167,350,107,363,372,300,404,5
71,47,479,508,4,217,75,119,137,324,418,461
72,0,199,269,157,496,108,423,476,405,402,239
72,1,470,355,406,215,55,424,453,228,217,41
72,2,334,306,151,199,404,488,469,172,362,150
72,3,493,124,78,447,473,320,50,319,453,405
72,4,289,342,262,469,498,365,502,305,232,387
72,5,454,502,167,162,204,221,91,369,281,384
72,6,30,392,201,446,445,77,84,28,36,280
72,7,350,239,80,451,9,438,325,335,284,132
72,8,510,158,408,502,84,147,10,227,27,131
72,9,511,40,496,489,271,378,100,64,425,390
72,10,117,181,419,267,225,372,488,438,43,364
72,11,406,371,422,17,457,495,197,102,387,324
72,12,134,264,182,265,0,288,97,63,140,21
72,13,286,307,502,350,283,68,470,54,165,262
72,14,402,247,470,148,82,460,2,165,180,360
72,15,189,459,318,69,2,24,423,355,214,229
72,16,391,7,380,191,238,216,499,141,277,78
72,17,327,490,68,173,100,308,317,479,428,126
72,18,378,504,91,261,472,100,277,302,399,121
72,19,183,92,15,21,463,362,84,213,435,342
72,20,151,311,373,26,99,328,210,204,143,477
72,21,248,125,45,152,324,424,452,150,155,237
72,22,149,405,190,104,49,275,175,238,270,397
72,23,267,68,199,224,120,0,165,15,361,467
72,24,510,158,142,265,344,225,203,316,408,460
72,25,136,43,445,234,411,74,124,261,7,93
72,26,246,309,260,117,167,73,36,267,259,495
72,27,454,100,406,351,478,439,191,291,371,422
72,28,134,97,182,140,474,63,265,0,21,264
72,29,307,132,350,286,399,37,68,322,245,53
72,30,470,424,148,377,247,298,304,460,2,402
72,31,135,15,212,420,494,29,318,227,24,257
72,32,391,380,78,191,7,352,238,277,307,216
72,33,327,105,173,465,391,68,403,490,58,417
72,34,378,504,91,261,11,422,472,399,19,36
72,35,183,403,92,141,21,15,213,342,362,145
72,36,151,311,328,210,11,143,99,76,82,431
72,37,152,248,125,45,476,452,324,240,392,155
72,38,190,149,275,405,104,49,238,270,205,57
72,39,120,199,267,68,242,59,247,452,394,361
72,40,499,141,449,254,500,87,395,266,18,101
72,41,88,261,217,87,445,449,47,80,439,124
72,42,276,248,455,265,218,77,447,457,87,466
72,43,146,366,206,349,120,359,13,306,273,148
72,44,387,402,311,297,177,56,405,147,59,200
72,45,227,280,235,200,215,34,57,265,479,169
72,46,350,419,256,23,141,340,348,188,177,314
72,47,272,78,85,11,142,414,451,444,284,218
73,0,71,309,32,130,37,160,286,353,381,278
73,1,247,86,353,157,398,320,434,427,303,165
73,2,380,334,150,483,296,75,286,109,142,431
73,3,354,447,78,357,473,374,272,240,237,216
73,4,245,349,196,331,498,262,418,365,232,140
73,5,456,180,127,420,340,221,169,96,162,69
73,6,452,189,77,329,179,280,359,63,30,109
73,7,327,438,174,268,441,170,325,312,468,491
73,8,510,158,3,408,225,84,147,502,100,407
73,9,511,36,422,475,221,452,40,143,378,95
73,10,117,488,267,395,300,438,167,350,106,461
73,11,406,422,291,371,17,238,477,311,268,57
73,12,406,264,288,182,0,134,380,63,248,409
73,13,286,350,68,259,476,307,264,294,386,502
73,14,402,444,148,470,138,247,434,224,371,460
73,15,189,14,394,415,454,124,251,24,347,257
73,16,391,216,7,380,499,78,156,238,435,506
73,17,327,173,142,490,363,135,330,308,479,42
73,18,378,504,472,464,310,121,196,422,434,11
73,19,183,92,242,21,1,213,463,223,118,342
73,20,497,451,151,311,328,373,26,99,204,11
73,21,125,152,476,452,237,45,98,3,248,424
73,22,422,243,426,150,461,112,177,276,471,394
73,23,199,68,267,120,59,165,361,470,15,62
73,24,225,510,158,3,265,203,142,460,16,180
73,25,136,234,199,411,221,338,511,321,51,124
73,26,309,260,246,117,116,36,395,295,73,267
73,27,454,113,100,406,148,478,351,54,191,466
73,28,406,380,463,474,182,248,409,63,25,356
73,29,350,269,322,307,399,476,277,68,132,250
73,30,424,479,470,148,377,402,298,444,165,460
73,31,135,15,494,339,454,318,227,24,251,214
73,32,391,380,78,216,132,191,352,7,277,307
73,33,327,105,391,465,403,363,48,473,58,161
73,34,310,378,464,19,65,472,11,121,434,504
73,35,183,92,21,403,141,213,463,220,375,105
73,36,151,328,311,497,11,451,76,82,143,431
73,37,152,98,3,248,125,43,476,452,45,104
73,38,422,394,426,243,461,150,112,190,300,276
73,39,199,120,68,267,59,452,242,247,394,217
73,40,499,141,449,254,500,174,395,120,266,346
73,41,261,88,217,501,439,87,50,47,292,443
73,42,276,455,265,218,426,56,77,225,172,95
73,43,146,206,366,120,359,391,300,213,306,342
73,44,387,119,79,145,402,297,311,243,199,281
73,45,280,235,57,148,421,363,265,162,452,75
73,46,350,419,196,241,195,70,412,281,369,434
73,47,88,444,247,284,391,108,407,323,66,89
74,0,1,329,275,31,35,293,391,369,60,180
74,1,464,465,166,475,247,228,16,367,229,506
74,2,150,334,112,502,109,474,301,288,469,203
74,3,78,483,328,280,124,326,14,493,374,503
74,4,289,382,404,212,92,84,430,5,283,331
74,5,478,181,368,42,58,459,454,364,93,195
74,6,404,66,258,91,30,385,77,204,169,270
74,7,263,194,22,277,312,325,178,129,224,441
74,8,158,225,510,408,462,432,81,316,28,370
74,9,511,221,53,156,452,56,95,475,424,499
74,10,117,152,288,170,373,97,296,417,267,320
74,11,35,406,98,97,311,365,286,113,192,102
74,12,506,162,134,211,63,170,356,172,264,304
74,13,307,405,470,243,68,70,162,62,476,322
74,14,470,424,82,298,371,380,247,434,402,460
74,15,135,227,229,423,195,100,496,339,393,347
74,16,380,191,348,197,116,7,261,277,263,285
74,17,299,327,391,403,44,490,465,42,434,252
74,18,28,346,504,196,140,481,275,295,286,121
74,19,118,183,213,141,399,58,223,242,460,163
74,20,151,82,328,232,11,314,200,8,311,357
74,21,422,298,48,248,476,452,429,424,158,152
74,22,190,238,56,481,246,107,73,275,165,473
74,23,267,68,59,120,452,199,62,351,470,88
74,24,158,225,510,28,424,390,462,100,374,150
74,25,452,156,277,330,56,221,153,230,327,46
74,26,288,117,152,442,267,170,59,352,42,372
74,27,35,175,113,406,311,94,295,373,237,2
74,28,162,506,134,211,21,0,359,182,97,219
74,29,162,405,307,322,149,243,62,127,470,433
74,30,470,407,30,444,204,498,391,173,479,82
74,31,227,481,380,135,229,432,423,389,15,454
74,32,380,197,453,78,61,489,340,277,179,348
74,33,327,434,391,315,418,490,299,282,351,221
74,34,28,346,172,277,144,140,121,275,36,105
74,35,450,461,369,362,183,141,58,213,320,363
74,36,151,60,328,82,102,480,311,410,62,376
74,37,422,125,84,443,213,248,131,231,152,172
74,38,238,190,481,56,246,101,275,197,107,165
74,39,267,452,68,199,120,62,351,59,17,470
74,40,188,141,254,266,135,234,61,499,449,303
74,41,88,77,331,299,143,496,356,351,51,364
74,42,37,18,458,90,265,106,470,359,276,376
74,43,38,24,31,146,349,124,148,363,206,332
74,44,358,81,37,456,266,207,402,70,92,59
74,45,283,171,169,484,494,280,348,462,103,223
74,46,363,495,350,1,433,89,250,97,107,490
74,47,479,108,137,66,92,221,400,461,414,391
75,0,461,280,12,223,80,266,246,383,63,340
75,1,438,257,314,489,68,355,269,392,137,41
75,2,474,232,334,149,202,276,189,81,140,224
75,3,434,255,73,319,47,280,294,180,266,132
75,4,121,331,420,304,213,400,244,270,305,160
75,5,435,362,246,163,69,498,279,384,198,265
75,6,30,404,207,270,401,53,127,147,151,484
75,7,397,474,107,194,312,299,480,7,290,173
75,8,158,324,225,510,426,412,390,359,438,333
75,9,53,327,56,176,452,277,369,156,469,271
75,10,182,430,300,117,108,58,308,417,373,372
75,11,175,30,306,373,122,394,354,436,236,201
75,12,191,112,192,137,309,138,359,190,124,338
75,13,307,405,322,469,482,475,250,305,189,53
75,14,190,444,460,479,424,394,176,344,339,75
75,15,14,184,221,496,394,179,423,69,361,229
75,16,380,499,197,412,461,116,297,30,435,137
75,17,327,434,418,391,385,152,363,24,221,135
75,18,28,380,166,218,39,201,64,465,44,155
75,19,450,141,461,183,126,369,501,163,484,61
75,20,328,82,200,357,11,36,376,292,8,207
75,21,298,48,422,158,84,188,125,117,365,218
75,22,4,107,158,238,229,190,275,152,216,411
75,23,267,452,165,150,59,88,54,199,302,17
75,24,158,324,225,390,375,28,285,506,150,309
75,25,153,277,452,369,330,53,221,156,118,218
75,26,430,320,117,337,152,267,182,372,483,194
75,27,373,50,354,35,128,265,175,439,411,477
75,28,191,21,506,134,414,373,77,182,112,441
75,29,322,307,340,405,162,317,418,469,315,68
75,30,267,444,402,82,495,190,148,7,394,60
75,31,415,221,257,432,122,423,24,227,278,173
75,32,340,461,412,446,327,336,490,197,380,277
75,33,434,327,308,385,418,391,293,299,152,351
75,34,28,380,166,180,218,116,344,311,454,195
75,35,183,501,58,84,403,61,450,236,434,232
75,36,480,151,200,256,328,111,384,311,376,503
75,37,298,248,422,152,48,158,125,218,84,458
75,38,4,107,158,190,238,275,216,152,229,419
75,39,120,199,267,59,68,165,62,15,330,41
75,40,188,141,234,254,499,277,143,101,208,303
75,41,88,261,129,38,496,77,356,373,307,47
75,42,37,302,276,106,499,458,340,175,417,90
75,43,363,332,320,146,31,132,337,82,484,24
75,44,70,266,81,454,358,37,199,404,160,235
75,45,171,103,348,280,283,259,213,182,239,57
75,46,454,284,311,87,299,444,419,416,232,350
75,47,90,479,457,485,395,210,151,303,315,410
76,0,275,200,356,156,274,228,4,59,318,294
76,1,257,391,196,376,464,0,105,176,41,282
76,2,334,232,474,73,268,236,203,464,378,337
76,3,483,326,328,280,78,124,255,11,319,50
76,4,289,382,238,404,331,333,379,189,235,469
76,5,181,195,196,35,368,247,455,478,153,459
76,6,30,404,147,53,66,308,482,134,100,153
76,7,182,277,485,173,135,178,378,194,436,469
76,8,158,28,394,285,426,390,452,432,408,510
76,9,330,463,277,53,430,452,364,137,271,176
76,10,417,152,170,187,117,480,288,71,300,207
76,11,98,97,373,237,493,35,175,394,27,54
76,12,134,506,187,124,170,162,125,304,118,264
76,13,405,307,482,322,133,469,470,250,289,162
76,14,460,82,454,398,247,434,444,424,339,500
76,15,229,423,496,225,24,189,69,173,393,318
76,16,116,262,64,499,297,412,277,490,461,455
76,17,327,434,299,212,221,390,391,418,454,67
76,18,28,51,180,233,440,286,428,216,103,276
76,19,118,183,61,58,434,84,134,163,501,15
76,20,200,328,151,8,159,82,314,256,357,187
76,21,298,48,248,152,458,98,422,158,452,282
76,22,190,238,246,165,366,73,275,481,107,56
76,23,267,150,88,165,17,142,455,62,13,177
76,24,28,158,452,390,225,0,263,462,214,408
76,25,153,338,330,277,450,218,461,125,452,87
76,26,117,71,320,337,372,394,57,250,387,228
76,27,237,54,492,373,128,439,422,302,368,454
76,28,21,134,424,373,182,452,0,469,441,63
76,29,307,230,495,322,269,162,245,405,173,383
76,30,398,82,444,402,181,434,60,339,261,369
76,31,432,251,24,221,92,225,454,317,257,123
76,32,232,145,269,193,350,336,426,383,455,64
76,33,327,299,434,417,221,19,20,88,46,474
76,34,28,180,51,440,36,116,275,311,101,22
76,35,183,84,15,482,61,434,315,232,118,251
76,36,151,8,328,314,311,480,200,11,159,250
76,37,152,298,248,98,458,43,448,125,48,121
76,38,190,238,107,275,493,206,56,419,134,411
76,39,120,199,267,68,59,62,351,165,142,102
76,40,141,499,254,449,18,341,27,143,234,188
76,41,88,261,439,47,77,217,381,129,440,356
76,42,276,499,417,340,455,376,487,3,332,466
76,43,332,206,146,366,302,320,120,380,359,132
76,44,454,404,160,311,81,217,235,387,70,119
76,45,280,171,103,162,57,169,283,421,259,363
76,46,471,350,419,300,200,314,378,232,177,53
76,47,479,369,151,36,92,218,137,410,317,471
77,0,199,269,157,476,480,108,494,423,74,405
77,1,470,257,376,355,464,101,228,68,196,303
77,2,334,151,177,469,150,232,306,474,203,502
77,3,124,171,78,330,483,178,149,398,493,32
77,4,289,382,342,283,84,452,81,119,469,92
77,5,454,478,368,196,167,35,353,459,181,42
77,6,66,30,153,258,404,385,53,308,134,482
77,7,182,378,469,277,173,80,193,350,194,436
77,8,158,510,301,225,316,247,341,426,86,359
77,9,53,475,176,330,128,221,137,95,56,337
77,10,152,300,170,117,251,417,373,288,187,120
77,11,175,97,312,35,98,493,365,373,406,411
77,12,162,134,271,359,170,443,452,343,506,351
77,13,322,405,307,482,51,133,289,250,70,172
77,14,424,292,479,60,470,460,208,42,298,190
77,15,135,318,339,227,423,189,351,229,65,389
77,16,380,216,197,116,223,277,352,263,64,94
77,17,327,403,302,434,391,465,257,390,299,44
77,18,28,180,51,233,494,196,323,422,295,378
77,19,118,223,183,482,61,163,483,213,21,141
77,20,82,328,200,8,11,314,311,143,256,151
77,21,152,476,298,448,98,458,119,48,452,429
77,22,107,190,275,419,366,417,49,26,422,102
77,23,199,120,59,62,470,267,68,1,302,165
77,24,225,158,247,100,136,396,438,274,180,460
77,25,369,67,56,234,445,221,475,452,136,248
77,26,117,436,87,483,324,225,288,309,233,130
77,27,113,454,170,466,373,128,365,47,175,173
77,28,359,134,380,322,77,221,115,443,199,271
77,29,269,307,476,322,243,162,127,68,29,142
77,30,470,148,424,371,444,479,60,346,2,76
77,31,454,135,423,227,69,24,2,339,75,330
77,32,391,380,78,352,461,327,132,244,64,241
77,33,327,434,465,403,391,417,261,63,308,332
77,34,28,180,51,116,286,19,310,494,295,440
77,35,482,183,458,163,221,213,120,403,342,223
77,36,314,8,151,311,76,328,480,111,250,66
77,37,152,448,298,98,125,248,43,476,324,458
77,38,107,190,419,275,366,46,49,411,422,294
77,39,199,120,59,68,102,267,351,129,62,165
77,40,499,141,254,18,143,449,234,27,453,101
77,41,261,88,439,47,129,217,381,356,440,87
77,42,417,276,455,499,340,77,436,184,466,265
77,43,206,366,332,120,200,359,82,286,476,132
77,44,454,311,404,160,217,119,235,509,387,70
77,45,280,169,103,363,162,57,235,421,28,97
77,46,350,419,53,177,314,6,340,56,378,195
77,47,272,36,414,461,410,218,92,409,78,425
78,0,309,139,479,339,500,14,340,432,367,460
78,1,247,33,401,334,329,500,493,301,398,274
78,2,245,150,85,75,332,177,251,431,468,442
78,3,397,78,374,189,26,370,220,34,223,50
78,4,331,420,349,117,498,314,278,418,262,135
78,5,270,156,353,38,127,441,169,398,13,284
78,6,7,108,134,308,94,373,109,30,437,423
78,7,34,274,299,194,173,419,225,491,193,38
78,8,225,158,247,370,100,301,510,136,216,426
78,9,56,499,176,369,511,475,424,95,221,327
78,10,117,170,417,436,278,483,59,367,324,58
78,11,175,406,373,295,365,311,2,113,57,286
78,12,356,474,221,271,338,359,249,134,199,2
78,13,307,322,53,162,504,68,470,70,418,264
78,14,470,424,60,479,444,292,42,2,371,208
78,15,135,189,318,227,339,418,191,221,420,214
78,16,380,391,132,197,352,216,277,78,116,307
78,17,403,327,302,434,391,418,475,257,363,465
78,18,51,180,121,494,440,422,220,295,28,409
78,19,482,223,213,183,21,463,141,58,163,118
78,20,314,328,311,11,200,82,8,151,480,18
78,21,152,476,98,119,448,253,452,125,282,155
78,22,422,419,46,107,316,102,193,15,177,335
78,23,199,120,59,68,267,62,165,452,484,15
78,24,225,158,247,100,370,510,136,214,107,427
78,25,56,499,221,511,369,234,445,199,327,452
78,26,436,117,367,395,324,170,267,288,307,278
78,27,113,175,100,311,406,373,170,454,422,128
78,28,359,474,0,134,21,380,338,322,182,63
78,29,269,322,307,495,162,250,433,68,350,418
78,30,470,479,424,148,42,371,444,60,407,402
78,31,135,318,494,423,420,15,227,212,454,330
78,32,391,380,352,78,132,429,244,487,340,7
78,33,327,403,465,391,105,67,25,463,473,302
78,34,310,121,494,19,51,180,422,220,65,280
78,35,183,482,213,21,403,141,362,342,120,221
78,36,314,151,311,328,76,8,66,11,111,250
78,37,152,448,98,248,125,324,43,119,303,476
78,38,46,107,419,422,190,394,193,15,102,316
78,39,199,120,68,59,102,267,351,242,165,394
78,40,499,141,254,143,18,449,61,500,101,277
78,41,47,261,88,217,292,439,363,87,381,129
78,42,417,276,455,77,436,235,499,181,464,389
78,43,206,366,359,120,332,200,132,82,306,342
78,44,311,119,160,454,217,207,243,509,297,404
78,45,363,280,103,421,162,235,57,331,97,265
78,46,350,241,195,419,53,494,24,22,70,151
78,47,89,444,92,88,461,323,380,222,317,117
79,0,434,446,211,414,37,358,360,503,462,75
79,1,247,279,493,58,33,465,91,324,45,334
79,2,86,96,385,258,366,245,446,163,83,75
79,3,78,374,263,316,232,287,503,473,392,100
79,4,420,331,178,498,135,232,436,304,372,365
79,5,216,85,169,405,293,221,342,465,477,99
79,6,169,325,7,373,94,119,248,282,10,280
79,7,193,34,299,225,509,419,69,121,37,87
79,8,225,247,370,510,158,100,422,217,355,365
79,9,511,221,67,321,115,56,327,475,271,176
79,10,117,152,307,238,120,395,331,7,267,500
79,11,311,392,30,420,406,86,175,36,359,229
79,12,10,46,356,51,338,2,152,264,0,239
79,13,322,250,203,68,53,302,397,433,504,172
79,14,479,470,331,300,224,424,128,460,360,498
79,15,135,318,227,460,191,245,300,420,2,339
79,16,391,380,78,412,490,116,277,461,434,297
79,17,463,330,233,102,363,307,135,393,114,20
79,18,442,121,280,286,201,403,422,11,418,19
79,19,291,403,183,163,324,55,213,120,118,351
79,20,311,11,328,384,202,151,62,250,298,111
79,21,152,119,115,253,448,98,479,452,370,492
79,22,380,123,399,15,116,431,394,384,402,449
79,23,199,68,120,59,126,15,267,62,165,113
79,24,225,247,370,100,217,158,333,180,445,107
79,25,321,221,511,344,56,199,234,248,67,51
79,26,383,117,295,267,395,201,372,116,337,36
79,27,100,454,475,394,212,457,391,361,425,445
79,28,46,474,302,124,118,359,115,319,382,309
79,29,269,495,322,226,177,386,192,250,53,64
79,30,479,470,402,0,424,341,331,135,300,64
79,31,2,156,454,221,251,394,29,24,460,69
79,32,391,380,78,116,327,7,460,499,199,224
79,33,327,102,261,67,253,105,417,403,463,280
79,34,280,286,310,19,494,403,121,36,11,442
79,35,183,213,259,403,375,163,221,291,283,4
79,36,151,66,311,328,384,11,431,111,62,250
79,37,152,98,248,125,448,155,299,115,438,279
79,38,380,15,123,116,399,394,431,62,423,402
79,39,199,120,267,68,15,165,59,150,351,102
79,40,143,254,499,141,61,18,165,472,386,453
79,41,261,346,87,439,88,381,217,426,47,373
79,42,276,417,235,232,455,15,478,30,251,376
79,43,206,190,146,384,359,366,300,120,132,82
79,44,90,311,217,207,509,387,24,160,61,154
79,45,363,235,280,57,229,162,331,421,237,103
79,46,350,419,427,22,241,281,24,378,195,221
79,47,89,444,461,117,76,323,230,337,442,380
80,0,92,63,67,7,451,64,49,349,327,254
80,1,279,247,426,58,45,243,344,441,493,84
80,2,256,273,431,127,83,145,86,128,180,96
80,3,78,374,263,180,305,255,21,232,473,414
80,4,420,331,498,262,304,365,356,476,232,22
80,5,85,358,296,169,38,221,384,477,51,99
80,6,437,455,119,7,249,296,373,248,305,384
80,7,34,299,419,225,193,509,250,47,62,192
80,8,225,100,370,247,510,158,301,273,365,34
80,9,63,56,424,115,221,511,499,86,50,327
80,10,117,78,193,239,233,196,376,448,191,225
80,11,406,311,361,175,2,420,304,365,353,82
80,12,345,356,474,249,359,233,479,152,20,136
80,13,322,307,397,203,504,264,68,142,476,418
80,14,444,304,371,470,424,128,224,492,2,108
80,15,318,227,251,214,345,394,242,418,186,472
80,16,380,412,499,166,116,391,461,277,78,297
80,17,233,327,475,363,391,393,152,114,307,403
80,18,286,428,494,67,121,51,117,310,156,410
80,19,183,349,251,477,235,445,414,400,137,351
80,20,328,480,151,410,506,116,113,479,292,314
80,21,98,146,299,152,125,248,438,412,45,155
80,22,10,15,414,502,394,20,2,417,290,37
80,23,267,150,62,88,31,14,470,13,142,17
80,24,225,158,396,100,247,510,406,180,460,107
80,25,445,411,321,495,290,325,248,199,221,80
80,26,383,295,117,350,267,460,416,309,337,36
80,27,100,454,466,447,60,317,394,391,361,457
80,28,193,402,329,428,439,359,364,437,31,179
80,29,269,326,295,124,264,495,307,418,230,386
80,30,189,402,371,446,346,365,327,176,440,18
80,31,415,460,454,257,14,92,2,184,278,173
80,32,327,473,30,241,111,416,420,44,499,229
80,33,327,253,417,299,119,490,427,434,308,46
80,34,310,286,121,36,311,504,266,19,301,322
80,35,183,406,511,283,84,235,404,462,17,500
80,36,151,328,311,113,384,120,80,111,245,342
80,37,248,125,98,152,422,412,299,155,209,274
80,38,15,394,190,414,10,290,20,62,304,502
80,39,267,120,68,199,144,142,17,15,466,478
80,40,188,143,254,141,239,31,11,382,340,24
80,41,100,449,408,149,85,302,129,418,261,346
80,42,276,232,30,455,410,478,480,417,15,83
80,43,146,190,206,384,132,237,443,365,162,82
80,44,387,207,148,311,402,337,76,199,154,119
80,45,235,57,280,210,331,122,443,168,367,147
80,46,419,350,510,124,24,281,496,221,14,305
80,47,444,202,370,461,144,110,442,483,129,176
81,0,463,378,337,406,265,21,462,96,186,341
81,1,247,378,265,294,370,18,95,398,87,448
81,2,63,109,106,334,237,150,30,253,296,157
81,3,212,78,1,305,374,473,385,232,255,143
81,4,393,63,54,22,418,498,304,462,262,443
81,5,163,421,507,57,34,336,366,29,278,424
81,6,145,168,269,5,318,119,94,1,280,84
81,7,221,20,374,16,93,34,72,441,129,193
81,8,158,510,225,100,370,490,316,200,181,10
81,9,511,424,391,452,158,95,46,27,321,176
81,10,117,438,442,196,225,350,393,488,165,423
81,11,425,406,317,30,238,373,188,57,508,326
81,12,154,474,264,395,134,428,98,245,288,304
81,13,142,264,307,322,350,470,162,259,294,418
81,14,304,371,444,402,138,128,117,224,434,424
81,15,189,472,215,24,507,460,435,276,251,424
81,16,166,259,133,446,499,391,367,232,412,7
81,17,327,299,479,454,233,417,490,363,330,24
81,18,92,310,226,504,121,93,295,98,122,428
81,19,183,247,15,84,349,379,350,78,283,336
81,20,151,328,480,177,63,276,479,311,477,179
81,21,248,167,152,125,378,412,31,155,324,438
81,22,321,35,394,165,224,190,45,320,121,304
81,23,267,150,17,9,425,14,470,391,88,442
81,24,158,406,510,316,396,413,460,72,490,184
81,25,411,445,234,248,321,74,136,261,124,507
81,26,36,295,246,117,167,460,309,337,416,76
81,27,454,439,104,265,317,22,191,466,27,47
81,28,373,364,182,134,474,81,154,437,31,329
81,29,269,495,307,509,317,326,210,162,402,68
81,30,148,444,371,402,365,129,460,128,282,237
81,31,415,444,221,454,257,78,317,259,460,489
81,32,7,391,327,111,145,259,473,336,93,499
81,33,327,489,126,490,119,427,89,19,20,183
81,34,28,121,310,226,36,11,92,372,46,396
81,35,183,120,403,320,15,247,362,84,450,462
81,36,151,111,419,113,311,276,495,376,60,367
81,37,125,248,422,324,152,155,131,218,209,167
81,38,190,35,394,321,197,62,45,224,121,320
81,39,267,242,68,452,120,466,199,126,17,185
81,40,188,141,135,61,143,11,277,266,208,18
81,41,449,301,99,47,351,85,149,257,346,32
81,42,276,382,260,130,30,455,357,202,113,376
81,43,146,24,4,490,206,120,435,349,306,85
81,44,148,387,37,207,199,99,358,228,61,402
81,45,235,57,122,89,280,237,115,331,227,494
81,46,510,419,350,114,87,200,412,283,268,67
81,47,444,120,483,461,2,491,395,292,163,340
82,0,35,499,1,31,329,48,240,442,212,494
82,1,245,464,328,475,166,57,394,247,389,383
82,2,334,150,502,109,208,288,461,469,203,464
82,3,483,78,202,491,14,328,326,473,405,280
82,4,163,289,382,92,404,304,418,498,119,379
82,5,129,101,42,348,181,413,478,354,29,110
82,6,404,168,201,66,269,446,439,364,152,280
82,7,493,129,499,358,167,436,325,444,93,263
82,8,158,408,184,190,510,406,47,181,300,438
82,9,511,452,360,220,475,68,489,355,318,298
82,10,167,267,117,480,265,170,387,362,48,187
82,11,422,268,346,371,477,238,367,84,406,189
82,12,134,125,264,182,63,396,288,289,410,21
82,13,286,307,162,418,146,405,502,505,379,386
82,14,402,137,138,434,204,148,460,444,360,468
82,15,415,227,184,14,371,418,464,454,342,124
82,16,166,499,340,277,259,7,189,229,141,380
82,17,299,490,327,363,139,475,479,142,345,447
82,18,28,285,346,172,398,121,139,396,226,275
82,19,461,247,320,450,360,463,283,499,369,183
82,20,60,151,328,116,179,410,203,243,109,431
82,21,125,422,172,155,248,443,437,213,189,367
82,22,190,238,309,481,62,56,197,165,101,478
82,23,27,455,228,189,337,236,150,470,413,396
82,24,406,158,390,408,510,190,134,445,7,308
82,25,507,80,261,343,411,124,452,123,7,74
82,26,167,76,394,372,337,267,432,36,90,187
82,27,373,439,394,447,265,47,475,54,27,145
82,28,182,373,396,364,134,465,150,17,25,129
82,29,403,495,269,402,161,469,326,308,210,424
82,30,257,137,360,237,402,282,148,230,54,446
82,31,221,415,379,99,454,444,2,144,464,377
82,32,463,327,44,185,321,229,304,7,457,511
82,33,89,99,19,489,119,435,256,20,481,1
82,34,28,285,398,396,131,311,209,187,71,172
82,35,462,406,283,169,494,267,6,195,251,178
82,36,151,292,80,149,113,60,425,152,419,62
82,37,422,125,256,443,213,209,8,267,437,382
82,38,197,190,238,309,481,359,246,147,56,62
82,39,115,338,392,267,61,413,5,492,126,283
82,40,61,188,239,34,62,301,229,213,382,96
82,41,77,301,143,185,471,44,393,323,70,88
82,42,376,285,413,76,296,8,203,500,37,84
82,43,38,85,24,451,500,200,31,114,30,488
82,44,207,37,76,150,481,399,362,141,419,215
82,45,42,168,507,420,317,443,356,216,283,238
82,46,250,363,350,346,281,232,246,396,27,438
82,47,398,242,108,442,403,479,117,263,140,255
83,0,290,9,415,53,145,317,348,221,38,75
83,1,438,257,314,68,248,355,41,425,94,307
83,2,334,277,154,189,386,81,246,118,203,143
83,3,434,319,255,21,47,125,294,42,161,209
83,4,445,331,327,185,18,270,487,160,315,244
83,5,279,23,159,221,362,120,499,198,276,329
83,6,30,347,34,396,94,400,335,346,492,477
83,7,312,474,7,32,329,299,57,505,488,236
83,8,225,300,324,510,190,412,333,408,299,64
83,9,36,422,496,452,80,221,277,349,271,360
83,10,267,308,182,167,430,192,58,300,219,381
83,11,447,354,192,238,433,420,387,251,379,457
83,12,191,467,439,367,254,358,360,337,382,31
83,13,307,405,469,264,509,393,322,480,88,162
83,14,304,176,58,402,444,49,2,108,360,393
83,15,414,415,184,221,278,454,345,124,242,470
83,16,259,446,349,141,434,258,304,193,166,420
83,17,483,126,408,388,2,289,239,348,405,232
83,18,28,166,234,380,232,39,18,337,454,477
83,19,169,178,370,164,8,194,144,511,404,6
83,20,68,473,487,179,113,149,193,79,64,109
83,21,125,276,422,355,293,219,184,174,52,342
83,22,448,197,158,62,508,97,218,147,336,337
83,23,383,470,27,475,455,405,366,492,392,270
83,24,8,407,333,413,43,106,456,324,483,372
83,25,313,80,71,286,498,343,422,500,123,197
83,26,167,457,267,449,90,101,463,498,479,337
83,27,444,447,398,212,423,47,60,261,104,366
83,28,182,453,367,373,81,242,439,56,337,398
83,29,231,481,387,307,269,28,383,505,1,115
83,30,71,402,421,257,470,494,474,108,125,487
83,31,454,68,259,239,270,203,394,361,221,276
83,32,228,391,7,446,474,495,473,506,460,461
83,33,253,298,511,19,479,105,79,20,308,182
83,34,234,193,301,86,454,71,474,50,359,263
83,35,448,362,173,329,405,342,413,462,23,511
83,36,356,151,210,425,116,205,292,242,113,376
83,37,125,401,394,441,157,328,428,300,493,480
83,38,197,249,351,147,53,268,62,97,492,298
83,39,115,242,244,425,27,338,391,455,61,126
83,40,486,451,61,206,453,46,169,143,282,413
83,41,287,84,301,385,85,4,34,346,231,215
83,42,388,37,280,285,195,404,302,217,8,332
83,43,77,133,85,186,430,451,470,163,200,203
83,44,315,338,207,37,76,266,218,502,183,61
83,45,303,168,42,443,367,420,507,248,238,147
83,46,246,24,362,258,454,281,292,496,232,55
83,47,242,90,50,231,398,485,331,461,140,442
84,0,183,445,172,182,439,482,450,498,431,148
84,1,276,129,52,464,207,63,473,117,13,367
84,2,334,214,378,195,482,288,423,143,91,203
84,3,161,107,143,255,21,478,412,251,476,332
84,4,304,462,289,202,99,213,184,418,374,365
84,5,510,83,162,329,26,91,137,413,69,401
84,6,30,404,203,237,409,53,18,482,430,293
84,7,303,7,421,276,138,484,8,33,478,476
84,8,510,408,158,359,502,225,300,438,414,310
84,9,511,500,40,489,12,68,295,360,341,271
84,10,117,267,429,167,48,419,134,219,395,205
84,11,238,422,268,477,317,265,149,394,154,326
84,12,125,264,491,288,148,182,63,31,139,471
84,13,469,481,505,386,162,128,262,502,451,170
84,14,402,470,138,212,421,71,82,510,340,99
84,15,239,68,394,459,22,212,498,444,161,124
84,16,189,228,382,391,243,7,349,41,474,74
84,17,184,363,298,479,253,511,209,332,142,120
84,18,359,234,251,250,6,71,187,465,454,372
84,19,511,494,499,488,198,414,178,169,362,360
84,20,356,473,116,292,320,447,144,210,500,265
84,21,125,225,326,394,401,355,488,234,141,462
84,22,249,197,470,420,342,473,433,53,456,268
84,23,244,142,275,126,138,27,61,448,228,15
84,24,5,26,8,450,438,310,248,490,107,63
84,25,511,500,68,283,54,313,296,343,360,496
84,26,54,267,48,203,309,443,297,372,484,420
84,27,263,492,184,311,372,58,212,422,486,394
84,28,471,153,182,490,392,25,63,148,398,329
84,29,115,136,286,387,245,502,132,231,312,403
84,30,402,212,470,138,460,377,57,71,506,335
84,31,259,156,68,24,444,221,173,212,270,193
84,32,7,391,191,450,429,238,228,189,230,243
84,33,253,105,298,120,340,79,511,19,182,209
84,34,251,359,453,318,50,433,250,71,367,449
84,35,362,446,329,403,342,173,499,13,434,462
84,36,356,425,210,151,116,111,265,144,376,296
84,37,401,125,394,155,441,246,334,480,326,328
84,38,197,249,470,157,420,211,36,165,299,62
84,39,244,242,27,115,338,481,334,462,17,391
84,40,61,486,451,453,295,141,87,232,4,510
84,41,287,84,301,493,385,346,373,240,226,307
84,42,388,368,226,27,217,13,208,285,421,489
84,43,77,133,124,85,186,200,430,451,86,366
84,44,338,315,207,238,228,76,433,218,222,199
84,45,303,475,442,204,398,507,22,168,42,443
84,46,25,418,24,283,88,67,286,484,292,281
84,47,445,254,343,79,60,204,507,242,240,388
85,0,298,351,249,333,315,83,109,395,435,194
85,1,97,32,88,383,235,146,442,466,74,349
85,2,357,239,324,372,125,295,84,272,409,27
85,3,14,78,335,4,405,473,205,280,320,88
85,4,68,506,28,496,289,426,252,325,488,213
85,5,292,9,354,236,242,468,482,446,263,71
85,6,185,445,260,280,80,234,13,194,409,159
85,7,158,242,215,425,382,191,9,241,199,303
85,8,408,77,356,26,414,397,510,35,370,252
85,9,511,68,500,295,280,346,37,111,296,462
85,10,48,267,54,129,348,203,9,443,181,167
85,11,263,492,311,163,422,184,238,477,291,350
85,12,264,288,153,125,182,63,459,346,471,230
85,13,387,136,481,286,128,115,52,259,505,97
85,14,212,138,377,470,274,154,402,421,460,233
85,15,193,318,68,424,459,245,73,212,494,289
85,16,7,391,429,191,201,243,450,474,228,238
85,17,105,120,363,386,499,469,372,491,253,484
85,18,359,318,251,264,50,6,184,49,433,42
85,19,362,446,403,2,329,13,377,173,342,375
85,20,356,210,179,376,265,398,320,151,80,500
85,21,401,246,394,125,334,457,235,189,234,316
85,22,30,157,223,250,249,210,197,458,284,345
85,23,242,328,415,290,27,51,244,17,23,28
85,24,77,26,439,458,5,397,449,435,13,456
85,25,68,511,407,346,280,360,296,192,37,500
85,26,54,426,372,73,500,203,461,48,76,86
85,27,263,492,58,462,422,430,30,244,184,250
85,28,153,471,28,182,37,63,264,329,459,346
85,29,387,286,403,312,250,22,97,115,68,136
85,30,212,138,506,470,402,460,335,377,426,243
85,31,193,259,156,24,199,270,78,221,451,361
85,32,391,7,191,429,228,243,474,450,490,149
85,33,105,253,209,200,298,499,372,120,340,79
85,34,318,359,251,128,488,264,184,10,250,449
85,35,362,403,446,357,13,342,413,120,451,329
85,36,210,356,151,425,144,360,376,111,116,296
85,37,125,401,480,246,155,334,326,394,418,127
85,38,197,223,30,157,250,249,191,75,120,351
85,39,115,242,27,466,481,5,510,17,199,14
85,40,61,141,239,449,232,301,453,277,206,101
85,41,301,217,240,346,84,13,287,232,56,398
85,42,27,226,368,319,217,142,212,421,154,208
85,43,124,120,24,85,200,451,346,82,149,488
85,44,207,238,167,56,228,402,76,156,215,58
85,45,475,204,47,303,443,331,280,220,215,507
85,46,388,338,5,177,67,350,23,107,418,370
85,47,272,60,137,414,451,119,273,324,218,147
86,0,320,220,39,464,346,485,44,38,132,222
86,1,144,152,345,165,190,146,214,431,131,170
86,2,322,335,324,87,286,114,89,171,13,500
86,3,14,482,489,148,405,205,280,78,253,494
86,4,169,252,289,371,471,469,480,110,488,152
86,5,71,9,236,446,280,220,83,91,292,111
86,6,194,234,260,286,22,280,379,415,80,445
86,7,105,49,172,382,451,26,174,275,358,242
86,8,458,449,26,414,470,456,134,397,87,12
86,9,500,360,462,413,467,136,318,388,511,43
86,10,54,270,467,187,473,395,58,456,334,419
86,11,263,147,477,384,424,504,374,491,75,317
86,12,153,434,342,264,139,230,175,182,183,164
86,13,469,115,209,315,262,136,502,300,232,132
86,14,138,321,403,237,402,216,210,413,180,510
86,15,270,469,379,357,320,324,407,269,99,144
86,16,228,460,255,50,192,503,178,474,7,386
86,17,253,469,79,504,458,212,340,363,344,135
86,18,219,185,452,131,338,345,88,96,340,264
86,19,362,31,435,84,139,228,349,342,357,414
86,20,473,109,418,209,291,356,116,210,179,3
86,21,453,321,423,462,234,415,65,143,148,443
86,22,467,69,82,408,446,319,360,476,287,238
86,23,332,413,126,242,229,391,337,243,472,165
86,24,458,449,413,329,77,8,188,341,344,493
86,25,421,500,343,411,7,124,452,283,192,117
86,26,73,54,127,389,284,86,341,201,76,504
86,27,275,464,368,4,314,472,445,191,421,316
86,28,501,153,434,58,493,319,201,231,31,342
86,29,403,428,363,502,395,165,250,317,469,383
86,30,426,237,126,210,511,275,495,195,344,379
86,31,452,221,155,292,416,357,144,441,2,121
86,32,238,295,286,217,77,277,75,434,310,239
86,33,253,204,87,205,47,79,332,458,434,396
86,34,88,219,311,96,149,338,319,185,71,342
86,35,462,228,84,449,406,429,178,120,494,362
86,36,425,210,418,151,378,495,116,166,80,292
86,37,453,125,443,326,27,66,256,321,356,303
86,38,197,82,69,360,467,319,408,351,238,54
86,39,115,299,5,27,391,466,129,88,242,483
86,40,61,239,270,39,34,374,472,206,442,235
86,41,301,471,440,249,425,346,426,179,379,231
86,42,425,162,343,155,107,319,376,74,496,217
86,43,418,30,60,381,474,451,488,500,355,173
86,44,207,358,228,76,399,225,119,5,150,502
86,45,174,428,443,168,367,416,507,164,42,303
86,46,281,348,85,268,162,463,438,396,496,346
86,47,176,242,479,398,16,442,186,508,483,97
87,0,494,504,383,108,94,220,491,480,206,232
87,1,214,496,431,90,320,146,144,297,393,361
87,2,324,220,69,22,394,335,190,325,123,170
87,3,78,14,280,405,493,482,392,473,503,300
87,4,289,432,304,462,469,424,13,316,117,8
87,5,220,280,202,117,91,293,352,162,51,120
87,6,395,54,286,445,280,415,234,223,330,194
87,7,49,451,312,183,346,105,382,89,225,161
87,8,439,458,370,449,204,252,510,438,395,367
87,9,511,90,318,360,10,288,496,123,54,108
87,10,270,473,267,341,429,419,470,488,255,395
87,11,384,492,477,317,192,445,84,409,316,75
87,12,2,342,21,125,0,244,264,176,175,23
87,13,286,309,473,44,68,392,317,224,259,300
87,14,377,237,169,402,274,151,138,460,353,470
87,15,487,193,270,73,259,78,245,212,442,330
87,16,391,238,191,260,7,429,75,450,78,156
87,17,253,504,88,100,280,135,388,32,363,161
87,18,46,88,411,19,496,86,404,318,489,35
87,19,362,463,446,478,283,435,357,120,236,349
87,20,356,291,210,179,410,151,230,166,116,296
87,21,125,457,5,326,141,423,235,387,367,488
87,22,197,360,82,458,234,238,477,0,287,69
87,23,299,244,242,334,14,332,215,89,415,338
87,24,439,413,449,458,142,107,248,252,493,445
87,25,27,411,511,108,343,452,124,7,325,248
87,26,73,504,76,246,309,420,267,54,372,144
87,27,275,384,4,492,221,244,464,22,191,317
87,28,182,153,342,501,176,2,58,157,440,450
87,29,286,403,309,245,361,132,495,386,392,315
87,30,237,426,402,128,169,377,510,339,9,138
87,31,259,221,239,2,318,136,330,78,29,270
87,32,391,7,238,78,429,401,243,474,307,75
87,33,253,105,100,298,183,161,88,280,330,15
87,34,88,36,46,411,344,142,496,318,35,128
87,35,362,120,357,403,342,463,173,261,349,435
87,36,151,210,356,410,425,296,291,111,116,495
87,37,125,27,44,457,25,5,314,303,453,155
87,38,360,197,238,82,298,62,493,284,257,322
87,39,299,244,242,115,337,334,77,466,406,31
87,40,141,262,61,453,212,4,239,472,386,309
87,41,47,217,301,346,44,404,440,398,351,471
87,42,215,319,37,361,155,217,450,293,10,343
87,43,173,30,124,423,306,176,24,355,200,484
87,44,207,358,81,61,228,290,169,345,344,199
87,45,171,348,428,231,407,440,25,223,443,220
87,46,8,280,348,324,387,85,281,240,496,86
87,47,306,346,242,398,237,348,209,176,20,418
88,0,353,283,67,63,12,461,58,33,277,419
88,1,338,494,297,191,232,259,374,306,320,90
88,2,182,12,61,396,323,5,75,11,179,244
88,3,78,143,312,28,259,180,255,506,448,72
88,4,304,462,213,104,305,205,236,315,469,286
88,5,510,157,439,491,371,232,85,123,220,315
88,6,223,502,122,18,283,369,228,94,105,97
88,7,498,329,476,475,303,57,106,233,1,8
88,8,456,336,450,91,396,63,370,181,13,225
88,9,87,80,321,376,324,511,271,314,71,203
88,10,358,473,127,325,147,372,471,229,21,498
88,11,317,192,436,265,84,126,259,147,30,324
88,12,264,81,90,192,450,186,139,474,490,124
88,13,469,250,508,269,302,437,473,317,387,505
88,14,377,64,470,138,135,233,243,424,212,181
88,15,193,2,318,245,212,424,68,394,330,459
88,16,429,482,474,391,380,78,349,228,260,50
88,17,469,105,363,90,136,160,387,58,215,497
88,18,201,209,11,488,35,71,268,64,396,339
88,19,403,362,222,353,283,64,288,364,426,251
88,20,179,370,492,250,152,120,166,447,424,349
88,21,274,497,126,387,256,505,190,189,462,278
88,22,197,378,492,380,508,89,97,55,36,217
88,23,199,107,414,83,102,186,217,165,126,313
88,24,370,325,456,63,247,225,333,422,170,267
88,25,49,420,511,68,380,80,506,192,349,259
88,26,27,461,203,322,377,295,299,296,395,325
88,27,33,350,311,392,163,397,430,126,261,84
88,28,356,46,474,490,176,63,180,125,150,139
88,29,154,501,387,250,302,290,262,386,148,508
88,30,470,441,130,243,424,377,64,32,479,339
88,31,15,193,245,135,73,454,2,325,259,362
88,32,391,482,380,228,201,191,440,474,352,307
88,33,105,215,469,58,102,332,160,363,200,253
88,34,11,201,436,488,134,337,272,407,335,35
88,35,403,353,362,426,251,222,342,329,413,120
88,36,116,148,250,378,327,394,144,111,384,149
88,37,366,152,97,274,503,317,159,234,382,256
88,38,508,53,197,402,36,277,330,475,342,380
88,39,199,247,102,407,465,466,150,126,59,138
88,40,51,141,352,449,500,305,11,230,153,250
88,41,335,217,272,149,426,87,328,347,363,123
88,42,268,390,102,386,291,211,171,465,336,83
88,43,284,206,346,120,220,306,132,34,164,149
88,44,207,350,311,402,76,297,217,323,215,429
88,45,168,64,481,280,127,60,258,220,99,367
88,46,357,348,8,290,387,429,240,346,215,85
88,47,346,55,306,395,479,242,90,120,433,496
89,0,383,1,94,491,206,240,442,110,108,504
89,1,297,15,338,461,494,234,107,501,124,374
89,2,12,323,269,11,244,61,5,209,453,298
89,3,332,498,454,140,312,319,226,220,299,414
89,4,244,331,205,160,4,451,286,454,503,315
89,5,510,371,85,404,425,199,237,120,315,64
89,6,228,335,369,223,433,125,267,325,202,122
89,7,329,88,292,510,69,504,78,443,393,233
89,8,456,333,225,412,364,384,368,20,336,293
89,9,464,496,94,49,505,13,56,467,477,273
89,10,431,479,147,86,463,358,252,470,144,331
89,11,130,436,93,191,439,106,324,351,192,510
89,12,371,90,10,46,81,354,318,238,106,427
89,13,269,428,437,469,67,508,441,363,439,308
89,14,310,38,32,413,202,131,35,59,53,426
89,15,357,2,153,320,221,208,489,331,458,239
89,16,463,349,239,304,404,50,290,386,86,119
89,17,217,451,56,458,353,360,215,92,256,405
89,18,83,365,332,281,209,364,215,449,39,274
89,19,282,361,439,98,370,179,416,111,32,108
89,20,474,381,470,359,277,86,201,428,505,394
89,21,383,97,455,221,503,144,211,217,108,175
89,22,480,380,464,218,266,200,97,489,53,217
89,23,186,410,270,282,419,345,114,191,508,102
89,24,492,161,284,83,384,170,412,43,293,234
89,25,49,420,505,397,464,252,56,92,258,190
89,26,27,166,195,431,318,461,451,479,377,412
89,27,392,242,33,153,350,25,496,311,46,65
89,28,10,180,318,367,139,46,466,58,354,236
89,29,403,250,488,315,143,262,386,455,501,11
89,30,277,37,487,0,245,130,168,131,35,310
89,31,424,313,14,489,139,361,251,184,394,221
89,32,239,187,396,449,300,185,251,495,342,250
89,33,215,432,275,479,102,226,492,338,203,379
89,34,83,432,337,71,149,491,64,489,421,345
89,35,494,406,318,208,236,416,492,205,228,178
89,36,378,149,144,320,116,152,79,86,470,384
89,37,503,303,462,174,382,135,393,355,275,141
89,38,197,155,266,508,421,299,53,449,217,116
89,39,214,465,186,481,7,399,115,300,55,159
89,40,270,4,251,328,435,502,300,171,477,228
89,41,301,54,359,349,238,44,346,393,179,396
89,42,316,321,203,450,162,262,8,282,178,377
89,43,85,418,171,160,300,196,376,311,382,28
89,44,207,61,76,81,228,183,502,344,119,5
89,45,171,348,443,428,168,367,431,440,356,220
89,46,8,348,85,471,240,232,496,194,86,454
89,47,90,479,457,303,306,346,242,81,398,504
90,0,393,166,17,491,116,182,353,297,483,178
90,1,338,281,435,107,15,90,289,309,270,234
90,2,11,396,387,503,12,182,497,63,61,264
90,3,332,312,454,388,298,226,143,48,255,223
90,4,377,460,4,319,213,291,236,451,243,205
90,5,510,315,439,199,201,397,329,428,462,277
90,6,223,122,426,276,8,18,284,228,167,86
90,7,129,329,473,407,292,422,243,36,356,483
90,8,456,106,63,91,511,345,368,336,450,422
90,9,80,286,71,464,287,12,334,31,341,467
90,10,473,498,86,147,401,210,358,506,322,243
90,11,374,510,350,126,424,93,430,151,369,326
90,12,90,139,192,146,70,79,119,297,186,371
90,13,469,473,250,269,508,437,317,441,428,501
90,14,413,38,32,135,452,373,64,53,310,202
90,15,153,2,422,489,239,357,361,208,48,166
90,16,349,228,330,404,50,362,463,239,474,386
90,17,217,469,480,458,353,280,489,451,405,497
90,18,365,83,449,215,445,332,35,209,201,64
90,19,439,123,361,251,341,350,416,98,486,420
90,20,359,381,86,505,73,470,460,201,277,17
90,21,97,108,455,447,468,221,219,217,383,387
90,22,421,35,508,217,168,218,68,266,467,0
90,23,282,345,270,379,186,225,33,468,381,119
90,24,456,492,368,332,293,161,384,284,43,130
90,25,102,186,287,397,92,454,198,342,311,105
90,26,101,149,105,13,328,171,354,276,210,15
90,27,254,133,155,395,207,153,431,284,183,242
90,28,103,146,106,55,376,466,257,419,281,420
90,29,0,122,116,186,139,299,58,48,103,511
90,30,315,55,199,131,251,77,172,152,437,293
90,31,8,3,367,296,323,176,387,196,327,292
90,32,351,271,68,463,300,39,161,80,330,433
90,33,480,273,218,145,411,230,322,82,452,275
90,34,332,39,0,289,161,328,189,13,493,145
90,35,123,469,76,327,459,20,160,418,88,46
90,36,487,378,174,408,154,470,79,94,57,48
90,37,174,382,481,256,141,416,303,130,396,447
90,38,22,197,262,433,168,126,236,508,299,307
90,39,299,5,115,404,55,33,411,31,458,185
90,40,351,270,414,328,163,267,487,4,23,34
90,41,243,346,301,359,349,50,393,471,453,495
90,42,215,162,155,100,154,439,375,316,8,83
90,43,85,160,171,11,311,163,418,240,245,382
90,44,81,207,358,174,228,61,344,262,183,502
90,45,171,428,283,218,443,197,240,431,440,367
90,46,490,348,8,363,471,85,281,419,19,86
90,47,479,369,151,346,163,395,306,504,176,137
91,0,269,108,199,94,494,48,157,35,423,480
91,1,470,228,90,443,453,214,15,101,234,297
91,2,151,123,396,103,469,220,306,394,434,61
91,3,78,300,14,124,205,470,394,149,405,190
91,4,289,342,432,68,469,13,283,304,252,430
91,5,484,454,162,302,111,221,91,300,220,510
91,6,445,223,330,286,415,509,234,60,280,392
91,7,260,346,312,89,329,183,8,51,498,129
91,8,408,439,456,414,91,269,479,336,84,265
91,9,314,156,489,108,60,68,452,292,218,467
91,10,267,337,341,480,334,58,395,473,372,504
91,11,504,445,424,147,163,317,477,264,374,371
91,12,264,182,125,0,176,418,63,451,319,441
91,13,245,286,505,300,315,192,271,221,480,473
91,14,138,402,360,377,84,460,237,129,169,64
91,15,361,239,480,78,270,221,470,59,287,469
91,16,7,41,243,349,429,474,5,228,391,339
91,17,253,243,405,171,373,248,479,24,469,507
91,18,142,492,372,223,404,338,396,335,491,35
91,19,357,251,349,4,144,337,388,84,360,414
91,20,118,179,229,419,473,410,299,363,180,171
91,21,125,314,387,80,468,10,0,235,61,95
91,22,49,197,410,287,62,217,266,506,421,275
91,23,332,77,299,337,229,383,186,26,275,215
91,24,456,413,439,269,449,341,494,408,24,495
91,25,102,343,261,7,314,490,507,123,106,415
91,26,15,101,13,463,144,52,81,149,11,171
91,27,254,247,133,37,40,431,225,278,447,430
91,28,106,186,150,210,147,146,379,44,73,69
91,29,268,145,242,308,276,430,75,289,121,395
91,30,259,220,474,307,491,121,487,172,152,379
91,31,292,357,367,330,176,20,416,296,137,215
91,32,327,86,41,455,463,284,431,239,300,494
91,33,233,121,353,432,130,427,337,240,318,414
91,34,52,303,254,365,404,492,436,40,149,383
91,35,87,205,208,406,171,228,439,451,6,271
91,36,144,408,118,425,473,149,79,87,487,378
91,37,314,382,307,256,174,503,141,157,373,244
91,38,49,197,410,299,266,421,217,26,126,458
91,39,299,77,510,115,337,404,407,465,458,55
91,40,270,34,328,414,129,284,466,164,251,502
91,41,404,339,346,115,78,117,349,181,70,471
91,42,155,215,154,363,162,10,146,439,73,285
91,43,171,160,85,240,418,66,259,390,480,288
91,44,207,174,328,108,152,376,5,502,470,76
91,45,443,146,168,120,197,331,367,413,24,311
91,46,8,468,281,348,85,240,419,507,496,33
91,47,306,242,398,100,409,346,81,417,461,275
92,0,440,353,392,42,95,386,289,118,338,309
92,1,297,341,180,15,124,253,193,400,443,484
92,2,12,323,182,5,396,114,179,61,501,269
92,3,78,259,436,28,226,312,180,72,114,319
92,4,236,108,462,304,481,61,120,300,474,286
92,5,439,510,462,157,232,45,315,199,371,120
92,6,122,8,223,94,314,346,19,502,497,86
92,7,329,254,102,488,504,183,483,487,476,361
92,8,456,63,91,450,396,310,286,266,94,8
92,9,467,43,87,203,12,107,80,334,392,96
92,10,473,75,171,462,127,80,372,511,498,506
92,11,317,374,265,84,126,316,166,430,436,424
92,12,264,81,364,192,450,79,176,25,490,186
92,13,317,469,508,458,505,271,437,269,424,428
92,14,181,138,64,135,148,460,377,157,470,212
92,15,287,270,269,239,277,272,474,357,399,286
92,16,228,429,32,243,7,460,503,386,178,349
92,17,469,21,380,344,182,243,171,1,458,19
92,18,268,30,238,83,365,35,420,71,454,491
92,19,426,229,413,442,98,64,439,251,388,375
92,20,470,179,422,12,299,359,468,94,505,118
92,21,174,276,30,503,217,325,455,383,385,327
92,22,286,180,173,247,480,362,197,217,448,494
92,23,107,355,414,186,114,376,83,459,350,354
92,24,456,494,422,8,492,332,63,280,94,24
92,25,102,342,186,283,415,454,98,92,402,311
92,26,13,328,105,149,15,112,252,77,128,52
92,27,254,133,301,40,284,117,155,25,207,218
92,28,103,146,55,419,376,466,35,147,365,29
92,29,186,48,3,116,419,122,39,0,345,511
92,30,55,251,351,315,102,293,152,437,279,198
92,31,367,8,465,323,292,296,196,3,387,357
92,32,68,271,185,402,432,144,351,330,463,304
92,33,275,480,34,452,273,82,411,414,145,378
92,34,145,492,161,328,0,189,401,69,289,207
92,35,76,338,123,469,252,361,327,46,88,20
92,36,174,408,381,57,401,147,460,71,308,487
92,37,108,130,174,249,486,455,447,221,217,382
92,38,66,386,180,98,44,299,333,449,139,68
92,39,33,119,214,458,55,345,381,93,411,268
92,40,349,157,351,272,418,450,81,323,270,258
92,41,186,438,252,301,323,488,3,291,183,243
92,42,316,162,55,292,253,237,146,203,274,155
92,43,160,85,300,37,170,292,387,116,311,310
92,44,207,76,47,328,268,339,502,113,344,162
92,45,443,168,367,25,220,229,336,120,356,214
92,46,8,151,85,27,281,348,419,346,468,240
92,47,242,346,444,398,442,395,345,491,232,449
93,0,1,94,206,383,442,240,491,110,69,504
93,1,15,155,431,220,297,214,232,443,124,181
93,2,396,269,387,11,179,220,189,199,5,290
93,3,332,454,412,161,180,220,312,78,234,377
93,4,441,4,15,304,286,487,219,258,462,213
93,5,120,510,280,334,329,79,499,352,490,97
93,6,493,415,335,346,283,223,445,276,369,20
93,7,183,504,148,383,97,117,332,95,160,329
93,8,456,91,477,473,106,63,269,243,449,370
93,9,511,282,380,334,392,54,38,343,208,349
93,10,127,225,429,147,473,300,462,134,96,126
93,11,247,147,364,324,504,279,316,75,425,472
93,12,371,359,353,244,439,176,295,480,309,319
93,13,315,193,428,300,439,285,361,496,216,268
93,14,413,363,379,358,157,380,38,37,485,259
93,15,357,369,381,416,331,469,305,489,361,379
93,16,463,503,331,269,14,119,239,79,443,349
93,17,182,208,487,502,85,217,199,92,29,275
93,18,337,52,492,452,290,491,365,363,54,23
93,19,361,432,504,416,198,6,251,179,380,321
93,20,359,37,86,460,474,277,473,68,226,505
93,21,97,455,6,478,219,177,217,59,503,184
93,22,452,180,311,0,200,448,299,464,58,398
93,23,246,33,193,282,376,345,398,225,410,277
93,24,456,492,369,201,494,343,124,351,170,2
93,25,28,380,98,294,30,436,102,282,49,94
93,26,354,276,105,149,101,112,13,193,128,458
93,27,503,247,251,328,195,438,284,153,429,254
93,28,106,371,405,466,146,29,259,365,413,35
93,29,137,478,403,216,308,473,238,299,419,511
93,30,351,363,183,474,131,433,152,449,37,379
93,31,381,292,350,357,428,8,394,172,286,48
93,32,239,246,463,271,185,221,494,431,300,402
93,33,273,332,322,355,53,275,369,458,364,81
93,34,66,14,363,52,322,328,38,189,298,303
93,35,205,418,406,494,274,60,439,462,404,313
93,36,425,378,473,116,107,359,144,492,68,149
93,37,320,141,503,203,256,44,303,382,130,125
93,38,197,299,298,449,80,473,510,505,217,311
93,39,115,404,243,159,389,275,511,22,299,483
93,40,154,270,251,351,444,507,299,328,62,213
93,41,301,382,114,346,494,186,117,252,49,347
93,42,388,285,146,203,162,8,292,316,441,253
93,43,85,160,11,196,267,27,341,171,474,240
93,44,315,207,435,502,76,183,64,300,61,362
93,45,168,443,42,220,25,308,413,140,367,120
93,46,87,419,232,374,27,510,496,33,85,8
93,47,491,242,444,398,461,306,81,100,423,49
94,0,499,1,35,17,69,498,182,241,48,329
94,1,382,309,148,453,172,338,331,333,328,419
94,2,11,387,65,61,377,144,212,208,298,284
94,3,2,491,312,454,412,332,180,377,428,127
94,4,370,286,243,70,381,38,258,148,184,304
94,5,442,510,97,439,78,334,209,329,71,371
94,6,20,493,54,335,154,276,497,396,446,112
94,7,407,332,383,117,375,160,183,245,493,8
94,8,456,91,336,450,63,106,266,282,477,460
94,9,80,342,12,392,380,376,467,397,186,31
94,10,473,86,358,210,127,128,229,149,506,21
94,11,130,272,317,265,22,104,466,191,37,374
94,12,119,146,81,371,79,186,349,70,192,238
94,13,437,269,428,469,173,230,67,317,293,366
94,14,38,485,131,413,310,373,32,125,53,259
94,15,357,221,422,2,239,489,153,309,361,458
94,16,4,304,463,404,228,349,474,386,50,413
94,17,89,217,292,280,502,458,21,480,360,412
94,18,365,83,209,254,215,134,71,328,332,77
94,19,439,361,229,109,251,393,98,416,244,420
94,20,86,359,505,381,277,120,486,460,473,37
94,21,97,455,320,108,462,219,217,203,221,174
94,22,311,0,266,169,299,58,480,200,368,296
94,23,33,186,379,282,345,225,114,30,172,270
94,24,492,161,355,456,284,170,412,293,43,422
94,25,287,380,397,80,286,49,464,304,505,92
94,26,276,105,316,101,132,210,198,13,52,27
94,27,177,471,9,412,229,269,369,236,88,65
94,28,466,367,146,238,477,405,281,318,106,58
94,29,403,250,474,308,469,200,473,66,172,441
94,30,189,131,299,0,38,285,483,172,491,379
94,31,153,156,221,214,139,320,292,414,415,2
94,32,239,300,463,455,404,330,304,185,95,362
94,33,102,364,90,414,480,203,56,332,21,275
94,34,363,38,77,71,491,298,66,303,69,289
94,35,494,205,60,439,462,406,178,511,228,329
94,36,378,425,473,149,87,116,419,79,144,320
94,37,141,503,320,382,355,203,256,174,307,157
94,38,197,449,299,211,311,473,505,80,421,53
94,39,404,115,55,27,243,22,298,345,7,381
94,40,351,270,444,502,34,154,171,144,457,164
94,41,301,68,471,49,382,396,238,44,291,435
94,42,388,8,155,441,154,376,330,285,295,162
94,43,85,395,48,160,247,171,267,71,93,186
94,44,315,169,207,502,76,183,228,141,371,61
94,45,168,220,443,25,49,42,147,413,109,368
94,46,232,67,374,85,281,27,55,170,438,24
94,47,445,242,60,398,254,461,253,296,106,103
95,0,227,194,380,83,165,298,114,169,109,261
95,1,382,70,466,442,383,88,206,365,114,188
95,2,426,270,365,239,84,125,269,312,158,325
95,3,14,4,203,405,394,205,251,88,253,476
95,4,496,68,426,15,252,469,462,304,213,410
95,5,445,9,354,111,242,91,49,468,162,1
95,6,54,445,280,227,67,505,192,413,330,112
95,7,76,346,242,303,8,458,320,335,421,60
95,8,449,408,479,397,458,414,11,490,19,395
95,9,494,511,68,280,500,504,314,360,188,292
95,10,267,270,419,157,504,395,187,372,58,337
95,11,154,384,212,477,492,75,147,163,504,427
95,12,342,153,264,230,182,53,21,0,359,63
95,13,54,205,11,502,350,393,121,386,286,216
95,14,402,416,253,179,2,321,257,363,312,224
95,15,99,270,103,424,38,221,269,78,173,2
95,16,450,238,391,7,503,506,41,107,460,509
95,17,253,108,80,393,33,135,4,507,344,115
95,18,115,66,10,86,38,363,318,359,160,77
95,19,362,164,60,300,261,85,284,349,329,405
95,20,205,473,116,356,210,109,87,81,374,419
95,21,401,432,246,480,326,125,6,404,219,174
95,22,197,157,250,458,234,210,53,156,30,87
95,23,370,511,290,298,242,441,352,126,331,135
95,24,165,406,80,449,341,344,428,487,460,139
95,25,27,343,454,494,500,401,498,197,290,156
95,26,73,309,201,452,372,312,463,57,284,436
95,27,373,275,4,167,22,316,425,368,447,421
95,28,58,182,367,490,483,339,210,329,61,402
95,29,403,230,363,121,132,473,315,308,361,317
95,30,426,434,416,511,121,282,363,237,189,168
95,31,221,239,444,357,452,466,407,121,498,144
95,32,228,474,241,434,420,14,386,423,327,93
95,33,253,79,217,350,298,130,320,151,168,20
95,34,488,311,77,262,254,491,508,38,421,71
95,35,462,406,261,494,95,439,144,283,349,403
95,36,425,116,166,378,151,205,107,370,292,144
95,37,480,141,6,144,125,44,307,30,326,382
95,38,197,80,14,458,157,299,70,53,492,282
95,39,115,275,332,5,510,466,61,422,185,440
95,40,270,4,453,251,239,34,382,61,301,414
95,41,422,359,68,291,231,301,382,289,44,507
95,42,124,396,233,155,404,292,330,226,394,178
95,43,85,451,93,203,55,48,124,319,149,385
95,44,207,76,238,502,362,272,64,213,344,228
95,45,204,168,220,25,42,507,317,367,233,356
95,46,338,85,374,281,232,418,67,396,388,55
95,47,138,273,242,60,398,244,105,253,21,129
96,0,154,121,279,299,478,420,336,433,332,45
96,1,223,340,219,510,93,361,292,344,40,507
96,2,426,51,240,113,449,269,61,101,84,338
96,3,14,203,161,412,332,377,498,251,454,180
96,4,363,322,462,434,444,503,469,441,102,304
96,5,3,220,162,120,276,499,91,386,20,505
96,6,445,405,44,335,276,20,173,346,430,467
96,7,76,504,437,149,476,327,266,67,243,373
96,8,106,243,211,311,386,437,3,414,84,113
96,9,505,380,349,208,496,498,334,467,510,324
96,10,225,127,37,210,473,248,377,395,358,190
96,11,324,147,279,32,301,374,364,480,212,26
96,12,264,358,371,193,176,244,164,309,247,260
96,13,473,469,269,173,428,315,502,492,67,317
96,14,38,125,413,193,477,307,485,379,70,59
96,15,323,20,130,267,469,137,51,379,201,197
96,16,151,439,84,431,233,250,204,449,4,68
96,17,369,242,230,367,23,318,358,170,98,337
96,18,434,281,0,231,343,450,219,21,303,199
96,19,245,431,459,510,367,341,271,504,153,495
96,20,37,359,460,474,157,174,2,287,397,470
96,21,182,482,175,28,455,388,40,277,26,56
96,22,485,114,452,172,490,115,476,373,9,471
96,23,33,317,277,282,376,323,46,322,355,398
96,24,456,494,369,343,284,124,492,9,412,201
96,25,454,92,272,30,98,402,94,186,198,102
96,26,354,99,13,105,81,301,328,276,87,19
96,27,254,195,133,218,223,395,235,39,196,284
96,28,147,281,103,466,419,146,376,29,55,257
96,29,3,186,48,419,0,345,116,39,511,144
96,30,55,315,355,251,322,293,351,250,77,199
96,31,296,151,3,196,299,412,8,430,37,130
96,32,176,351,39,341,102,68,433,292,414,402
96,33,275,501,480,452,98,218,332,145,230,49
96,34,161,69,145,289,13,401,7,461,328,207
96,35,459,123,327,160,153,504,138,76,436,20
96,36,378,154,487,308,57,147,359,107,435,17
96,37,175,447,174,130,97,108,486,217,455,17
96,38,299,197,452,458,310,449,14,333,139,463
96,39,33,381,411,115,185,55,5,458,511,27
96,40,270,351,306,81,460,379,488,386,133,251
96,41,301,291,323,349,474,64,262,438,183,3
96,42,162,367,292,282,109,394,483,316,55,469
96,43,85,489,300,186,205,144,93,311,292,37
96,44,207,76,502,54,470,183,362,215,213,222
96,45,42,220,168,507,356,25,367,204,317,398
96,46,250,281,374,232,305,85,33,396,496,285
96,47,60,242,398,255,442,108,296,415,253,176
97,0,440,145,392,189,289,220,386,118,341,95
97,1,144,55,496,390,490,409,338,485,322,54
97,2,189,6,266,119,447,81,143,144,281,449
97,3,21,454,180,377,223,14,294,234,255,220
97,4,432,462,185,304,441,46,355,38,439,322
97,5,280,276,510,23,315,16,203,329,120,123
97,6,286,497,415,430,280,445,411,34,239,346
97,7,32,188,474,312,49,183,138,117,97,243
97,8,456,300,310,232,188,458,7,464,256,286
97,9,392,498,151,38,334,453,496,401,216,343
97,10,201,225,438,357,286,429,184,37,473,267
97,11,263,247,364,447,132,324,316,282,472,425
97,12,439,309,159,319,59,359,358,483,405,183
97,13,422,480,315,294,397,262,192,280,430,193
97,14,379,128,363,380,119,259,413,157,35,129
97,15,150,213,350,170,394,24,305,332,270,330
97,16,161,474,5,331,420,239,462,229,463,250
97,17,487,344,40,182,369,92,322,248,502,208
97,18,234,452,406,337,58,54,142,187,491,426
97,19,198,380,274,416,236,178,283,300,85,228
97,20,68,473,359,460,452,3,226,17,183,1
97,21,177,268,6,26,174,314,78,444,225,276
97,22,241,448,508,362,257,506,180,153,66,160
97,23,370,497,411,332,444,345,275,246,414,225
97,24,456,449,8,188,479,149,13,256,341,106
97,25,454,343,92,397,297,415,98,342,294,272
97,26,276,13,159,149,505,473,470,458,128,463
97,27,133,247,282,398,431,218,236,37,447,362
97,28,106,427,371,344,367,146,318,35,405,171
97,29,231,403,269,137,210,386,1,161,193,315
97,30,52,37,285,257,363,487,496,426,379,180
97,31,156,221,239,394,361,367,498,161,454,173
97,32,228,75,189,41,255,300,440,251,463,379
97,33,253,79,15,209,332,239,105,330,200,479
97,34,234,71,478,433,77,303,262,50,477,36
97,35,173,329,192,342,462,31,377,494,414,170
97,36,210,356,151,116,363,425,109,384,265,370
97,37,394,441,125,401,155,157,303,418,379,141
97,38,197,249,18,62,257,506,458,395,331,110
97,39,27,242,334,115,244,425,5,455,466,391
97,40,486,451,61,4,172,295,341,141,87,382
97,41,287,84,240,301,65,85,289,232,385,206
97,42,217,388,83,162,212,285,233,466,280,421
97,43,133,86,30,85,306,77,286,300,278,237
97,44,338,315,207,266,54,61,430,247,358,5
97,45,303,443,280,168,452,182,370,42,147,416
97,46,167,163,139,438,317,85,281,151,75,132
97,47,508,242,398,388,442,176,255,271,482,68
98,0,445,182,183,346,482,172,439,498,388,75
98,1,129,338,322,419,13,170,148,49,41,297
98,2,11,5,423,409,222,269,278,488,119,78
98,3,148,332,143,190,315,500,312,153,319,21
98,4,462,304,258,4,213,286,169,491,205,434
98,5,510,446,91,334,23,401,329,386,162,120
98,6,430,497,346,314,335,47,280,18,19,445
98,7,161,440,117,8,138,335,57,407,329,483
98,8,456,188,13,368,300,450,458,26,414,139
98,9,130,498,287,467,12,496,314,392,107,283
98,10,443,473,225,457,357,248,37,470,419,54
98,11,75,147,374,154,316,379,263,65,324,338
98,12,439,264,471,59,359,175,319,125,244,176
98,13,469,317,502,315,505,231,473,437,476,424
98,14,413,129,110,138,135,259,35,425,157,38
98,15,37,379,185,33,163,100,361,207,270,350
98,16,228,405,396,155,337,255,41,239,431,74
98,17,253,120,79,166,458,469,369,419,23,373
98,18,234,264,50,211,6,49,251,184,189,281
98,19,173,377,31,431,341,228,454,64,361,192
98,20,179,78,363,356,346,15,68,80,265,473
98,21,394,418,125,379,255,215,488,462,324,234
98,22,249,197,218,127,287,456,374,18,36,53
98,23,332,242,126,363,42,369,407,285,293,323
98,24,456,13,341,26,8,248,188,259,170,379
98,25,343,123,287,360,505,54,380,454,80,321
98,26,54,267,203,309,37,190,201,379,96,438
98,27,430,250,486,212,261,30,444,84,119,477
98,28,471,183,490,175,58,182,28,277,367,139
98,29,387,269,115,286,231,209,386,403,262,210
98,30,138,212,14,402,470,460,506,377,421,64
98,31,193,68,494,318,156,199,491,259,212,280
98,32,391,429,7,201,243,228,191,473,156,56
98,33,253,105,120,127,209,372,79,200,499,298
98,34,411,264,318,184,251,50,211,449,436,36
98,35,192,342,362,377,403,31,173,357,329,120
98,36,210,356,296,111,485,55,447,116,363,376
98,37,394,441,334,125,255,401,155,418,308,100
98,38,249,30,197,18,470,345,205,457,41,62
98,39,242,27,334,356,199,42,82,285,466,244
98,40,486,61,451,449,141,4,172,295,397,101
98,41,240,287,84,217,42,385,65,301,60,493
98,42,388,151,248,217,185,285,27,368,366,212
98,43,133,77,86,172,124,487,22,262,231,85
98,44,338,315,56,359,405,209,311,483,186,238
98,45,303,475,227,47,280,442,168,443,238,223
98,46,25,139,348,396,317,189,320,418,438,179
98,47,254,445,60,343,35,451,79,129,164,388
